label,step,time_s,particle_count,stable_duration_s,equilibrium_seen,speed_p50_mps,speed_p90_mps,speed_p95_mps,speed_p99_mps,speed_p99p5_mps,speed_max_mps,speed_rms_mps,mean_squared_speed_m2ps2,top_fraction,top_count,top_speed_mean_mps,top_speed_min_mps,top_speed_max_mps,top_x_mean_m,top_y_mean_m,top_z_mean_m,top_xy_radius_mean_m,top_xy_radius_p95_m,top_near_side_wall_fraction,top_near_ground_fraction,top_near_surface_fraction,top_inside_action_footprint_fraction,top_x_p05_m,top_x_median_m,top_x_p95_m,top_y_p05_m,top_y_median_m,top_y_p95_m,top_z_p05_m,top_z_median_m,top_z_p95_m
dt_0.5_ms,1,0.0005,307461,0.0,False,0.0007646629237569869,0.007588978856801987,0.0077473316341638565,0.011028178595006469,0.011322797555476428,0.015414314344525337,0.003877291665103685,1.5033390656282507e-05,0.01,3075,0.011610700757644041,0.011028261855244637,0.015414314344525337,-9.438073562611264e-05,-9.110708745338787e-05,-0.09238512916535865,0.3452774129866583,0.4140193978289026,0.8299186991869919,0.7671544715447155,0.0,0.0,-0.30016016960144043,-2.656327524164226e-06,0.30016020834445956,-0.3001586586236954,-1.0573444342298899e-06,0.30015806257724764,-0.10008586347103118,-0.09013015776872635,-0.08508633822202682
dt_0.5_ms,20,0.01,307461,0.0,False,0.022381342947483063,0.03114103525876999,0.033502429723739624,0.0358792208135128,0.036811638996005064,0.040498439222574234,0.02306615308676079,0.0005320474182218842,0.01,3075,0.037140736243104544,0.0358792319893837,0.040498439222574234,0.0001905287990633419,0.0003434279184073499,-0.07437309131874302,0.368778327189515,0.40719029837345316,0.23414634146341465,0.032520325203252036,0.0,0.0,-0.2903567522764206,0.0049990639090538025,0.2903567314147949,-0.2903542727231979,0.004998528864234686,0.29035416841506956,-0.08529904186725616,-0.07523225247859955,-0.060135947167873384
dt_0.5_ms,40,0.02,307461,0.0,False,0.02929615043103695,0.0415339320898056,0.04349738731980324,0.04644897356629372,0.0473734561353922,0.05029166862368584,0.03045680206582147,0.0009276167920766271,0.01,3075,0.04763135778225534,0.04644902050495148,0.05029166862368584,0.0007904523875743515,-4.803681835122605e-05,-0.0022527081938555115,0.29263685993540955,0.340008363609039,0.0,0.0,0.9284552845528455,0.0,-0.24013622403144835,0.004998375661671162,0.24013644605875015,-0.24014031887054443,-6.1315959101193585e-06,0.24014101028442383,-0.010289060045033693,-0.000288633193122223,-0.0002610203868243843
dt_0.5_ms,60,0.03,307461,0.0,False,0.0303933285176754,0.05057911202311516,0.0535380020737648,0.0577007927000523,0.058943600207567226,0.06211601942777634,0.03396772226844999,0.0011538061561065535,0.01,3075,0.05930389012505369,0.057701852172613144,0.06211601942777634,0.00022929297714698605,-0.00021890637835836023,-0.0019614542514933804,0.2560155236779626,0.30792023518158834,0.0,0.0,1.0,0.0,-0.22022891491651536,0.08999134600162506,0.22022825330495835,-0.22022633254528046,-0.08999834209680557,0.2202273428440094,-0.005841132951900363,-0.0008511502528563142,-0.0008233998494688421
dt_0.5_ms,80,0.04,307461,0.0,False,0.028715411201119423,0.031844012439250946,0.032359980046749115,0.03314832448959351,0.03339445777237416,0.034012168645858765,0.026669318514402948,0.0007112525500226758,0.01,3075,0.03344278611909083,0.03314846754074097,0.034012168645858765,0.00020689345472227268,-0.00018233376305277756,-0.029382751353910358,0.3540115653860971,0.3863452845081046,0.0026016260162601626,0.0,0.04715447154471545,0.0,-0.28038260340690613,0.14012569189071655,0.2803826004266739,-0.2754879295825958,-0.1401273012161255,0.2754871129989624,-0.04100396558642387,-0.030993012711405754,-0.0160334225744009
dt_0.5_ms,100,0.05,307461,0.0,False,0.012477457523345947,0.01639433018863201,0.017435235902667046,0.019346641749143603,0.019678264297544962,0.02017761953175068,0.013151334087009126,0.00017295758826812817,0.01,3075,0.01969934860198963,0.019346661865711212,0.02017761953175068,-9.601902186385985e-05,-0.0002396559521434753,-0.04485168536382962,0.3929003582940101,0.4144558208454374,0.4500813008130081,0.0,0.0,0.0,-0.29550627768039706,-0.2504408061504364,0.29550638198852536,-0.29549260437488556,-0.24544364213943481,0.2954899728298187,-0.06610096842050553,-0.04608159884810448,-0.02121128868311644
dt_0.5_ms,120,0.06,307461,0.0,False,0.006369797512888908,0.013204391114413738,0.01403570082038641,0.015021406114101415,0.015246453974395991,0.015630638226866722,0.008226585514263217,6.76767092234854e-05,0.01,3075,0.015263723225552377,0.015021526254713535,0.015630638226866722,-0.0003351900466089326,0.0003339294519850878,-0.029500490727766258,0.12034590232607356,0.14877074752121403,0.0,0.0,0.0,0.0,-0.10519424974918365,-0.05007952079176903,0.10519374310970306,-0.10519398972392083,0.050081148743629456,0.10519484430551529,-0.041213950514793395,-0.031244441866874695,-0.01629481241106987
dt_0.5_ms,140,0.07,307461,0.0,False,0.01775999180972576,0.027778686955571175,0.0298009030520916,0.0312869355082512,0.03161891996860504,0.03239627927541733,0.0189363517263519,0.0003585854167041106,0.01,3075,0.031675016721331974,0.031287118792533875,0.03239627927541733,-8.291239630642945e-05,0.0001799875519018832,-0.004077040448565248,0.11359954882508398,0.15036157122227795,0.0,0.0,0.8816260162601626,0.011707317073170732,-0.11024291440844536,-0.010024896822869778,0.110243871062994,-0.11024496778845787,0.015043043531477451,0.11024778336286545,-0.011096414364874362,-0.0011572904186323285,-0.0011403930024243892
dt_0.5_ms,160,0.08,307461,0.0,False,0.022759800776839256,0.0344637930393219,0.037078533321619034,0.04126205146312715,0.04232530221343041,0.04424605146050453,0.024071463638083528,0.0005794353616795776,0.01,3075,0.04242848817047065,0.04126232862472534,0.04424605146050453,-3.791208674649176e-06,-2.1694488884359064e-05,-0.005069239025394152,0.05928047300174137,0.0963899716399978,0.0,0.0,0.751219512195122,0.6835772357723577,-0.07516811043024063,-9.592440619599074e-07,0.07516884356737137,-0.07517245039343834,6.512485697385273e-07,0.07517403736710548,-0.010732955951243638,-0.005740726832300425,-0.0007609649444930255
dt_0.5_ms,180,0.09,307461,0.0,False,0.020666809752583504,0.02724672667682171,0.028381362557411194,0.03127057775855065,0.03199658393859863,0.03341471776366234,0.02041308767047654,0.0004166941482425613,0.01,3075,0.03207266543211976,0.031270626932382584,0.03341471776366234,2.2183965885515735e-05,-7.064100426431468e-05,-0.008233811619494685,0.04889365673373355,0.07626206209483363,0.0,0.0,0.5089430894308943,0.9138211382113821,-0.060082390904426575,-5.073969759905594e-07,0.06008058376610279,-0.06008373349905014,6.27071301551041e-07,0.06008950546383858,-0.020331551134586335,-0.005369050428271294,-0.0003759074956178665
dt_0.5_ms,200,0.1,307461,0.0,False,0.010021580383181572,0.012199530377984047,0.012664390727877617,0.013319126144051554,0.013495285715907813,0.014234472997486591,0.009605488777658678,9.22654146577268e-05,0.01,3075,0.013516146131768459,0.013319174759089947,0.014234472997486591,0.0007702338571776348,-0.0009440842724894552,-0.0037571445211571283,0.33654168299440146,0.41072675658564256,0.9759349593495935,0.0,0.8552845528455284,0.0,-0.30025062561035154,1.663342800384271e-06,0.3002512037754059,-0.30024648308753965,-0.004996734205633402,0.30024620294570925,-0.010297923255711794,-0.005219374317675829,-0.0002044183478574269
dt_0.5_ms,220,0.11,307461,0.0,False,0.003921173512935638,0.009212546981871128,0.010425131767988205,0.012257304415106779,0.012689979653805496,0.013653852045536041,0.005537777022762376,3.066697435383493e-05,0.01,3075,0.012748736080115404,0.012257469817996025,0.013653852045536041,-0.00013570813200683982,0.00010995228319603469,-0.01087713254045892,0.042579811900938166,0.06804989679650578,0.0,0.0,0.4250406504065041,0.9860162601626016,-0.055021732300519946,-9.915885357258958e-07,0.051527682691811155,-0.05003326535224915,7.536067414548597e-07,0.05153456553816659,-0.02514834124594927,-0.01014078687876463,-0.00017294323770329357
dt_0.5_ms,240,0.12,307461,0.0,False,0.015614856034517288,0.02465362846851349,0.02704266645014286,0.030546157062053683,0.0313760668039322,0.03308979049324989,0.016972493616080164,0.0002880655395478819,0.01,3075,0.03147610949367527,0.03054621070623398,0.03308979049324989,-3.646429572230351e-05,3.689364599996632e-05,-0.007157132378353442,0.05074922351653062,0.08148516428114365,0.0,0.0,0.5866666666666667,0.8442276422764228,-0.06505161225795746,-9.715374744700966e-07,0.06505155712366104,-0.0650525525212288,7.31898694539268e-07,0.06505338624119758,-0.020352262444794177,-0.005388596095144749,-0.0004094107687706128
dt_0.5_ms,260,0.13,307461,0.0,False,0.021750830113887787,0.03160114586353302,0.034036632627248764,0.037350825220346454,0.03807200640439987,0.03948642313480377,0.022581614282697757,0.0005099293036125394,0.01,3075,0.038154875525856405,0.037350863218307495,0.03948642313480377,9.539094670794071e-05,-2.8147546244540486e-05,-0.00588676105739882,0.05607148516980286,0.09024392596957195,0.0,0.0,0.6878048780487804,0.7411382113821138,-0.07007865011692047,-4.159080333465681e-07,0.07007935866713524,-0.07008182480931283,7.079559622980014e-07,0.07008295357227326,-0.015715663321316242,-0.005747334100306034,-0.000768414163030684
dt_0.5_ms,280,0.14,307461,0.0,False,0.020404623821377754,0.0269657950848341,0.028173619881272316,0.029471939802169802,0.02967674788087607,0.029966475442051888,0.02022734364518696,0.0004091454309404853,0.01,3075,0.029692678341293723,0.029471954330801964,0.029966475442051888,0.00020781867002497387,-2.9763533542376725e-05,-0.004669732781490538,0.06350880898915544,0.10137451440193668,0.0,0.0,0.8208130081300813,0.6169105691056911,-0.07510194778442383,-1.1165323599016119e-07,0.0751022644340992,-0.0801057018339634,6.884108643134823e-07,0.08010704442858696,-0.011081862729042768,-0.006085590459406376,-0.0011105550569482149
dt_0.5_ms,300,0.15,307461,0.0,False,0.011257946491241455,0.014857206493616104,0.015393870882689953,0.01598356030881405,0.016110541857779027,0.016306022182106972,0.011254476376117343,0.00012666323850058338,0.01,3075,0.01611950432624274,0.015983615070581436,0.016306022182106972,7.176859107443956e-05,-0.0012197646571368707,-0.008578409618221042,0.3524260969701422,0.3825701099667493,0.0,0.0,0.5427642276422764,0.0,-0.2753836452960968,0.19540952146053314,0.2753848671913147,-0.27538186609745025,-0.20042049884796143,0.2753812879323959,-0.016372512839734555,-0.006389763206243515,-0.00130737517029047
dt_0.5_ms,320,0.16,307461,0.0,False,0.0035051852464675903,0.006751668639481068,0.008188907988369465,0.010238001495599752,0.01072342107072473,0.011770574375987053,0.004450829870864573,1.9809886539380352e-05,0.01,3075,0.010788434844433776,0.010238147340714931,0.011770574375987053,-9.675611941936375e-05,0.0001232013721678687,-0.008598576374768423,0.049176048894843255,0.08073196106027006,0.0,0.0,0.5652032520325203,0.8702439024390244,-0.06007088460028172,-1.0226668791801785e-06,0.06006973199546337,-0.060070547834038736,7.855518902033509e-07,0.06007754914462567,-0.021246128156781195,-0.00630825012922287,-0.0013316871249116958
dt_0.5_ms,340,0.17,307461,0.0,False,0.01128318440169096,0.02177867293357849,0.02414192631840706,0.026893188431859026,0.02747053410857918,0.028561724349856377,0.013673717432363995,0.00018697054842013502,0.01,3075,0.027535552080205784,0.02689346671104431,0.028561724349856377,-5.4346965865679345e-05,3.0425128614168487e-05,-0.006547294835923467,0.05513265218792365,0.08856435315560342,0.0,0.0,0.6643902439024391,0.7642276422764228,-0.07008711621165276,-1.000942461359955e-06,0.07008684054017067,-0.06508918926119804,6.979474278523412e-07,0.06659013330936296,-0.016069100610911845,-0.006105917971581221,-0.0011312172049656511
dt_0.5_ms,360,0.18,307461,0.0,False,0.017800744622945786,0.028880365192890167,0.03117126226425171,0.033504242449998854,0.03391883745789528,0.034624941647052765,0.019443532995970823,0.0003780509753654061,0.01,3075,0.033950934886205486,0.03350427374243736,0.034624941647052765,1.074561048001233e-06,-8.617165817557224e-06,-0.005190974447603633,0.05916053738424594,0.09501639687580232,0.0,0.0,0.7447154471544716,0.6848780487804879,-0.07510327249765396,-5.279618449094414e-07,0.07510342299938202,-0.07510787695646286,6.664342322437733e-07,0.07510923519730568,-0.01077965684235096,-0.005784789565950632,-0.0008076850383076817
dt_0.5_ms,380,0.19,307461,0.0,False,0.017771119251847267,0.025706129148602486,0.027167053893208504,0.028383662924170498,0.02850200664252043,0.02864806540310383,0.018306236646793875,0.000335118300168419,0.01,3075,0.028527266657570514,0.028383780270814896,0.02864806540310383,0.0002732884309739532,-0.00028233096705435463,-0.002589930297307125,0.0755118493204126,0.11735547102343148,0.0,0.0,1.0,0.4377235772357724,-0.09014370068907737,6.062750230739766e-07,0.09014974907040596,-0.0901583269238472,3.187917911873228e-07,0.09015686139464378,-0.005488704703748226,-0.0005240261671133339,-0.00048254141584038737
dt_0.5_ms,400,0.2,307461,0.0,False,0.011104637756943703,0.014241993427276611,0.014516105875372887,0.014873548038303852,0.015029234159737831,0.015507116913795471,0.010881240154531025,0.00011840138730057837,0.01,3075,0.015071748930324869,0.014873555861413479,0.015507116913795471,0.0016289662611055028,-0.0006041100962729097,-0.0030344803436806924,0.31023809311232453,0.3428279105330529,0.6608130081300813,0.0,0.9115447154471544,0.0,-0.30022541582584383,0.005007422994822264,0.30022554397583007,-0.3002187877893448,-0.005001729819923639,0.3002189457416534,-0.010448359604924917,-0.0006715464987792075,-0.00036594723060261473
dt_0.5_ms,420,0.21,307461,0.0,False,0.0019255479564890265,0.004221547394990921,0.004842445719987154,0.005691275279968977,0.005927128251641991,0.006873915903270245,0.0025934042671914865,6.72574569308701e-06,0.01,3075,0.005968472860844397,0.005691280588507652,0.006873915903270245,-0.0001014370836795795,0.00015234471641624418,-0.004298232810082467,0.15439104575252147,0.4144576922800267,0.2497560975609756,0.0,0.7915447154471544,0.5385365853658537,-0.29538045525550843,-1.9366580090718344e-06,0.2953806042671204,-0.29537359774112704,7.238333523673646e-07,0.29537343978881836,-0.010768367815762759,-0.0052109332755208015,-0.00023730960092507302
dt_0.5_ms,440,0.22,307461,0.0,False,0.009423949755728245,0.017951970919966698,0.01981404796242714,0.02166218087077141,0.021967153809964658,0.022428395226597786,0.011331405318098118,0.00012840074648302232,0.01,3075,0.022001726246946227,0.02166222222149372,0.022428395226597786,-5.917405360309812e-05,0.00010873366897815979,-0.0040884805015265575,0.06280690078463451,0.10044343745455964,0.0,0.0,0.7973983739837398,0.6367479674796748,-0.0751496635377407,-1.3262393849799992e-06,0.07514972612261772,-0.07515710070729256,7.315589982681558e-07,0.07515963241457939,-0.010346268396824598,-0.005357341840863228,-0.0003856496565276757
dt_0.5_ms,460,0.23,307461,0.0,False,0.016236811876296997,0.025610780343413353,0.027726752683520317,0.029881911724805837,0.030240895412862304,0.030783414840698242,0.01752164062957968,0.00030700789035213743,0.01,3075,0.030260259697471207,0.029882054775953293,0.030783414840698242,9.223709901433717e-05,-0.00011773403592759285,-0.0054691530866131976,0.057309569068407805,0.09234213118845273,0.0,0.0,0.7073170731707317,0.71869918699187,-0.07011948749423028,-5.379274625738617e-07,0.07011996358633041,-0.07012427747249603,7.121186627045972e-07,0.07012424096465111,-0.015591699164360762,-0.005629917606711388,-0.0006584695540368557
dt_0.5_ms,480,0.24,307461,0.0,False,0.017128974199295044,0.02407928742468357,0.025595150887966156,0.0274185422807932,0.027775593660771848,0.028371397405862808,0.017475909166030795,0.00030540740117935915,0.01,3075,0.027806024386025058,0.027418723329901695,0.028371397405862808,6.77301687491372e-05,-5.4175468834076266e-05,-0.006767338021029907,0.05422050700312212,0.08527935768192194,0.0,0.0,0.6292682926829268,0.7895934959349593,-0.06509406417608261,-5.440015797830711e-07,0.06509402841329574,-0.06509701982140541,7.012978358034161e-07,0.06509790644049644,-0.015893994458019735,-0.0059315115213394165,-0.0009588373999577015
dt_0.5_ms,500,0.25,307461,0.0,False,0.011742962524294853,0.014748108573257923,0.015013020485639572,0.015434966050088409,0.015532853547483684,0.015797516331076622,0.011438418662781348,0.00013083742150506465,0.01,3075,0.015548462426456494,0.0154350521042943,0.015797516331076622,0.0010034099577161783,-0.000986598605697643,-0.00571682232331742,0.2105583205619856,0.29069591667385225,0.032520325203252036,0.0,0.7313821138211382,0.25626016260162604,-0.2769660800695418,1.5972248945672618e-07,0.2803928256034851,-0.28042231798171996,5.701352279174898e-07,0.28042147755622865,-0.011219945643097163,-0.006151313427835703,-0.0010391788673587143
dt_0.5_ms,520,0.26,307461,0.0,False,0.0022441456094384193,0.004826408810913563,0.005755647085607052,0.00720578357577324,0.007506535062566412,0.007955246604979038,0.0030916678930231474,9.558410360750188e-06,0.01,3075,0.007509106159725083,0.007205806206911802,0.007955246604979038,0.000272088041150473,-0.00025754940703632385,-0.016255763353234746,0.39440519242204564,0.4180899410385417,0.5447154471544715,0.0,0.2943089430894309,0.0,-0.3002519756555557,0.24556738138198853,0.30025193095207214,-0.30024745464324953,-0.24556857347488403,0.30024680197238923,-0.03615593798458576,-0.016261102631688118,-0.0011713624815456575
dt_0.5_ms,540,0.27,307461,0.0,False,0.007137687411159277,0.014751850627362728,0.01645265705883503,0.01839355379343033,0.018802295997738843,0.019571322947740555,0.009040931265739379,8.173843815182386e-05,0.01,3075,0.018845169695048798,0.01839357614517212,0.019571322947740555,-9.987633144855871e-05,7.282623802239922e-05,-0.006321182261160537,0.05577553322894205,0.09024619266047038,0.0,0.0,0.6816260162601626,0.7492682926829268,-0.07008021026849746,-1.2550110568554373e-06,0.07008032351732255,-0.07008225321769715,7.468034937119228e-07,0.07008331492543221,-0.016073266603052618,-0.006106125190854073,-0.0011285671731457113
dt_0.5_ms,560,0.28,307461,0.0,False,0.013783990405499935,0.02274065837264061,0.02481524832546711,0.027258165180683136,0.02777016535401345,0.028754347935318947,0.015234766844883897,0.00023209812081797368,0.01,3075,0.027835824521091894,0.027258187532424927,0.028754347935318947,-8.688586175997438e-05,-4.1150665388519285e-05,-0.006617638650672071,0.054034749381171775,0.08642185043567042,0.0,0.0,0.6426016260162601,0.7850406504065041,-0.06508108302950859,-9.176188200399338e-07,0.06507951468229294,-0.0650846816599369,7.338705927395495e-07,0.06508582830429077,-0.015836679749190806,-0.005864346399903297,-0.0008880907960701733
dt_0.5_ms,580,0.29,307461,0.0,False,0.015393353998661041,0.022631894797086716,0.024221790954470634,0.026194647699594512,0.0266100374981761,0.02739645540714264,0.016028501241486227,0.00025691285204832554,0.01,3075,0.026662147018483014,0.026195039972662926,0.02739645540714264,1.7314881003095137e-05,-0.00011116961630644765,-0.006236054763572699,0.054617881060294644,0.08644180251747363,0.0,0.0,0.6461788617886178,0.7788617886178861,-0.06509283185005188,-4.805038997801603e-07,0.0650923416018486,-0.0650963231921196,6.920033115420665e-07,0.0650971919298172,-0.015558438096195459,-0.005582890007644892,-0.0006021973851602525
dt_0.5_ms,600,0.3,307461,0.0,False,0.011433430947363377,0.015067433007061481,0.015411024913191795,0.015930425375699997,0.01604039706289768,0.0161915123462677,0.011321510170513442,0.00012817659254103932,0.01,3075,0.01604517522078704,0.015930425375699997,0.0161915123462677,0.0007566715731705945,-0.00041086544573347645,-0.006779763944270998,0.053540292707718505,0.08212424183542467,0.0,0.0,0.5850406504065041,0.808130081300813,-0.06509948149323463,8.94017944119696e-07,0.06510497033596038,-0.06510804742574691,5.185200393498235e-07,0.06510665640234947,-0.015343328751623631,-0.005369545891880989,-0.00037959634501021354
dt_0.5_ms,620,0.31,307461,0.0,False,0.003363456344231963,0.005451463628560305,0.00601178640499711,0.00671413838863373,0.006871169665828347,0.0071600028313696384,0.0037446637242901366,1.4022506408014478e-05,0.01,3075,0.006892135807623466,0.006714195944368839,0.0071600028313696384,0.001820854583406836,-0.002226617268430508,-0.004814572058404167,0.36907772341562145,0.4039949745603378,0.31089430894308945,0.0,0.7954471544715447,0.0,-0.29056504666805266,0.1955571174621582,0.290567147731781,-0.295341432094574,-0.2005676031112671,0.29534122049808503,-0.011037252563983201,-0.005782593972980976,-0.0006443386140745133
dt_0.5_ms,640,0.32,307461,0.0,False,0.005922046955674887,0.011119337752461433,0.012454209849238396,0.014128388464450843,0.014507352467626335,0.015275362879037857,0.007130289189921504,5.0841023931911455e-05,0.01,3075,0.014555920298870017,0.014128569513559341,0.015275362879037857,-0.00012934193374005608,7.294223033505332e-05,-0.005419440851177702,0.05629416475984108,0.09162222270599732,0.0,0.0,0.6923577235772358,0.7388617886178862,-0.07014841213822365,-1.3076853520033183e-06,0.0701481468975544,-0.07015313655138015,7.97782490735699e-07,0.0701545611023903,-0.015324465092271566,-0.0053530484437942505,-0.00037668588920496403
dt_0.5_ms,660,0.33,307461,0.0,False,0.012266142293810844,0.019201824441552162,0.020875344052910805,0.02293652892112733,0.023380322568118575,0.024235660210251808,0.013217960193984806,0.00017471447168976688,0.01,3075,0.02343745856750302,0.0229367446154356,0.024235660210251808,9.115525560302533e-06,-1.1801000510118226e-05,-0.006215032702103651,0.054419735274415196,0.08751235182914711,0.0,0.0,0.646829268292683,0.7811382113821138,-0.06514429897069932,-5.46168905657396e-07,0.06514329314231873,-0.06514991521835327,8.033480867197795e-07,0.06515078619122505,-0.015521356742829085,-0.005551678128540516,-0.0005788982030935586
dt_0.5_ms,680,0.34,307461,0.0,False,0.014390711672604084,0.020496610552072525,0.021843547001481056,0.02341754473745823,0.023719870857894423,0.02423757314682007,0.014748154829066586,0.00021750807086212006,0.01,3075,0.023751314031641657,0.023417549207806587,0.02423757314682007,6.123038745965869e-05,-9.000019289430839e-05,-0.0063934502247304514,0.05479133967253508,0.08749823514877005,0.0,0.0,0.6484552845528455,0.7752845528455284,-0.06513329222798347,-5.411765187091078e-07,0.06513208970427513,-0.07014131620526314,7.42760448702029e-07,0.06664141789078576,-0.015761392749845983,-0.005796147044748068,-0.0008236065856181085
dt_0.5_ms,700,0.35000000000000003,307461,0.0,False,0.01140511967241764,0.014807922765612602,0.015287494286894798,0.015732334926724434,0.01578326728194952,0.015817929059267044,0.011232954217345461,0.00012617926044897917,0.01,3075,0.015779394932030663,0.01573234051465988,0.015817929059267044,0.000909894588319711,-0.0003555134432014791,-0.005554036893011109,0.06081050060006037,0.09317211579728638,0.0,0.0,0.719349593495935,0.6601626016260163,-0.07011719420552254,9.92566128843464e-07,0.07012004405260086,-0.07513653114438057,4.645449678264413e-07,0.07513712421059608,-0.010980907175689936,-0.005997157655656338,-0.001023878192063421
dt_0.5_ms,720,0.36,307461,0.0,False,0.004424514248967171,0.00637417659163475,0.006803993601351976,0.007409646641463043,0.007563798688352109,0.007979268208146095,0.004629644472923267,2.1433607945668958e-05,0.01,3075,0.00758733657620302,0.007409701123833656,0.007979268208146095,0.001292214102861358,-0.0020091189165425496,-0.01003342008979128,0.3836984606558624,0.4111084456467181,0.3752845528455285,0.0,0.4741463414634146,0.0,-0.29545444846153257,0.22061999142169952,0.2954618602991104,-0.29546782076358796,-0.2256147861480713,0.29545128643512725,-0.021437044814229013,-0.011209444142878056,-0.0011854146840050818
dt_0.5_ms,740,0.37,307461,0.0,False,0.00452866405248642,0.008820222690701485,0.009752719663083553,0.01085689924657345,0.011105995718389753,0.011593878269195557,0.005540387870932657,3.06958977603777e-05,0.01,3075,0.011137730968374062,0.01085694506764412,0.011593878269195557,-0.00025448603408113006,-1.6612782163399637e-05,-0.0050537781270478315,0.06073654458910558,0.0987334824217806,0.0,0.0,0.7801626016260162,0.6575609756097561,-0.0750913679599762,-1.7404049685865175e-06,0.07508955970406532,-0.07509487569332123,7.890577080615913e-07,0.07509657293558121,-0.011029941029846668,-0.006042427849024534,-0.001069462124723941
dt_0.5_ms,760,0.38,307461,0.0,False,0.010347808711230755,0.016661472618579865,0.018058108165860176,0.01966311112046242,0.020000442676246167,0.020661422982811928,0.01126206074613163,0.0001268340122495589,0.01,3075,0.02003701618228986,0.019663123413920403,0.020661422982811928,-0.00015519834255947967,0.00011196313612687874,-0.005692778045777232,0.05718627022995735,0.09230285016805417,0.0,0.0,0.7147967479674797,0.7177235772357724,-0.07007668018341065,-1.430476345376519e-06,0.07007584348320961,-0.07008303701877594,7.775702215440106e-07,0.07008505761623382,-0.01585180629044771,-0.005882578436285257,-0.0009082877833861858
dt_0.5_ms,780,0.39,307461,0.0,False,0.01283196359872818,0.018681734800338745,0.019934512674808502,0.02134220264852047,0.021615380793809893,0.022122813388705254,0.013269635532683255,0.00017608322717025,0.01,3075,0.02164386273520749,0.02134227193892002,0.022122813388705254,7.579578034040142e-06,0.00011685457837186992,-0.005270216058053803,0.05810737522490573,0.09405450071344441,0.0,0.0,0.7300813008130081,0.7014634146341463,-0.07008567973971366,-4.633380683571886e-07,0.07008473798632622,-0.07009255811572075,7.797335115355963e-07,0.07009459361433983,-0.015635905042290687,-0.005666054785251617,-0.0006898989609908313
dt_0.5_ms,800,0.4,307461,0.0,False,0.010831381194293499,0.014447120949625969,0.014992299489676952,0.015519289486110211,0.015590694267302752,0.015658123418688774,0.010745913857791996,0.00011547466463908606,0.01,3075,0.015589494959307395,0.015519324690103531,0.015658123418688774,0.0009601729166002816,-0.00012251690579834362,-0.004529985175221947,0.062309317469225196,0.09938325551266199,0.0,0.0,0.7717073170731708,0.6471544715447154,-0.07510346099734307,1.2338286978774704e-06,0.07510705292224884,-0.07511146441102028,6.407279897757689e-07,0.07511233687400817,-0.010467756260186433,-0.00547355692833662,-0.0004964920983184129
dt_0.5_ms,820,0.41000000000000003,307461,0.0,False,0.005066290032118559,0.0069090453907847404,0.007276641204953194,0.00774462725967169,0.007842621859163046,0.008059132844209671,0.005134505188449417,2.6363143530213978e-05,0.01,3075,0.007856056255447429,0.0077446806244552135,0.008059132844209671,0.001553933935436776,-0.0002657564481099447,-0.004124560339293042,0.3508949438835561,0.3899905424155282,0.13040650406504065,0.0,0.8448780487804878,0.0,-0.2805206209421158,0.19054029881954193,0.2805196940898895,-0.280520361661911,-0.1905371993780136,0.2819976001977907,-0.011098818387836218,-0.0011322034988552332,-0.000760462001198903
dt_0.5_ms,840,0.42,307461,0.0,False,0.004080517683178186,0.006440700963139534,0.006942209787666798,0.007477550208568573,0.007563442364335064,0.007696036249399185,0.004409829752997843,1.944659845042502e-05,0.01,3075,0.007582101504189697,0.007477561943233013,0.007696036249399185,-0.0008377895020330877,0.0004982338815091537,-0.00217820777106326,0.07761677725971389,0.12773204655131754,0.0,0.0,1.0,0.4377235772357724,-0.09519160836935044,-3.2173163617699174e-06,0.0951909713447094,-0.0901938796043396,9.931874274116126e-07,0.09019762203097344,-0.005400464218109846,-0.00043878419091925025,-0.00041260859288740905
dt_0.5_ms,860,0.43,307461,0.0,False,0.009156609885394573,0.013629480265080929,0.014641186222434044,0.015851171687245376,0.016110471077263357,0.016588661819696426,0.009584334474126252,9.185946731192493e-05,0.01,3075,0.016147121624127635,0.015851367264986038,0.016588661819696426,-0.00010648975470583701,0.0001578023515736741,-0.004209222839047329,0.06287827061827181,0.10075882197849179,0.0,0.0,0.800650406504065,0.6351219512195122,-0.0751642756164074,-1.541124447612674e-06,0.07516347840428353,-0.0751707375049591,8.344366619894572e-07,0.0751734122633934,-0.010498540103435516,-0.005508763249963522,-0.0005375234177336097
dt_0.5_ms,880,0.44,307461,0.0,False,0.011785600334405899,0.016294779255986214,0.017241571098566055,0.018400620296597482,0.018632630631327633,0.019054971635341644,0.011875865953444911,0.000141036192144192,0.01,3075,0.018655432338515916,0.018400628119707108,0.019054971635341644,0.00013457428448660034,0.00011705590125023548,-0.005416857792685429,0.057628121621400456,0.09321202883187765,0.0,0.0,0.7183739837398374,0.7115447154471545,-0.07014976441860199,-4.325620750478265e-07,0.07014968916773796,-0.070157590508461,8.841839189699385e-07,0.07015941739082336,-0.015655826963484287,-0.0056914715096354485,-0.0007204078952781856
dt_0.5_ms,900,0.45,307461,0.0,False,0.010325946845114231,0.01331306155771017,0.013754689134657383,0.014295171946287159,0.014394225738942624,0.014551041647791862,0.010121549415137552,0.00010244576256307132,0.01,3075,0.014403735753300229,0.014295239001512527,0.014551041647791862,0.00028766721407121363,7.142507463359611e-05,-0.006448163900645526,0.055024808951866934,0.08619933627092881,0.0,0.0,0.647479674796748,0.7658536585365854,-0.07013301402330399,1.9677314355703857e-07,0.0701349139213562,-0.07013981640338898,8.570062846047222e-07,0.07014119774103164,-0.015829318016767503,-0.005863240920007229,-0.0008915655605960637
dt_0.5_ms,920,0.46,307461,0.0,False,0.0054046097211539745,0.0070026833564043045,0.007288895081728697,0.007734433747828008,0.007856109086424116,0.008248253725469112,0.005330899803561117,2.8418492715607953e-05,0.01,3075,0.00788178781335189,0.00773445051163435,0.008248253725469112,0.0027172952163510206,-0.0017749176422754923,-0.008341501861341237,0.3782458563357406,0.40772396356906276,0.2972357723577236,0.0,0.567479674796748,0.0,-0.29065137207508085,0.2056412398815155,0.29066110849380494,-0.29066494703292844,-0.2056400328874588,0.2906546235084534,-0.021267688274383544,-0.006472427863627672,-0.0011912289075553418
dt_0.5_ms,940,0.47000000000000003,307461,0.0,False,0.0031225206330418587,0.005146644078195095,0.00548091996461153,0.005815116316080093,0.005889512691646816,0.006053570657968521,0.003440517545957561,1.1837160984041837e-05,0.01,3075,0.005901437203089396,0.0058151185512542725,0.006053570657968521,-0.0019103478210243752,0.0006881175844407663,-0.003445097114133641,0.14846757710989367,0.19512508109658533,0.0,0.0,0.9066666666666666,0.0,-0.14028449058532716,-0.04506358131766319,0.14028418511152269,-0.13527846783399583,0.030046455562114716,0.14028602242469787,-0.010969561245292424,-0.0010301052825525403,-0.0009896119125187397
dt_0.5_ms,960,0.48,307461,0.0,False,0.007613740395754576,0.011696814559400082,0.012513983063399792,0.013399449735879901,0.013579407427459956,0.013916855677962303,0.008046898118840046,6.475256933499147e-05,0.01,3075,0.01360135197064014,0.013399524614214897,0.013916855677962303,-0.00032449628638436904,0.00013164354886602799,-0.004096844958508675,0.06490348895381214,0.1056336655956917,0.0,0.0,0.8517073170731707,0.5860162601626017,-0.08010615408420563,-1.9760386749112513e-06,0.0801055148243904,-0.08011266216635704,8.578294909966644e-07,0.08011428862810135,-0.010848767682909965,-0.0009099258459173143,-0.0008894032624084502
dt_0.5_ms,980,0.49,307461,0.0,False,0.010351395234465599,0.014590746723115444,0.015438312664628029,0.016346519440412523,0.016527068801224235,0.0168849416077137,0.010511579378960969,0.00011049330104019748,0.01,3075,0.01655339102556066,0.016346588730812073,0.0168849416077137,-2.493128706703027e-05,0.00014791845708681464,-0.004264994061673136,0.06336603200019206,0.1013723577986251,0.0,0.0,0.8185365853658536,0.6191869918699187,-0.0800944596529007,-1.128680423789774e-06,0.08009553402662277,-0.0766033671796321,8.423180020145082e-07,0.08010435253381729,-0.010695795435458422,-0.005705326329916716,-0.0007320531934965402
dt_0.5_ms,1000,0.5,307461,0.0,False,0.00950633268803358,0.012526627629995346,0.01300583966076374,0.013519775681197645,0.013601646106690169,0.013721714727580547,0.009391864176064519,8.820711270164406e-05,0.01,3075,0.013605128007267065,0.01351979747414589,0.013721714727580547,0.0004781281732372239,0.0004572433200633656,-0.00392634279607621,0.06473746670694375,0.10454314965685889,0.0,0.0,0.848130081300813,0.5895934959349594,-0.08009857907891274,8.284625891974429e-07,0.08010015711188316,-0.08010954186320304,8.886492537385493e-07,0.08011322990059852,-0.010540169570595026,-0.005548905581235886,-0.0005750244716182351
dt_0.5_ms,1020,0.51,307461,0.0,False,0.0054640453308820724,0.007011587265878916,0.00725554907694459,0.00763498665764928,0.007742907805368306,0.008084181696176529,0.0053536202604965765,2.8661249893599427e-05,0.01,3075,0.007765057601367797,0.007635021582245827,0.008084181696176529,0.000554363722723674,-0.000360088479228136,-0.0038650273804352203,0.3660982929542749,0.4073406674816383,0.3339837398373984,0.0,0.9063414634146342,0.0,-0.2953392267227173,0.17043212056159973,0.2953376412391663,-0.2953151434659958,-0.16541020572185516,0.29531604051589966,-0.011195872444659472,-0.00121125893201679,-0.0006493722787126899
dt_0.5_ms,1040,0.52,307461,0.0,False,0.0026934118941426277,0.003908761311322451,0.004102920647710562,0.004312939383089543,0.004353226535022259,0.004443213809281588,0.002777467607891548,7.714326312886797e-06,0.01,3075,0.004358164871308377,0.004312946926802397,0.004443213809281588,-0.0013961252763988526,-0.0018758175455457797,-0.008848193630678352,0.21016859294582058,0.24814179789410992,0.0,0.0,0.4991869918699187,0.0,-0.17541587054729463,-0.10017213970422745,0.17541487365961075,-0.17543936520814896,-0.10519732534885406,0.1754378378391266,-0.0205928860232234,-0.010482453741133213,-0.0005282083293423058
dt_0.5_ms,1060,0.53,307461,0.0,False,0.006551094353199005,0.009499277919530869,0.010027189739048481,0.010573174804449085,0.010652500670403244,0.010762391611933708,0.006760460981432739,4.570383268147451e-05,0.01,3075,0.010665489940381632,0.01057327538728714,0.010762391611933708,-0.00030338122629561026,0.0008795302073914667,-0.002315958952606936,0.07724672091645762,0.12555342123375085,0.0,0.0,1.0,0.4377235772357724,-0.09518041461706161,-2.2554152110387804e-06,0.09518249556422234,-0.0901877075433731,2.3193010747490916e-06,0.09519335255026817,-0.005516438418999315,-0.0005514584481716156,-0.0005339656199794263
dt_0.5_ms,1080,0.54,307461,0.0,False,0.009355339221656322,0.01259494200348854,0.013154721818864346,0.013782926835119724,0.013900314178317786,0.014092734083533287,0.009289113694714461,8.628763323333173e-05,0.01,3075,0.013910787840017943,0.013782929629087448,0.014092734083533287,9.722152236406601e-05,0.0004788420767024369,-0.0036239583439163377,0.0662998778705257,0.10956976633683548,0.0,0.0,0.8754471544715448,0.5622764227642276,-0.08516477346420288,-4.4266218424127146e-07,0.08516880050301552,-0.08017330095171929,1.0476817351445789e-06,0.08017679154872895,-0.010618877410888673,-0.00068090291460976,-0.0006620636559091508
dt_0.5_ms,1100,0.55,307461,0.0,False,0.008861087262630463,0.011312632821500301,0.011584342457354069,0.011944273300468922,0.012032566219568252,0.012192638590931892,0.008642860166493765,7.469903185756463e-05,0.01,3075,0.012041555292056343,0.011944299563765526,0.012192638590931892,0.0006853289783319822,0.0005571988900809,-0.004445520951261183,0.06295249377379318,0.10132997506014906,0.0,0.0,0.8016260162601626,0.6354471544715448,-0.08015858307480812,7.036805413918046e-07,0.0801614724099636,-0.0751606822013855,1.1108745638921391e-06,0.0751655362546444,-0.010754752438515425,-0.005767142400145531,-0.0007970113074406981
dt_0.5_ms,1120,0.56,307461,0.0,False,0.005340430419892073,0.0068141701631248,0.007075096480548382,0.007564993668347601,0.007680265465751292,0.008030013181269169,0.005217572122786656,2.7223058856480453e-05,0.01,3075,0.0077037584230424914,0.007565089501440525,0.008030013181269169,0.0016412342418500078,-0.0011762885252634685,-0.009241336975227738,0.38107424344808033,0.4111636097836954,0.3404878048780488,0.0,0.5138211382113821,0.0,-0.29544498026371,0.2156953364610672,0.2954549252986908,-0.2954439580440521,-0.21568641066551208,0.2953807502985001,-0.02131869290024042,-0.006499955430626869,-0.0011912300367839636
dt_0.5_ms,1140,0.5700000000000001,307461,0.0,False,0.002054917626082897,0.002975545357912779,0.003192823613062501,0.0034731111954897646,0.0035273286746814866,0.003958055283874273,0.0021377448470432563,4.569953031059994e-06,0.01,3075,0.00353377200322362,0.0034731202758848667,0.003958055283874273,-0.00018212440537243354,-0.0022017459486558186,-0.009913506799877235,0.2039004192843969,0.23407404880789134,0.0013008130081300813,0.0013008130081300813,0.4975609756097561,0.0,-0.16542790234088897,-0.09517008066177368,0.16542883217334747,-0.16543334871530532,-0.10520686209201813,0.16542865484952926,-0.025908175483345987,-0.010903432033956051,-0.0009541737264953554
dt_0.5_ms,1160,0.58,307461,0.0,False,0.005263184197247028,0.008130380883812904,0.008619400672614574,0.009130879677832129,0.009212239086627967,0.00929151102900505,0.005558593439924641,3.0897961030373254e-05,0.01,3075,0.009210590178040955,0.009130922146141529,0.00929151102900505,-0.0013407910263343338,0.0007230236729671262,-0.002308459269219813,0.07976719623128191,0.13231277871239658,0.0,0.0,1.0,0.43382113821138213,-0.10016661882400513,-3.830814421235118e-06,0.10016524717211724,-0.10017191469669343,1.34490369418927e-06,0.10017549395561218,-0.005824930174276233,-0.0008612597011961043,-0.0008474763366393745
dt_0.5_ms,1180,0.59,307461,0.0,False,0.008114825002849102,0.011272141709923744,0.011812719516456127,0.012316507287323478,0.01240551909431815,0.012546123936772346,0.00815379414321929,6.648435892999718e-05,0.01,3075,0.012418007623495125,0.012316599488258362,0.012546123936772346,-4.1087567663654725e-05,0.0006187343010653497,-0.0025604339110347012,0.0761490308122173,0.12100863186312624,0.0,0.0,1.0,0.4377235772357724,-0.09013454988598824,-1.3510915550796199e-06,0.09013355001807213,-0.09014147445559502,1.1762055009967298e-06,0.09014459550380707,-0.005717742582783103,-0.0007512228912673891,-0.000735205045202747
dt_0.5_ms,1200,0.6,307461,0.0,False,0.008085976354777813,0.01058152038604021,0.010874735191464424,0.011110414937138558,0.011142711713910102,0.01118785236030817,0.00794801763692801,6.317098435691872e-05,0.01,3075,0.011144005636555878,0.011110438965260983,0.01118785236030817,0.0019687836580074996,0.0021721136330160756,-0.001364176883437951,0.10213720292266094,0.16353538978399026,0.0,0.0,1.0,0.22048780487804878,-0.11518217027187347,0.005000938195735216,0.11518527939915657,-0.11168303415179244,0.005004798993468285,0.11519325301051139,-0.0056024597492069,-0.0006299821543507278,-0.0006132190930657089
dt_0.5_ms,1220,0.61,307461,0.0,False,0.005209887400269508,0.006744621321558952,0.006988145411014557,0.00733543299138546,0.0074341206345707195,0.008026868104934692,0.00512189080121199,2.6233765379539994e-05,0.01,3075,0.007468085847037837,0.00733544584363699,0.008026868104934692,0.001245383494268588,0.0004220365096883076,-0.0036259749226510616,0.36853424270794977,0.41087042934530094,0.5583739837398374,0.0,0.9193495934959349,0.0,-0.3001179665327072,0.11519992351531982,0.3001182973384857,-0.300113308429718,0.1001715213060379,0.3001134663820267,-0.010962200444191694,-0.0012635757448151708,-0.0004914582648780198
dt_0.5_ms,1240,0.62,307461,0.0,False,0.0017369900597259402,0.0025743129663169384,0.0027544850017875433,0.003046797774732113,0.0031259375857189305,0.0034725372679531574,0.0018421079642169157,3.3933617518313894e-06,0.01,3075,0.003140475079038642,0.003046800149604678,0.0034725372679531574,0.002063747843106588,0.0007070000675635609,-0.00804763633358421,0.3729553193490071,0.4075006490405771,0.26504065040650404,0.0013008130081300813,0.5921951219512195,0.0,-0.2905823320150375,0.2256539911031723,0.2905865550041199,-0.2905704826116562,0.2156504988670349,0.29057656824588773,-0.02121453545987606,-0.006186405196785927,-0.0007687984965741635
dt_0.5_ms,1260,0.63,307461,0.0,False,0.004354572389274836,0.006482626311480999,0.006820144131779671,0.007131406385451556,0.00717901261523366,0.007287214510142803,0.0045600309671234565,2.0793882421124885e-05,0.01,3075,0.007190438014402138,0.007131414487957954,0.007287214510142803,-0.00109622302529238,0.0014234481180398584,-0.0015820011838218121,0.11889320999187188,0.1706349125735177,0.0,0.0,1.0,0.09691056910569106,-0.12023779675364495,-0.0050054881721735,0.12023831009864808,-0.12025009095668793,0.005013452377170324,0.12025241702795028,-0.005539989285171032,-0.0005614367546513677,-0.0005419078224804252
dt_0.5_ms,1280,0.64,307461,0.0,False,0.007229681126773357,0.009689555503427982,0.010042610578238964,0.010341757535934448,0.01038337852805853,0.010473963804543018,0.007144141950077526,5.103876420285751e-05,0.01,3075,0.010392747276682195,0.010341765359044075,0.010473963804543018,5.0531518612439785e-05,0.002627809280200982,-0.001409764143380874,0.11781340257626545,0.1737406478888083,0.0,0.0,1.0,0.11739837398373984,-0.12025621011853219,5.303007242218882e-07,0.12025655135512352,-0.12026772946119309,0.010022062808275223,0.1252852350473404,-0.00562252108938992,-0.0006500401068478823,-0.0006320062035229057
dt_0.5_ms,1300,0.65,307461,0.0,False,0.007512643933296204,0.009527070447802544,0.009665008634328842,0.009773264080286026,0.009799180924892426,0.009867451153695583,0.007257465639674971,5.2670807511062834e-05,0.01,3075,0.009805653176717158,0.009773270227015018,0.009867451153695583,0.003180599372561385,0.005521127477409394,-0.001887962524419484,0.211681100112971,0.27099966083191823,0.0,0.0,1.0,0.0,-0.19058502167463304,0.08516044169664383,0.19058612138032913,-0.19058353304862977,0.08016392588615417,0.19058818370103836,-0.00589557271450758,-0.0008797066402621567,-0.0007597782998345793
dt_0.5_ms,1320,0.66,307461,0.0,False,0.00500563345849514,0.0065033226273953915,0.006785180885344744,0.0072238273918628715,0.007322847284376623,0.0075980788096785545,0.004918332525421064,2.4189994830614742e-05,0.01,3075,0.007342900386065002,0.007223884109407663,0.0075980788096785545,0.0016818738129080796,-0.00024114476471412473,-0.008877937245689999,0.3750990693943549,0.40441935170503485,0.23154471544715446,0.0,0.5297560975609756,0.0,-0.29052925407886504,0.21068701148033142,0.2905450940132141,-0.290525484085083,-0.2006736546754837,0.2905228316783905,-0.02133503369987011,-0.006474895402789116,-0.0012503347359597685
dt_0.5_ms,1340,0.67,307461,0.0,False,0.0014408776769414544,0.002354654483497143,0.002729040337726474,0.0034098451957106667,0.003569454257376493,0.003793589537963271,0.0016393173686352614,2.6873614351092375e-06,0.01,3075,0.0035749299294216847,0.003410040633752942,0.003793589537963271,0.0022126050402478475,-0.0008296861687326819,-0.021002357548928055,0.3982852094330336,0.4196119659641167,0.615609756097561,0.0013008130081300813,0.22991869918699187,0.0,-0.30039731562137606,0.2507174611091614,0.3004018783569336,-0.30042577981948854,-0.25071194767951965,0.30040921568870543,-0.0464807603508234,-0.021229419857263565,-0.0013402387616224588
dt_0.5_ms,1360,0.68,307461,0.0,False,0.003272388828918338,0.005514749325811863,0.005874523427337408,0.006225112359970808,0.006300450349226595,0.006352377589792013,0.003636635478160686,1.3225117601017001e-05,0.01,3075,0.006290808262348902,0.006225123535841703,0.006352377589792013,-0.0016291338827363272,0.0011303881622812813,-0.0016350183694441689,0.09786096185535441,0.1503127383458981,0.0,0.0,1.0,0.22634146341463415,-0.11021155714988709,-0.005005194339901209,0.11021121889352799,-0.11022204086184502,5.4658758017467335e-06,0.11022327989339828,-0.005787371238693595,-0.0008193249232135713,-0.0008037864812649786
dt_0.5_ms,1380,0.6900000000000001,307461,0.0,False,0.00611019367352128,0.008698142133653164,0.009088777005672455,0.009405707195401193,0.009485047403723001,0.009520628489553928,0.006195285382965873,3.8381560976390595e-05,0.01,3075,0.00947049795278931,0.009405731223523617,0.009520628489553928,-0.0007476602963186967,0.0027885187779642774,-0.0013954523923178392,0.09830175694578244,0.1529507654429098,0.0,0.0,1.0,0.2354471544715447,-0.11521037444472312,-3.3712396998453187e-06,0.11521129086613655,-0.110209259390831,0.0050096833147108555,0.11522023528814315,-0.005704159615561366,-0.0007389977690763772,-0.0007223780441563577
dt_0.5_ms,1400,0.7000000000000001,307461,0.0,False,0.006707105785608292,0.008859556168317795,0.009065285325050354,0.009236550889909267,0.009272567834705115,0.009340115822851658,0.006613018227826908,4.373201008157095e-05,0.01,3075,0.009277891136281859,0.009236559271812439,0.009340115822851658,0.0010138259803861138,0.002827416962482096,-0.002141802992228782,0.18095582222824128,0.23108450286504642,0.0,0.0,1.0,0.0,-0.1654144272208214,0.06508338451385498,0.16541747152805328,-0.16541317999362945,0.06509658694267273,0.16541517227888108,-0.0057290973607450725,-0.0007439506589435041,-0.000643162039341405
dt_0.5_ms,1420,0.71,307461,0.0,False,0.004836844280362129,0.0063527049496769905,0.006575406529009342,0.006844317726790905,0.006909407861530781,0.007374103646725416,0.004773227640447594,2.27837021075329e-05,0.01,3075,0.006940433220498688,0.006844327785074711,0.007374103646725416,0.001989153092954217,0.0009112696700949009,-0.0025062837308212145,0.35708027553213334,0.407323089824574,0.5102439024390244,0.0,1.0,0.0,-0.29551178216934204,0.11019977182149887,0.29551211297512053,-0.29553830027580263,0.10018467903137207,0.2955372452735901,-0.006282653333619237,-0.0012053662212565541,-0.0004820570873562247
dt_0.5_ms,1440,0.72,307461,0.0,False,0.001482592080719769,0.00255030719563365,0.002869160147383809,0.003345914278179409,0.0034716655965894468,0.004148929379880428,0.001718995354596708,2.954945029125062e-06,0.01,3075,0.003510751284325753,0.0033459647092968225,0.004148929379880428,5.089257790790341e-05,0.0008424342066291872,-0.007469921200848525,0.3824518398028031,0.4144005992962194,0.4998373983739837,0.0,0.5860162601626017,0.0,-0.29561943411827085,0.19056643545627594,0.2956142008304596,-0.2956160932779312,0.1956038475036621,0.2956157386302948,-0.016287217475473882,-0.00623707240447402,-0.0007161295157857243
dt_0.5_ms,1460,0.73,307461,0.0,False,0.0026313697453588247,0.004219825379550457,0.004500167910009623,0.00477327136322856,0.004830553755164147,0.004883654415607452,0.002873061302428228,8.254481247510586e-06,0.01,3075,0.004825957684467236,0.004773286171257496,0.004883654415607452,-0.0010099173698397944,0.002278675530911289,-0.0017918606746442072,0.09348702150656962,0.1418649939850577,0.0,0.0,1.0,0.2523577235772358,-0.10017839074134827,-6.286117240961175e-06,0.1001786470413208,-0.10520041435956955,0.005009455606341362,0.10520306006073951,-0.005528495647013187,-0.0005563434096984565,-0.0005440808599814773
dt_0.5_ms,1480,0.74,307461,0.0,False,0.0053511797450482845,0.007346869446337223,0.007629153318703175,0.007867209054529667,0.007904921006411315,0.007991638965904713,0.0053597275799382085,2.872667973115028e-05,0.01,3075,0.007913840358577123,0.007867209613323212,0.007991638965904713,-0.0007133509965456788,0.003681803933700653,-0.001783620040651744,0.13102207724871903,0.1808357751102943,0.0,0.0,1.0,0.016910569105691057,-0.13028132021427155,-0.005006091203540564,0.13028158247470856,-0.13029624819755553,0.03005688264966011,0.13029847145080567,-0.005610518949106335,-0.000633861927781254,-0.0006100270431488753
dt_0.5_ms,1500,0.75,307461,0.0,False,0.006167380604892969,0.007881361991167068,0.008020851761102676,0.008194625936448574,0.008236711844801903,0.008329445496201515,0.005994126340965068,3.592955059145127e-05,0.01,3075,0.008242368259262748,0.008194630965590477,0.008329445496201515,0.0003653069240290944,0.005690004244083311,-0.0031142831813142733,0.2211084253019342,0.26598393101815937,0.0,0.0,0.9336585365853659,0.0,-0.1905845284461975,0.09016790241003036,0.1905847370624542,-0.1905846819281578,0.10522570461034775,0.190597702562809,-0.010760888364166022,-0.0009255028562620282,-0.0007410503400024027
dt_0.5_ms,1520,0.76,307461,0.0,False,0.004619684536010027,0.006032204255461693,0.006284757051616907,0.006590972188860179,0.006668108981102705,0.006837076973170042,0.0045458746495826005,2.0664976329717733e-05,0.01,3075,0.006678745385441111,0.006590984761714935,0.006837076973170042,0.0025192402194185956,-0.0013154364552924304,-0.007018839954512148,0.3610440927269748,0.39357152997113787,0.031544715447154474,0.0,0.6471544715447154,0.0,-0.28066155314445496,0.19566096365451813,0.2806732416152954,-0.28065901398658755,-0.19064126908779144,0.2806528568267822,-0.016457666642963886,-0.006376318633556366,-0.0012402451131492856
dt_0.5_ms,1540,0.77,307461,0.0,False,0.0014695506542921066,0.002740096766501665,0.0031456477008759975,0.00380216115154326,0.00394093468785286,0.004170672502368689,0.0017994732457531503,3.238103962181378e-06,0.01,3075,0.003949853638035616,0.0038021705113351345,0.004170672502368689,0.0016436426814009503,-0.0008571542375456027,-0.017913950788050255,0.3955465507578198,0.41842216766000173,0.5613008130081301,0.0,0.26634146341463416,0.0,-0.30029075443744657,0.24575161933898926,0.30029450058937074,-0.30028949975967406,-0.24574702978134155,0.3002850592136383,-0.04133075848221779,-0.016398102045059204,-0.0012912793084979058
dt_0.5_ms,1560,0.78,307461,0.0,False,0.0017992648063227534,0.0035851423162966967,0.003873511217534542,0.004190726391971112,0.004231672268360854,0.004302105400711298,0.0022298224995734874,4.972108379604155e-06,0.01,3075,0.00424601683998859,0.004190743435174227,0.004302105400711298,-0.0010397441241826154,0.0002671875079620287,-0.0026540010766035356,0.07627498537498446,0.12127647166096693,0.0,0.0,1.0,0.4377235772357724,-0.0901684246957302,-3.1544136618322227e-06,0.09016692116856576,-0.09018061235547066,1.0586265943857143e-06,0.09018267393112182,-0.005747011909261346,-0.0007811060640960932,-0.0007646888145245612
dt_0.5_ms,1580,0.79,307461,0.0,False,0.004400242585688829,0.006602693814784288,0.006941513158380985,0.007221945002675057,0.007284551626071334,0.007318463642150164,0.0045975929936767175,2.113786133550524e-05,0.01,3075,0.007274738584258934,0.007221946958452463,0.007318463642150164,-0.000996878093271655,0.0028443973654271332,-0.0014411276322032318,0.0976402093156413,0.14946404738240562,0.0,0.0,1.0,0.231869918699187,-0.11522248983383179,-5.320378932083258e-06,0.11171748042106491,-0.11022373288869858,0.005010518711060286,0.11523186266422272,-0.00568869081325829,-0.0007223228458315134,-0.0007050017477013171
dt_0.5_ms,1600,0.8,307461,0.0,False,0.005458260420709848,0.007338849827647209,0.007538817822933197,0.007713539339601993,0.007753109466284514,0.007824502885341644,0.005411519292800542,2.928454105635247e-05,0.01,3075,0.007757908580294712,0.007713540457189083,0.007824502885341644,0.00035254749219592024,0.0032990075599371904,-0.002286258409901454,0.18074855687684582,0.22729088175873252,0.0,0.0,1.0,0.0,-0.16543172150850297,0.06007227674126625,0.16543257385492324,-0.16543462574481965,0.06510869413614273,0.16543654799461366,-0.005730077996850014,-0.0007525958935730159,-0.0006491896812804044
dt_0.5_ms,1620,0.81,307461,0.0,False,0.004404016770422459,0.005796481855213642,0.0059747290797531605,0.006162866670638323,0.006194970337674022,0.006341163069009781,0.004349508604248479,1.8918225098431547e-05,0.01,3075,0.006206208177789198,0.006162869744002819,0.006341163069009781,0.0034958589852340824,0.003466640621181426,-0.002306489899510336,0.3197850315086168,0.3729163429452188,0.2653658536585366,0.0,1.0,0.0,-0.29054346978664397,0.12527042627334595,0.2952811777591705,-0.2952877223491669,0.1303020864725113,0.29528814256191255,-0.006153289088979363,-0.0010964220855385065,-0.0004913011216558516
dt_0.5_ms,1640,0.8200000000000001,307461,0.0,False,0.0017104625003412366,0.0028778088744729757,0.003170022973790765,0.003569774562492969,0.0036819536006078126,0.0042967237532138824,0.001953512811831579,3.816212305990123e-06,0.01,3075,0.0037163530035716733,0.003569826250895858,0.0042967237532138824,0.0022340716676014227,0.0010756841374606621,-0.005520379044535774,0.37657259659675624,0.4111340830297197,0.49658536585365853,0.0,0.7291056910569106,0.0,-0.29561008512973785,0.1805533915758133,0.29561769068241117,-0.2956301629543304,0.17051208019256592,0.29562285244464875,-0.011349944490939378,-0.005961173214018345,-0.0006436365074478106
dt_0.5_ms,1660,0.8300000000000001,307461,0.0,False,0.0014230736996978521,0.002560444176197052,0.0028057354502379894,0.003056515473872423,0.0031140821753069758,0.0031888189259916544,0.0016692211097098788,2.7862991131010794e-06,0.01,3075,0.0031187184985605925,0.003056516870856285,0.0031888189259916544,-0.0005785836824394095,0.0038050270344946804,-0.002992003958263412,0.07242862804102386,0.11254857002747945,0.0,0.0,0.9560975609756097,0.4816260162601626,-0.08513944521546364,-2.5465985800110502e-06,0.08514004796743393,-0.08515889197587967,0.00501001114025712,0.09016854465007781,-0.005531741352751851,-0.0005562646547332406,-0.000541233946569264
dt_0.5_ms,1680,0.84,307461,0.0,False,0.0038357472512871027,0.005445402581244707,0.005697821266949177,0.005920597910881042,0.00595451956614852,0.00601027300581336,0.0039046824201493416,1.5246544802223318e-05,0.01,3075,0.0059575829785165745,0.0059206001460552216,0.00601027300581336,-0.00024268985043967057,0.004325489955650793,-0.0015171172258603136,0.10009813601389146,0.15031321535371633,0.0,0.0,1.0,0.21073170731707316,-0.10670574754476539,-3.1746494641993195e-06,0.11021089479327202,-0.11022863388061524,0.010019348934292793,0.1152393214404583,-0.0055721967946738005,-0.0006000716821290553,-0.0005880281154531985
dt_0.5_ms,1700,0.85,307461,0.0,False,0.004969238769263029,0.006420745048671961,0.006560174282640219,0.006715274043381214,0.006752750044688583,0.006834292318671942,0.0048509207922691365,2.3531432532869027e-05,0.01,3075,0.006757329305921629,0.006715274881571531,0.006834292318671942,0.0013649052187679259,0.0077695089118267465,-0.0030954225553101217,0.20164194274825745,0.2447506937073739,0.0,0.0,0.9235772357723577,0.0,-0.17550846040248871,0.08014056086540222,0.1755117654800415,-0.1755240574479103,0.09519699960947037,0.18052944391965867,-0.010693798027932643,-0.0008223128970712423,-0.0006833080726210028
dt_0.5_ms,1720,0.86,307461,0.0,False,0.004181304946541786,0.005401071161031723,0.005576673429459333,0.0057768641971051695,0.005819580424576998,0.005888653919100761,0.004092435258212517,1.6748026342660945e-05,0.01,3075,0.005822797199574912,0.005776864476501942,0.005888653919100761,0.003243764038008403,0.001013956743527234,-0.005012497901424342,0.34550540362309684,0.3828781911964411,0.0,0.0,0.8104065040650407,0.0,-0.2756369233131409,0.18059141933918,0.2756456404924393,-0.27563914358615876,0.175574392080307,0.27563736736774447,-0.011454335693269969,-0.006223773118108511,-0.0011786101618781685
dt_0.5_ms,1740,0.87,307461,0.0,False,0.0017718477174639702,0.0029924556147307158,0.00332286162301898,0.003840011171996594,0.003947748430073262,0.00416014576330781,0.0020361958079552073,4.146093368334359e-06,0.01,3075,0.003955435823361443,0.0038400301709771156,0.00416014576330781,0.0014772171702811389,-0.0004811425955314946,-0.015187583992795307,0.39195804307289456,0.4180496141649943,0.4949593495934959,0.0,0.3134959349593496,0.0,-0.29584231972694397,0.24076847732067108,0.29585415720939634,-0.2958595335483551,-0.23579053580760956,0.29585523903369904,-0.031523794308304785,-0.016204584389925003,-0.0012876676628366113
dt_0.5_ms,1760,0.88,307461,0.0,False,0.0009136638836935163,0.002139198360964656,0.002386764157563448,0.0026571959257125875,0.0027105888118967424,0.0031965880189090967,0.0012760765136247407,1.628371268624673e-06,0.01,3075,0.00271273014741397,0.0026572481729090214,0.0031965880189090967,-0.0007367700827364472,0.000729945887350551,-0.004186310354692149,0.06489960492709188,0.10460468879052344,0.0013008130081300813,0.0013008130081300813,0.8413008130081301,0.5951219512195122,-0.08014293611049653,-2.8657022994593717e-06,0.08014203161001206,-0.08015570268034936,1.617486873328744e-06,0.08015992939472198,-0.010692601650953292,-0.005701977293938398,-0.0007304431463126093
dt_0.5_ms,1780,0.89,307461,0.0,False,0.003063805168494582,0.004896971397101879,0.005182056222110987,0.005453058890998364,0.005500005604699255,0.005532801151275635,0.0033071156482178113,1.0937013910687115e-05,0.01,3075,0.0054929191331432115,0.0054530734196305275,0.005532801151275635,-0.0008471434155980528,0.005110786907016564,-0.002054630622165505,0.08594294715188555,0.13448647328978885,0.0,0.0,1.0,0.3463414634146341,-0.10018971040844918,-4.514607553574024e-06,0.10018952861428261,-0.10019621774554252,0.0100166667252779,0.10020723566412926,-0.005670893285423517,-0.0007048246334306896,-0.0006877548352349549
dt_0.5_ms,1800,0.9,307461,0.0,False,0.004303376656025648,0.005989620927721262,0.006194187793880701,0.006355933751910925,0.00639051734469831,0.006459356751292944,0.00433700801875292,1.880963855472713e-05,0.01,3075,0.0063961722888052465,0.0063559371046721935,0.006459356751292944,-0.0008485159047735416,0.005456804945701506,-0.0022067046842946694,0.16237857092965383,0.2091303520421894,0.0,0.0,1.0,0.0,-0.15037572532892227,-0.04507337883114815,0.15037503391504287,-0.15038128644227983,0.055095989257097244,0.15038833618164063,-0.005687275808304549,-0.000711532891727984,-0.0006398432014975697
dt_0.5_ms,1820,0.91,307461,0.0,False,0.003911394625902176,0.005136496387422085,0.005262566730380058,0.005426155123859645,0.005461403168737888,0.0055285668931901455,0.0038569198895042935,1.487583103405381e-05,0.01,3075,0.005464938791029579,0.005426177754998207,0.0055285668931901455,0.0018265189194097752,0.006506774139598133,-0.0035829357352728645,0.26660836823938777,0.30346551340205025,0.006178861788617886,0.0,0.9092682926829269,0.0,-0.22072945833206176,0.13030360639095306,0.2207246169447899,-0.22574237883090972,0.14035490155220032,0.2307306006550789,-0.010839541535824537,-0.0010962049709632993,-0.0007726874435320497
dt_0.5_ms,1840,0.92,307461,0.0,False,0.0019668517634272575,0.0030118103604763746,0.0032350460533052683,0.0035241470206528913,0.003596123517490924,0.004044756293296814,0.002120838592140466,4.497956333912353e-06,0.01,3075,0.0036206659664801224,0.00352417747490108,0.004044756293296814,0.0011254505025662057,0.0018191866661474957,-0.003969286037135748,0.3678887841474352,0.40767567127759163,0.48097560975609754,0.0,0.9063414634146342,0.0,-0.29555573761463166,0.14537785947322845,0.29555606544017793,-0.2955926537513733,0.15544402599334717,0.2955915153026581,-0.011081526707857847,-0.0014035190688446164,-0.0005621446878649298
dt_0.5_ms,1860,0.93,307461,0.0,False,0.0008336895843967795,0.0013534408062696457,0.0015104511985555291,0.0016942233080044391,0.0017326489556580783,0.0028479367028921843,0.0009160685470864763,8.391815829611276e-07,0.01,3075,0.0017379887373285081,0.0016942310612648726,0.0028479367028921843,-0.0011552102700646998,0.0020866473831573054,-0.004741914860082685,0.06703545340915926,0.10434320440205626,0.007804878048780488,0.007804878048780488,0.8234146341463414,0.6009756097560975,-0.07513074278831482,-4.626157533493824e-06,0.07512756660580636,-0.0801521509885788,0.005006938241422176,0.08015615344047547,-0.010506468918174505,-0.005511127412319183,-0.0005363815347664058
dt_0.5_ms,1880,0.9400000000000001,307461,0.0,False,0.0026197845581918955,0.0038976320065557957,0.0041114636696875095,0.004305425565689804,0.004344690963625908,0.00438665272668004,0.002736125610976386,7.486383359040903e-06,0.01,3075,0.0043413338581539266,0.004305470269173384,0.00438665272668004,-0.0005653306823567404,0.005743001150791804,-0.002028510293495516,0.08908538293656103,0.13237459038135704,0.0,0.0,1.0,0.28520325203252034,-0.09668041169643393,-3.160993401252199e-06,0.1001821592450142,-0.10019914284348488,0.01502253022044897,0.10521348789334298,-0.005553321912884712,-0.0005799322389066219,-0.000567804544698447
dt_0.5_ms,1900,0.9500000000000001,307461,0.0,False,0.0038972380571067333,0.005118183791637421,0.005257612094283104,0.005380555894225836,0.005408021248877049,0.005464972462505102,0.0038254801850309415,1.4634298646064366e-05,0.01,3075,0.005411501116747779,0.005380573216825724,0.005464972462505102,-0.0002425535519917806,0.012387503599975168,-0.0023767344650009845,0.17320232180011927,0.21990112170460593,0.0,0.0,0.9817886178861789,0.0,-0.1554161414504051,-0.04507480561733246,0.15541589111089707,-0.1604445606470108,0.08016057312488556,0.1604514166712761,-0.005689153680577874,-0.000703918281942606,-0.0006275460997130722
dt_0.5_ms,1920,0.96,307461,0.0,False,0.003657455090433359,0.004644283093512058,0.004765120800584555,0.004887550882995129,0.004905840288847685,0.004934937693178654,0.003563206953981924,1.2696443796905141e-05,0.01,3075,0.004907618476214205,0.004887565970420837,0.004934937693178654,0.004223270915388092,0.006879241742738863,-0.0025039063471490593,0.3052310568308342,0.3519923645777929,0.0,0.0,1.0,0.0,-0.2557872623205185,0.1554565280675888,0.2557973325252533,-0.25579988956451416,0.1604834347963333,0.25580094158649447,-0.0062658348120749,-0.0012286502169445157,-0.0009386850171722474
dt_0.5_ms,1940,0.97,307461,0.0,False,0.001963121583685279,0.002976086223497987,0.0032204557210206985,0.003586407471448184,0.003662997274659574,0.0038622524589300156,0.002118715060790844,4.48895350882195e-06,0.01,3075,0.003673411233698934,0.0035864294040948153,0.0038622524589300156,0.0016356782215397533,0.0008795820842913496,-0.013339091614134822,0.3875856477298605,0.4148179628044657,0.4110569105691057,0.0,0.359349593495935,0.0,-0.29570791125297546,0.23079794645309448,0.2957083821296692,-0.29570770263671875,0.225821852684021,0.2957084149122238,-0.026578650623559952,-0.011504960246384144,-0.001316561654675752
dt_0.5_ms,1960,0.98,307461,0.0,False,0.000612354779150337,0.001211049035191536,0.001355223124846816,0.0015976117458194506,0.001696430495940149,0.003127915784716606,0.0007684734817745539,5.905514921907057e-07,0.01,3075,0.0017102138465648986,0.0015976387076079845,0.003127915784716606,0.0019255971811651213,0.0015097767550770829,-0.04314916168108613,0.40623339778689566,0.42263870372786366,0.7700813008130082,0.05203252032520325,0.06861788617886179,0.0,-0.30076645612716674,0.2657617926597595,0.30076726973056794,-0.30077447891235354,0.2608274221420288,0.30077105164527895,-0.09238280951976777,-0.0366443395614624,-0.006415508780628443
dt_0.5_ms,1980,0.99,307461,0.0,False,0.002031708601862192,0.0034914768766611814,0.0037368538323789835,0.003965441230684519,0.003992597712203861,0.004036362748593092,0.0022799201703897604,5.198035983350074e-06,0.01,3075,0.003998005142874591,0.003965454641729593,0.004036362748593092,-0.000712246042506508,0.0034640193622165107,-0.0024718308176587874,0.07705585921469602,0.12402210067931636,0.0,0.0,1.0,0.43577235772357725,-0.09517209827899933,-3.1168149234872544e-06,0.09017291888594628,-0.09017921984195709,0.005007894244045019,0.0951891966164112,-0.005652042524889112,-0.0006855819374322891,-0.000669207697501406
dt_0.5_ms,2000,1.0,307461,0.0,False,0.0033186220098286867,0.0047709220089018345,0.0049682920798659325,0.005122180283069611,0.005147183360531927,0.005213592201471329,0.0033859032689431906,1.1464340946640184e-05,0.01,3075,0.005153469397133686,0.005122183356434107,0.005213592201471329,-6.808943864775866e-05,0.009609300374522917,-0.001827227763010083,0.13685843620826518,0.18351767367070104,0.0,0.0,1.0,0.0013008130081300813,-0.1353149250149727,0.020030666142702103,0.13531562685966492,-0.13030721694231034,0.03506902605295181,0.13532542884349824,-0.005642573023214937,-0.0006619403138756752,-0.0006255777610931545
dt_0.5_ms,2020,1.01,307461,0.0,False,0.0033488343469798565,0.004448091145604849,0.004551510326564312,0.004689532518386841,0.004721699189394713,0.004782028030604124,0.0033156901257181,1.0993801009784509e-05,0.01,3075,0.004724136643051132,0.004689532797783613,0.004782028030604124,0.001992484483777023,0.010444283390917429,-0.0031914825879446255,0.2320852143431828,0.2731423479696933,0.0,0.0,0.944390243902439,0.0,-0.20064215809106828,0.11022289097309113,0.20064303129911423,-0.20064836889505386,0.11526700109243393,0.200658318400383,-0.010699384938925504,-0.0009261015802621841,-0.0006679224665276706
dt_0.5_ms,2040,1.02,307461,0.0,False,0.002101360587403178,0.002936915960162878,0.0030973567627370358,0.003288474678993226,0.003328443528153003,0.0036005284637212753,0.0021382736022756057,4.5722139981886954e-06,0.01,3075,0.0033455364458353782,0.0032884932588785887,0.0036005284637212753,0.0007379782151400559,0.0036501686262890576,-0.0026023224817221698,0.3523747328973145,0.4005392606777941,0.4240650406504065,0.0,1.0,0.0,-0.2954177737236023,0.1152476966381073,0.2954178750514984,-0.2954310417175293,0.13535651564598083,0.2954346090555191,-0.006349576497450471,-0.0012634196318686008,-0.00047360281168948884
dt_0.5_ms,2060,1.03,307461,0.0,False,0.0006148715037852526,0.0009709071018733084,0.001121684443205595,0.0013366895262151963,0.001401229982730004,0.002823352348059416,0.0006789946887814896,4.610337873934718e-07,0.01,3075,0.0014302636602348308,0.0013367037754505873,0.002823352348059416,0.000978974147540767,0.0031770959278432332,-0.008576416348053211,0.3787162720797953,0.4145125614565108,0.46178861788617886,0.024715447154471545,0.6621138211382114,0.0,-0.2956731766462326,0.19064705073833466,0.2956737011671066,-0.29568275809288025,0.20069341361522675,0.2956818580627441,-0.016448881290853024,-0.006173939909785986,-0.0007146497257053854
dt_0.5_ms,2080,1.04,307461,0.0,False,0.0016881986521184444,0.0026408922858536243,0.00280829262919724,0.0029571845661848783,0.002986208163201809,0.003026477061212063,0.0018240041416420212,3.3269911087272464e-06,0.01,3075,0.0029863337614399387,0.002957188757136464,0.003026477061212063,-0.00017442695276714533,0.006905211100759731,-0.002136381428094384,0.08763765312103644,0.13040236454763532,0.0,0.0,1.0,0.2969105691056911,-0.09517676606774331,-2.4427824882877758e-06,0.09517869651317597,-0.1001991905272007,0.015032791532576084,0.10521946549415588,-0.0055386537685990335,-0.0005637347931042314,-0.0005506011948455125
dt_0.5_ms,2100,1.05,307461,0.0,False,0.002957788063213229,0.0039612106047570705,0.004089327994734049,0.004190315771847963,0.004210953321307898,0.0042471131309866905,0.002928681949963245,8.577177964040515e-06,0.01,3075,0.004213104573176886,0.004190318286418915,0.0042471131309866905,0.000971455393222774,0.014432545616253605,-0.002037689075029145,0.14870735153184975,0.19860797957862744,0.0,0.0,1.0,0.0,-0.14034525007009507,0.02504131942987442,0.1403457298874855,-0.1418739974498748,0.07013752311468124,0.1503940388560295,-0.005613116500899196,-0.0006356832454912364,-0.000591758597875014
dt_0.5_ms,2120,1.06,307461,0.0,False,0.0031008508522063494,0.003895214758813381,0.003973308485001326,0.004066088516265154,0.004088408453390003,0.004145951010286808,0.0030027407469614665,9.016451993462706e-06,0.01,3075,0.004092780092231384,0.004066091030836105,0.004145951010286808,0.0032966786962214524,0.016759368641589716,-0.0035981339842792812,0.24746911454130693,0.2909742061803451,0.0,0.0,0.8744715447154472,0.0,-0.21073000580072404,0.12027893960475922,0.21074291169643403,-0.20572795420885087,0.14037790894508362,0.21072886437177657,-0.010810005571693182,-0.0010439313482493162,-0.0007507432601414621
dt_0.5_ms,2140,1.07,307461,0.0,False,0.0020141303539276123,0.002779100788757205,0.002945634536445141,0.003189936792477967,0.0032442315481603146,0.0034162900410592556,0.0020562554710209127,4.228186562103435e-06,0.01,3075,0.0032559202076125194,0.0031899819150567055,0.0034162900410592556,0.003781579020546704,0.00150570479834952,-0.011708327815716527,0.3812662320337442,0.41118549440649715,0.29365853658536584,0.0,0.408780487804878,0.0,-0.2908431887626648,0.2257947027683258,0.2908967584371567,-0.2908643573522568,0.21581512689590454,0.29086342453956604,-0.0264346769079566,-0.011423001997172832,-0.0013234834303148093
dt_0.5_ms,2160,1.08,307461,0.0,False,0.0005159280844964087,0.0010913725709542632,0.0013314648531377316,0.0017341696191579107,0.0018142476445063957,0.0030881816055625677,0.0007028704202089332,4.940268276046823e-07,0.01,3075,0.001822457751978522,0.0017341800266876817,0.0030881816055625677,0.003558949329019562,0.0005816869910170393,-0.03425990196391637,0.40354901761745443,0.4225672646603302,0.696910569105691,0.02861788617886179,0.1167479674796748,0.0,-0.3006645172834396,0.2608094811439514,0.30066648721694944,-0.3006686091423035,0.25582531094551086,0.30066306591033937,-0.08752065896987915,-0.031357310712337494,-0.006025266880169511
dt_0.5_ms,2180,1.09,307461,0.0,False,0.001250813016667962,0.0023519895039498806,0.0025402712635695934,0.0027148937806487088,0.002737217373214662,0.0030281704384833574,0.0014841390217272656,2.202668635813565e-06,0.01,3075,0.002741426724895108,0.0027149063535034657,0.0030281704384833574,-0.0010298661261263526,0.00464051706629469,-0.00254048028960824,0.07989211651518355,0.12645336588820646,0.0013008130081300813,0.0013008130081300813,0.9986991869918699,0.41268292682926827,-0.0951741449534893,-3.895948339049937e-06,0.09517466202378273,-0.0901851586997509,0.005015833768993616,0.09519814997911454,-0.005632730014622211,-0.0006642139051109552,-0.0006483760836999864
dt_0.5_ms,2200,1.1,307461,0.0,False,0.0024472218938171864,0.003677605651319027,0.00385426077991724,0.004004056192934514,0.0040252426173537975,0.004075504373759031,0.0025592593705983145,6.5498085259952805e-06,0.01,3075,0.004029445762223587,0.0040040696039795876,0.004075504373759031,-0.0015003520483864105,0.008848128677928786,-0.001518630538915655,0.11879082400519031,0.16836842685592976,0.0,0.0,1.0,0.08878048780487804,-0.12527779191732408,-0.005008492153137922,0.1252765104174614,-0.11675918102264396,0.0250519048422575,0.12529122531414033,-0.005614185472950339,-0.0006373667274601758,-0.0006135645962785929
dt_0.5_ms,2220,1.11,307461,0.0,False,0.0027702737133949995,0.003766953945159912,0.003868271829560399,0.0039738774299621586,0.003997588157653809,0.004041371401399374,0.002763562836905745,7.637279553526529e-06,0.01,3075,0.003999896808338117,0.00397389754652977,0.004041371401399374,-0.0015464891238910396,0.009943734264470698,-0.0024388630785108583,0.1975977649961561,0.24487336856870295,0.0,0.0,1.0,0.0,-0.18054424971342087,-0.08013815432786942,0.1805427372455597,-0.1755234032869339,0.08517517894506454,0.17555053979158403,-0.005734331160783768,-0.0007568502915091813,-0.0006046952155884356
dt_0.5_ms,2240,1.12,307461,0.0,False,0.002048854250460863,0.002736728172749281,0.002844419563189149,0.0029694418422877788,0.0029955655569210648,0.003125622635707259,0.002033893479755158,4.136722686990545e-06,0.01,3075,0.0030038340566906985,0.0029694424010813236,0.003125622635707259,0.0021231229809241564,0.009090544578990317,-0.0024731588008344114,0.32511112623043104,0.3778516191675882,0.29560975609756096,0.0013008130081300813,0.9986991869918699,0.0,-0.29528528153896333,0.10521703213453293,0.295285639166832,-0.29528787434101106,0.1403910219669342,0.2952916085720062,-0.006215375615283847,-0.001139333937317133,-0.0004247254051733763
dt_0.5_ms,2260,1.1300000000000001,307461,0.0,False,0.0006835139938630164,0.0011690652463585138,0.001303692115470767,0.0014956176979467276,0.001550674194004387,0.0031371440272778273,0.000788430856965103,6.216232162147266e-07,0.01,3075,0.0015710632089994908,0.0014956245431676507,0.0031371440272778273,0.0016729428855384268,0.0026706438481323117,-0.005499864842253358,0.37190173334262977,0.4110993308106116,0.45983739837398374,0.007804878048780488,0.8227642276422764,0.0,-0.2956003725528717,0.17056167125701904,0.29559966921806335,-0.29557043612003325,0.1705780327320099,0.295587083697319,-0.011443256493657827,-0.005878676660358906,-0.0006180577154736973
dt_0.5_ms,2280,1.1400000000000001,307461,0.0,False,0.0010585744166746736,0.0016592415049672127,0.0017648882931098342,0.001859886362217367,0.001877123210579157,0.003197215497493744,0.0011444323543297044,1.3097254136366303e-06,0.01,3075,0.0018818469190349182,0.0018598942551761866,0.003197215497493744,0.0001580372926855847,0.011445158840789766,-0.0025556767828823104,0.09988016673320563,0.14129474938536862,0.003902439024390244,0.003902439024390244,0.9704065040650407,0.19317073170731708,-0.10019463822245597,-2.4770592972345185e-06,0.10019527524709701,-0.10523167625069618,0.030061788856983185,0.11525402218103409,-0.005533465556800366,-0.0005529657937586308,-0.0005365680553950369
dt_0.5_ms,2300,1.1500000000000001,307461,0.0,False,0.002169491956010461,0.002948605688288808,0.003053052118048072,0.0031364929862320425,0.00315270577557385,0.0032772838603705168,0.0021676625654064295,4.698760997464384e-06,0.01,3075,0.0031547041428919005,0.0031364946626126766,0.0032772838603705168,-0.0016715205086463062,0.019496867454996923,-0.0020854123787409284,0.1392154732411501,0.18925000448076706,0.0013008130081300813,0.0013008130081300813,0.9973983739837399,0.008455284552845528,-0.13532861918210984,-0.015024165622889996,0.13532365560531617,-0.13533924520015717,0.07014074176549911,0.1418785408139215,-0.005580284958705306,-0.0006019836291670799,-0.0005652718071360142
dt_0.5_ms,2320,1.16,307461,0.0,False,0.0025359992869198322,0.003188695991411805,0.00324508105404675,0.003326087212190032,0.003347029909491539,0.0034048487432301044,0.002453712196684628,6.020703544158903e-06,0.01,3075,0.003351183821697061,0.0033260874915868044,0.0034048487432301044,-0.0008687120991024544,0.01985130134152203,-0.003992322649999817,0.22112834935869485,0.26257736739351184,0.0013008130081300813,0.0013008130081300813,0.8380487804878048,0.0,-0.18713119179010382,-0.10020383447408676,0.19061560034751893,-0.18560601472854615,0.12029733508825302,0.1906309485435486,-0.010736201237887145,-0.0009278526995331049,-0.0006687819666694849
dt_0.5_ms,2340,1.17,307461,0.0,False,0.0019375152187421918,0.002489992883056402,0.0025987070985138416,0.0027603814378380784,0.002803583419881763,0.0033908432815223932,0.001895578526726352,3.593217950986047e-06,0.01,3075,0.0028128607243269196,0.0027604009956121445,0.0033908432815223932,0.006413333924805246,0.006382690280433593,-0.010672675332251361,0.3739620913451206,0.4045165665892715,0.1616260162601626,0.0013008130081300813,0.46634146341463417,0.0,-0.285826313495636,0.21583636105060577,0.2858676165342331,-0.28581722676753996,0.2158200442790985,0.285861137509346,-0.021607488766312598,-0.011345885694026947,-0.0013237878563813867
dt_0.5_ms,2360,1.18,307461,0.0,False,0.0006544157513417304,0.0012222868390381336,0.0014138108817860484,0.0017418433446437123,0.0018085524439811708,0.003386561293154955,0.0008121615053656207,6.596063107977512e-07,0.01,3075,0.001815882856859182,0.0017418472561985254,0.003386561293154955,0.0020779745656300365,0.0018379063819482075,-0.029544462847591536,0.40070836300428997,0.4224854328908848,0.6292682926829268,0.022113821138211382,0.15056910569105691,0.0,-0.3006108164787292,0.2508848011493683,0.30061256885528564,-0.3006176292896271,0.25088080763816833,0.3006132751703262,-0.08252612501382828,-0.02643445134162903,-0.0015474610845558347
dt_0.5_ms,2380,1.19,307461,0.0,False,0.0006848329794593155,0.0014801939250901341,0.0016043742652982473,0.0017232870683074,0.0017410666914656763,0.0033375571947544813,0.0009015745876495286,8.128367370954176e-07,0.01,3075,0.0017454004814333427,0.001723298104479909,0.0033375571947544813,-0.001562447393168615,0.006058435910197737,-0.002681515847684861,0.09610841412947199,0.1424113789335785,0.007804878048780488,0.007804878048780488,0.9921951219512195,0.24943089430894308,-0.1052102953195572,-0.005005763843655586,0.10520947724580765,-0.10021743699908256,0.015021649189293385,0.1052317552268505,-0.005614811787381768,-0.0006412231014110148,-0.0006250272155739367
dt_0.5_ms,2400,1.2,307461,0.0,False,0.0017578195547685027,0.0027350247837603092,0.0028805916663259268,0.003009051037952304,0.003028697893023491,0.0032632113434374332,0.0018639372881809738,3.474262214271443e-06,0.01,3075,0.003032163866924319,0.003009054809808731,0.0032632113434374332,-0.0030726951429167686,0.010520292652910379,-0.0017609036954051656,0.11927953140893964,0.1668942808939611,0.0013008130081300813,0.0013008130081300813,0.9986991869918699,0.0767479674796748,-0.1252828523516655,-0.015021898783743382,0.12528110444545745,-0.115260049700737,0.03006141446530819,0.12178976982831818,-0.005601812247186899,-0.0006248532445169985,-0.0006006814772263169
dt_0.5_ms,2420,1.21,307461,0.0,False,0.0022055122535675764,0.00308482488617301,0.0031883774790912867,0.003277015592902899,0.003296571597456932,0.0033406936563551426,0.0022301088426629795,4.9733854501236135e-06,0.01,3075,0.0032995354342539376,0.003277017269283533,0.0033406936563551426,-0.0030213850603355626,0.013364381601170795,-0.0021423217843900004,0.17092060550057447,0.21985428725913964,0.0,0.0,1.0,0.0,-0.16546779423952102,-0.07011879235506058,0.16546498984098434,-0.15040189772844315,0.06512487679719925,0.15543746799230576,-0.005647990200668573,-0.0006709730951115489,-0.0005800922343041748
dt_0.5_ms,2440,1.22,307461,0.0,False,0.0018591433763504028,0.0024641817435622215,0.002536298707127571,0.0026312223169952633,0.0026528833899647003,0.003147739917039871,0.0018407718556273198,3.3884410244696465e-06,0.01,3075,0.0026543923860370385,0.0026312239933758974,0.003147739917039871,0.00040827934092622464,0.01572874053949263,-0.0029978737501073554,0.29161625602263025,0.3495636424134277,0.15121951219512195,0.0013008130081300813,0.9596747967479675,0.0,-0.2458528161048889,0.10020676255226135,0.24584311991930008,-0.2408727452158928,0.15045110881328583,0.2508576810359955,-0.0061592099256813524,-0.001086620381101966,-0.00043223003158345826
dt_0.5_ms,2460,1.23,307461,0.0,False,0.0008453000336885452,0.0012856643879786134,0.0013968227431178093,0.0015474508749321104,0.0015876629156991841,0.0031484956853091717,0.0009114943428796681,8.308219371016379e-07,0.01,3075,0.0016060118139456442,0.0015474531101062894,0.0031484956853091717,0.00036466785320421545,0.005221533157476564,-0.004100863625857661,0.36325844911696387,0.40774536707730213,0.43642276422764226,0.007804878048780488,0.9661788617886179,0.0,-0.29551851451396943,0.13032492995262146,0.2955186069011688,-0.29551475048065184,0.15549257397651672,0.2955166965723038,-0.00650830827653408,-0.0014283860800787807,-0.0004860056447796526
dt_0.5_ms,2480,1.24,307461,0.0,False,0.0006647735717706382,0.0009559118770994246,0.00100822770036757,0.0010617985157296062,0.0010756747913546864,0.0031908368691802025,0.0006867823493379191,4.7166999536211153e-07,0.01,3075,0.0011034630328734837,0.0010617997031658888,0.0031908368691802025,0.0014254041591407471,0.019000308236069564,-0.02302130347435794,0.17959277596389642,0.4133245474130779,0.20227642276422764,0.18959349593495936,0.6715447154471544,0.0,-0.29743178486824035,0.020032694563269615,0.297382715344429,-0.2972784489393234,0.07515610009431839,0.29723734855651857,-0.10112048014998436,-0.005515426862984896,-0.0005315126792993397
dt_0.5_ms,2500,1.25,307461,0.0,False,0.001535602263174951,0.002105989493429661,0.002183519070968032,0.002248075278475881,0.002261428767815232,0.003254008712247014,0.0015464856957516646,2.39161800716451e-06,0.01,3075,0.0022640721307597995,0.0022480797488242388,0.003254008712247014,-0.002053003056141419,0.031381526561529656,-0.002575801006268437,0.15028318727517206,0.1986552665268821,0.0013008130081300813,0.0013008130081300813,0.9447154471544715,0.0,-0.14036482572555542,-0.035061147063970566,0.1403582826256752,-0.1403618797659874,0.08517614752054214,0.15041011422872544,-0.010537684429436922,-0.0006042383029125631,-0.0005486765643581748
dt_0.5_ms,2520,1.26,307461,0.0,False,0.002009927062317729,0.0025302250869572163,0.0025805411860346794,0.0026455834507942205,0.002663097926415503,0.0033184841740876436,0.0019438395112380408,3.778512045450145e-06,0.01,3075,0.002667348415749829,0.0026455919723957777,0.0033184841740876436,-0.0001856865994329375,0.026846900618657833,-0.004198735936552407,0.213838924277914,0.25243904216554236,0.0013008130081300813,0.0013008130081300813,0.816260162601626,0.0,-0.18559932112693786,-0.09017407894134521,0.1855990156531334,-0.1755824640393257,0.11528673768043518,0.1856088235974312,-0.010709194373339415,-0.0008923924178816378,-0.0006341877859085799
dt_0.5_ms,2540,1.27,307461,0.0,False,0.001726479735225439,0.002161284675821662,0.0022350249346345663,0.002347648981958629,0.0023810056969523433,0.003360780654475093,0.0016699568055883185,2.788755732530741e-06,0.01,3075,0.002388459812713469,0.002347677480429411,0.003360780654475093,0.006436140338579813,0.01088070722130256,-0.009528904553101496,0.3665503719175051,0.3977266797488706,0.05008130081300813,0.0013008130081300813,0.5284552845528455,0.0,-0.28089276850223543,0.21081793308258057,0.2809214174747467,-0.28085978925228117,0.2108502984046936,0.28093066811561584,-0.02161040809005499,-0.006552675273269415,-0.001311286701820791
dt_0.5_ms,2560,1.28,307461,0.0,False,0.0007764995680190623,0.0012609052937477827,0.0014164921594783664,0.0016781857004389174,0.0017360838246531787,0.0033713318407535553,0.0008840714628892605,7.81582351495157e-07,0.01,3075,0.0017426799857852661,0.0016782035818323493,0.0033713318407535553,0.0029292207229428173,0.004373990941823013,-0.026767765543824894,0.3975182012386694,0.42217264729194165,0.5479674796747968,0.022113821138211382,0.16455284552845528,0.0,-0.3005239307880402,0.25087395310401917,0.3005249470472336,-0.30050846338272097,0.25088194012641907,0.30052387416362764,-0.07734268605709076,-0.02159285917878151,-0.0015509314369410278
dt_0.5_ms,2580,1.29,307461,0.0,False,0.00039879788528196514,0.0008708809036761522,0.0009477405110374093,0.0010247122729197147,0.0010424585547298196,0.003345636185258627,0.0005320218932877142,2.8304729493744393e-07,0.01,3075,0.0010913640402287728,0.0010247161844745278,0.003345636185258627,-0.00035119874604799584,0.006750683831746034,-0.028312433257895876,0.19441131150667199,0.4190595195475163,0.28032520325203253,0.2126829268292683,0.7196747967479675,0.008455284552845528,-0.3016263574361801,-0.0250232070684433,0.3016249030828476,-0.30162252187728883,0.04509345069527626,0.3016224980354309,-0.1011455737054348,-0.0006493009277619421,-0.0006022645509801806
dt_0.5_ms,2600,1.3,307461,0.0,False,0.001188233494758606,0.0019679502584040165,0.0020851867739111185,0.002191857760772109,0.0022091075778007513,0.003294652793556452,0.0013081878589216844,1.7113554742301008e-06,0.01,3075,0.0022139659168849872,0.002191862789914012,0.003294652793556452,-0.0028820768587354195,0.011500300847551314,-0.0019364658450685079,0.1279732841640825,0.17142079788815784,0.0013008130081300813,0.0013008130081300813,0.9986991869918699,0.0191869918699187,-0.1303071618080139,-0.025040512904524803,0.13030692636966706,-0.12028045579791069,0.040080778300762177,0.12530409097671508,-0.005594669282436371,-0.000615025288425386,-0.0005848663102369755
dt_0.5_ms,2620,1.31,307461,0.0,False,0.0017079500248655677,0.002450918313115835,0.00254660751670599,0.0026286100503057244,0.002646112395450473,0.0032387180253863335,0.0017444715526843905,3.0431809981250884e-06,0.01,3075,0.002649667777984244,0.0026286174543201923,0.0032387180253863335,-0.00419263380450931,0.014237708242806962,-0.0021704843596032845,0.15942723687999644,0.20565134467019042,0.0013008130081300813,0.0013008130081300813,0.9986991869918699,0.0,-0.16044309735298157,-0.07011381536722183,0.15542705953121186,-0.1353495016694069,0.055106040090322495,0.14539140909910203,-0.005616188375279307,-0.0006355326622724533,-0.0005670253012795001
dt_0.5_ms,2640,1.32,307461,0.0,False,0.0016014818102121353,0.0021461492870002985,0.0022017918527126312,0.002274809731170536,0.0022923758951947097,0.0031981247011572123,0.0015928711603453605,2.5372385334599753e-06,0.01,3075,0.002295285823141656,0.002274832921102643,0.0031981247011572123,-8.028835785098192e-05,0.021415635012998813,-0.003269101095809866,0.2598748107058232,0.3061549229568651,0.040325203252032524,0.0013008130081300813,0.953170731707317,0.0,-0.22082546949386597,-0.11526330560445786,0.22082723975181578,-0.21577365398406984,0.13035759329795837,0.22081132233142853,-0.006067805364727973,-0.001022762036882341,-0.0006655008939560503
dt_0.5_ms,2660,1.33,307461,0.0,False,0.0009314525523222983,0.0012988352682441473,0.0013885401422157884,0.0015097254421561962,0.0015376452356576928,0.0031941095367074013,0.0009465481095766548,8.959533237431389e-07,0.01,3075,0.0015564872310080422,0.0015097381547093391,0.0031941095367074013,-0.0010767039511261917,0.005323806669169325,-0.003396236198056088,0.35300973992492857,0.4042636643241898,0.4640650406504065,0.007804878048780488,0.9921951219512195,0.0,-0.3001165956258774,-0.10522859543561935,0.2987359464168543,-0.2955057144165039,0.10525430738925934,0.2955301314592361,-0.006413054186850786,-0.001319746719673276,-0.0003903077333234251
dt_0.5_ms,2680,1.34,307461,0.0,False,0.00044313003309071064,0.0005925075383856893,0.000612268690019846,0.0006857298314571386,0.0007219473423901948,0.0032229539938271046,0.000446568731639884,1.9942363207845472e-07,0.01,3075,0.0008124166127385162,0.0006857456173747778,0.0032229539938271046,-0.004404506002127869,-0.003261958399131367,-0.0455918876958038,0.36832151666268215,0.41855004711518634,0.5502439024390244,0.39154471544715447,0.44357723577235775,0.0,-0.3022034585475922,-0.035024866461753845,0.30220329761505127,-0.30219426453113557,-0.025028930976986885,0.30219422876834867,-0.10119684636592866,-0.011500273831188679,-0.0008811203588265927
dt_0.5_ms,2700,1.35,307461,0.0,False,0.0010534984758123755,0.0014449330046772957,0.0014985670568421483,0.0015509838471189142,0.0015617308556102219,0.0034914568532258272,0.0010657395557333272,1.1358008006546698e-06,0.01,3075,0.0015688023937305783,0.0015509857330471277,0.0034914568532258272,-0.003227859668857683,0.034453350557544365,-0.0037952672596452985,0.16939194154962484,0.21275664640924183,0.007804878048780488,0.007804878048780488,0.8943089430894309,0.0,-0.15542590618133545,-0.06009405851364136,0.15541744083166123,-0.1504187285900116,0.09520754963159561,0.1554573729634285,-0.010558071266859769,-0.0006372502539306879,-0.0005388018500525505
dt_0.5_ms,2720,1.36,307461,0.0,False,0.0015489908400923014,0.0019462606869637966,0.0019909453112632036,0.0020482952706515787,0.0020632596220821146,0.0035463436506688595,0.001496869356786392,2.240617871286107e-06,0.01,3075,0.0020695090215895476,0.0020482956897467375,0.0035463436506688595,0.00036960058095978526,0.03351789100383355,-0.004658148689119797,0.214737862879813,0.2519103515400506,0.003902439024390244,0.003902439024390244,0.7947967479674797,0.0,-0.185617071390152,0.0951942577958107,0.18561422377824782,-0.17557104378938676,0.12029578536748886,0.18560984432697297,-0.01071542790159583,-0.0008986213942989707,-0.0006170828186441214
dt_0.5_ms,2740,1.37,307461,0.0,False,0.0014726431109011173,0.0018195501761510968,0.0018777549266815186,0.0019591970369219787,0.0019852589583024384,0.0035860466305166483,0.0014169808548145427,2.007834742910952e-06,0.01,3075,0.00199229307328843,0.0019592177122831345,0.0035860466305166483,0.0025647593222982517,0.011870435980277334,-0.00944064646701866,0.36173417898816096,0.39391211079379373,0.010081300813008131,0.003902439024390244,0.5434146341463415,0.0,-0.28078247904777526,0.20081283152103424,0.2807849824428558,-0.2807621419429779,0.21084551513195038,0.28079060912132264,-0.02162437792867422,-0.00654548080638051,-0.0013021606951951984
dt_0.5_ms,2760,1.3800000000000001,307461,0.0,False,0.0008116121171042323,0.0012252617161720991,0.001354244421236217,0.001568096387200058,0.0016131333308294423,0.003625798737630248,0.0008827996187777583,7.793351669141553e-07,0.01,3075,0.0016241717156461946,0.0015681111253798008,0.003625798737630248,0.0016465145737175049,0.00808070315093529,-0.026735341944921064,0.3956852094282593,0.42213944676856013,0.49853658536585366,0.024715447154471545,0.1824390243902439,0.0,-0.30046927332878115,0.2409452199935913,0.3004694730043411,-0.3004672020673752,0.2509062886238098,0.3004699021577835,-0.08273572698235512,-0.0216134712100029,-0.0015531935845501724
dt_0.5_ms,2780,1.3900000000000001,307461,0.0,False,0.00028943127836100757,0.0005351753789000213,0.0006238672649487853,0.000877625378780068,0.0009677343536168375,0.004917841870337725,0.00036634851767117715,1.342112363998688e-07,0.01,3075,0.0010299856535999513,0.0008776534232310951,0.004917841870337725,0.0017517938147914292,0.004462807170505887,-0.0706140621892381,0.3972066631299032,0.4225171707077741,0.905040650406504,0.3121951219512195,0.0035772357723577236,0.0,-0.30223326086997987,0.02502237819135189,0.30223309993743896,-0.30222406685352327,0.06004203110933304,0.30222403109073637,-0.10118081644177437,-0.07729698717594147,-0.026468465104699135
dt_0.5_ms,2800,1.4000000000000001,307461,0.0,False,0.0007684266311116517,0.0013793230755254626,0.0014715653378516436,0.0015583584550768138,0.0015753821819089354,0.00485562440007925,0.0008861036295118124,7.851796422340073e-07,0.01,3075,0.0015876817140289075,0.001558360061608255,0.00485562440007925,-0.0012154266123122317,0.008188182269605798,-0.0029579059431533807,0.1396441211935621,0.17776064938177133,0.009105691056910569,0.009105691056910569,0.9905691056910569,0.0,-0.1403452217578888,-0.03005281277000904,0.1353349879384041,-0.12530837804079056,0.035076044499874115,0.13032898008823396,-0.005588881950825453,-0.0006077899015508592,-0.0005688280973117799
dt_0.5_ms,2820,1.41,307461,0.0,False,0.0012725911801680923,0.0018991584656760097,0.0019841939210891724,0.0020623859483748677,0.0020790264476090673,0.004791188053786755,0.0013260384579942396,1.7583779920797407e-06,0.01,3075,0.0020879504982594067,0.002062390558421612,0.004791188053786755,-0.002843485897391792,0.011188841230380981,-0.002463087231768825,0.15867541377308045,0.20250237953068698,0.003902439024390244,0.003902439024390244,0.9960975609756098,0.0,-0.15693586468696585,-0.06510841846466064,0.15542993247509002,-0.13534455001354218,0.04509718343615532,0.1453867882490158,-0.005607736902311445,-0.0006214324967004359,-0.0005538797471672296
dt_0.5_ms,2840,1.42,307461,0.0,False,0.001323200180195272,0.0018042944138869643,0.0018567678052932024,0.0019226814387366177,0.0019377549877390265,0.004746213089674711,0.00132668510405632,1.7600933653249285e-06,0.01,3075,0.00194562425829349,0.0019226819276809692,0.004746213089674711,-0.0036007318361018733,0.01311465078979973,-0.003177845182949753,0.23476553373931988,0.280589321886272,0.003902439024390244,0.003902439024390244,0.9902439024390244,0.0,-0.2057845801115036,-0.13030783832073212,0.20576890110969542,-0.1957121193408966,0.10524243116378784,0.20073952227830888,-0.005875223316252232,-0.0009032647940330207,-0.0006153326423373074
dt_0.5_ms,2860,1.43,307461,0.0,False,0.0008941310807131231,0.0012308376608416438,0.0013019153848290443,0.001401150110177696,0.0014227875159122051,0.004737513605505228,0.0009028198582922946,8.150836965269188e-07,0.01,3075,0.001446335646286001,0.0014011593302711844,0.004737513605505228,-0.001973137533277031,0.00899121389707958,-0.0034933432096111916,0.340725357328365,0.4041433720843631,0.4835772357723577,0.01040650406504065,0.9895934959349594,0.0,-0.3001197189092636,-0.10021843761205673,0.30011979341506956,-0.2954929620027542,0.07015742361545563,0.29557084441184994,-0.00631357803940773,-0.0012175081064924598,-0.0003176714759320029
dt_0.5_ms,2880,1.44,307461,0.0,False,0.00034407878411002457,0.0005293423309922218,0.0005950005725026131,0.0007064210483804359,0.0007480455737095328,0.004764989949762821,0.00037529296858829475,1.408448122718148e-07,0.01,3075,0.0008326592474108244,0.0007064567762427032,0.004764989949762821,-0.0010039621700652778,0.000647829344734511,-0.029753471562739203,0.37443157620951345,0.41976909360128295,0.5892682926829268,0.24195121951219511,0.6715447154471544,0.0,-0.3021179258823395,-0.01501673273742199,0.3021180123090744,-0.3021773487329483,0.005006507970392704,0.3021771848201752,-0.10119873136281968,-0.006216811016201973,-0.0006927616777829827
dt_0.5_ms,2900,1.45,307461,0.0,False,0.000700267672073096,0.0009516875725239515,0.0009903048630803823,0.0010313318343833089,0.0010404119966551661,0.0051000467501580715,0.0007066519790989,4.993570195643922e-07,0.01,3075,0.0010834022925606346,0.0010313335806131363,0.0051000467501580715,-0.0033655842723669133,0.03406840110367793,-0.024883737778007165,0.21539018348137384,0.41679916555045676,0.2302439024390244,0.19902439024390245,0.6891056910569106,0.0,-0.2982338905334473,-0.06511024385690689,0.29823368787765503,-0.2983793944120407,0.09521456062793732,0.2983759671449661,-0.10118515118956566,-0.005514911375939846,-0.000531919114291668
dt_0.5_ms,2920,1.46,307461,0.0,False,0.0011530505726113915,0.0014518235111609101,0.0014916533837094903,0.0015427169855684042,0.0015551897697150708,0.005156561732292175,0.001117766469098215,1.2494018794402907e-06,0.01,3075,0.0015728441780296768,0.0015427176840603352,0.005156561732292175,-0.00207203289115332,0.029848950849315985,-0.00689563276221582,0.2179642024271934,0.25389372921590564,0.02991869918699187,0.01951219512195122,0.7785365853658537,0.0,-0.18563166856765748,-0.1052294597029686,0.1856307178735733,-0.18058810532093048,0.1102704405784607,0.18061373829841615,-0.010745342634618283,-0.0055567058734595776,-0.0005993381433654578
dt_0.5_ms,2940,1.47,307461,0.0,False,0.0011999859707430005,0.0014791779685765505,0.001526026288047433,0.0015831166645511987,0.0016018680995330216,0.005198952741920948,0.0011539618722795858,1.3316280026750071e-06,0.01,3075,0.0016203265518283214,0.0015831232303753495,0.005198952741920948,0.0014878830337912087,0.021436457134843843,-0.0125765900972216,0.3613362757295555,0.40089228955779527,0.042926829268292686,0.023414634146341463,0.526829268292683,0.0,-0.2808277398347855,0.20582588016986847,0.28083004951477053,-0.28080621659755706,0.2158997505903244,0.28084159791469576,-0.026686922274529935,-0.006581712514162064,-0.0012951780227012932
dt_0.5_ms,2960,1.48,307461,0.0,False,0.0007581519894301891,0.0011130028869956732,0.0012199078919366002,0.001398058678023517,0.0014333707164041701,0.005226712673902512,0.0008092075023572398,6.548167818712424e-07,0.01,3075,0.0014582047999526064,0.001398060005158186,0.005226712673902512,0.0013575159146533749,0.010240074735346848,-0.03094246457459602,0.3960416131711694,0.4224916143967385,0.4897560975609756,0.042926829268292686,0.17203252032520325,0.0,-0.3005721509456635,0.24095085263252258,0.300573456287384,-0.30053727328777313,0.2509349584579468,0.30057270228862765,-0.08825021088123322,-0.02652488462626934,-0.001565155014395714
dt_0.5_ms,2980,1.49,307461,0.0,False,0.00022488078684546053,0.0005304227815940976,0.0006802471471019089,0.0009112417697906524,0.0009855533950030824,0.005208213347941637,0.00033408157427028184,1.1161049826690985e-07,0.01,3075,0.0010496886839287552,0.000911317765712738,0.005208213347941637,0.0008400007901952876,0.0029735252008035195,-0.06382878949085811,0.3980009519864891,0.42255086940332987,0.847479674796748,0.25821138211382116,0.015609756097560976,0.0,-0.302027752995491,0.010010415688157082,0.30202792286872865,-0.3020204991102219,0.040027085691690445,0.3020204186439514,-0.10120970010757446,-0.06712370365858078,-0.01666695363819599
dt_0.5_ms,3000,1.5,307461,0.0,False,0.0004844296199735254,0.0009545143693685532,0.0010276406537741423,0.0010981075232848526,0.001114051404874772,0.005165182054042816,0.000594406319359688,3.533188724947314e-07,0.01,3075,0.0011443820387518745,0.0010981097584590316,0.005165182054042816,-0.002137581368045109,0.009125228414569444,-0.010798293336245376,0.160485746392555,0.4101187576056432,0.0897560975609756,0.07804878048780488,0.9021138211382114,0.0,-0.1468899354338645,-0.03506120294332504,0.1453833758831024,-0.1403719812631607,0.05010295286774635,0.1453949972987175,-0.10119851529598237,-0.0005938797257840633,-0.000549318635603413
dt_0.5_ms,3020,1.51,307461,0.0,False,0.0009328413871116936,0.0014502429403364658,0.0015242899535223842,0.0015930275432765486,0.0016074792947620156,0.0051154145039618015,0.0009927574372074247,9.855673291306539e-07,0.01,3075,0.0016229949303622532,0.0015930332010611892,0.0051154145039618015,-0.0029744917929657106,0.010747762113635474,-0.0029618491121090767,0.15782568247978432,0.1996819142932432,0.009105691056910569,0.009105691056910569,0.9895934959349594,0.0,-0.1554361179471016,-0.06510307639837265,0.1554356649518013,-0.13534970581531525,0.045097775757312775,0.1403944730758667,-0.005590542918071151,-0.0006025464390404522,-0.0005379058013204486
dt_0.5_ms,3040,1.52,307461,0.0,False,0.001057888031937182,0.001479624886997044,0.0015281441155821085,0.0015857163583859804,0.0015965258120559157,0.005077354609966278,0.0010729813554539328,1.151288989151759e-06,0.01,3075,0.001610431567523477,0.001585722784511745,0.005077354609966278,-0.00624933228017838,0.00949957718088375,-0.003416155524593513,0.21617136365243372,0.26020741738127856,0.009105691056910569,0.009105691056910569,0.9908943089430894,0.0,-0.20072669684886932,-0.12027359008789062,0.19571666717529296,-0.17561011463403703,0.08017668128013611,0.18563020080327988,-0.005763089284300804,-0.0007847556844353676,-0.0005707626696676016
dt_0.5_ms,3060,1.53,307461,0.0,False,0.0007964969263412058,0.0010956110199913383,0.0011507439194247127,0.0012259624898433687,0.0012443759245797993,0.005061462987214327,0.0008047161265063913,6.475680442594504e-07,0.01,3075,0.0012776043532582802,0.0012259648647159338,0.005061462987214327,-0.008340836144317456,0.01120141830194289,-0.004749298578663445,0.33098056510290497,0.4043607165335476,0.5365853658536586,0.024715447154471545,0.9752845528455285,0.0,-0.3001252800226212,-0.11528323590755463,0.30012446343898774,-0.3001063048839569,0.06514210253953934,0.3001072883605957,-0.0061945507768541574,-0.0011263578198850155,-0.00027919908461626684
dt_0.5_ms,3080,1.54,307461,0.0,False,0.00031464171479456127,0.00052518246229738,0.0005953071522526443,0.0007038903771899648,0.0007485679059755059,0.0050725312903523445,0.00036258540412171516,1.314681752821075e-07,0.01,3075,0.0008370404252668888,0.0007039102492853999,0.0050725312903523445,-0.0032950620941337816,0.0009356959701771523,-0.027979036030320287,0.3715734300202413,0.4200917348924588,0.6884552845528455,0.23219512195121952,0.727479674796748,0.0,-0.30208746790885926,-0.04503072425723076,0.30208745002746584,-0.3019815593957901,0.005006392952054739,0.3019817650318145,-0.10122793465852738,-0.005829966627061367,-0.0004258664645021783
dt_0.5_ms,3100,1.55,307461,0.0,False,0.000465384655399248,0.0006063980981707573,0.0006302878609858453,0.0006590056931599975,0.0006913957535289234,0.0051050940528512,0.00046180623751309783,2.1326500100600372e-07,0.01,3075,0.0008095575132354246,0.0006590067059732974,0.0051050940528512,0.0035891686413883762,0.04565132467970674,-0.053590641747384024,0.28135080119184663,0.4194704452629767,0.5398373983739837,0.42276422764227645,0.3713821138211382,0.0,-0.3023286283016205,0.05504891276359558,0.3023284673690796,-0.3023194342851639,0.12531375885009766,0.302319398522377,-0.10127340033650398,-0.08257733285427094,-0.0005306271952576936
dt_0.5_ms,3120,1.56,307461,0.0,False,0.0008430855814367533,0.0010603783885017037,0.001092286198399961,0.0011306454660370948,0.0011405639117583633,0.005147451069205999,0.0008207336209283074,6.736036765220906e-07,0.01,3075,0.0011764691879866812,0.0011306478409096599,0.005147451069205999,-0.003724502921104431,0.0428886890411377,-0.01422308312562423,0.23215578238303747,0.41678937216999196,0.11642276422764228,0.08065040650406505,0.7495934959349594,0.0,-0.2722303450107574,-0.10522499680519104,0.27741449177265026,-0.2707096189260483,0.11529454588890076,0.27070900797843933,-0.09786638021469116,-0.0008258548914454877,-0.000577623990830034
dt_0.5_ms,3140,1.57,307461,0.0,False,0.0009565578075125813,0.0011715803993865848,0.0012077323626726866,0.0012496721697971226,0.0012637767475098373,0.0051836855709552765,0.0009180918997844342,8.428927364497916e-07,0.01,3075,0.0012952299300217774,0.0012496741255745292,0.0051836855709552765,0.0027208998823553565,0.030192507844630297,-0.02043867842680434,0.36788364386044653,0.41922449197880735,0.14796747967479676,0.0559349593495935,0.43414634146341463,0.0,-0.29186236560344697,0.2158946543931961,0.29231507480144503,-0.2912100046873093,0.22594612836837769,0.29217164516448973,-0.09323054030537606,-0.011463827453553677,-0.001343976554926485
dt_0.5_ms,3160,1.58,307461,0.0,False,0.0006723370752297342,0.0009622237412258983,0.00104988063685596,0.001195119367912413,0.0012268921011127532,0.005199923180043697,0.0007073734124108765,5.003771445858079e-07,0.01,3075,0.0012618883480355748,0.0011951485648751259,0.005199923180043697,0.004662763476371765,0.015473281338932068,-0.037281915218516336,0.3974090557549449,0.42247233997788153,0.5287804878048781,0.07186991869918699,0.1456910569105691,0.0,-0.3007293403148651,0.24598221480846405,0.30072892308235166,-0.30073035359382627,0.2509920597076416,0.3007316619157791,-0.09750171899795532,-0.03161138668656349,-0.001591469196137041
dt_0.5_ms,3180,1.59,307461,0.0,False,0.0001819160970626399,0.0005462849512696266,0.0006742975674569607,0.0008764189202338462,0.000946461176499725,0.005190044175833464,0.0003320808104535241,1.1027766467146942e-07,0.01,3075,0.0010165704544482191,0.0008764306548982859,0.005190044175833464,0.0015677072879996805,0.006057699369611949,-0.06404103068892307,0.3977131197026372,0.4224916143967385,0.8315447154471545,0.25886178861788617,0.014959349593495935,0.0,-0.30209638774394987,0.020017340779304504,0.3020965188741684,-0.3020801037549973,0.08504593372344971,0.3020800232887268,-0.10123697444796562,-0.06717496365308762,-0.016689293459057807
dt_0.5_ms,3200,1.6,307461,0.0,False,0.00030832880293019116,0.0006556970183737576,0.0007138258079066873,0.0007754406775347889,0.0007931226049549881,0.005158602260053158,0.0004022179350813532,1.6177926730110764e-07,0.01,3075,0.0008877282347000106,0.0007754412363283336,0.005158602260053158,-0.003135764663623934,0.006520368309545156,-0.03204076951284461,0.21132794273681302,0.418806320383315,0.3183739837398374,0.24878048780487805,0.6790243902439025,0.0003252032520325203,-0.3021232306957245,-0.04006737098097801,0.3021232128143311,-0.3021210193634033,0.05010511726140976,0.30212104320526123,-0.10124871507287025,-0.0005910947220399976,-0.0005293024994898588
dt_0.5_ms,3220,1.61,307461,0.0,False,0.0006693286704830825,0.0011004151310771704,0.001165663474239409,0.0012290716869756582,0.001241039123851806,0.005117828492075205,0.0007364942634841325,5.424238001450348e-07,0.01,3075,0.0012619132121903746,0.0012290773447602987,0.005117828492075205,-0.008136581826985368,0.002182113340001292,-0.005244568816378591,0.14841526478051806,0.19141399880817653,0.033821138211382114,0.033821138211382114,0.9661788617886179,0.01040650406504065,-0.15040622651576996,-0.0600992888212204,0.145384581387043,-0.130341100692749,1.6262414419543347e-06,0.13536137640476226,-0.00555849839001894,-0.0005630903760902584,-0.0005168109899386763
dt_0.5_ms,3240,1.62,307461,0.0,False,0.000832445512060076,0.0011966879246756434,0.0012434156378731132,0.0012932088924571873,0.0013029935769736766,0.005083529744297266,0.000854046038284022,7.293946355086332e-07,0.01,3075,0.0013209210858279006,0.0012932118261232972,0.005083529744297266,-0.014473823919528868,0.002572396839779567,-0.004169865706367645,0.18707441269519348,0.2341812299956631,0.01951219512195122,0.01951219512195122,0.9736585365853658,0.0,-0.18564073443412782,-0.10521996021270752,0.18061032593250276,-0.15043765604496,-0.030056770890951157,0.15549152493476867,-0.0056562985759228464,-0.0006528793601319194,-0.0005178121733479202
dt_0.5_ms,3260,1.6300000000000001,307461,0.0,False,0.0006835993262939155,0.000951769296079874,0.0009898331481963396,0.0010448381304740907,0.0010602374793961644,0.005064059514552355,0.0006948857016017965,4.82866138290621e-07,0.01,3075,0.0010989225812150331,0.0010448439279571176,0.005064059514552355,-0.0067069943833912874,0.005466550902930396,-0.009339111738595014,0.32129211045221395,0.40700057587039057,0.5616260162601626,0.07252032520325204,0.927479674796748,0.0,-0.3002061486244202,-0.08017094433307648,0.3002063721418381,-0.3001121997833252,0.010017834603786469,0.3001191020011902,-0.10123088359832763,-0.001047238940373063,-0.00024358634691452633
dt_0.5_ms,3280,1.6400000000000001,307461,0.0,False,0.00031750526977702975,0.0005104282754473388,0.0005683620111085474,0.0006627505179494628,0.0007144258066546204,0.005064273718744516,0.00035693602016133546,1.2740332248861328e-07,0.01,3075,0.0008043550578801613,0.0006627719267271459,0.005064273718744516,-0.002080509463592583,0.00043213728874703044,-0.029691859776252594,0.3663800553864254,0.4201334118697297,0.8221138211382114,0.2497560975609756,0.7063414634146341,0.0,-0.30223713517189027,-0.030026204884052277,0.3021795928478241,-0.3022965580224991,-0.005000251345336437,0.302296394109726,-0.10126474648714065,-0.0015896470285952091,-0.0002846634859452029
dt_0.5_ms,3300,1.6500000000000001,307461,0.0,False,0.0003062142350245267,0.00037814362440258265,0.0003928911464754492,0.0005315697402693332,0.0006325836991891275,0.005082524381577969,0.0003051551402444576,9.311965961761459e-08,0.01,3075,0.0007379375983453621,0.0005315728485584259,0.005082524381577969,-0.0017160594490951784,0.003105562977560688,-0.093685175291025,0.36263579208340696,0.42040529199405413,0.9778861788617886,0.8022764227642276,0.0013008130081300813,0.0,-0.3023882329463959,-0.0050075463950634,0.302388072013855,-0.3023790389299393,0.0050093550235033035,0.3023790031671524,-0.10141069442033768,-0.09670872241258621,-0.07751421630382538
dt_0.5_ms,3320,1.6600000000000001,307461,0.0,False,0.000614951248280704,0.0007599370437674224,0.0007834916468709707,0.0008072090568020941,0.0008190082910005004,0.0051960754208266735,0.0005963376560726027,3.556186000501657e-07,0.01,3075,0.0009249349514484344,0.0008072128985077143,0.0051960754208266735,-0.006216885369460521,0.03326606091802354,-0.039298594643539804,0.2813299131996062,0.42059921967285196,0.41333333333333333,0.2497560975609756,0.5460162601626016,0.0,-0.30213811099529264,-0.09018786996603012,0.30213824212551116,-0.30212182700634005,0.1052626296877861,0.30213463306427,-0.10125918388366699,-0.005629261024296284,-0.0005611950240563602
dt_0.5_ms,3340,1.67,307461,0.0,False,0.0007547721033915877,0.0009101133910007775,0.0009311105823144317,0.0009769620606675743,0.000995634845457971,0.0052219294011592865,0.0007205825202315471,5.19239168463248e-07,0.01,3075,0.0010676454622449913,0.0009769622702151537,0.0052219294011592865,0.0009908845299314848,0.033918556095238965,-0.04979485570453107,0.38562363304224706,0.42235557382653643,0.5586991869918699,0.2159349593495935,0.16260162601626016,0.0,-0.3017382472753525,0.015017158351838589,0.3017359018325806,-0.3017356902360916,0.24102118611335754,0.30173590779304504,-0.10124702602624894,-0.04684025049209595,-0.0015505736344493925
dt_0.5_ms,3360,1.68,307461,0.0,False,0.0005818072240799665,0.0008048531017266214,0.0008723491337150335,0.001003993721678853,0.001040942163672299,0.005332445725798607,0.0006025966243605866,3.6312269169077396e-07,0.01,3075,0.0011005651920170682,0.0010039955377578735,0.005332445725798607,0.000812014320191288,0.01634260060637341,-0.05403380494591273,0.3936595493404681,0.4224308137831895,0.6816260162601626,0.21398373983739838,0.07089430894308943,0.0,-0.30174420773983,0.010010415688157082,0.3017418622970581,-0.3016905277967453,0.23027189075946808,0.30166536569595337,-0.10125000625848771,-0.046927254647016525,-0.006626897491514683
dt_0.5_ms,3380,1.69,307461,0.0,False,0.00020178421982564032,0.0005206915084272623,0.0006319931708276272,0.0008110657567158348,0.0008852147788275062,0.005327709950506687,0.000325328146034406,1.0583840260218378e-07,0.01,3075,0.0009729858549364759,0.0008110826602205634,0.005327709950506687,0.0011926777169968341,0.003875990961363746,-0.06737395830278292,0.39754477417830575,0.42247233997788153,0.8494308943089431,0.2809756097560976,0.006829268292682927,0.0,-0.3021785646677017,0.015017158351838589,0.30217860341072084,-0.3022107034921646,0.0550384521484375,0.3022106260061264,-0.10126993730664254,-0.07226525992155075,-0.02172769755125046
dt_0.5_ms,3400,1.7,307461,0.0,False,0.0002125544851878658,0.0004517942725215107,0.0004974898765794933,0.0005642475211061539,0.0006837019638624093,0.00530338054522872,0.00028476070957683523,8.10886617187027e-08,0.01,3075,0.0008028974958195738,0.0005642537726089358,0.00530338054522872,6.591617175128641e-05,0.00045693119723232834,-0.0877949441593837,0.38354339790778874,0.42232741420367037,0.9554471544715447,0.5808130081300813,0.0,0.0,-0.3024180352687836,-3.262284167249163e-07,0.3024178743362427,-0.302408841252327,0.005006392952054739,0.3024088054895401,-0.10142898112535477,-0.09239345043897629,-0.05708504244685173
dt_0.5_ms,3420,1.71,307461,0.0,False,0.0004811850667465478,0.0008334934245795012,0.000889893330167979,0.0009479451109655201,0.0009595681971404705,0.005268895532935858,0.0005465708966219516,2.987397450341241e-07,0.01,3075,0.001010583598087201,0.0009479461587034166,0.005268895532935858,-0.00542898770564833,-0.005466683105200517,-0.021803440684111924,0.1750318467953731,0.4138704238181039,0.20715447154471545,0.1938211382113821,0.7928455284552846,0.04682926829268293,-0.29774750769138336,-0.06008410453796387,0.297746941447258,-0.2977916389703751,-0.015028989873826504,0.29775509536266326,-0.10125894695520402,-0.0005433268379420042,-0.0005006624618545174
dt_0.5_ms,3440,1.72,307461,0.0,False,0.000640768266748637,0.0009662109659984708,0.0010115092154592276,0.0010605796705931427,0.0010703128180466592,0.005244291387498379,0.0006756845861436376,4.565496599520989e-07,0.01,3075,0.0011023238080182696,0.0010605849092826247,0.005244291387498379,-0.009160510912174132,-0.011810391987154787,-0.009447965356975611,0.1739296838926758,0.3938400070976006,0.0767479674796748,0.07154471544715447,0.9232520325203252,0.0,-0.1755816638469696,-0.08516262471675873,0.1755806416273117,-0.13539036214351655,-0.040081687271595,0.1353800043463707,-0.10125375464558602,-0.0005786970141343772,-0.000494856107980013
dt_0.5_ms,3460,1.73,307461,0.0,False,0.0005764638190157712,0.0008149802451953292,0.000845582049805671,0.0008839487796649337,0.0008974972646683456,0.005226304288953543,0.0005902627152924049,3.484100730643627e-07,0.01,3075,0.0009613714095515509,0.0008839491638354957,0.005226304288953543,-0.007856845244054333,-0.011044510145402885,-0.021755023094929795,0.28634772848889356,0.4169174628376513,0.5443902439024391,0.19252032520325205,0.7957723577235772,0.0,-0.3002205103635788,-0.060123443603515625,0.30022312104702,-0.3001718491315842,-0.07016584277153015,0.3001790791749954,-0.10126202180981636,-0.0007600676617585123,-0.00022210875176824655
dt_0.5_ms,3480,1.74,307461,0.0,False,0.0003194079617969692,0.0004811121616512537,0.0005228848312981427,0.0006049187271855782,0.0006695248652249579,0.0052186669781804085,0.0003438223971431462,1.1821384077725935e-07,0.01,3075,0.0007684835172977631,0.0006049459334462881,0.0052186669781804085,-0.0034932887308288243,0.004640699833977291,-0.04006544708055553,0.35629255509086605,0.41989312126299166,0.9899186991869918,0.34991869918699187,0.599349593495935,0.0,-0.30244187712669374,-0.015020575374364853,0.30244171619415283,-0.30243268311023713,0.010016628541052341,0.30243264734745023,-0.10132833644747734,-0.0056015485897660255,-0.00021402238344307996
dt_0.5_ms,3500,1.75,307461,0.0,False,0.00020005284750368446,0.0002628616930451244,0.0003162515058647841,0.0005032223416492346,0.0006112889153882879,0.005229606293141842,0.0002165747202194113,4.690460943811628e-08,0.01,3075,0.0007225709072904798,0.0005032310727983713,0.005229606293141842,-0.0030343963346640326,0.0020591766130937258,-0.09392103279800826,0.36218460952675585,0.42062224593598024,0.975609756097561,0.8061788617886179,0.005853658536585366,0.0,-0.3024478375911713,-0.0050099254585802555,0.30244767665863037,-0.30243864357471467,2.154085677830153e-06,0.3024386078119278,-0.1014382779598236,-0.09679962694644928,-0.07756535112857818
dt_0.5_ms,3520,1.76,307461,0.0,False,0.00044603837886825204,0.0005367459380067885,0.0005527653265744448,0.0006066906964406372,0.0006957342382520448,0.005244979169219732,0.0004307635775431124,1.85557259737741e-07,0.01,3075,0.0008157350650488786,0.0006066921632736921,0.005244979169219732,-0.0034391581669521334,0.004513960040528846,-0.08663597151879372,0.37870379706206836,0.4222989924481571,0.9603252032520325,0.5850406504065041,0.0,0.0,-0.3024537980556488,-0.015021732077002525,0.3024536371231079,-0.3024446040391922,0.015028035268187523,0.3024445682764053,-0.10136976614594459,-0.09211838990449905,-0.05203042104840279
dt_0.5_ms,3540,1.77,307461,0.0,False,0.0005891284090466797,0.0006986248190514743,0.0007116055930964649,0.0007682454539462927,0.0008298440545331705,0.0052619511261582375,0.000560663936550883,3.143440497487327e-07,0.01,3075,0.0009291345937124536,0.0007682536961510777,0.0052619511261582375,-0.003477952418648687,0.005900335977445398,-0.0672519291761687,0.3961489856790083,0.4224283966040564,0.7980487804878049,0.28552845528455284,0.005203252032520325,0.0,-0.3022743076086044,-0.050034042447805405,0.3022570788860321,-0.3023740440607071,0.08504593372344971,0.302373880147934,-0.10129633247852325,-0.07228914648294449,-0.02169267162680626
dt_0.5_ms,3560,1.78,307461,0.0,False,0.0004932113806717098,0.0006624959642067552,0.0007131494930945337,0.0008309068041853617,0.000889167265268044,0.005274902563542128,0.0005059129038415397,2.55947866273379e-07,0.01,3075,0.000977275131338435,0.0008309325785376132,0.005274902563542128,0.00044139583297387745,0.003887316732439889,-0.06341428667375046,0.39648187004436214,0.4224308137831895,0.7788617886178861,0.2526829268292683,0.015284552845528456,0.0,-0.30219656229019165,0.0050056190229952335,0.3021968245506287,-0.3021933525800705,0.0550384521484375,0.30219327211380004,-0.10128266215324402,-0.06224514916539192,-0.016702957078814508
dt_0.5_ms,3580,1.79,307461,0.0,False,0.00021398987155407667,0.000478120957268402,0.0005749309784732759,0.0007319242577068519,0.0008133563387673372,0.0052713314071297646,0.000310379932548406,9.633570252875305e-08,0.01,3075,0.0009122337114701911,0.0007319518481381238,0.0052713314071297646,0.001206216709702295,-0.00011350294262575605,-0.07252966144690062,0.39685602037103346,0.4224308137831895,0.8822764227642277,0.32715447154471544,0.000975609756097561,0.0,-0.30247167944908143,0.015017158351838589,0.3024715185165405,-0.30246248543262483,2.0554935531436058e-07,0.30246244966983793,-0.10131388902664185,-0.0775265097618103,-0.031676334887743
dt_0.5_ms,3600,1.8,307461,0.0,False,0.0001589199382578954,0.00032394734444096684,0.0003694642218761146,0.0005703599425032746,0.0006852166145108642,0.005253708455711603,0.00021998714010921255,4.839434181343031e-08,0.01,3075,0.0008014844919978905,0.0005703893839381635,0.005253708455711603,-0.00046129877582693906,-8.373450433482983e-05,-0.08666722672499293,0.38473533303492635,0.42235557382653643,0.9528455284552846,0.5577235772357724,0.0,0.0,-0.30247763991355897,-0.005004710517823696,0.30247747898101807,-0.30246844589710237,2.2720971060152806e-07,0.30246841013431547,-0.10145317912101745,-0.09236893057823181,-0.052049516513943676
dt_0.5_ms,3620,1.81,307461,0.0,False,0.00034384141326881945,0.0006270005251280963,0.000678722863085568,0.0007379547692835333,0.0007506043941248209,0.00522752245888114,0.000406524251406453,1.6526196698157703e-07,0.01,3075,0.0008510244247594439,0.0007379617891274393,0.00522752245888114,-0.004127076845991809,-0.007281970068434131,-0.028393007250497027,0.17825243946887495,0.41716455437087624,0.27902439024390246,0.2367479674796748,0.7196747967479675,0.1473170731707317,-0.30206762850284574,-0.025031771510839462,0.30206737518310545,-0.3020978569984436,-0.015019217506051064,0.30209781229496,-0.10130065381526947,-0.0005181743181310594,-0.0004845539195230231
dt_0.5_ms,3640,1.82,307461,0.0,False,0.0004899140330962837,0.0007798367878422141,0.0008240928291343153,0.0008719419129192833,0.0008806051046121868,0.005201274529099464,0.0005317601732280554,2.827688818315315e-07,0.01,3075,0.0009447922390825078,0.0008719516918063164,0.005201274529099464,-0.009892318285732485,-0.018393854239508827,-0.02240792067060853,0.18679855386203278,0.41551148305509,0.21333333333333335,0.19642276422764227,0.7866666666666666,0.02829268292682927,-0.2978130728006363,-0.07012492418289185,0.2978125065565109,-0.29794177412986755,-0.040083955973386765,0.29794042408466337,-0.1012857623398304,-0.0005496725207194686,-0.0004771525651449338
dt_0.5_ms,3660,1.83,307461,0.0,False,0.00047607661690562963,0.0006954162963666022,0.000723280303645879,0.000754982337821275,0.0007667798432521522,0.005181862972676754,0.0004961870055692775,2.462015444958062e-07,0.01,3075,0.0008570590981933462,0.0007549846777692437,0.005181862972676754,-0.011467799391007704,-0.01864594695404404,-0.02491534269135132,0.27348901597757364,0.4175789563611998,0.4894308943089431,0.21333333333333335,0.759349593495935,0.0,-0.3018274217844009,-0.09505590051412582,0.301834699511528,-0.3014411836862564,-0.07516740262508392,0.3014391452074051,-0.1012955941259861,-0.0007043963996693492,-0.00019941870705224578
dt_0.5_ms,3680,1.84,307461,0.0,False,0.00030387152219191194,0.00044654743396677077,0.00047851723502390087,0.0005549791269004349,0.0006113721290603295,0.005171629134565592,0.0003243733220003306,1.0521805202553017e-07,0.01,3075,0.0007331456319898428,0.0005549894995056093,0.005171629134565592,-0.0032347917337325286,0.0024504085986275853,-0.047880617680305444,0.3542040165245441,0.4203446059357215,0.9947967479674796,0.4143089430894309,0.5121951219512195,0.0,-0.3025014817714691,-0.01501673273742199,0.3025013208389282,-0.3024922877550125,1.4330181329569314e-05,0.3024922519922256,-0.10139272138476371,-0.005741003900766373,-0.0001921457063872368
dt_0.5_ms,3700,1.85,307461,0.0075,False,0.00013797888823319227,0.00023568482720293105,0.00029068588628433645,0.0004822520888410509,0.0005949904269073236,0.005178339313715696,0.00017702343085996514,3.1337295073432856e-08,0.01,3075,0.0007059525288887534,0.0004822526825591922,0.005178339313715696,-0.0013087829926698308,0.003279170251765932,-0.09378210011635844,0.3627017044394775,0.42076849346224154,0.9762601626016261,0.8052032520325203,0.008455284552845528,0.0,-0.30250744223594667,-0.0050050984136760235,0.30250728130340576,-0.30249824821949006,0.005012654233723879,0.30249821245670316,-0.1014627493917942,-0.09683355689048767,-0.07755896970629692
dt_0.5_ms,3720,1.86,307461,0.0,False,0.00031783184385858476,0.00036775891203433275,0.0003907428472302854,0.0005484406719915605,0.0006582155707292261,0.0051855528727173805,0.0003086236334452396,9.524854712094163e-08,0.01,3075,0.0007689063347936646,0.0005485337460413575,0.0051855528727173805,-0.0010491668450389703,0.0033052471002551187,-0.0896926427723431,0.37425611901364253,0.4221289811584532,0.9665040650406505,0.6666666666666666,0.0,0.0,-0.3025134027004242,-0.005008336156606674,0.3025132417678833,-0.3025042086839676,0.010022826492786407,0.3025041729211807,-0.10146561041474342,-0.09238096326589584,-0.06226740255951881
dt_0.5_ms,3740,1.87,307461,0.0,False,0.00045029952889308333,0.0005270691472105682,0.0005460214451886714,0.0006440366618335263,0.0007298037002328804,0.005195620935410261,0.00043008169024523214,1.8497026028419582e-07,0.01,3075,0.00084494859922859,0.0006440790602937341,0.005195620935410261,-0.0011706939050327584,0.00479946599549925,-0.08134752421359706,0.3881081296170062,0.4223677061187638,0.936260162601626,0.45951219512195124,0.0,0.0,-0.30251936316490174,-0.01000964269042015,0.30251920223236084,-0.30251016914844514,0.0350244976580143,0.30251013338565824,-0.10136521384119987,-0.08775485306978226,-0.041898108646273614
dt_0.5_ms,3760,1.8800000000000001,307461,0.0,False,0.00041019628406502306,0.0005367864505387843,0.0005856105708517134,0.0007032901747152213,0.0007842067396268261,0.005201373714953661,0.00041677011302159253,1.73697327108031e-07,0.01,3075,0.0008869780618810981,0.0007033016299828887,0.005201373714953661,-0.0020851227193834734,0.005019447729590869,-0.07386508647776474,0.395892380939968,0.4224283966040564,0.8796747967479674,0.34178861788617887,0.0,0.0,-0.3025253236293793,-0.030026204884052277,0.3025251626968384,-0.3025161296129227,0.07003918290138245,0.3025160938501358,-0.1013373576104641,-0.07772312313318253,-0.03180291242897511
dt_0.5_ms,3780,1.8900000000000001,307461,0.0,False,0.00020672065147664398,0.00042552175000309944,0.0005144987953826785,0.0006705584586597995,0.0007561150589026514,0.005198273342102766,0.0002868314202774261,8.227226365836546e-08,0.01,3075,0.0008629526677768587,0.0006705999840050936,0.005198273342102766,-0.0005974756805599598,0.0009536481961148633,-0.08051840374503678,0.3884918386993099,0.4224283966040564,0.9349593495934959,0.44715447154471544,0.0,0.0,-0.3025312840938568,-0.00500518549233675,0.3025311231613159,-0.3025220900774002,0.005011059809476137,0.3025220543146133,-0.10135609433054923,-0.08764182031154633,-0.04186778366565704
dt_0.5_ms,3800,1.9000000000000001,307461,0.0,False,0.0001313243410550058,0.0002613841788843274,0.0003674538165796548,0.0005654014530591675,0.0006724052189383675,0.0051855044439435005,0.00019198222363292787,3.685717419104353e-08,0.01,3075,0.000794689644968546,0.0005654224078170955,0.0051855044439435005,-0.0010311427129858946,-0.00045603679079592006,-0.08636663042190598,0.3851658822545915,0.42235557382653643,0.951869918699187,0.5489430894308943,0.0,0.0,-0.30253724455833436,-0.005008336156606674,0.30253708362579346,-0.30252805054187776,-0.005004684440791607,0.30252801477909086,-0.1014775313436985,-0.09239141643047333,-0.05208163596689701
dt_0.5_ms,3820,1.9100000000000001,307461,0.0,False,0.00025852362159639597,0.00047391632688231766,0.0005153171950951219,0.0005654330248944462,0.0006115028983913369,0.005165857262909412,0.00030941973046640813,9.574056960190466e-08,0.01,3075,0.0007470071672961661,0.0005654334090650082,0.005165857262909412,-0.0005201208472246575,-0.005688439693424881,-0.05816597229089376,0.2654972434856028,0.42040360918088837,0.6048780487804878,0.45398373983739837,0.38341463414634147,0.12585365853658537,-0.3025432050228119,-4.199391241854755e-06,0.302543044090271,-0.3025340110063553,-0.01502466294914484,0.3025339752435684,-0.10146349743008613,-0.08772800862789154,-0.00046953295823186635
dt_0.5_ms,3840,1.92,307461,0.0,False,0.00037388186319731176,0.0006266316049732268,0.0006735706119798124,0.0007243181113153698,0.0007372805324848742,0.005193191580474377,0.000420025347492227,1.7642129253596604e-07,0.01,3075,0.0008380506293302993,0.000724324956536293,0.005193191580474377,-0.0019940485199678244,-0.011793455286182567,-0.02731624928116609,0.17068861403330335,0.4172572541027172,0.2702439024390244,0.22861788617886178,0.7297560975609756,0.22178861788617887,-0.30213319361209867,-0.00500679574906826,0.3021329402923584,-0.3021435230970383,-0.020037105306982994,0.3021434783935547,-0.10132901445031166,-0.00048817371134646237,-0.00046267544385045765
dt_0.5_ms,3860,1.93,307461,0.0,False,0.00038514271727763116,0.0005950351478531957,0.0006261675735004246,0.0006573542254045608,0.0006665075605269522,0.005232962314039469,0.0004151284224048037,1.723316070883011e-07,0.01,3075,0.0007912675271613326,0.0006573580321855843,0.005232962314039469,-0.0056843970369952306,-0.020826843319798373,-0.02947719302332943,0.21472110070059724,0.4178491438393773,0.41235772357723577,0.2526829268292683,0.7017886178861789,0.21040650406504066,-0.30232161581516265,-0.015014728531241417,0.3023216545581818,-0.30235375463962555,-0.04508373886346817,0.30235367715358735,-0.10135225877165795,-0.00048072924255393445,-0.00026274934643879546
dt_0.5_ms,3880,1.94,307461,0.0,False,0.0002795023610815406,0.0004093752068001777,0.00043236304190941155,0.0005013503483496609,0.0005905115627683699,0.005220114253461361,0.0002996321717279332,8.977943833439764e-08,0.01,3075,0.0007142649474743057,0.0005013571935705841,0.005220114253461361,-0.0004599165146005288,-0.0014840940112014847,-0.05691502424432234,0.35786464803284895,0.42084435064582143,0.9892682926829268,0.4712195121951219,0.408130081300813,0.0,-0.3025610864162445,-2.2399512999982107e-06,0.3025609254837036,-0.3025518923997879,-0.0050093745812773705,0.302551856637001,-0.1014860637485981,-0.08797188103199005,-0.0001705147238681093
dt_0.5_ms,3900,1.95,307461,0.01,False,0.00012703455286100507,0.0002359206264372915,0.000288257171632722,0.0004730260523501787,0.0006001729227136839,0.005214223172515631,0.00017376351038903652,3.01937575427208e-08,0.01,3075,0.0007105284687264149,0.00047303427709266543,0.005214223172515631,-0.0026021268904906163,-0.0014512224093722462,-0.09317833984194974,0.3661777084194717,0.42114922661255483,0.9739837398373984,0.7710569105691056,0.007804878048780488,0.0,-0.30256704688072206,-0.010010098107159138,0.30256688594818115,-0.30255785286426545,-0.005004625301808119,0.30255781710147855,-0.10148755386471749,-0.09686542302370071,-0.07257687598466873
dt_0.5_ms,3920,1.96,307461,0.0,False,0.000219461289816536,0.0002729005936998874,0.000332084484398365,0.0005199470091611148,0.0006384233711287387,0.005214770790189505,0.000234887130976863,5.5171964298542e-08,0.01,3075,0.000755848210736564,0.000519950466696173,0.005214770790189505,-0.0002394394031726249,0.0010530831804867172,-0.09022747461146456,0.3750868483994841,0.42210704585572434,0.9648780487804878,0.6731707317073171,0.0,0.0,-0.3025730073451996,-0.00500518549233675,0.3025728464126587,-0.302563813328743,0.005010112188756466,0.3025637775659561,-0.10149039626121521,-0.09254509955644608,-0.06233546175062656
dt_0.5_ms,3940,1.97,307461,0.0,False,0.00034002563916146755,0.00039986963383853436,0.0004406578664202243,0.0005860913777723911,0.0006852869817521426,0.005218475591391325,0.0003336894122469504,1.1134862384571522e-07,0.01,3075,0.0008112325984984636,0.0005860989913344383,0.005218475591391325,-0.001857962011735377,0.002674760085692377,-0.08526746651384888,0.38410918188132076,0.42235557382653643,0.9495934959349593,0.5333333333333333,0.0,0.0,-0.30257896780967714,-0.015022185631096363,0.30257880687713623,-0.30256977379322053,0.010023750364780426,0.30256973803043363,-0.10148137882351875,-0.09229543805122375,-0.05207317918539047
dt_0.5_ms,3960,1.98,307461,0.0,False,0.0003264881088398397,0.00043400927097536623,0.0004928201669827104,0.00063262414187193,0.0007251416798681024,0.005220556631684303,0.00033984414750486694,1.1549404459330975e-07,0.01,3075,0.000845147748534545,0.0006326452712528408,0.005220556631684303,-0.00081926255361863,0.0026473519119848588,-0.08203493950570502,0.38801933297198626,0.4223677061187638,0.9391869918699187,0.463739837398374,0.0,0.0,-0.3025849282741547,-0.005007673054933548,0.30258476734161377,-0.30257573425769807,0.020017342641949654,0.30257569849491117,-0.1014152780175209,-0.08791571855545044,-0.04695102237164974
dt_0.5_ms,3980,1.99,307461,0.0,False,0.00017892451432999223,0.0003685642150230706,0.0004558579530566931,0.0006172196124680345,0.0007143753056880098,0.00521661713719368,0.00025529050659093845,6.517324275545798e-08,0.01,3075,0.0008355802756060309,0.0006172321154735982,0.00521661713719368,-0.0004406387972849133,0.002460824285631799,-0.08280347286322252,0.38767488489750673,0.4223677061187638,0.9424390243902439,0.4783739837398374,0.0,0.0,-0.3025908887386322,-0.005004710517823696,0.3025907278060913,-0.3025816947221756,0.015028047375380993,0.3025816589593887,-0.10141929090023041,-0.08825735747814178,-0.046979447826743126
dt_0.5_ms,4000,2.0,307461,0.0,False,0.00010853761341422796,0.0002567186311352998,0.0003581989440135658,0.0005560628953389825,0.0006658185215201232,0.0052710967138409615,0.00018022273254839882,3.248023332721169e-08,0.01,3075,0.0008028949241767206,0.0005560657591558993,0.0052710967138409615,-0.00044977220385281335,0.0013393674724076247,-0.0863363180497313,0.38562187470426285,0.4223542760935537,0.9466666666666667,0.5430894308943089,0.0,0.0,-0.30259684920310975,-0.005004710517823696,0.30259668827056885,-0.30258765518665315,0.010011890903115273,0.30258761942386625,-0.10150231719017029,-0.0924370139837265,-0.05212264992296696
dt_0.5_ms,4020,2.0100000000000002,307461,0.0025,False,0.0002062901039607823,0.00036779537913389504,0.0003986488445661962,0.0004906846559606499,0.0006146446452476084,0.005254460033029318,0.00024922957700948426,6.211538205632644e-08,0.01,3075,0.0007503674018227048,0.0004906992544420063,0.005254460033029318,-0.002113143806341047,-0.0015467614510875807,-0.09051840400792718,0.3794269099808261,0.4221958531601766,0.9564227642276423,0.6494308943089431,0.0,0.0,-0.3026028096675873,-0.010010355152189732,0.3026026487350464,-0.3025936156511307,-0.015015313401818275,0.3025935798883438,-0.10150731578469277,-0.09388710558414459,-0.062368453666567805
dt_0.5_ms,4040,2.02,307461,0.0,False,0.00029602544964291155,0.0005003237165510654,0.0005415745545178652,0.0005879566189832988,0.0006017245643306526,0.0052343979477882385,0.0003366934354614032,1.133624694828021e-07,0.01,3075,0.0007587648575701486,0.0005879619275219738,0.0052343979477882385,-0.005045905705469726,-0.01347106984883212,-0.051089331568398594,0.23943865570504907,0.4195830756262345,0.5219512195121951,0.42016260162601626,0.46764227642276424,0.18276422764227643,-0.30260877013206483,-0.020022841170430183,0.3026086091995239,-0.3025995761156082,-0.03004978783428669,0.30259954035282133,-0.10142719894647598,-0.08284356445074081,-0.0004490907565923408
dt_0.5_ms,4060,2.0300000000000002,307461,0.0,False,0.00030932194204069674,0.0004980695666745305,0.0005341414362192154,0.0005756779108196498,0.0005941321956925102,0.0052153137512505054,0.0003436819994846137,1.1811731676974203e-07,0.01,3075,0.0007475290382356663,0.0005756799364462495,0.0052153137512505054,-0.002662594511026139,-0.00576949535151234,-0.04883607505921254,0.23753339676768068,0.4194904988990875,0.5531707317073171,0.4159349593495935,0.49398373983739835,0.2305691056910569,-0.30261473059654237,-0.005008060019463301,0.30261456966400146,-0.30260553658008577,-0.015012869611382484,0.30260550081729887,-0.10143121182918549,-0.07787482440471649,-0.00026493789919186406
dt_0.5_ms,4080,2.04,307461,0.005,False,0.00024368840968236327,0.000366098276572302,0.0003815035743173212,0.0004720622207969443,0.0005886997503694149,0.005243413150310516,0.00026723851274257875,7.141642269286542e-08,0.01,3075,0.0007155860017992677,0.00047210371121764183,0.005243413150310516,-0.000281755149526001,-0.001141899627641643,-0.0774054353797964,0.3640801084096711,0.42111876502526896,0.9752845528455285,0.630569105691057,0.1840650406504065,0.0,-0.3026206910610199,-2.0831814708799357e-06,0.302620530128479,-0.3026114970445633,-0.0050047896802425385,0.3026114612817764,-0.10151141434907913,-0.09683628380298615,-0.00014873345353407798
dt_0.5_ms,4100,2.05,307461,0.015,False,0.00012584311480168253,0.00023209882783703506,0.00028441427275538445,0.0004718069685623058,0.0006043527391739193,0.005235417280346155,0.00017418731473375373,3.034122061415578e-08,0.01,3075,0.0007276505887095733,0.00047182835987769067,0.005235417280346155,0.0017680551060743064,0.00038812328445696654,-0.0925687303445153,0.3697154371497937,0.4212361546597424,0.9648780487804878,0.7372357723577235,0.007804878048780488,0.0,-0.30262665152549745,0.0050056190229952335,0.30262649059295654,-0.30261745750904084,3.1202064292301657e-06,0.30261742174625395,-0.10153616294264793,-0.09685508161783218,-0.07252792567014694
dt_0.5_ms,4120,2.06,307461,0.0,True,0.00015683931997045875,0.0002423162222839892,0.00030748435528948903,0.0005063654156401754,0.0006263732269871985,0.005233787000179291,0.0001963307982979982,3.8545782360329255e-08,0.01,3075,0.000761047914128266,0.0005063683493062854,0.005233787000179291,-0.0018259845211584002,0.0002835232544060172,-0.09018288000691228,0.3766522511694177,0.4221344208041029,0.95869918699187,0.6640650406504065,0.0,0.0,-0.302632611989975,-0.01000964269042015,0.3026324510574341,-0.3026234179735184,9.396127325089765e-07,0.3026233822107315,-0.10151604041457177,-0.09260324388742447,-0.062389017269015315
dt_0.5_ms,4140,2.07,307461,0.0,True,0.00024718279018998146,0.0003215009637642652,0.0003870175569318235,0.0005568329826928681,0.0006648413720540744,0.005244154017418623,0.0002666818274182734,7.111919707514976e-08,0.01,3075,0.0008085678263597675,0.0005568477208726108,0.005244154017418623,-0.0013346947631311845,0.0018665056779473975,-0.08659586469211229,0.38356792564472986,0.4223505507871881,0.9456910569105691,0.5573983739837398,0.0,0.0,-0.3026385724544525,-0.01000964269042015,0.3026384115219116,-0.3026293784379959,0.010012189857661724,0.302629342675209,-0.10151902064681054,-0.0924239456653595,-0.05216142050921917
dt_0.5_ms,4160,2.08,307461,0.0,True,0.0002459179377183318,0.00035714817931875587,0.0004328085924498737,0.0005942240590229642,0.0007055551453959205,0.0052435691468417645,0.0002783034518567051,7.745281131535736e-08,0.01,3075,0.0008381604949557563,0.0005942542338743806,0.0052435691468417645,-0.0008375224727381453,0.0007943450488078159,-0.08406972496974759,0.3873718373411128,0.42237742394725936,0.9388617886178862,0.49333333333333335,0.0,0.0,-0.30264453291893006,-0.005007673054933548,0.30264437198638916,-0.30263533890247346,0.0050112404860556126,0.30263530313968656,-0.10151416137814522,-0.08889985084533691,-0.047063544392585754
dt_0.5_ms,4180,2.09,307461,0.0,True,0.00014229521912056953,0.00032603536965325475,0.0004168761952314526,0.0005936964182183154,0.0007056969392579067,0.005253972485661507,0.00022615746059751374,5.1147196983915984e-08,0.01,3075,0.0008410502877086401,0.0005937170935794711,0.005253972485661507,-0.00044860087953257395,7.22905157927312e-05,-0.0840818085987878,0.3874287375307462,0.4223925101808116,0.9385365853658536,0.4923577235772358,0.0,0.0,-0.3026504933834076,-0.005004710517823696,0.3026503324508667,-0.302641299366951,2.0563099951687036e-06,0.3026412636041641,-0.10151813104748726,-0.08891107887029648,-0.04706934578716755
dt_0.5_ms,4200,2.1,307461,0.0,True,9.955394489225e-05,0.000251777411904186,0.0003517957229632884,0.0005505506764166092,0.0006649092247243973,0.0052440231665968895,0.00017681085047945632,3.126207684726866e-08,0.01,3075,0.0008111165792348121,0.0005506405723281205,0.0052440231665968895,-0.00041165013418283087,-0.00029439684745890794,-0.0861888593617009,0.3860488360365086,0.42239951113005697,0.9434146341463414,0.5352845528455284,0.0,0.0,-0.30265645384788514,-0.005004710517823696,0.30265629291534424,-0.30264725983142854,1.066362301571644e-06,0.30264722406864164,-0.10152796134352685,-0.09246531128883362,-0.05216538421809673
dt_0.5_ms,4220,2.11,307461,0.0015,True,0.0001753941032802686,0.0002988855412695557,0.00032448372803628445,0.0004931175499223188,0.0006202568998560311,0.005228963680565357,0.00021563608335170117,4.649892044326181e-08,0.01,3075,0.0007686599208291893,0.0004931573639623821,0.005228963680565357,-0.001031097840890249,-0.001690055741364705,-0.08926135656310291,0.38238689387670005,0.4223360671363262,0.9521951219512195,0.615609756097561,0.0,0.0,-0.3026624143123627,-0.005008336156606674,0.3026622533798218,-0.3026532202959061,-0.015017169527709484,0.3026531845331192,-0.10153328850865365,-0.09290464222431183,-0.06236178204417229
dt_0.5_ms,4240,2.12,307461,0.0115,True,0.00024045728787314147,0.0003993096179328859,0.000431140506407246,0.0004772137035615743,0.0005921401199884714,0.005211022216826677,0.0002755829169703889,7.594594412590828e-08,0.01,3075,0.0007356451318326702,0.0004772150132339448,0.005211022216826677,-0.0012637354208096178,-0.00187143976432157,-0.08111873237923455,0.33571806487675365,0.42116355992129645,0.8452032520325203,0.6136585365853658,0.12422764227642276,0.12292682926829268,-0.3026683747768402,-5.3848202696826775e-06,0.3026682138442993,-0.3026591807603836,6.313691756076878e-07,0.3026591449975967,-0.10153571739792824,-0.0938853994011879,-0.00043887310021091254
dt_0.5_ms,4260,2.13,307461,0.021500000000000002,True,0.0002530800411477685,0.0004043469962198287,0.00043612183071672916,0.00048286552773788596,0.0005858818010892723,0.005199066828936338,0.0002837041659841766,8.048805379677724e-08,0.01,3075,0.0007279155846037788,0.0004828717792406678,0.005199066828936338,-0.0008017435345267424,-0.0012776791255613552,-0.0682437226905792,0.3013856134083437,0.4210799691266084,0.7560975609756098,0.528130081300813,0.27447154471544716,0.21235772357723579,-0.30267433524131776,-6.091187515266938e-06,0.30267417430877686,-0.30266514122486116,-0.005001506302505732,0.30266510546207426,-0.1015364907681942,-0.09260615706443787,-0.00024221684434451167
dt_0.5_ms,4280,2.14,307461,0.0315,True,0.000205329226446338,0.00031323087750934064,0.00032813125289976597,0.00045399214723147453,0.000590042321709916,0.005186374764889479,0.00023266540786555487,5.4133192017244996e-08,0.01,3075,0.0007242361538971555,0.0004539929504971951,0.005186374764889479,-0.0003749609263369218,-0.001517671831762653,-0.09064967714773957,0.3700714102350373,0.4213120153793055,0.9658536585365853,0.7183739837398374,0.03121951219512195,0.0,-0.3026802957057953,-2.16399257624289e-06,0.3026801347732544,-0.3026711016893387,-0.005004684440791607,0.3026710659265518,-0.10156298503279686,-0.09688819944858551,-0.06753828525543212
dt_0.5_ms,4300,2.15,307461,0.0415,True,0.00012162250641267747,0.0002190221130149439,0.00027275114553049207,0.0004725062870420525,0.0006008846801705661,0.005184098146855831,0.00017040525244235022,2.9037950059941106e-08,0.01,3075,0.0007439050656114894,0.00047253031516447663,0.005184098146855831,-0.00022815573834099808,-0.0017351888193206462,-0.09232396672056353,0.3722034658977334,0.42210155326357357,0.9635772357723578,0.7151219512195122,0.003902439024390244,0.0,-0.30268625617027284,-7.975743869792495e-07,0.30268609523773193,-0.30267706215381623,-0.005007455125451088,0.30267702639102934,-0.10156596526503563,-0.09687285125255585,-0.06756633445620537
dt_0.5_ms,4320,2.16,307461,0.051500000000000004,True,0.00011824331159004942,0.00022560858633369207,0.0002946110034827143,0.000499549706000835,0.0006196618487592807,0.005387956742197275,0.00017573941412538243,3.088434167713267e-08,0.01,3075,0.0007721420154316214,0.0004995570052415133,0.005387956742197275,-0.0012720747593448045,-0.00028143637274511795,-0.08988563807635773,0.3783992997183711,0.42225935558101146,0.9544715447154472,0.6439024390243903,0.0,0.0,-0.3026922166347504,-0.005008336156606674,0.3026920557022095,-0.3026830226182938,1.6401958191636368e-06,0.3026829868555069,-0.10154839381575584,-0.09269167482852936,-0.06242508552968502
dt_0.5_ms,4340,2.17,307461,0.0,True,0.00017584198212716728,0.0002764381351880729,0.0003501760365907103,0.0005365061922930182,0.0006528271129354856,0.005386681295931339,0.00021977731397083514,4.8302067736235045e-08,0.01,3075,0.0008041458244518778,0.0005365083925426006,0.005386681295931339,-0.0018755695620033814,-0.00072452576023045,-0.0872380276000112,0.38379841546930754,0.42235557382653643,0.9453658536585365,0.5642276422764227,0.0,0.0,-0.3026981770992279,-0.010013480670750141,0.302698016166687,-0.3026889830827713,1.6727145748518524e-06,0.3026889473199844,-0.10155733451247215,-0.09250572323799133,-0.05727547295391559
dt_0.5_ms,4360,2.18,307461,0.0,True,0.00017754058353602886,0.0003037937276531011,0.0003859716234728694,0.0005657429108396192,0.00068369318614714,0.0053934091702103615,0.00023076057757140354,5.325044416108775e-08,0.01,3075,0.0008336163513793997,0.000565790687687695,0.0053934091702103615,-0.0008264478601885887,0.0003888795056228424,-0.0857455856092577,0.3865509378815859,0.4223933831919386,0.9424390243902439,0.5196747967479675,0.0,0.0,-0.30270413756370546,-0.005007673054933548,0.30270397663116455,-0.30269494354724885,0.0050096092745661736,0.30269490778446195,-0.10156625285744666,-0.09246499091386795,-0.052194584533572196
dt_0.5_ms,4380,2.19,307461,0.0,True,0.00011311975686112419,0.0002864968264475465,0.00037936418084427714,0.0005653553060255946,0.0006840003479737795,0.005389519035816193,0.00020064113744046642,4.025686603340413e-08,0.01,3075,0.000833235480595471,0.0005653583793900907,0.005389519035816193,-0.00024659263954642885,0.00022118043319377596,-0.08565236642472143,0.3866378626975368,0.4224039528994097,0.943089430894309,0.5183739837398375,0.0,0.0,-0.302710098028183,-3.3228784559469204e-06,0.3027099370956421,-0.3027009040117264,2.6333084406360285e-06,0.3027008682489395,-0.10157519355416297,-0.09246964007616043,-0.05219000913202763
dt_0.5_ms,4400,2.2,307461,0.0,True,9.689287981018424e-05,0.00024008112086448818,0.0003355572116561234,0.0005393044208176446,0.0006703944876790057,0.005386136472225189,0.00017412393206673972,3.031914371838259e-08,0.01,3075,0.0008214097044324669,0.0005393343162722886,0.005386136472225189,-0.0006253114259634163,3.487891721609534e-05,-0.08680236214181272,0.38577129991286,0.42235557382653643,0.9453658536585365,0.5427642276422764,0.0,0.0,-0.30271605849266053,-0.00500518549233675,0.30271589756011963,-0.30270686447620393,2.192657348132343e-06,0.30270682871341703,-0.10158086642622947,-0.09253809601068497,-0.05726049803197384
dt_0.5_ms,4420,2.21,307461,0.0005,True,0.00015497578715439886,0.0002474469947628677,0.00028923145146109164,0.0004984478000551464,0.000633743649814283,0.0053750379011034966,0.0001954875272010242,3.821537329117118e-08,0.01,3075,0.0007923022833864802,0.000498451991006732,0.0053750379011034966,8.645393275683978e-05,-0.0006645177894906959,-0.08847613528370857,0.38398229133326867,0.4223360671363262,0.9499186991869919,0.5863414634146341,0.0,0.0,-0.3027220189571381,-6.364510340972629e-07,0.30272185802459717,-0.30271282494068147,-0.0050047896802425385,0.30271278917789457,-0.10158384665846824,-0.09273003786802292,-0.057339384034276006
dt_0.5_ms,4440,2.22,307461,0.0105,True,0.00019810984667856246,0.00031571040744893253,0.0003394604427739978,0.0004757079354021698,0.0006026344955898846,0.005362472962588072,0.00023134894603924055,5.352233483346743e-08,0.01,3075,0.0007688243470885375,0.000475708075100556,0.005362472962588072,-0.001325960971523136,-0.000337763923357892,-0.09099732356537815,0.37800064548658313,0.42225935558101146,0.9583739837398374,0.6565853658536586,0.0013008130081300813,0.0,-0.3027279794216156,-0.0050050984136760235,0.3027278184890747,-0.302718785405159,1.6955323189904448e-06,0.3027187496423721,-0.10160198882222175,-0.09688817709684372,-0.06746711358428001
dt_0.5_ms,4460,2.23,307461,0.0205,True,0.00020141173445153981,0.00031834462424740195,0.0003407747717574239,0.000459829106694088,0.0005894771136809147,0.005350970663130283,0.00023374434592229597,5.463641925064196e-08,0.01,3075,0.0007579763219748601,0.00045984485768713057,0.005350970663130283,-0.0002673619849920344,-0.0004954456296025647,-0.09198678350846261,0.3751343511739265,0.4221289811584532,0.9622764227642276,0.6920325203252032,0.005203252032520325,0.0,-0.30273393988609315,-2.4501323423464783e-06,0.30273377895355225,-0.30272474586963655,9.646937542129308e-07,0.30272471010684965,-0.10160983800888061,-0.09689608961343765,-0.06760814636945725
dt_0.5_ms,4480,2.24,307461,0.0305,True,0.0001693904196145013,0.00025468849344179034,0.0002809576108120382,0.00046355170779861576,0.0005925370845943691,0.005342016462236643,0.00020246523523844437,4.099217148015862e-08,0.01,3075,0.0007656067023640574,0.00046356901293620467,0.005342016462236643,-1.5775973706122314e-05,0.0004221276591552976,-0.09198359271788602,0.37516104851073795,0.4221289811584532,0.9626016260162602,0.6904065040650407,0.005203252032520325,0.0,-0.3027399003505707,-6.550665148097323e-07,0.3027397394180298,-0.3027307063341141,2.715094751692959e-06,0.3027306705713272,-0.10161728858947754,-0.09689893573522568,-0.06761267930269241
dt_0.5_ms,4500,2.25,307461,0.0405,True,0.00011234378325752914,0.00020909248269163072,0.00027214031433686614,0.0004805840319022537,0.0006083417742047464,0.005335297901183367,0.0001677326201092809,2.8134231848724343e-08,0.01,3075,0.0007822755243102982,0.0004805871576536447,0.005335297901183367,-0.000761993443692429,0.00122191636964607,-0.09098408929335439,0.37822287709344243,0.42218487876825417,0.9583739837398374,0.6517073170731708,0.0013008130081300813,0.0,-0.30274586081504823,-2.1788282538182102e-06,0.3027456998825073,-0.3027366667985916,0.010015586391091347,0.3027366310358047,-0.1015970379114151,-0.09689535945653915,-0.06750383153557778
dt_0.5_ms,4520,2.2600000000000002,307461,0.0,True,9.768918971531093e-05,0.0002209525991929695,0.0002948354813270271,0.0005025096354074777,0.0006385030457749985,0.005331353284418583,0.0001698651181462815,2.8854158362850173e-08,0.01,3075,0.0008078780757240588,0.0005025107529945672,0.005331353284418583,-0.00039995665157627766,0.0009189304729260385,-0.08903909395380719,0.38256772661745936,0.4222937717406202,0.9505691056910569,0.59869918699187,0.0,0.0,-0.30275182127952577,-0.005004710517823696,0.30275166034698486,-0.30274262726306916,0.005014505703002214,0.30274259150028227,-0.10159874781966209,-0.0927019938826561,-0.06243547573685646
dt_0.5_ms,4540,2.27,307461,0.0,True,0.00012150383554399014,0.0002540135174058378,0.0003343922144267708,0.0005336495582014338,0.0006684195308480438,0.0053279828280210495,0.0001920217175074856,3.6872339994524604e-08,0.01,3075,0.0008335710960493339,0.0005336907343007624,0.0053279828280210495,-0.0006085622302699204,0.0009595080433292993,-0.08779147394304353,0.38495987984390606,0.42235557382653643,0.9453658536585365,0.5586991869918699,0.0,0.0,-0.3027577817440033,-0.00500518549233675,0.3027576208114624,-0.3027485877275467,0.005014598835259676,0.3027485519647598,-0.10160172805190086,-0.09261595457792282,-0.057352544367313386
dt_0.5_ms,4560,2.2800000000000002,307461,0.0,True,0.00011547232861630619,0.0002697138988878578,0.0003601094940677285,0.0005601001903414727,0.0006904483598191307,0.005324701312929392,0.00019753101352115975,3.90185013026966e-08,0.01,3075,0.0008539724104083711,0.0005601028096862137,0.005324701312929392,-0.0017659595429871957,0.0012852607994125543,-0.08723435553714512,0.3854063959306613,0.4223669816648941,0.9482926829268292,0.5466666666666666,0.0,0.0,-0.30276374220848085,-0.010014784522354603,0.30276358127593994,-0.30275454819202424,0.010016145184636116,0.30275451242923734,-0.10160608068108559,-0.09261061251163483,-0.05732821561396122
dt_0.5_ms,4580,2.29,307461,0.0,True,8.675382559886202e-05,0.00025915607693605125,0.0003553495625965297,0.0005609694635495563,0.0006914142693858607,0.005319245159626007,0.00018409644855562078,3.389150237079233e-08,0.01,3075,0.0008564367394599064,0.0005610185326077044,0.005319245159626007,-0.00100693060836042,0.0002595344712980795,-0.08731624443235436,0.3853190639546307,0.4223677061187638,0.9492682926829268,0.5489430894308943,0.0,0.0,-0.3027697026729584,-0.005008336156606674,0.3027695417404175,-0.3027605086565018,2.7686994599207537e-06,0.3027604728937149,-0.10161152109503746,-0.09261759370565414,-0.0573340967297554
dt_0.5_ms,4600,2.3000000000000003,307461,0.0,True,0.0001037135225487873,0.00023136462550610304,0.00032674401882104576,0.0005393123254179967,0.0006742889177985495,0.005311004351824522,0.00017627145523674243,3.1071625931278895e-08,0.01,3075,0.0008474021917587616,0.0005393449100665748,0.005311004351824522,-0.0003005727471833328,0.00023782111443727526,-0.08804615286307606,0.38465219314807586,0.4223677061187638,0.9505691056910569,0.5648780487804878,0.0,0.0,-0.3027756631374359,-3.313537717986037e-06,0.302775502204895,-0.3027664691209793,2.780228442134103e-06,0.3027664333581924,-0.10162046179175377,-0.09267651289701462,-0.05737081840634346
dt_0.5_ms,4620,2.31,307461,0.0,True,0.00014309585094451904,0.00022127843112684786,0.0002941876300610602,0.0005118926288560038,0.0006523320509586488,0.005300574004650116,0.000189360708623495,3.585747797039217e-08,0.01,3075,0.000836515703514915,0.0005119069828651845,0.005300574004650116,-0.0005060780806903454,-0.0007026572712026044,-0.08916025622467684,0.38326267641409917,0.4223360671363262,0.9541463414634146,0.593170731707317,0.0,0.0,-0.30278162360191346,-0.005004710517823696,0.30278146266937256,-0.30277242958545686,-0.0050047896802425385,0.30277239382266996,-0.10162940248847008,-0.09278621524572372,-0.062461993843317035
dt_0.5_ms,4640,2.32,307461,0.006500000000000001,True,0.00016650000179652125,0.000247174029937014,0.0002848196018021554,0.0004903187393210875,0.0006373112497385608,0.005288351327180862,0.00020404230161796157,4.16332608495552e-08,0.01,3075,0.0008293166084449769,0.0004904391244053841,0.005288351327180862,-0.0004719785494901723,-9.771279235352504e-05,-0.09018128677718039,0.3818078775063809,0.42229037364595634,0.9583739837398374,0.6208130081300813,0.0,0.0,-0.302787584066391,-0.005004710517823696,0.3027874231338501,-0.3027783900499344,2.032606516877422e-06,0.3027783542871475,-0.10163834318518639,-0.09293634444475174,-0.06253372058272362
dt_0.5_ms,4660,2.33,307461,0.0165,True,0.0001634529762668535,0.00024144221970345825,0.00028036488220095634,0.00048217884032055917,0.0006303786183707428,0.005276585929095745,0.00020171423286730918,4.068863174124703e-08,0.01,3075,0.0008321564354388634,0.00048222497571259737,0.005276585929095745,-0.0005080478308837324,0.0004229538642400398,-0.09090434833549009,0.3803410692765441,0.4221289811584532,0.9596747967479675,0.6426016260162601,0.0013008130081300813,0.0,-0.30279354453086854,-0.005004710517823696,0.30279338359832764,-0.30278435051441194,0.005011006258428097,0.30278431475162504,-0.10164644941687584,-0.09315065294504166,-0.06762112900614739
dt_0.5_ms,4680,2.34,307461,0.0265,True,0.00013763333845417947,0.00021413268405012786,0.0002762415097095072,0.0004897861042991287,0.00063356786267832,0.005267501808702946,0.00018505983459207148,3.424714237924486e-08,0.01,3075,0.0008424938426966347,0.0004898017505183816,0.005267501808702946,-0.0006523911167388119,0.00042341269423574215,-0.09110670650344743,0.3797623611939324,0.42206721246905143,0.9596747967479675,0.6484552845528455,0.0013008130081300813,0.0,-0.3027995049953461,-0.00500518549233675,0.3027993440628052,-0.3027903109788895,0.005011099390685558,0.3027902752161026,-0.10164990648627281,-0.0931687131524086,-0.06766261756420136
dt_0.5_ms,4700,2.35,307461,0.0,True,0.00010032812861027196,0.00021333796030376107,0.0002836516941897571,0.0005139958113431946,0.0006471139728091667,0.0052612097933888435,0.0001734491118178839,3.008459439041279e-08,0.01,3075,0.0008678307938692349,0.0005140346474945545,0.0052612097933888435,-0.00043465702882274196,0.0009526524293172903,-0.09121098731349155,0.37918259698202655,0.4216831103329639,0.9639024390243902,0.6520325203252032,0.0,0.0,-0.3028054654598236,-0.005004710517823696,0.3028053045272827,-0.302796271443367,0.005015343893319368,0.3027962356805801,-0.10165288671851158,-0.09339989721775055,-0.06766560822725295
dt_0.5_ms,4720,2.36,307461,0.0,True,9.158879402093589e-05,0.00023231090744957328,0.0003123393398709595,0.0005667326971888544,0.0006746130587998786,0.005255607422441244,0.00018508560048100802,3.4256679505415316e-08,0.01,3075,0.0009505984092858143,0.0005667380755767226,0.005255607422441244,-0.0039092526125547675,-0.0005063231885170109,-0.09229112874928529,0.37259498403961566,0.4214974526992596,0.9785365853658536,0.7151219512195122,0.0,0.0,-0.30281142592430116,-0.025029320269823074,0.30281126499176025,-0.30280223190784455,-0.005006308667361736,0.30280219614505766,-0.10163407698273659,-0.09692875295877457,-0.0677102379500866
dt_0.5_ms,4740,2.37,307461,0.0,True,9.700568625703454e-05,0.0002580035070423037,0.00034390538348816335,0.0006164260092191399,0.0007113359170034565,0.005250491667538881,0.00020345052281353672,4.139211523310143e-08,0.01,3075,0.0010337717815044874,0.0006164269871078432,0.005250491667538881,-0.0002546354029846413,0.00019775031413416392,-0.09326307203590385,0.36738369585529607,0.4212894933944421,0.984390243902439,0.760650406504065,0.0,0.0,-0.3028173863887787,-8.666929716127925e-07,0.3028172254562378,-0.3028081923723221,3.286168066551909e-06,0.3028081566095352,-0.1016430176794529,-0.0969405397772789,-0.07278079763054848
dt_0.5_ms,4760,2.38,307461,0.0,True,9.598059114068747e-05,0.0002672210684977472,0.00035796582233160734,0.0006268206168897451,0.000732939707813785,0.0052450369112193584,0.00021100878864239206,4.4524708884329684e-08,0.01,3075,0.0010725837000607839,0.0006268229917623103,0.0052450369112193584,-0.0026574671138041225,-0.0017075550646201024,-0.09298050611484342,0.367149686572562,0.4214985245209912,0.984390243902439,0.7499186991869918,0.0,0.0,-0.30282334685325624,-0.010010355152189732,0.30282318592071533,-0.30281415283679963,-0.005004684440791607,0.30281411707401273,-0.10165195837616921,-0.09694057703018188,-0.06772329285740852
dt_0.5_ms,4780,2.39,307461,0.0,True,0.00010129957081517205,0.0002572018711362034,0.00034914436400868,0.0006192171946167948,0.0007285716943442826,0.005238047800958157,0.00020853401523870534,4.3486435511576586e-08,0.01,3075,0.0010679144296431686,0.0006192226428538561,0.005238047800958157,-0.0018980408291409967,-0.002309411589794911,-0.09291249689169047,0.3682746478535896,0.4215227396071268,0.984390243902439,0.7427642276422765,0.0,0.0,-0.3028293073177338,-0.010010355152189732,0.30282914638519287,-0.30282011330127717,-0.005007042549550533,0.3028200775384903,-0.10166089907288552,-0.09694358706474304,-0.06772925332188606
dt_0.5_ms,4800,2.4,307461,0.0,True,0.00012555414286907762,0.00023711624089628458,0.0003264407569076866,0.0006057027843780816,0.0007160428154747979,0.005229406990110874,0.00020773234323967455,4.3152726427845965e-08,0.01,3075,0.001057951269724323,0.0006057064165361226,0.005229406990110874,-0.0006527647907235153,-0.003396348355738517,-0.09352958029363213,0.3667173317079406,0.4213147777459818,0.984390243902439,0.7622764227642277,0.0,0.0,-0.3028352677822113,-0.0050050984136760235,0.3028351068496704,-0.3028260737657547,-0.005007974803447723,0.3028260380029678,-0.10166778787970543,-0.09695333242416382,-0.07280974015593529
dt_0.5_ms,4820,2.41,307461,0.0,True,0.00014005956472828984,0.00022419753076974303,0.00030320510268211365,0.0005903752753511072,0.0006999068718869239,0.005218427162617445,0.00020894857779128715,4.365950816100158e-08,0.01,3075,0.0010454608934431723,0.0005903771962039173,0.005218427162617445,-0.0004856800539106351,-0.0004036406677618273,-0.09425557954282296,0.36432954923073374,0.42123976534211377,0.9856910569105691,0.7889430894308943,0.0,0.0,-0.30284122824668885,-2.9795558020850876e-06,0.30284106731414795,-0.30283203423023225,2.402960262770648e-06,0.30283199846744535,-0.1016707681119442,-0.09701786935329437,-0.0729182317852974
dt_0.5_ms,4840,2.42,307461,0.0,True,0.00013899634359404445,0.00022206742141861469,0.00029074179474264383,0.0005788486101664616,0.000684290280332789,0.005416348576545715,0.0002066776295520449,4.271564255725231e-08,0.01,3075,0.0010360679357517056,0.0005788839189335704,0.005416348576545715,-0.0007895543728288866,-0.0009519296269616284,-0.09436825500028889,0.36394967689413865,0.4212469735298283,0.9863414634146341,0.7938211382113821,0.0,0.0,-0.3028471887111664,-0.005004389677196741,0.3028470277786255,-0.3028379946947098,-0.005004486069083214,0.3028379589319229,-0.10167374834418297,-0.09702267497777939,-0.07292594090104103
dt_0.5_ms,4860,2.43,307461,0.0,True,0.00012143149069743231,0.00021755998022854328,0.00028622435638681054,0.0005740232998505235,0.0006754654692485949,0.005408874247223139,0.00019835930323429144,3.934641317959358e-08,0.01,3075,0.001031057397547231,0.0005740246269851923,0.005408874247223139,-0.000320327459688483,-0.00022358342895678675,-0.094666097992804,0.3626983280880458,0.42106266970021283,0.9882926829268293,0.806829268292683,0.0,0.0,-0.30285314917564393,-2.437484454276273e-06,0.302852988243103,-0.30284395515918733,-0.005004486069083214,0.30284391939640043,-0.10167672857642174,-0.09702661633491516,-0.0779514878988266
dt_0.5_ms,4880,2.44,307461,0.0,True,0.00010271335486322641,0.00021441954595502466,0.0002875455538742244,0.0005782398860901599,0.0006769294210243993,0.0054019843228161335,0.00019224809221534786,3.69593289604409e-08,0.01,3075,0.0010320670344124783,0.0005782524240203202,0.0054019843228161335,-0.0014813196682945363,-0.00020926150244943018,-0.09466673117585299,0.36251787120982065,0.42108208624498406,0.9882926829268293,0.8084552845528455,0.0,0.0,-0.30285910964012147,-0.0050050984136760235,0.30285894870758057,-0.30284991562366487,1.8638852452568244e-06,0.30284987986087797,-0.10167970880866051,-0.09702900052070618,-0.07795797064900398
dt_0.5_ms,4900,2.45,307461,0.0,True,9.488076466368511e-05,0.00021885556634515524,0.0002976534888148308,0.0005872132955119016,0.0006868503056466581,0.005396891850978136,0.0001921068095644764,3.6905026281042005e-08,0.01,3075,0.0010374404599405522,0.0005872188485227525,0.005396891850978136,-0.0011253072302447361,0.0006886217629661165,-0.09434954762216506,0.3634140206051273,0.42126859816368484,0.9879674796747967,0.7977235772357724,0.0,0.0,-0.302865070104599,-3.7430143038363894e-06,0.3028649091720581,-0.3028558760881424,0.005010215099900961,0.3028558403253555,-0.10168285220861435,-0.09702996164560318,-0.0729425810277462
dt_0.5_ms,4920,2.46,307461,0.0,True,9.348940511699766e-05,0.0002274152939207852,0.0003103180497419089,0.0005938951740972701,0.0006988585228100429,0.005393846891820431,0.00019499499258897137,3.8023047134773e-08,0.01,3075,0.0010435595072434867,0.0005939051625318825,0.005393846891820431,-0.0013589556555845361,-0.0004512459216419568,-0.09402770564323518,0.364759777069517,0.42127580639854006,0.9853658536585366,0.7830894308943089,0.0,0.0,-0.30287103056907655,-0.0050050984136760235,0.30287086963653564,-0.30286183655261995,1.9306514786876505e-06,0.30286180078983305,-0.1016887292265892,-0.09698031097650528,-0.07292418107390404
dt_0.5_ms,4940,2.47,307461,0.0,True,9.69461616477929e-05,0.0002341308572795242,0.00032145989825949073,0.0005980774993076924,0.000706810259725899,0.005390523001551628,0.0001979068027867261,3.9167102589264095e-08,0.01,3075,0.0010476698890154257,0.0005980865098536015,0.005390523001551628,-0.0019139692524710727,-0.0010122292812745836,-0.0933959275484085,0.3671581666249481,0.4213672569331692,0.984390243902439,0.7583739837398374,0.0,0.0,-0.3028769910335541,-0.005008011590689421,0.3028768301010132,-0.3028677970170975,1.9660396901599597e-06,0.3028677612543106,-0.1016976699233055,-0.09696842730045319,-0.07283597439527512
dt_0.5_ms,4960,2.48,307461,0.0,True,0.00010607887816149741,0.0002334641176275909,0.00032215280225500464,0.0005967710982076828,0.0007096582907252024,0.00538657559081912,0.00019972887267806236,3.989162258124964e-08,0.01,3075,0.0010475876845979714,0.000596783182118088,0.00538657559081912,-0.0004636113332438301,-0.0013728568708749915,-0.0929568437408141,0.36904893784220594,0.4215986003315929,0.984390243902439,0.7401626016260162,0.0,0.0,-0.3028829514980316,-2.14351393879042e-06,0.3028827905654907,-0.302873757481575,1.5968674915711745e-06,0.3028737217187881,-0.10170661062002181,-0.09697070717811584,-0.06778289750218391
dt_0.5_ms,4980,2.49,307461,0.0,True,0.0001137428916990757,0.00022785936016589403,0.00031475903233513236,0.0005912748165428654,0.0007037875882815575,0.005412530619651079,0.00020020569303298255,4.008231952281683e-08,0.01,3075,0.0010435790483786808,0.0005913148052059114,0.005412530619651079,-0.00012590334939217634,-0.0025204845175533673,-0.09304747486502174,0.36889645487555767,0.42159124754920946,0.984390243902439,0.7427642276422765,0.0,0.0,-0.30288891196250917,-6.575197630809271e-07,0.30288875102996826,-0.30287971794605256,-0.005006636492908001,0.30287968218326566,-0.10171555131673812,-0.09697438776493073,-0.06778978407382966
dt_0.5_ms,5000,2.5,307461,0.0,True,0.00011416376946726814,0.00022220662503968924,0.000303814304061234,0.0005840518046170475,0.0006949909089598863,0.005430134478956461,0.00019862008377897306,3.9449937680366273e-08,0.01,3075,0.0010372838495503658,0.0005840557860210538,0.005430134478956461,-0.0007331079807587171,-0.0015488485282099365,-0.09374455319793244,0.3664521752171212,0.42135032133309186,0.984390243902439,0.7684552845528455,0.0,0.0,-0.3028948724269867,-3.7201975828793366e-06,0.3028947114944458,-0.3028856784105301,-0.005004486069083214,0.3028856426477432,-0.10172449201345443,-0.09698555618524551,-0.07291466519236564
dt_0.5_ms,5020,2.5100000000000002,307461,0.0,True,0.00011229282972635701,0.00021987262880429626,0.00029576654196716845,0.0005779683706350632,0.000685394066385926,0.005423897877335548,0.00019669822768906918,3.86901927760209e-08,0.01,3075,0.0010307677265074921,0.0005779882776550949,0.005423897877335548,-0.00015362229670629643,-0.0009596227098299044,-0.09424013437294379,0.36462797699671734,0.42131561976950094,0.9856910569105691,0.7879674796747967,0.0,0.0,-0.30290083289146424,-9.846618240771932e-07,0.30290067195892334,-0.30289163887500764,2.1113537513883784e-06,0.30289160311222074,-0.1017332136631012,-0.09702492505311966,-0.07298303693532944
dt_0.5_ms,5040,2.52,307461,0.0,True,0.00011237966100452468,0.0002181746094720438,0.0002922865969594568,0.0005761634092777976,0.0006788171245716515,0.005417295265942812,0.00019575415194552715,3.8319688003912526e-08,0.01,3075,0.0010266567398491127,0.0005761871580034494,0.005417295265942812,-0.0006573724065706449,-0.00023209483972077283,-0.09429923750036132,0.36425548825391546,0.42132404800788187,0.9860162601626016,0.7905691056910569,0.0,0.0,-0.3029067933559418,-3.261154233769048e-06,0.3029066324234009,-0.3028975993394852,2.796236913127359e-06,0.3028975635766983,-0.1017362967133522,-0.09704229235649109,-0.07298954948782921
dt_0.5_ms,5060,2.5300000000000002,307461,0.0,True,0.00011265305511187762,0.00021766671852674335,0.00029232577071525156,0.0005767042981460698,0.0006773193483240929,0.005413143429905176,0.00019552771593775962,3.823108769983722e-08,0.01,3075,0.0010254628778760874,0.0005767252878285944,0.005413143429905176,-0.00139935571755078,-0.0002946829548283296,-0.0943334679584193,0.3639388178014113,0.42133247624630804,0.9876422764227643,0.7938211382113821,0.0,0.0,-0.3029127538204193,-0.0050050984136760235,0.3029125928878784,-0.3029035598039627,2.8255308279767632e-06,0.3029035240411758,-0.10173927694559097,-0.09704581648111343,-0.07299550995230675
dt_0.5_ms,5080,2.54,307461,0.0,True,0.00011215495760552585,0.00021906013716943562,0.0002951924398075789,0.0005785530433058744,0.000679813837632538,0.0054112947545945644,0.00019580326293869462,3.833891777743958e-08,0.01,3075,0.0010263868831135938,0.0005785650573670864,0.0054112947545945644,-0.00281227878026697,-0.0004390004591141405,-0.09426970417179713,0.36423435341215,0.4213430758163686,0.9863414634146341,0.7905691056910569,0.0,0.0,-0.30291871428489686,-0.01000964269042015,0.30291855335235596,-0.30290952026844026,2.636406634337618e-06,0.30290948450565336,-0.10174225717782974,-0.09702733159065247,-0.07300147041678429
dt_0.5_ms,5100,2.5500000000000003,307461,0.0,True,0.0001110091179725714,0.00022144407557789236,0.00030008115572854877,0.0005805198801681408,0.0006840042420662961,0.005410001613199711,0.00019628051449443069,3.852604037019842e-08,0.01,3075,0.001028018376706698,0.0005805408000014722,0.005410001613199711,-0.001830333424809544,-0.0010208281542017864,-0.09417997049849208,0.364698653475833,0.4213567244756645,0.9856910569105691,0.7869918699186992,0.0,0.0,-0.3029246747493744,-0.005008011590689421,0.3029245138168335,-0.3029154807329178,-0.005004625301808119,0.3029154449701309,-0.10174523741006851,-0.09701407700777054,-0.07300449088215828
dt_0.5_ms,5120,2.56,307461,0.0,True,0.00011079105752287433,0.00022280728444457054,0.00030400470132008195,0.0005821301718242469,0.0006867106887511992,0.005408872850239277,0.00019681834382469397,3.873746046589545e-08,0.01,3075,0.0010289830135605563,0.0005821376107633114,0.005408872850239277,-0.0014208290858230212,-0.0011841249541857091,-0.09385069308726768,0.3659606706495715,0.4213909483753231,0.984390243902439,0.7736585365853659,0.0,0.0,-0.30293063521385194,-0.005007673054933548,0.30293047428131104,-0.30292144119739534,-0.005004684440791607,0.30292140543460844,-0.1017491951584816,-0.09700219333171844,-0.07295891046524047
dt_0.5_ms,5140,2.57,307461,0.0,True,0.00011067139712395146,0.00022269583132583648,0.0003048336657229811,0.000581649539526553,0.0006870607438031619,0.005406792275607586,0.00019681843311020002,3.873749561195428e-08,0.01,3075,0.0010282803162538665,0.0005816787015646696,0.005406792275607586,-0.0009857600884198305,-0.0013853001567804683,-0.09372776996798632,0.36653939825413673,0.4214265666560113,0.984390243902439,0.7678048780487805,0.0,0.0,-0.3029365956783295,-0.005004710517823696,0.3029364347457886,-0.3029274016618729,-0.0050047896802425385,0.302927365899086,-0.10175751447677613,-0.09700018912553787,-0.07295469343662261
dt_0.5_ms,5160,2.58,307461,0.0,True,0.00011066390288760886,0.0002213948464486748,0.0003027161583304405,0.0005795838194899262,0.0006844805611763174,0.005403998773545027,0.00019633170957452593,3.8546140184456e-08,0.01,3075,0.0010257944171468355,0.0005795867182314396,0.005403998773545027,-0.00017658183020970001,-0.0019392181497334413,-0.09379344203002085,0.36630810801996483,0.4214400462163696,0.984390243902439,0.7700813008130082,0.0,0.0,-0.302942556142807,-2.4153778213076293e-06,0.3029423952102661,-0.3029333621263504,-0.005007042549550533,0.3029333263635635,-0.10176645517349243,-0.09700625389814377,-0.07296364307403565
dt_0.5_ms,5180,2.59,307461,0.0,True,0.0001107296920963563,0.00021996625582687557,0.0002991583605762571,0.0005765643203631051,0.0006803770782426004,0.005400429014116526,0.00019557775660247645,3.825065887765752e-08,0.01,3075,0.0010221522139400485,0.0005765822716057301,0.005400429014116526,0.00041144792111510943,-0.001517949690649003,-0.09400174841527047,0.3654780779785825,0.42141260857967333,0.9853658536585366,0.7785365853658537,0.0,0.0,-0.30294851660728456,-7.912545925137238e-07,0.30294835567474365,-0.30293932259082795,-0.005006308667361736,0.30293928682804105,-0.10177539587020874,-0.09701601415872574,-0.07300611585378647
dt_0.5_ms,5200,2.6,307461,0.0,True,0.00011088806058978662,0.00021858324180357158,0.0002955844684038311,0.0005739133805036545,0.0006765733473002949,0.0053966715931892395,0.00019485603219390898,3.796887328235369e-08,0.01,3075,0.0010186798158821051,0.0005739136249758303,0.0053966715931892395,-0.00013144986965682353,-0.001840088767788156,-0.09422274384072156,0.364616215990756,0.4214006367373307,0.9856910569105691,0.7879674796747967,0.0,0.0,-0.3029544770717621,-2.1427765659609577e-06,0.3029543161392212,-0.3029452830553055,-0.0050080143846571445,0.3029452472925186,-0.10178433656692505,-0.09702660888433456,-0.07303645610809326
dt_0.5_ms,5220,2.61,307461,0.0,True,0.00011098360846517608,0.00021765097335446626,0.0002934993535745889,0.0005725675611756749,0.0006734837777912616,0.005393338855355978,0.00019433800923987735,3.776726183531865e-08,0.01,3075,0.001016006819086104,0.0005725849187001586,0.005393338855355978,-0.0007592484020957213,-0.0019270462839244644,-0.09427211061241181,0.36437703493792084,0.4214088073118665,0.9866666666666667,0.7905691056910569,0.0,0.0,-0.30296043753623964,-2.9639725198649103e-06,0.30296027660369873,-0.30295124351978303,-0.010009489953517914,0.30295120775699613,-0.10179327726364136,-0.09703195840120316,-0.07304385378956794
dt_0.5_ms,5240,2.62,307461,0.0,True,0.00011099436960648745,0.0002173871180275455,0.00029306497890502214,0.0005716814892366532,0.0006722056074067952,0.005389950703829527,0.00019411036519773246,3.767883387719706e-08,0.01,3075,0.0010143578797389518,0.0005716927698813379,0.005389950703829527,-0.0009034806980083538,-0.0015714627363464329,-0.09428007766240981,0.3642474165110638,0.4214159943202747,0.9873170731707317,0.791219512195122,0.0,0.0,-0.3029663980007172,-3.2799807740957476e-06,0.30296623706817627,-0.30295720398426057,-0.0050077675841748714,0.30295716822147367,-0.1018017053604126,-0.09703370183706284,-0.07304981425404548
dt_0.5_ms,5260,2.63,307461,0.0,True,0.00011091491614934057,0.00021764205303043127,0.0002939517726190388,0.0005713338614441458,0.0006723569240421085,0.005432502366602421,0.00019412900681174428,3.768607128571426e-08,0.01,3075,0.00101378958897544,0.0005713420687243342,0.005432502366602421,-0.001226028918192031,-0.0012125887060918147,-0.09425952277290142,0.3644284243605099,0.4214231813408988,0.9860162601626016,0.7895934959349593,0.0,0.0,-0.3029723584651947,-0.005004389677196741,0.3029721975326538,-0.3029631644487381,-0.005006308667361736,0.3029631286859512,-0.10180486440658569,-0.09703247249126434,-0.07305577471852302
dt_0.5_ms,5280,2.64,307461,0.0,True,0.00011061959958169609,0.00021811008627992123,0.0002952057693619281,0.0005713731748983267,0.0006736763985827578,0.005430649500340223,0.00019423430527164826,3.7726965344359845e-08,0.01,3075,0.0010138214252722578,0.0005713814171031117,0.005430649500340223,-0.0011512465385095216,-0.0003593275660247995,-0.09414492471673624,0.3649214462956592,0.42143036837373826,0.9856910569105691,0.7847154471544715,0.0,0.0,-0.30297831892967225,-0.0050050984136760235,0.30297815799713135,-0.30296912491321565,2.0859947653661948e-06,0.30296908915042875,-0.10180784463882446,-0.0970299169421196,-0.0730457328259945
dt_0.5_ms,5300,2.65,307461,0.0,True,0.00011029725283151492,0.00021850134362466633,0.0002960979181807488,0.000571173371281475,0.0006741098302882226,0.0054280622862279415,0.00019418379642840799,3.77073467953494e-08,0.01,3075,0.0010130003281884137,0.000571177457459271,0.0054280622862279415,-0.0014562367495850558,-0.0005929703182315516,-0.09403601031235563,0.36534055333426685,0.4214375554187928,0.9856910569105691,0.7798373983739837,0.0,0.0,-0.3029842793941498,-0.005008011590689421,0.3029841184616089,-0.3029750853776932,2.120030785590643e-06,0.3029750496149063,-0.10181082487106323,-0.09702901542186737,-0.07304306328296661
dt_0.5_ms,5320,2.66,307461,0.0,True,0.00011001263919752091,0.0002184574696002528,0.00029608639306388795,0.0005704191979020836,0.0006731619650963751,0.005425633396953344,0.0001939509467316473,3.761696973810229e-08,0.01,3075,0.0010114662466964464,0.0005704229697585106,0.005425633396953344,-0.001235484677117563,-0.0009266144094385893,-0.09401808478725635,0.36543906582017177,0.42144474247606195,0.9853658536585366,0.7785365853658537,0.0,0.0,-0.30299023985862733,-0.005005438346415758,0.3029900789260864,-0.3029810458421707,-0.005004684440791607,0.30298101007938383,-0.1018145203590393,-0.09703049808740616,-0.0730479121208191
dt_0.5_ms,5340,2.67,307461,0.0,True,0.00010983572428813204,0.00021823792485520244,0.00029515952337533236,0.0005690400954335934,0.0006710596731863938,0.0054227132350206375,0.00019357818867846556,3.747251513203561e-08,0.01,3075,0.001009291742712532,0.0005690537509508431,0.0054227132350206375,-0.0016125515851443907,-0.0007832472467887088,-0.09408787366335954,0.36514366274619003,0.4214519295455454,0.9856910569105691,0.7814634146341464,0.0,0.0,-0.30299620032310487,-0.0050050984136760235,0.30299603939056396,-0.30298700630664827,-0.005004625301808119,0.30298697054386137,-0.10182194113731384,-0.09703642129898071,-0.07305821031332016
dt_0.5_ms,5360,2.68,307461,0.0,True,0.00010976323392242193,0.00021761860989499837,0.0002936020027846098,0.0005671621416695424,0.0006685814878437739,0.005419607274234295,0.0001931511727169516,3.730737552193367e-08,0.01,3075,0.0010067857200340405,0.0005671813851222396,0.005419607274234295,-0.002138857427820475,-0.0001102649541034469,-0.09419618483723664,0.3647607370322648,0.42145889982813084,0.9856910569105691,0.7860162601626016,0.0,0.0,-0.3030021607875824,-0.005007673054933548,0.3030019998550415,-0.3029929667711258,2.9473505946953082e-06,0.3029929310083389,-0.10183088183403015,-0.09704248607158661,-0.07307355552911758
dt_0.5_ms,5380,2.69,307461,0.0,True,0.00010980642400681973,0.00021696467592846602,0.00029225877369754016,0.000565763597842306,0.000666500144870959,0.005470151547342539,0.00019289022240069707,3.720663789779038e-08,0.01,3075,0.0010052914422845876,0.0005657672300003469,0.005470151547342539,-0.002214912528914568,-0.0017709578130616433,-0.09427726864814759,0.3644892436831323,0.4214673280672809,0.9860162601626016,0.7889430894308943,0.0,0.0,-0.30300812125205995,-0.005004710517823696,0.30300796031951904,-0.30299892723560334,-0.005006636492908001,0.30299889147281645,-0.10183982253074646,-0.09704916179180145,-0.07309128418564796
dt_0.5_ms,5400,2.7,307461,0.0,True,0.00010978891077684239,0.0002163227618439123,0.0002911361516453326,0.0005641949945129457,0.00066462417016738,0.005466967821121216,0.00019254251079527085,3.7072618463346995e-08,0.01,3075,0.0010032464319090473,0.0005642031319439411,0.005466967821121216,-0.002932202169905132,-0.001459441410822653,-0.09429491862533539,0.36441812735203793,0.42147575630647616,0.9863414634146341,0.7895934959349593,0.0,0.0,-0.3030140817165375,-0.005008011590689421,0.3030139207839966,-0.3030048877000809,-0.005004684440791607,0.303004851937294,-0.10184876322746277,-0.09705469757318497,-0.0730972446501255
dt_0.5_ms,5420,2.71,307461,0.0,True,0.00010963078239001334,0.0002158235729439184,0.0002905131841544062,0.0005627421429380779,0.0006633823795709813,0.005463992711156607,0.00019219887853347075,3.694040890952384e-08,0.01,3075,0.0010013458355541938,0.0005627537029795349,0.005463992711156607,-0.002811316811990853,-0.0006439659454549027,-0.09427826233026458,0.36452897807232126,0.4214841845457166,0.9856910569105691,0.7882926829268293,0.0,0.0,-0.303020042181015,-0.005008336156606674,0.3030198812484741,-0.3030108481645584,2.9212001209089067e-06,0.3030108124017715,-0.10185770392417907,-0.0970563143491745,-0.0731025643646717
dt_0.5_ms,5440,2.72,307461,0.0,True,0.00010938669583993033,0.00021537674183491617,0.0002901242987718433,0.0005617034505121412,0.0006623259512707605,0.0054609281942248344,0.00019187283715735908,3.681518563881444e-08,0.01,3075,0.0009997287116437483,0.00056170963216573,0.0054609281942248344,-0.0032672589678508657,0.0003426696538772228,-0.0942250293590189,0.36475132892939877,0.42149261278500233,0.9856910569105691,0.7860162601626016,0.0,0.0,-0.30302600264549256,-0.01000964269042015,0.30302584171295166,-0.30301680862903596,4.181122676527593e-06,0.30301677286624906,-0.10186664462089538,-0.09705591201782227,-0.07310319989919663
dt_0.5_ms,5460,2.73,307461,0.0,True,0.0001091171070584096,0.00021491518418770283,0.00028984088567085564,0.0005607822095043966,0.0006615567195694945,0.005458300467580557,0.000191529157177463,3.6683418049109335e-08,0.01,3075,0.0009980696328817224,0.0005608050851151347,0.005458300467580557,-0.0030023207738118186,0.0007459447541912492,-0.09417825438869679,0.3649562844069082,0.42150065443073337,0.9856910569105691,0.7837398373983739,0.0,0.0,-0.3030319631099701,-0.005010314751416445,0.3030318021774292,-0.3030227690935135,4.34961248174659e-06,0.3030227333307266,-0.10187558531761169,-0.09705706685781479,-0.07309548780322075
dt_0.5_ms,5480,2.74,307461,0.0,True,0.00010883960203500465,0.00021473693777807057,0.00028952304273843765,0.0005597204668447381,0.0006602988229133219,0.005455137696117163,0.0001911841930600408,3.655139567601896e-08,0.01,3075,0.0009962217638844518,0.0005597337731160223,0.005455137696117163,-0.002868656365530192,0.00022741750571717936,-0.09414043218382005,0.36510499073525493,0.4215144655763837,0.9856910569105691,0.7821138211382114,0.0,0.0,-0.30303792357444764,-0.005010314751416445,0.30303776264190674,-0.30302872955799104,3.783282181757386e-06,0.30302869379520414,-0.10188127681612968,-0.09705864638090134,-0.07309993356466293
dt_0.5_ms,5500,2.75,307461,0.0,True,0.00010855925938813016,0.00021448910410981625,0.00028911748086102307,0.0005584980943240232,0.0006590239645447596,0.005451949313282967,0.0001908122817745255,3.6409326876000915e-08,0.01,3075,0.0009943209905215213,0.0005585167091339827,0.005451949313282967,-0.002901954641492995,0.00023304133205924218,-0.09414882074042065,0.3651093842934564,0.42152706541374746,0.9856910569105691,0.7824390243902439,0.0,0.0,-0.3030438840389252,-0.01000937819480896,0.3030437231063843,-0.3030346900224686,3.6900146369589493e-06,0.3030346542596817,-0.10188425704836845,-0.09706269949674606,-0.07310589402914047
dt_0.5_ms,5520,2.7600000000000002,307461,0.0,True,0.00010836352885235101,0.0002141876466339454,0.0002882612752728164,0.0005571067798882727,0.0006571646837983327,0.005448879674077034,0.00019043283441922066,3.626466442493832e-08,0.01,3075,0.000992181646293105,0.0005571180954575539,0.005448879674077034,-0.0028207586060675087,0.00035368536436277,-0.09417801192136314,0.36505899815974907,0.4215354939924284,0.9856910569105691,0.7830894308943089,0.0,0.0,-0.3030498445034027,-0.01000937819480896,0.3030496835708618,-0.3030406504869461,3.730709977389779e-06,0.3030406147241592,-0.10188723728060722,-0.09706628322601318,-0.07311262264847755
dt_0.5_ms,5540,2.77,307461,0.0,True,0.00010828731319634244,0.00021383102284744382,0.0002874859783332795,0.0005558033124543727,0.0006556965643540082,0.0054457965306937695,0.00019011977738321264,3.6145529752242334e-08,0.01,3075,0.000990125385654439,0.0005558051634579897,0.0054457965306937695,-0.003335385260867963,0.0005118664552743227,-0.09421637097025305,0.364934999517432,0.421543922571141,0.9856910569105691,0.784390243902439,0.0,0.0,-0.30305580496788026,-0.010010355152189732,0.30305564403533936,-0.30304661095142366,3.875699803757016e-06,0.30304657518863676,-0.10189021751284599,-0.09707080572843552,-0.07312372401356697
dt_0.5_ms,5560,2.7800000000000002,307461,0.0,True,0.00010825497156474739,0.00021339992235880345,0.0002868823939934373,0.0005545506253838546,0.0006542869377881298,0.005442604888230562,0.00018980561482274047,3.602617141823851e-08,0.01,3075,0.0009881345693181019,0.000554569240193814,0.005442604888230562,-0.003412784406258711,-0.00026369223442754183,-0.09421198154125757,0.36499950931059705,0.4215523511498852,0.9856910569105691,0.7840650406504065,0.0,0.0,-0.3030617654323578,-0.010013480670750141,0.3030616044998169,-0.3030525714159012,2.5745910079422174e-06,0.3030525356531143,-0.10189364999532699,-0.09707379341125488,-0.07312529012560845
dt_0.5_ms,5580,2.79,307461,0.0,True,0.00010811940592247993,0.00021306569396983832,0.00028646786813624203,0.0005533291725441814,0.0006526864424813618,0.0054393345490098,0.00018951294004261395,3.5915154443595393e-08,0.01,3075,0.000986186645535101,0.0005533294170163572,0.0054393345490098,-0.0030698116190165355,-0.000629967712470679,-0.09420749819617931,0.3650247213635721,0.421560779728661,0.9856910569105691,0.7834146341463415,0.0,0.0,-0.30306772589683534,-0.010010355152189732,0.30306756496429443,-0.30305853188037873,-0.005004625301808119,0.30305849611759184,-0.10190156474709511,-0.09707789868116379,-0.07313050404191017
dt_0.5_ms,5600,2.8000000000000003,307461,0.0,True,0.00010800108429975808,0.00021273508900776505,0.000285955989966169,0.0005520325154066096,0.000651275779819118,0.005435850005596876,0.00018919623044303798,3.579521361385513e-08,0.01,3075,0.000984277063299243,0.0005520585691556334,0.005435850005596876,-0.0024924069608015806,-0.0006756595350750688,-0.09420009515876693,0.3650661992943595,0.42156920830746847,0.9856910569105691,0.7830894308943089,0.0,0.0,-0.3030736863613129,-0.00501007167622447,0.303073525428772,-0.3030644923448563,-0.005004625301808119,0.3030644565820694,-0.10191050544381142,-0.09707975387573242,-0.07313602492213249
dt_0.5_ms,5620,2.81,307461,0.0,True,0.00010788226791191846,0.00021224719239398837,0.0002852889010682702,0.0005508926697075377,0.0006496817106381102,0.005432730540633202,0.00018886191274470685,3.566882208558926e-08,0.01,3075,0.0009824427052749305,0.0005509179900400341,0.005432730540633202,-0.002241520988270918,-0.0008514739449848885,-0.09419397888144826,0.3650703539351432,0.42157763688630756,0.9856910569105691,0.7827642276422764,0.0,0.0,-0.3030796468257904,-0.005008336156606674,0.3030794858932495,-0.3030704528093338,-0.005004684440791607,0.3030704170465469,-0.10191944614052773,-0.09708273410797119,-0.0731416568160057
dt_0.5_ms,5640,2.82,307461,0.0,True,0.00010771164670586586,0.00021176184236537665,0.00028462003683671355,0.0005498777376487852,0.0006486981175839963,0.005429288372397423,0.00018851865952401105,3.553928498873e-08,0.01,3075,0.000980717682173642,0.0005498792743310332,0.005429288372397423,-0.0021691618349432874,-0.0004214638882320849,-0.0941865988087848,0.3651258210941328,0.4215860654651783,0.9853658536585366,0.7821138211382114,0.0,0.0,-0.30308560729026796,-0.005008336156606674,0.30308544635772705,-0.30307641327381135,-0.005004486069083214,0.30307637751102445,-0.10192838683724403,-0.09708570688962936,-0.07314707636833191
dt_0.5_ms,5660,2.83,307461,0.0,True,0.00010752452362794429,0.00021129286324139684,0.00028393729007802904,0.000548700208310038,0.0006472819717601004,0.005425759591162205,0.00018816038854280656,3.540433181657993e-08,0.01,3075,0.0009790156353492198,0.0005487049929797649,0.005425759591162205,-0.0019062078203829862,0.00033557847932385584,-0.09416180694733209,0.36524829336997533,0.4215944940440806,0.9853658536585366,0.7808130081300813,0.0,0.0,-0.3030915677547455,-0.005008011590689421,0.3030914068222046,-0.3030823737382889,4.006626568298088e-06,0.303082337975502,-0.10193732753396034,-0.09708753973245621,-0.07315101101994514
dt_0.5_ms,5680,2.84,307461,0.0,True,0.00010735890828073025,0.00021102358005009592,0.0002834223269019276,0.0005475752288475636,0.0006460096221417196,0.005422302987426519,0.0001878565604156968,3.529008729121635e-08,0.01,3075,0.0009773493928804508,0.0005475847283378243,0.005422302987426519,-0.0018743938511626426,0.0002878052429441891,-0.09416040071142398,0.3652639607379495,0.4216029226230146,0.9853658536585366,0.7804878048780488,0.0,0.0,-0.30309752821922303,-0.005008011590689421,0.30309736728668213,-0.30308833420276643,4.091684786544647e-06,0.30308829843997953,-0.10194626823067665,-0.09709107130765915,-0.07315631210803986
dt_0.5_ms,5700,2.85,307461,0.0,True,0.00010715350072132424,0.00021082584862597287,0.00028297805693000555,0.000546610809396953,0.000645129883196205,0.005419142544269562,0.0001877508715047287,3.5250389750785146e-08,0.01,3075,0.0009773031334256435,0.0005466266302391887,0.005419142544269562,-0.0018579188565302398,-3.061429350905163e-05,-0.09417047892644154,0.36527298143571396,0.4216113512019801,0.9853658536585366,0.7804878048780488,0.0,0.0,-0.3031034886837006,-0.005008011590689421,0.30310332775115967,-0.30309429466724397,4.107878794457065e-06,0.30309425890445707,-0.10195520892739296,-0.09709464758634567,-0.0731622725725174
dt_0.5_ms,5720,2.86,307461,0.0,True,0.00010699018457671627,0.0002107030595652759,0.0002826584968715906,0.0005459198146127174,0.000643850822234529,0.005416035186499357,0.00018765007141998148,3.5212549303924154e-08,0.01,3075,0.0009771051287757067,0.0005459453095681965,0.005416035186499357,-0.0019080394181020073,-0.00029050535740118095,-0.09421616490051998,0.36511779608399336,0.42161977978097737,0.9856910569105691,0.7817886178861788,0.0,0.0,-0.3031094491481781,-0.005008336156606674,0.3031092882156372,-0.3031002551317215,4.156219802098349e-06,0.3031002193689346,-0.10196414962410927,-0.09710238128900528,-0.07317054793238639
dt_0.5_ms,5740,2.87,307461,0.0,True,0.00010699395352276042,0.0002105074527207762,0.00028222324908711016,0.0005451973294839269,0.0006423574057407741,0.005412893835455179,0.00018743160598155896,3.5130606920826364e-08,0.01,3075,0.0009754081964265646,0.0005452132900245488,0.005412893835455179,-0.0016283394823838765,-0.00015306281662538467,-0.09421668606560404,0.3650940662304004,0.42162820836000614,0.9856910569105691,0.7817886178861788,0.0,0.0,-0.30311540961265565,-0.005008011590689421,0.30311524868011475,-0.30310621559619905,4.202095169603126e-06,0.30310617983341215,-0.10197309032082558,-0.09710399806499481,-0.07317650839686393
dt_0.5_ms,5760,2.88,307461,0.0,True,0.00010707908222684637,0.0002103394945152104,0.00028186733834445477,0.0005446054739877582,0.0006409753637854073,0.005409655626863241,0.00018728730876194595,3.507653602329248e-08,0.01,3075,0.0009737639546553355,0.000544606416951865,0.005409655626863241,-0.0017522194897426234,-0.00023807926174509422,-0.0942279839006866,0.36503474154590704,0.4216366369390666,0.9856910569105691,0.7817886178861788,0.0,0.0,-0.3031213700771332,-0.005008011590689421,0.3031212091445923,-0.3031121760606766,3.7248651096888352e-06,0.3031121402978897,-0.1019798420369625,-0.09710864722728729,-0.07318246886134147
dt_0.5_ms,5780,2.89,307461,0.0,True,0.0001071134174708277,0.00021017456310801208,0.00028158570057712495,0.0005439292523078623,0.0006395608361344794,0.00542725995182991,0.0001871432673476415,3.5022602513550816e-08,0.01,3075,0.0009723749440314808,0.0005439355736598372,0.00542725995182991,-0.001461606191542437,-0.0002234555291577236,-0.0942451139218439,0.36496352459356934,0.4216450655181586,0.9856910569105691,0.7817886178861788,0.0,0.0,-0.30312733054161073,-0.0050050984136760235,0.3031271696090698,-0.3031181365251541,4.286402599973371e-06,0.3031181007623672,-0.10198282226920127,-0.0971154049038887,-0.07318842932581901
dt_0.5_ms,5800,2.9,307461,0.0,True,0.00010706489410949871,0.0002099250996252522,0.00028117006877437234,0.0005430075456388301,0.0006404925545212043,0.005395146552473307,0.00018712425954675347,3.5015488510920754e-08,0.01,3075,0.0009727033063186317,0.000543024973012507,0.005395146552473307,-0.0007330673753749099,-0.0005296246999342856,-0.09428294803795775,0.36484339417121164,0.42165349409728226,0.9856910569105691,0.7834146341463415,0.0,0.0,-0.30313329100608827,-2.8504955480457284e-06,0.30313313007354736,-0.30312409698963166,3.5917842069466133e-06,0.30312406122684477,-0.10198580250144004,-0.09712312370538712,-0.07319530099630356
dt_0.5_ms,5820,2.91,307461,0.0,True,0.00010689701593946666,0.0002096617827191949,0.00028060388285666704,0.0005424483446404346,0.0006402123370208025,0.005389487836509943,0.00018684042273127936,3.4909343566403175e-08,0.01,3075,0.0009713070699566505,0.0005424694390967488,0.005389487836509943,0.0002497550310031292,-0.0007371278397064399,-0.09421990245580673,0.3651164384312472,0.4216619226764375,0.9847154471544716,0.7804878048780488,0.0,0.0,-0.3031392514705658,-9.283488111577753e-07,0.3031390905380249,-0.3031300574541092,3.6256033126846887e-06,0.3031300216913223,-0.10198904499411583,-0.0971231758594513,-0.07319287806749344
dt_0.5_ms,5840,2.92,307461,0.0,True,0.00010669889888959005,0.00020941451657563448,0.0002801690134219825,0.0005416141357272866,0.0006398420548066571,0.005405668634921312,0.00018657294759436574,3.480946477404994e-08,0.01,3075,0.0009702174491211166,0.000541620422154665,0.005405668634921312,0.0002922659209908984,-0.0008559435892846345,-0.09413145109768806,0.3654202093532517,0.4217074691490091,0.984390243902439,0.776910569105691,0.0,0.0,-0.30314521193504335,-8.469685894851864e-07,0.30314505100250244,-0.30313601791858674,3.6602732507162727e-06,0.30313598215579984,-0.10199658051133156,-0.09712184965610504,-0.07318210527300835
dt_0.5_ms,5860,2.93,307461,0.0,True,0.00010657707025529817,0.00020899533410556614,0.0002798213390633464,0.0005405935575254261,0.0006400614976882985,0.005407589487731457,0.00018637275915718538,3.4734805355862225e-08,0.01,3075,0.0009696254153864655,0.0005405940464697778,0.005407589487731457,0.00034535171639187343,-0.000534422725005886,-0.09409260391098696,0.36563359096092035,0.42171589815894295,0.984390243902439,0.7749593495934959,0.0,0.0,-0.3031511723995209,-8.588840501033701e-07,0.30315101146698,-0.3031419783830643,3.884313173330156e-06,0.3031419426202774,-0.10200552120804787,-0.09712324291467667,-0.07317944765090942
dt_0.5_ms,5880,2.94,307461,0.0,True,0.00010644122812664136,0.0002087747270707041,0.0002793879830278456,0.000539453630335629,0.000640022929292184,0.005400368943810463,0.00018609245070294776,3.463040020862904e-08,0.01,3075,0.000968210340621389,0.000539455795660615,0.005400368943810463,0.0005473623092529849,0.00022375814478185546,-0.0940692847955033,0.3657192832942637,0.4217243271688912,0.984390243902439,0.7739837398373983,0.0,0.0,-0.3031571328639984,-8.720001005713129e-07,0.3031569719314575,-0.3031479388475418,5.6226917877211235e-06,0.3031479030847549,-0.10201446190476418,-0.09712336212396622,-0.07318387031555176
dt_0.5_ms,5900,2.95,307461,0.0,True,0.00010630661563482136,0.00020853870955761522,0.0002787954290397465,0.0005382019095122814,0.0006388072331901682,0.005395745392888784,0.00018581648560609152,3.452776632299882e-08,0.01,3075,0.0009666262601116082,0.0005382031667977571,0.005395745392888784,0.0004603289036870821,-0.0004950940585091835,-0.0940394095022504,0.3658513414430831,0.4217934103572963,0.984390243902439,0.7730081300813008,0.0,0.0,-0.30316309332847596,-9.805554554986884e-07,0.30316293239593506,-0.30315389931201936,3.948638550355099e-06,0.30315386354923246,-0.10202340260148049,-0.0971255823969841,-0.07318641319870949
dt_0.5_ms,5920,2.96,307461,0.0,True,0.00010622886475175619,0.0002082624996546656,0.000278300023637712,0.0005370229366235439,0.000637896166881549,0.0053849308751523495,0.00018552705424367685,3.4420287856336217e-08,0.01,3075,0.0009648756581600907,0.0005370329599827528,0.0053849308751523495,-0.0001427078126227674,-0.00042337987530073607,-0.09402131600714311,0.36591778332435565,0.421779507126112,0.984390243902439,0.7723577235772358,0.0,0.0,-0.3031690537929535,-2.340471837669611e-06,0.3031688928604126,-0.3031598597764969,3.987418494943995e-06,0.30315982401371,-0.1020323432981968,-0.09712588787078857,-0.07319171503186225
dt_0.5_ms,5940,2.97,307461,0.0,True,0.0001062113224179484,0.00020791523274965584,0.00027773919282481074,0.0005357478512451058,0.0006365470821037952,0.005379135254770517,0.00018524018948882321,3.4313927801855133e-08,0.01,3075,0.0009628486649201411,0.0005357630434446037,0.005379135254770517,-0.00011001598332873849,-7.60770757922107e-05,-0.0939962726528567,0.36598047801431965,0.42178793529679676,0.984390243902439,0.7717073170731708,0.0,0.0,-0.30317501425743104,-2.330049937881995e-06,0.30317485332489014,-0.30316582024097444,4.586671821016353e-06,0.30316578447818754,-0.1020412839949131,-0.09712687879800797,-0.07319494634866715
dt_0.5_ms,5960,2.98,307461,0.0,True,0.00010616466897772625,0.00020714569836854935,0.0002761197683867067,0.0005331958993338054,0.0006293895421549702,0.00565490173175931,0.00018553387128856987,3.442281739532361e-08,0.01,3075,0.000963949765536813,0.0005332102882675827,0.00565490173175931,-0.0007009338702744024,-0.0012236253463201935,-0.094386903132365,0.3646929786638156,0.4217209227314091,0.9860162601626016,0.7876422764227642,0.0,0.0,-0.3031809747219086,-3.0914743547327816e-06,0.3031808137893677,-0.303171780705452,-0.005006308667361736,0.3031717449426651,-0.10205022469162942,-0.09714427590370178,-0.07324889376759529
dt_0.5_ms,5980,2.99,307461,0.0,True,0.00010600840323604643,0.00020653876708820462,0.0002754029701463878,0.000532584101893008,0.0006345388421323163,0.0056280470453202724,0.0001852282415099918,3.430950145288386e-08,0.01,3075,0.0009638736282694873,0.0005325925885699689,0.0056280470453202724,0.0003324309068586548,-0.0010295397779927732,-0.0940797966960969,0.36580429596608893,0.42176647221884817,0.984390243902439,0.7733333333333333,0.0,0.0,-0.3031869351863861,-1.249406182068924e-06,0.3031867742538452,-0.3031777411699295,-0.005004486069083214,0.3031777054071426,-0.10205916538834572,-0.09713637828826904,-0.07321344539523125
dt_0.5_ms,6000,3.0,307461,0.0,True,0.00010578998626442626,0.00020617331028915942,0.0002754680172074586,0.0005314687266945847,0.0006367600581143108,0.005604853387922049,0.00018496198184532854,3.421093472815165e-08,0.01,3075,0.0009634218180771705,0.0005314890877343714,0.005604853387922049,0.0009473130110842338,-0.0014135359122439872,-0.09390646936689935,0.3664188929085847,0.4218871487503671,0.984390243902439,0.7668292682926829,0.0,0.0,-0.30319289565086366,-8.686901082910481e-07,0.30319273471832275,-0.30318370163440705,-0.0050047896802425385,0.30318366587162016,-0.10206810608506203,-0.09713456779718399,-0.0731678768992424
dt_0.5_ms,6020,3.0100000000000002,307461,0.0,True,0.00010553328320384026,0.00020596430113073438,0.0002753045700956136,0.0005295964772813027,0.0006334390782285585,0.005753586068749428,0.00018527195255551763,3.4325696403733974e-08,0.01,3075,0.0009651770678962149,0.0005296088056638837,0.005753586068749428,0.0005874596413299906,-0.00144461465647029,-0.09404463142398896,0.36607850905434147,0.42184398153914293,0.984390243902439,0.7720325203252032,0.0,0.0,-0.3031988561153412,-9.590395393388462e-07,0.3031986951828003,-0.3031896620988846,-0.005004684440791607,0.3031896263360977,-0.10207753032445907,-0.09714346379041672,-0.07321994304656983
dt_0.5_ms,6040,3.02,307461,0.0,True,0.00010533291788306087,0.0002060843544313684,0.0002755671739578247,0.0005295241018757225,0.0006365930137690168,0.005712078418582678,0.00018507358377489814,3.425223141128424e-08,0.01,3075,0.0009652467877452632,0.0005295260925777256,0.005712078418582678,0.0012367580656766363,-0.0009691692694783653,-0.09370288421468037,0.36735641982580747,0.4219203003850859,0.983739837398374,0.7583739837398374,0.0,0.0,-0.30320481657981874,0.005005077924579382,0.30320465564727783,-0.30319562256336213,3.3412779885111377e-06,0.30319558680057523,-0.10208694711327553,-0.0971342995762825,-0.0730946458876133
dt_0.5_ms,6060,3.0300000000000002,307461,0.0,True,0.00010524930257815868,0.00020656177366618067,0.00027610408142209053,0.000529172760434449,0.0006404499348718684,0.005679009482264519,0.00018498651970593117,3.4220012472912856e-08,0.01,3075,0.0009648738984904457,0.0005291808629408479,0.005679009482264519,0.0006016965403358608,-0.0015780534993490715,-0.09332038821364806,0.36866243650119335,0.42210030773859536,0.9821138211382113,0.745040650406504,0.0,0.0,-0.3032107770442963,-9.777190825843718e-07,0.30321061611175537,-0.30320158302783967,-0.005004684440791607,0.3032015472650528,-0.10209597870707512,-0.09713532030582428,-0.0681110255420208
dt_0.5_ms,6080,3.04,307461,0.0,True,0.0001052552106557414,0.00020718437735922635,0.00027690312708728015,0.0005283814971335234,0.0006433587055653334,0.005647939629852772,0.00018494668383675205,3.420527586221152e-08,0.01,3075,0.0009642668741157021,0.0005283884820528328,0.005647939629852772,0.0001783605842558977,-0.0009614750374541798,-0.09320882412839711,0.36940264610837653,0.4221057676926639,0.9798373983739838,0.7395121951219512,0.0,0.0,-0.3032167375087738,-1.0657082611942315e-06,0.3032165765762329,-0.3032075434923172,3.411978013900807e-06,0.3032075077295303,-0.10210520178079605,-0.09713766723871231,-0.0681166835129261
dt_0.5_ms,6100,3.0500000000000003,307461,0.0,True,0.00010527776612434536,0.00020745563961099833,0.0002773968444671482,0.000527078902814538,0.0006443155172746629,0.005617205053567886,0.0001848450218538568,3.4167682104152796e-08,0.01,3075,0.0009631762844775387,0.0005270965048111975,0.005617205053567886,0.00018872515861078024,-0.0007181906560797471,-0.0931923277651876,0.3696139253191202,0.42210829610667056,0.9791869918699186,0.7378861788617886,0.0,0.0,-0.30322269797325135,-9.93583398667397e-07,0.30322253704071045,-0.30321350395679475,3.4464162581571145e-06,0.30321346819400785,-0.10212011784315109,-0.0971405953168869,-0.06812264397740364
dt_0.5_ms,6120,3.06,307461,0.0,True,0.00010527751874178648,0.00020781421335414052,0.0002775059256237,0.0005262178718112414,0.000646645884262398,0.005928752012550831,0.00018550883452126662,3.441352768543868e-08,0.01,3075,0.0009673484803056269,0.0005262303748168051,0.005928752012550831,0.0003939505424001084,-0.00033403937121202185,-0.093174105064898,0.36980690126945676,0.422110824520693,0.9791869918699186,0.7365853658536585,0.0,0.0,-0.3032286584377289,-1.0017513432103442e-06,0.303228497505188,-0.3032194644212723,4.991451987734763e-06,0.3032194286584854,-0.10214296355843544,-0.09714353829622269,-0.06812766939401627
dt_0.5_ms,6140,3.0700000000000003,307461,0.0,True,0.0001052508523571305,0.00020790922280866653,0.00027760720695368946,0.0005252090166322888,0.000645363703370095,0.005894415080547333,0.00018533339044984296,3.434846561563394e-08,0.01,3075,0.0009657899688974749,0.0005252117407508194,0.005894415080547333,0.000462876167948744,-0.0005414214297652358,-0.09314084868605543,0.36994895298508296,0.4221133529347313,0.9791869918699186,0.7352845528455284,0.0,0.0,-0.30323461890220643,-1.0082540029543452e-06,0.3032344579696655,-0.30322542488574983,4.272666501492495e-06,0.30322538912296293,-0.10215190425515175,-0.09714639186859131,-0.06813243180513381
dt_0.5_ms,6160,3.08,307461,0.0,True,0.00010519741772441193,0.000207638498977758,0.0002765037352219224,0.0005217715050093829,0.0006288704986218365,0.0066734375432133675,0.00018703170356152644,3.49808581371267e-08,0.01,3075,0.000970085872341008,0.0005217716097831726,0.0066734375432133675,0.001303032075548019,0.0012895534085579513,-0.09373281172499424,0.3677779623000686,0.4220088201605076,0.9827642276422764,0.7609756097560976,0.0,0.0,-0.30324057936668397,0.005005066283047199,0.30324041843414307,-0.30323138535022737,0.005016218405216932,0.30323134958744047,-0.10216084495186806,-0.09715539962053299,-0.07312053591012954
dt_0.5_ms,6180,3.09,307461,0.0,True,0.00010509048297535628,0.00020661743474192917,0.0002745046513155103,0.0005218475358560682,0.0006372973148245403,0.006561467424035072,0.00018640003334504605,3.474497243103428e-08,0.01,3075,0.000970796894857554,0.0005218475707806647,0.006561467424035072,0.00019011730530709006,-0.0015748988353670864,-0.09336008066326622,0.3692606930510051,0.42212033901318496,0.9798373983739838,0.7463414634146341,0.0,0.0,-0.3032465398311615,-2.2142355646792566e-06,0.3032463788986206,-0.3032373458147049,-0.005006308667361736,0.303237310051918,-0.10216978564858437,-0.0971532016992569,-0.0681481458246708
dt_0.5_ms,6200,3.1,307461,0.0,True,0.0001049142811098136,0.00020570085325744003,0.00027399612008593976,0.0005210708710365002,0.0006405118620023132,0.007104096468538046,0.00018717755921465214,3.503543867355461e-08,0.01,3075,0.0009772966707284312,0.0005210826057009399,0.007104096468538046,-0.0010331487714903395,-0.0024548728205677694,-0.09325964514559847,0.3698114550377946,0.42212441234798204,0.9782113821138212,0.7417886178861789,0.0,0.0,-0.30325250029563905,-0.005004710517823696,0.30325233936309814,-0.30324330627918245,-0.010009489953517914,0.30324327051639555,-0.10217872634530067,-0.09715581685304642,-0.06815180256962776
dt_0.5_ms,6220,3.11,307461,0.0,True,0.00010467270476510748,0.00020499741367530078,0.0002730664855334908,0.0005198563565500084,0.0006390923575963826,0.006974171381443739,0.0001875648952461877,3.518058992871337e-08,0.01,3075,0.0009809387741209106,0.0005198665894567966,0.006974171381443739,0.00011393486444819977,-0.0003736562763941304,-0.09326339381497081,0.3699500097495562,0.42213683049890616,0.975609756097561,0.7421138211382113,0.0,0.0,-0.3032584607601166,-1.3226002693045302e-06,0.3032582998275757,-0.30324926674366,5.224509550316725e-06,0.3032492309808731,-0.10218527242541313,-0.09715879708528519,-0.06815840676426888
dt_0.5_ms,6240,3.12,307461,0.0,True,0.00010443793144077063,0.00020533453789539635,0.00027424737345427275,0.0005210656789131464,0.0006425037281587731,0.006825176067650318,0.0001875194907443803,3.516355940903173e-08,0.01,3075,0.0009853727765555486,0.0005210694507695735,0.006825176067650318,-0.0001960995005512215,-0.0006009171609726705,-0.09282408702058521,0.3716701004289299,0.42214669611070005,0.9707317073170731,0.7232520325203252,0.0,0.0,-0.3032644212245941,-3.3970413824135903e-06,0.3032642602920532,-0.3032552272081375,3.684558350869338e-06,0.3032551914453506,-0.10218840911984443,-0.09716052561998367,-0.06812657117843628
dt_0.5_ms,6260,3.13,307461,0.0,True,0.00010436736192787066,0.00020653523097280413,0.00027669305563904345,0.0005221798084676274,0.0006425992352887991,0.006694426294416189,0.00018768154490479488,3.522436229785054e-08,0.01,3075,0.0009883362762402835,0.0005221999599598348,0.006694426294416189,-0.0020386247525006206,0.00033043973866843157,-0.09196673941927228,0.37412431590019674,0.42227825625944443,0.9648780487804878,0.6952845528455285,0.0,0.0,-0.30327038168907167,-0.00501007167622447,0.30327022075653076,-0.30326118767261506,5.691907063010149e-06,0.30326115190982816,-0.1021913893520832,-0.0971587598323822,-0.06797025501728057
dt_0.5_ms,6280,3.14,307461,0.0,True,0.00010441187623655424,0.00020849095017183572,0.00027888783370144665,0.0005226620356552317,0.0006429092027246957,0.006577925756573677,0.00018792019529400257,3.531399979933606e-08,0.01,3075,0.000989833203545673,0.0005226975190453231,0.006577925756573677,-0.001233756256327391,0.00010266628477956242,-0.09152933331887897,0.37537116551753713,0.4223542760935537,0.9648780487804878,0.6803252032520325,0.0,0.0,-0.3032763421535492,-0.005007673054933548,0.3032761812210083,-0.3032671481370926,7.047035978757776e-06,0.3032671123743057,-0.10219537615776061,-0.09715960919857025,-0.06299874186515808
dt_0.5_ms,6300,3.15,307461,0.0,True,0.00010459195618750528,0.0002100420097121969,0.0002806124684866518,0.000521954253781587,0.0006417443626560276,0.006486018653959036,0.00018799923032746397,3.534371060371885e-08,0.01,3075,0.0009884979253316798,0.0005219578160904348,0.006486018653959036,-0.0010423332760086577,-0.00013580939588947086,-0.09138361879480564,0.3758193877496861,0.4223665184292,0.9648780487804878,0.6751219512195122,0.0,0.0,-0.30328230261802674,-0.005007673054933548,0.30328214168548584,-0.30327310860157014,5.654258984577609e-06,0.30327307283878324,-0.10220245495438576,-0.09716229140758514,-0.06298696175217629
dt_0.5_ms,6320,3.16,307461,0.0,True,0.00010481857316335663,0.000210581420105882,0.0002809148281812668,0.0005204833811149009,0.0006402132567018272,0.0064493203535676,0.00018800018317548855,3.534406887401725e-08,0.01,3075,0.0009867008975366267,0.0005205022753216326,0.0064493203535676,-0.0008859020230011083,-0.0007226908091132923,-0.09136540393034617,0.3759075990721571,0.4223665184292,0.9648780487804878,0.6747967479674797,0.0,0.0,-0.3032882630825043,-0.005005438346415758,0.3032881021499634,-0.3032790690660477,3.8142686662467895e-06,0.3032790333032608,-0.10221115723252297,-0.09716521203517914,-0.06299191042780876
dt_0.5_ms,6340,3.17,307461,0.0,True,0.00010497433686396107,0.0002102215657941997,0.0002799547801259905,0.000518858036957682,0.0006383880332577974,0.006416962947696447,0.00018771739391649532,3.5237819978800674e-08,0.01,3075,0.0009843278686303978,0.0005188792711123824,0.006416962947696447,-0.0005222460719973449,-0.000571993329762099,-0.09140936509622791,0.3757628579090616,0.4223665184292,0.9648780487804878,0.6760975609756098,0.0,0.0,-0.3032942235469818,-0.005004389677196741,0.3032940626144409,-0.3032850295305252,5.482132110046223e-06,0.3032849937677383,-0.10222009792923928,-0.09716854989528656,-0.06299863606691361
dt_0.5_ms,6360,3.18,307461,0.0,True,0.00010500884673092514,0.00020924686396028847,0.00027816975489258766,0.0005172088858671486,0.0006365208420902501,0.006364380940794945,0.00018707363645791204,3.4996545457587033e-08,0.01,3075,0.0009806926311107308,0.0005172099336050451,0.006364380940794945,-0.001749515055743529,-0.0010268462238306481,-0.09146668549233336,0.3755456436476457,0.4223665184292,0.9648780487804878,0.6786991869918699,0.0,0.0,-0.30330018401145936,-0.00501007167622447,0.30330002307891846,-0.30329098999500276,-0.005004486069083214,0.30329095423221586,-0.10222903862595559,-0.09717179089784622,-0.06300511434674264
dt_0.5_ms,6380,3.19,307461,0.0,True,0.00010485007805982605,0.00020791040151380002,0.00027643993962556124,0.0005153910606168214,0.0006346362933982164,0.006314168218523264,0.00018636411091126827,3.4731581835747496e-08,0.01,3075,0.0009770715657462616,0.0005153992678970098,0.006314168218523264,-0.0016631913154389983,-0.0012010207794103521,-0.0915575178294647,0.3752650849128917,0.4223665184292,0.9648780487804878,0.6813008130081301,0.0,0.0,-0.3033061444759369,-0.005008336156606674,0.303305983543396,-0.3032969504594803,-0.005004486069083214,0.3032969146966934,-0.1022379793226719,-0.0971757173538208,-0.0630126178264618
dt_0.5_ms,6400,3.2,307461,0.0,True,0.00010448074317537248,0.0002067210734821856,0.0002751612337306142,0.0005137581028975551,0.0006327261100523175,0.006265969481319189,0.0001856158328637573,3.4453237409706287e-08,0.01,3075,0.0009735937144728453,0.0005137682310305536,0.006265969481319189,-0.0017278375473688725,-0.0008191721912063384,-0.09162987227362346,0.3750246096114853,0.4223665184292,0.9652032520325203,0.6835772357723577,0.0,0.0,-0.30331210494041444,-0.00501007167622447,0.30331194400787354,-0.30330291092395784,3.9468068280257285e-06,0.30330287516117094,-0.1022469200193882,-0.09717901796102524,-0.06301924586296082
dt_0.5_ms,6420,3.21,307461,0.0,True,0.00010407413356006145,0.00020577700342983007,0.0002741793286986649,0.0005122674047015611,0.000630640471354127,0.006219848524779081,0.00018492449281841354,3.4197068044147477e-08,0.01,3075,0.0009702273950783339,0.0005122761358506978,0.006219848524779081,-0.0020100012269371683,-0.0005712239589346113,-0.09167607926740878,0.37487544594418365,0.4223665184292,0.9661788617886179,0.6852032520325203,0.0,0.0,-0.303318065404892,-0.01000964269042015,0.3033179044723511,-0.3033088713884354,4.830463240068639e-06,0.3033088356256485,-0.10225586071610451,-0.09718260169029236,-0.06302520632743835
dt_0.5_ms,6440,3.22,307461,0.0,True,0.0001038237678585574,0.00020517980738077313,0.0002735929738264531,0.0005109208752401175,0.0006290498131420464,0.006230748258531094,0.0001846268512738887,3.408707421131061e-08,0.01,3075,0.0009687992800746446,0.0005109253106638789,0.006230748258531094,-0.0018285469455825078,-0.000178858916268785,-0.09171611283125916,0.3747366475078673,0.4223665184292,0.9665040650406505,0.6865040650406504,0.0,0.0,-0.3033240258693695,-0.01000937819480896,0.3033238649368286,-0.3033148318529129,6.037637831468601e-06,0.303314796090126,-0.10226480141282082,-0.097185879945755,-0.0630311667919159
dt_0.5_ms,6460,3.23,307461,0.0,True,0.00010367117647547275,0.0002048617461696267,0.0002732181746978313,0.0005096182576380671,0.0006274521350860597,0.006228654645383358,0.00018430885970656752,3.396975576633518e-08,0.01,3075,0.0009665514953903914,0.0005096208769828081,0.006228654645383358,-0.0026629050305204205,8.064402302415243e-05,-0.09172769722172884,0.3746772908468821,0.4223665184292,0.967479674796748,0.6865040650406504,0.0,0.0,-0.30332998633384706,-0.010014784522354603,0.30332982540130615,-0.30332079231739045,6.15004364590277e-06,0.30332075655460355,-0.10227374210953713,-0.09718921035528183,-0.06303682923316956
dt_0.5_ms,6480,3.24,307461,0.0,True,0.00010359354928368703,0.0002048031019512564,0.0002728997205849737,0.0005083577241748573,0.0006260482012294233,0.0062039135955274105,0.00018408720127995471,3.388809767508656e-08,0.01,3075,0.0009648470672195762,0.0005083614960312843,0.0062039135955274105,-0.0022917830035244446,0.0007088560999310596,-0.09171944767600153,0.37473433318045796,0.4223665184292,0.9678048780487805,0.688130081300813,0.0,0.0,-0.3033359467983246,-0.010010355152189732,0.3033357858657837,-0.303326752781868,0.005017708521336317,0.3033267170190811,-0.10228268280625344,-0.09719257056713104,-0.06304242014884949
dt_0.5_ms,6500,3.25,307461,0.0,True,0.00010360612941440195,0.00020457639766391367,0.0002725437516346574,0.0005070186103694143,0.0006244379153940827,0.006172989495098591,0.00018375848781402522,3.3767181843697254e-08,0.01,3075,0.0009621017807110296,0.0005070256302133203,0.006172989495098591,-0.0024123314170640888,0.0006915136341348539,-0.09175171740777124,0.374610071421845,0.4223665184292,0.968130081300813,0.6891056910569106,0.0,0.0,-0.30334190726280214,-0.010013480670750141,0.30334174633026123,-0.30333271324634553,0.005019574426114559,0.30333267748355863,-0.10229162350296975,-0.09719576686620712,-0.06304838061332703
dt_0.5_ms,6520,3.2600000000000002,307461,0.0,True,0.0001036522226058878,0.0002043591084657237,0.00027215617592446506,0.0005057040718384089,0.0006229578400962065,0.006154243368655443,0.0001835910766836756,3.370568343787125e-08,0.01,3075,0.0009604310132638831,0.0005057076341472566,0.006154243368655443,-0.002393487776593454,0.0007145536008384232,-0.09176276835847676,0.3745752444308617,0.4223665184292,0.9684552845528456,0.6891056910569106,0.0,0.0,-0.3033478677272797,-0.010013480670750141,0.30334770679473877,-0.30333867371082307,0.005019667558372021,0.30333863794803617,-0.10230056419968606,-0.0971989780664444,-0.06305434107780457
dt_0.5_ms,6540,3.27,307461,0.0,True,0.00010363639012211934,0.0002040529652731493,0.0002715823648031801,0.0005045433063060047,0.0006214540393557401,0.006118795834481716,0.00018321023911419673,3.356599171628114e-08,0.01,3075,0.0009575479245002616,0.0005045502912253141,0.006118795834481716,-0.0030189165115629244,0.0006501794167735074,-0.09175931557407224,0.3745769287616796,0.4223665184292,0.968780487804878,0.688780487804878,0.0,0.0,-0.3033538281917572,-0.015015452168881893,0.3033536672592163,-0.3033446341753006,0.005020885728299618,0.3033445984125137,-0.10230950489640236,-0.09720198065042496,-0.06305972039699555
dt_0.5_ms,6560,3.2800000000000002,307461,0.0,True,0.00010349795775255188,0.00020356738241389394,0.0002708848915062845,0.0005032959161326292,0.0006199439638294285,0.00609589833766222,0.00018291668677065064,3.3458514299152316e-08,0.01,3075,0.0009558606209854284,0.0005033048219047487,0.00609589833766222,-0.0029250766456107896,0.0008224043721438795,-0.0917775153932048,0.37455034837600554,0.4223665184292,0.968780487804878,0.6891056910569106,0.0,0.0,-0.30335978865623475,-0.010017672553658485,0.30335962772369385,-0.30335059463977815,0.005022416356950998,0.30335055887699125,-0.10231844559311867,-0.09720496088266373,-0.06306626200675965
dt_0.5_ms,6580,3.29,307461,0.0,True,0.00010324551840312779,0.00020304825739003718,0.0002702008932828903,0.000501827488187701,0.0006182904529850941,0.006063413806259632,0.00018241591514936927,3.3275566099781884e-08,0.01,3075,0.0009529646247723783,0.0005018417723476887,0.006063413806259632,-0.0030944203827797854,0.0007153579626820437,-0.0918153991992396,0.37447756720017084,0.42237043288724424,0.9691056910569106,0.6900813008130081,0.0,0.0,-0.3033657491207123,-0.015015452168881893,0.3033655881881714,-0.3033565551042557,0.00502250948920846,0.3033565193414688,-0.10232738628983498,-0.09720809012651443,-0.06307259202003479
dt_0.5_ms,6600,3.3000000000000003,307461,0.0,True,0.00010293897503288463,0.00020233409304637462,0.0002693495771382004,0.000500389246735722,0.0006167392130009831,0.0060318815521895885,0.00018186303926332736,3.307416505009455e-08,0.01,3075,0.0009501433348268029,0.0005003921105526388,0.0060318815521895885,-0.0030551448077694955,0.00037626104089716,-0.0918233767745456,0.37448873789045795,0.42237633251057666,0.9694308943089431,0.6910569105691057,0.0,0.0,-0.30337170958518983,-0.010017672553658485,0.3033715486526489,-0.3033625155687332,0.005022602621465921,0.30336247980594633,-0.10233632698655129,-0.0972110703587532,-0.06307855248451233
dt_0.5_ms,6620,3.31,307461,0.0075,True,0.00010270925122313201,0.00020192789088469,0.0002689562097657472,0.0004989437991753223,0.0006152512680273503,0.0060086618177592754,0.00018152127587038123,3.294997359361105e-08,0.01,3075,0.0009484472429205671,0.0004989498411305249,0.0060086618177592754,-0.003176742683272595,-4.0323206820146404e-05,-0.09182140699247035,0.3746063435580197,0.4223822321339463,0.9694308943089431,0.6920325203252032,0.0,0.0,-0.30337767004966737,-0.015015452168881893,0.30337750911712646,-0.30336847603321077,0.005018360447138548,0.30336844027042387,-0.1023452676832676,-0.09721462428569794,-0.06308414340019226
dt_0.5_ms,6640,3.3200000000000003,307461,0.0175,True,0.00010252482024952769,0.00020145176677033305,0.0002682552731130272,0.000497365510091186,0.0006135420873761177,0.005987849086523056,0.00018108685783452388,3.279245008038106e-08,0.01,3075,0.0009457925660724986,0.0004973767208866775,0.005987849086523056,-0.002775853815006814,0.00017321432834524616,-0.09183239594223054,0.3745210295337888,0.42238813175735335,0.9700813008130081,0.6923577235772358,0.0,0.0,-0.3033836305141449,-0.010017672553658485,0.303383469581604,-0.3033744364976883,0.00502022635191679,0.3033744007349014,-0.10235420837998391,-0.09721764177083969,-0.0630901038646698
dt_0.5_ms,6660,3.33,307461,0.0275,True,0.00010236456000711769,0.00020093072089366615,0.0002676277363207191,0.0004959761048667135,0.0006120142352301628,0.005961296148598194,0.0001806440309241463,3.263226590852392e-08,0.01,3075,0.0009430106420531808,0.0004959804355166852,0.005961296148598194,-0.001764471649983338,3.5608650955324944e-05,-0.09181290097831847,0.37450410540929363,0.4223939359019061,0.9710569105691057,0.6923577235772358,0.0003252032520325203,0.0,-0.30338959097862245,-0.01000964269042015,0.30338943004608154,-0.30338039696216584,0.005018546711653471,0.30338036119937895,-0.10236314907670022,-0.09722062200307846,-0.06309548318386078
dt_0.5_ms,6680,3.34,307461,0.0375,True,0.00010229433246422559,0.0002005277929129079,0.00026703797630034387,0.0004945338121615352,0.0006103443447500468,0.005936276633292437,0.00018025504374324632,3.2491880794879645e-08,0.01,3075,0.0009401861697102223,0.0004945384571328759,0.005936276633292437,-0.00044466562248184034,0.00016211003337676682,-0.09187946067517244,0.3743202504453329,0.4224021119677999,0.9720325203252033,0.6943089430894309,0.0003252032520325203,0.0,-0.3033955514431,-0.005005438346415758,0.3033953905105591,-0.3033863574266434,7.244961125252303e-06,0.3033863216638565,-0.10237208977341652,-0.09722429513931274,-0.06310202479362488
dt_0.5_ms,6700,3.35,307461,0.0475,True,0.00010223502613371238,0.00020038573711644858,0.0002665927750058472,0.0004932077950797976,0.0006088583613745871,0.005918875802308321,0.00017991677030159122,3.237004423575553e-08,0.01,3075,0.000937607524352436,0.0004932118463329971,0.005918875802308321,-0.0009722708335234935,8.882571928049541e-05,-0.0918283767737751,0.3743698263026801,0.42241619229168087,0.9720325203252033,0.6946341463414634,0.0013008130081300813,0.0,-0.3034015119075775,-0.005011468194425106,0.3034013509750366,-0.3033923178911209,6.722455509589054e-06,0.303392282128334,-0.10238103047013283,-0.0972273126244545,-0.06310681253671646
dt_0.5_ms,6720,3.36,307461,0.0575,True,0.0001022072829073295,0.0002000782114919275,0.0002661236794665456,0.0004918392864055932,0.0006071425857953735,0.005895426496863365,0.0001795523453275386,3.2239044712619674e-08,0.01,3075,0.0009348812748912753,0.0004918420454487205,0.005895426496863365,-0.001085364278421211,0.0001484933040234413,-0.09183338818032431,0.3743424029852678,0.4224220919152372,0.9723577235772358,0.6946341463414634,0.0013008130081300813,0.0,-0.30340747237205506,-0.01000937819480896,0.30340731143951416,-0.30339827835559846,6.767057584511349e-06,0.30339824259281156,-0.10238997116684914,-0.09723029285669327,-0.063112773001194
dt_0.5_ms,6740,3.37,307461,0.0675,True,0.00010218669922323897,0.00019978055206593126,0.000265569135081023,0.0004904991132207216,0.0006057427206542345,0.005880565382540226,0.00017929512526144428,3.2146741942516996e-08,0.01,3075,0.0009330544400415042,0.0004904999514110386,0.005880565382540226,-0.000947371496452829,0.0004048171420511541,-0.09184699728409192,0.3742741129623294,0.422427819801306,0.9726829268292683,0.6949593495934959,0.0013008130081300813,0.0,-0.3034134328365326,-0.005011468194425106,0.3034132719039917,-0.303404238820076,8.504105608153623e-06,0.3034042030572891,-0.10239891186356545,-0.09723323583602905,-0.06311873346567154
dt_0.5_ms,6760,3.38,307461,0.0775,True,0.00010218254465144128,0.0001995830680243671,0.0002649494563229382,0.0004893871606327594,0.000604480231413618,0.005859812255948782,0.00017900919112219597,3.204429050622289e-08,0.01,3075,0.000930742346889877,0.0004893875448033214,0.005859812255948782,-0.0011648826310494689,0.0009413255709032973,-0.0918418655398385,0.3742507034276497,0.4224283966040564,0.9726829268292683,0.6949593495934959,0.0013008130081300813,0.0,-0.30341939330101014,-0.01000964269042015,0.30341923236846924,-0.30341019928455354,0.005021910183131695,0.30341016352176664,-0.10240785256028176,-0.0972357913851738,-0.06312469393014908
dt_0.5_ms,6780,3.39,307461,0.08750000000000001,True,0.00010212090273853391,0.0001992882607737556,0.00026460742810741067,0.0004882309993263334,0.0006030534044839443,0.005849023815244436,0.00017868482929625745,3.1928268220632666e-08,0.01,3075,0.0009283051466497373,0.00048823145334608853,0.005849023815244436,-0.000882704446471729,0.0008768929827078309,-0.09184118622349863,0.37425032218826587,0.4224283966040564,0.9726829268292683,0.6949593495934959,0.0013008130081300813,0.0,-0.3034253537654877,-0.005008336156606674,0.3034251928329468,-0.3034161597490311,0.005022003315389156,0.3034161239862442,-0.10241679325699807,-0.09723865985870361,-0.06313065439462662
dt_0.5_ms,6800,3.4,307461,0.0975,True,0.00010201692930422723,0.00019892212003469467,0.0002642314648255706,0.00048720844788476865,0.0006016397324856375,0.005834808573126793,0.00017836381460971005,3.181365036212702e-08,0.01,3075,0.0009259532632616659,0.00048721922212280333,0.005834808573126793,-0.0008361083353247153,0.000533155234658134,-0.09182321484736357,0.3742895871015834,0.4224283966040564,0.9726829268292683,0.6949593495934959,0.0013008130081300813,0.0,-0.3034313142299652,-0.0050050984136760235,0.3034311532974243,-0.3034221202135086,0.005020971409976482,0.3034220844507217,-0.10242573395371438,-0.09724084287881851,-0.06313661485910416
dt_0.5_ms,6820,3.41,307461,0.1075,True,0.00010188777378061786,0.0001983317342819646,0.00026347351376898587,0.00048593890969641514,0.0006000561639666562,0.005816934164613485,0.00017794590182809437,3.1664743977413804e-08,0.01,3075,0.0009234434112951886,0.0004859407781623304,0.005816934164613485,-0.0013055064326555645,0.00036556280919573575,-0.09182834018608631,0.37429593692761354,0.4224283966040564,0.9726829268292683,0.6949593495934959,0.0013008130081300813,0.0,-0.30343727469444276,-0.005008336156606674,0.30343711376190186,-0.30342808067798616,0.0050191557966172695,0.30342804491519926,-0.10243467465043068,-0.09724382311105728,-0.0631425753235817
dt_0.5_ms,6840,3.42,307461,0.11750000000000001,True,0.00010170945461140946,0.0001977872016141191,0.0002625748747959733,0.00048459701938554647,0.0005983136943541476,0.005881317891180515,0.00017747947207662703,3.149896300859823e-08,0.01,3075,0.0009201913425789738,0.0004845975781790912,0.005881317891180515,-0.0013747432742873135,-0.0007267192510157545,-0.09189649557656934,0.37412276368041153,0.422427819801306,0.9730081300813008,0.6972357723577236,0.0013008130081300813,0.0,-0.3034432351589203,-0.0050113871693611145,0.3034430742263794,-0.3034340411424637,-0.005004486069083214,0.3034340053796768,-0.10244298651814461,-0.09724736958742142,-0.0631497085094452
dt_0.5_ms,6860,3.43,307461,0.1275,True,0.00010158053191844374,0.00019718868134077638,0.0002617434074636549,0.00048334447201341395,0.0005966615397483113,0.005863156169652939,0.00017706768639833044,3.13529655664575e-08,0.01,3075,0.00091790019917847,0.00048334611346945167,0.005863156169652939,-0.0013415268273188191,-0.0009827755710747573,-0.09191406761928332,0.3741284315758589,0.422427819801306,0.9730081300813008,0.697560975609756,0.0013008130081300813,0.0,-0.30344919562339784,-0.0050113871693611145,0.30344903469085693,-0.30344000160694123,-0.005004625301808119,0.30343996584415434,-0.10244925916194916,-0.09725042432546616,-0.06315566897392273
dt_0.5_ms,6880,3.44,307461,0.1375,True,0.0001015051529975608,0.00019655650248751044,0.0002609509392641485,0.0004822737071663145,0.0005952719016931961,0.005852619186043739,0.00017669905212839673,3.122255502307387e-08,0.01,3075,0.0009157674347913665,0.0004822834162041545,0.005852619186043739,-0.000552529554091466,-0.0011356599301987859,-0.0919234729749037,0.3741563143463336,0.4224283966040564,0.9730081300813008,0.6972357723577236,0.0013008130081300813,0.0,-0.3034551560878754,-0.005004710517823696,0.3034549951553345,-0.3034459620714188,-0.005004684440791607,0.3034459263086319,-0.10245223939418793,-0.09725392609834671,-0.06316104829311371
dt_0.5_ms,6900,3.45,307461,0.1475,True,0.00010140914673684165,0.00019608413276728243,0.00026031958987005055,0.00048099327250383816,0.0005937596084550042,0.0058281500823795795,0.00017628542419576758,3.107655078388172e-08,0.01,3075,0.0009131781208400834,0.0004809986858163029,0.0058281500823795795,-4.0930254800473705e-05,-0.0015064854017690207,-0.09195168023764315,0.3740840680120276,0.4224308137831895,0.9730081300813008,0.6978861788617886,0.0013008130081300813,0.0,-0.3034611165523529,-3.3159417398564983e-06,0.303460955619812,-0.3034519225358963,-0.005006308667361736,0.3034518867731094,-0.1024552196264267,-0.09725707769393921,-0.06316758990287781
dt_0.5_ms,6920,3.46,307461,0.1575,True,0.00010130657028639689,0.00019566857372410595,0.00025964953238144517,0.0004791668266989294,0.0005922341078985484,0.005832587368786335,0.00017589787085290395,3.0940060970584876e-08,0.01,3075,0.0009101396150379707,0.00047917646588757634,0.005832587368786335,0.00028560380229789847,-0.001558055260300431,-0.09202534073269056,0.3738572131323329,0.4224298467626928,0.9739837398373984,0.7014634146341463,0.0013008130081300813,0.0,-0.30346707701683046,-2.5210374587913975e-06,0.30346691608428955,-0.30345788300037385,-0.0050047896802425385,0.30345784723758695,-0.10246071815490723,-0.09726010262966156,-0.06317421793937683
dt_0.5_ms,6940,3.47,307461,0.1675,True,0.00010120512160938233,0.00019516480097081512,0.0002588596544228494,0.0004772607469931254,0.0005908275546971713,0.00584082305431366,0.0001755258292783376,3.080931674384812e-08,0.01,3075,0.0009072012384895357,0.00047728512436151505,0.00584082305431366,0.00042128399894745524,-0.0017345774799463012,-0.09213138380298028,0.3736482012805281,0.4224283966040564,0.9752845528455285,0.7053658536585365,0.0013008130081300813,0.0,-0.303473037481308,-2.1358835056162206e-06,0.3034728765487671,-0.3034638434648514,-0.005007455125451088,0.3034638077020645,-0.10246926322579383,-0.09726369380950928,-0.06320386230945588
dt_0.5_ms,6960,3.48,307461,0.1775,True,0.00010108598507940769,0.00019438161689322442,0.000257973006227985,0.0004758044087793679,0.0005896873248275383,0.005847138352692127,0.00017519997729825156,3.0695032045307867e-08,0.01,3075,0.0009049864067143298,0.00047580772661603987,0.005847138352692127,0.0008813356286531401,-0.0020184621862932633,-0.09215888235634723,0.373546419027167,0.4224298467626928,0.975609756097561,0.7069918699186992,0.0016260162601626016,0.0,-0.30347899794578553,-9.57775682763895e-07,0.30347883701324463,-0.30346980392932893,-0.010009489953517914,0.30346976816654203,-0.10247714668512345,-0.09726695716381073,-0.06320050954818726
dt_0.5_ms,6980,3.49,307461,0.1875,True,0.00010094414028571919,0.0001938374334713444,0.00025714689400047064,0.00047418802860193073,0.0005881643213797362,0.005852837581187487,0.00017478679684155776,3.055042435013199e-08,0.01,3075,0.0009021488749100335,0.0004742183955386281,0.005852837581187487,0.0013003975675532297,-0.0015765710522485064,-0.09219441987044079,0.373350281581111,0.4224308137831895,0.975609756097561,0.7095934959349594,0.001951219512195122,0.0,-0.3034849584102631,0.005005077924579382,0.30348479747772217,-0.30347576439380647,-0.005007455125451088,0.30347572863101957,-0.10248608738183976,-0.09727005660533905,-0.06320531070232392
dt_0.5_ms,7000,3.5,307461,0.1975,True,0.00010086262773256749,0.00019334498210810125,0.0002562642621342093,0.0004730582062620676,0.0005870421242434545,0.005858722608536482,0.0001744402065896156,3.0429385675027774e-08,0.01,3075,0.000899763429438983,0.000473074585897848,0.005858722608536482,0.0015278178321266093,-0.001373729272518102,-0.092223208916896,0.3731116811763805,0.4224310012873255,0.975609756097561,0.7112195121951219,0.0022764227642276423,0.0,-0.3034909188747406,0.005005924496799707,0.3034907579421997,-0.303481724858284,-0.005004684440791607,0.3034816890954971,-0.10249502807855607,-0.09727320820093155,-0.0632190801203251
dt_0.5_ms,7020,3.5100000000000002,307461,0.20750000000000002,True,0.00010078437480842695,0.0001929639547597617,0.0002556863473728299,0.0004720089258626107,0.0005858256656210881,0.0058687408454716206,0.00017421715219273005,3.0351616118144866e-08,0.01,3075,0.0008983442742695532,0.00047201814595609903,0.0058687408454716206,0.0017884422781585124,-0.0006007555184209847,-0.09224518493908207,0.3729067964282234,0.42244115444617564,0.9762601626016261,0.712520325203252,0.002926829268292683,0.0,-0.30349687933921815,0.00500686839222908,0.30349671840667725,-0.30348768532276155,5.916050213272683e-06,0.30348764955997465,-0.10250396877527237,-0.09727621078491211,-0.06806421801447868
dt_0.5_ms,7040,3.52,307461,0.2175,True,0.00010064197704195976,0.0001928185811266303,0.00025542807998135686,0.00047099940129555776,0.0005845781823154559,0.0058733513578772545,0.00017394876654526172,3.025817338261797e-08,0.01,3075,0.0008963559576446508,0.0004710027715191245,0.0058733513578772545,0.001830018843876443,-0.0008024883623251136,-0.09227130396901137,0.3728450002596723,0.42244115444617564,0.9765853658536585,0.713170731707317,0.002926829268292683,0.0,-0.3035028398036957,0.00500686839222908,0.3035026788711548,-0.3034936457872391,5.946671080891974e-06,0.3034936100244522,-0.10251290947198868,-0.09727916866540909,-0.0681198798120022
dt_0.5_ms,7060,3.5300000000000002,307461,0.2275,True,0.0001005793092190288,0.00019270565826445818,0.0002552290097810328,0.0004697134951129556,0.0005832829861901706,0.005877433344721794,0.00017373526475484508,3.0183942219436116e-08,0.01,3075,0.0008945088550293197,0.00046971370466053486,0.005877433344721794,0.0014358983472344867,-0.000417804724523349,-0.09225845337540622,0.3728461125373948,0.42244115444617564,0.9765853658536585,0.713170731707317,0.0032520325203252032,0.0,-0.30350880026817323,0.005005924496799707,0.3035086393356323,-0.3034996062517166,7.47196827433072e-06,0.3034995704889297,-0.10252185016870499,-0.09728219360113144,-0.06812435016036035
dt_0.5_ms,7080,3.54,307461,0.23750000000000002,True,0.0001005754602374509,0.00019263253489043564,0.00025505240773782134,0.00046874274848960457,0.0005823238170705741,0.005883467383682728,0.0001736572630002123,3.0156844992724904e-08,0.01,3075,0.0008934598486317791,0.0004687730979640037,0.005883467383682728,0.0011478119670896634,-0.00011861195750180201,-0.09219598116199827,0.37296033734841466,0.42244115444617564,0.9765853658536585,0.711869918699187,0.0035772357723577236,0.0,-0.30351476073265077,0.0050056190229952335,0.30351459980010986,-0.30350556671619416,9.676251465862151e-06,0.30350553095340727,-0.1025307908654213,-0.09728508442640305,-0.06807491406798363
dt_0.5_ms,7100,3.5500000000000003,307461,0.2475,True,0.00010057195322588086,0.0001925094984471798,0.0002546008618082851,0.0004678785218857245,0.0005813084077090031,0.005887130741029978,0.00017346302223089085,3.008942008147453e-08,0.01,3075,0.0008916468282109051,0.00046792032662779093,0.005887130741029978,0.0011418825070311838,0.00036866047388034126,-0.09223621169599228,0.3728188076090813,0.42244115444617564,0.9765853658536585,0.7128455284552846,0.0035772357723577236,0.0,-0.3035207211971283,0.005005924496799707,0.3035205602645874,-0.3035115271806717,0.005022368393838406,0.3035114914178848,-0.10253973156213761,-0.09728806465864182,-0.06808357685804367
dt_0.5_ms,7120,3.56,307461,0.2575,True,0.00010058481711894274,0.0001922196679515764,0.0002542423317208886,0.00046688807196915215,0.0005805414984934041,0.005894640926271677,0.00017345850669330947,3.0087853544272886e-08,0.01,3075,0.000891461542625798,0.000466904224595055,0.005894640926271677,0.0006423001225294587,0.00023133202266836908,-0.09222359703170378,0.37290649840549905,0.42244115444617564,0.9765853658536585,0.712520325203252,0.003902439024390244,0.0,-0.30352668166160585,0.00500520272180438,0.30352652072906494,-0.30351748764514924,0.005020688753575087,0.30351745188236234,-0.10254867225885392,-0.09729111194610596,-0.06808804720640182
dt_0.5_ms,7140,3.5700000000000003,307461,0.2675,True,0.00010053510050056502,0.0001918429770739749,0.00025374983670189977,0.000466063286876306,0.0005795526085421444,0.0059035648591816425,0.00017327058606089128,3.002269599388473e-08,0.01,3075,0.0008899853733837665,0.00046606405521743,0.0059035648591816425,0.0008138858129005874,-0.0001565134144756137,-0.09220583380907925,0.37303568197982134,0.42244115444617564,0.9765853658536585,0.7115447154471545,0.003902439024390244,0.0,-0.3035326421260834,0.0050056190229952335,0.3035324811935425,-0.3035234481096268,7.646613994438667e-06,0.3035234123468399,-0.10255761295557023,-0.09729409217834473,-0.06808954626321792
dt_0.5_ms,7160,3.58,307461,0.2775,True,0.000100437413493637,0.00019148841965943575,0.00025319194537587464,0.0004650914983358236,0.000578661059262231,0.005907170008867979,0.00017302735310047445,2.993846492095626e-08,0.01,3075,0.0008883788487003223,0.00046509705134667456,0.005907170008867979,0.0004976864784887441,-0.0007260546394434464,-0.09226181796301398,0.3727528642380691,0.42244115444617564,0.9772357723577236,0.7134959349593496,0.003902439024390244,0.0,-0.3035386025905609,-8.556698389838857e-07,0.30353844165802,-0.3035294085741043,5.325843630998861e-06,0.3035293728113174,-0.10256655365228654,-0.09729712456464767,-0.06816889941692353
dt_0.5_ms,7180,3.59,307461,0.28750000000000003,True,0.00010025789379142225,0.00019110547145828605,0.00025283487048000097,0.00046427515335381093,0.000577868998516351,0.005914080422371626,0.00017290203596226074,2.98951140398949e-08,0.01,3075,0.000888118082250476,0.0004642906424123794,0.005914080422371626,0.0007041875859115722,-6.407550898444701e-05,-0.09226549670236503,0.37277055586765234,0.42244659061395656,0.9772357723577236,0.7134959349593496,0.003902439024390244,0.0,-0.30354456305503846,0.00500520272180438,0.30354440212249756,-0.30353536903858186,7.734407518000808e-06,0.30353533327579496,-0.10257549434900284,-0.0972999855875969,-0.06817589104175567
dt_0.5_ms,7200,3.6,307461,0.2975,True,0.00010000088514061645,0.00019089346460532397,0.00025239287060685456,0.00046322631533257674,0.0005769302253611391,0.005918012000620365,0.00017258554784548109,2.9785771325124838e-08,0.01,3075,0.0008863194315122607,0.00046322980779223144,0.005918012000620365,0.000394462602506278,0.00029472262554933203,-0.09226811265326824,0.3726856969777974,0.42245249031031484,0.9772357723577236,0.7141463414634146,0.003902439024390244,0.0,-0.303550523519516,0.005005066283047199,0.3035503625869751,-0.3035413295030594,8.590315701439977e-06,0.3035412937402725,-0.10258443504571915,-0.09730296581983566,-0.06818036139011383
dt_0.5_ms,7220,3.61,307461,0.3075,True,9.98957984847948e-05,0.00019068019173573703,0.0002519373665563762,0.00046246568672359006,0.0005758559505920862,0.005921896547079086,0.00017233841636761038,2.9700529756095835e-08,0.01,3075,0.0008844973089086361,0.00046246987767517567,0.005921896547079086,0.0005405657924087259,-0.00010963839467285283,-0.09234255394269901,0.37246694151220844,0.4224583900067075,0.9772357723577236,0.7157723577235773,0.003902439024390244,0.0,-0.30355648398399354,0.005005077924579382,0.30355632305145264,-0.30354728996753694,7.817350706318393e-06,0.30354725420475004,-0.10259337574243546,-0.09730631858110428,-0.06818789020180702
dt_0.5_ms,7240,3.62,307461,0.3175,True,9.98320392682217e-05,0.0001904802629724145,0.0002515608794055879,0.00046162246726453367,0.0005751051707193258,0.005927468650043011,0.0001722905103860153,2.968401996907364e-08,0.01,3075,0.0008843296294846398,0.0004616387595888227,0.005927468650043011,0.000141069892684455,0.0006930932237825127,-0.09236017379199904,0.3724809420900332,0.42246393953245237,0.9772357723577236,0.7160975609756097,0.003902439024390244,0.0,-0.3035624444484711,-9.229339639205136e-07,0.3035622835159302,-0.3035532504320145,0.005024145357310772,0.3035532146692276,-0.10260231643915177,-0.09730949252843857,-0.06819396317005158
dt_0.5_ms,7260,3.63,307461,0.3275,True,9.981814218917862e-05,0.00019023717322852463,0.0002510622434783727,0.00046060917666181924,0.0005741820379626006,0.005930988118052483,0.000172111167637579,2.9622254025570817e-08,0.01,3075,0.0008829058343412097,0.00046060991007834673,0.005930988118052483,3.5007532464507265e-05,-0.00018319193229121363,-0.09243664394278549,0.3722372247487587,0.42246454771995,0.9772357723577236,0.7180487804878048,0.003902439024390244,0.0,-0.3035684049129486,-1.252193328582507e-06,0.3035682439804077,-0.303559210896492,8.208498002204578e-06,0.3035591751337051,-0.10261125713586808,-0.09731272608041763,-0.06821787282824517
dt_0.5_ms,7280,3.64,307461,0.3375,True,9.976203000405803e-05,0.00018988225201610476,0.00025049448595382273,0.00045946019235998403,0.0005731540499255066,0.005934312008321285,0.00017187996262031703,2.9542721550361582e-08,0.01,3075,0.0008812354678927913,0.0004594622878357768,0.005934312008321285,0.0007294232865057146,-0.0001951771340599947,-0.0924664777421915,0.372153790391245,0.42246454771995,0.9772357723577236,0.7190243902439024,0.003902439024390244,0.0,-0.30357436537742616,-9.063702464118251e-07,0.30357420444488525,-0.30356517136096955,8.75854220794281e-06,0.30356513559818266,-0.10262019783258439,-0.09731575101613998,-0.06822839006781578
dt_0.5_ms,7300,3.65,307461,0.34750000000000003,True,9.972818224923685e-05,0.00018954757251776755,0.0002501381386537105,0.0004586976720020176,0.0005723423848394306,0.00593853835016489,0.0001718794715648723,2.9542552745419743e-08,0.01,3075,0.0008813617368913975,0.0004587002913467586,0.00593853835016489,0.0009323003731740911,-0.0001880178380120717,-0.09246334865973217,0.37221634836161677,0.42246454771995,0.9775609756097561,0.719349593495935,0.003902439024390244,0.0,-0.3035803258419037,0.005005066283047199,0.3035801649093628,-0.3035711318254471,8.799528586678207e-06,0.3035710960626602,-0.1026291385293007,-0.09731873124837875,-0.06823286041617393
dt_0.5_ms,7320,3.66,307461,0.3575,True,9.968731319531798e-05,0.0001891651190817356,0.00024971761740744114,0.00045778391067869984,0.0005715718900319189,0.005941298324614763,0.0001716851959032839,2.9475806492348965e-08,0.01,3075,0.0008799446870410073,0.00045778986532241106,0.005941298324614763,0.001793311912845849,-0.0011192064582154842,-0.09245543501481823,0.3722314895703518,0.4224498053193553,0.9775609756097561,0.719349593495935,0.003902439024390244,0.0,-0.30358628630638124,0.005005924496799707,0.30358612537384033,-0.30357709228992463,-0.005004486069083214,0.30357705652713773,-0.102638079226017,-0.09732166677713394,-0.06823128387331963
dt_0.5_ms,7340,3.67,307461,0.3675,True,9.95496375253424e-05,0.00018892806838266551,0.000249269389314577,0.0004568218078929933,0.0005708327516913416,0.005944548174738884,0.00017145979824110174,2.9398462412879313e-08,0.01,3075,0.0008785525765326783,0.0004568269941955805,0.005944548174738884,0.0017028726843651807,-0.001337924925074043,-0.09246683353685009,0.3721732888245316,0.42246454771995,0.9775609756097561,0.7196747967479675,0.003902439024390244,0.0,-0.3035922467708588,0.0050056190229952335,0.30359208583831787,-0.30358305275440217,-0.005004684440791607,0.3035830169916153,-0.10264701992273331,-0.09732450544834137,-0.06824180111289024
dt_0.5_ms,7360,3.68,307461,0.3775,True,9.934890840668231e-05,0.00018872028158511966,0.00024892998044379056,0.0004560828558169316,0.0005701276648323985,0.005948311183601618,0.0001713631488968112,2.936532879983069e-08,0.01,3075,0.0008785543257249443,0.00045611034147441387,0.005948311183601618,0.0009758634864141921,-0.000520866765679629,-0.09244950468063248,0.3722906726735292,0.4224616064363845,0.9775609756097561,0.7190243902439024,0.003902439024390244,0.0,-0.3035982072353363,-7.930714218673529e-07,0.3035980463027954,-0.3035890132188797,8.084728506219108e-06,0.3035889774560928,-0.10265596061944962,-0.09732737392187119,-0.06823200359940529
dt_0.5_ms,7380,3.69,307461,0.3875,True,9.920416778186336e-05,0.0001882894430309534,0.0002485858858563006,0.0004549717705231161,0.0005688959383405745,0.0060187638737261295,0.00017109028905207296,2.9271887007921872e-08,0.01,3075,0.000876570434481799,0.00045497456449083984,0.0060187638737261295,0.0017425603802181707,-0.0005256909544340584,-0.09257263796712552,0.3719391906012944,0.4224661415876385,0.9775609756097561,0.7229268292682927,0.003902439024390244,0.0,-0.30360416769981385,0.0050056190229952335,0.30360400676727295,-0.30359497368335725,8.139660167216789e-06,0.30359493792057035,-0.10266490131616593,-0.09733060747385025,-0.06827370077371597
dt_0.5_ms,7400,3.7,307461,0.3975,True,9.915963892126456e-05,0.00018797264783643186,0.0002480996772646904,0.00045409673475660427,0.0005679520661942669,0.005921678151935339,0.00017090103103481854,2.9207162408764012e-08,0.01,3075,0.000875159278597183,0.0004541086091194302,0.005921678151935339,0.0012330398728467508,-0.0003796315359533942,-0.09265621872904627,0.37174595371310304,0.42246867039842995,0.9775609756097561,0.7248780487804878,0.003902439024390244,0.0,-0.3036101281642914,0.005005077924579382,0.3036099672317505,-0.3036009341478348,8.213554792746436e-06,0.3036008983850479,-0.10267384201288224,-0.0973336324095726,-0.0683148242533207
dt_0.5_ms,7420,3.71,307461,0.40750000000000003,True,9.912452514981851e-05,0.00018780186655931175,0.0002477500238455832,0.00045331280562095356,0.0005670799058862032,0.005830016452819109,0.00017093518297058914,2.921883677718879e-08,0.01,3075,0.0008753449926379977,0.00045331561705097556,0.005830016452819109,0.000786779517947219,-0.0007224549493712846,-0.09273866798931248,0.3716689640383542,0.42246454771995,0.9772357723577236,0.7265040650406505,0.003902439024390244,0.0,-0.30361608862876893,-7.577021392535244e-07,0.303615927696228,-0.30360689461231233,5.908995717618382e-06,0.30360685884952543,-0.10268278270959855,-0.09733667224645615,-0.06834813952445984
dt_0.5_ms,7440,3.72,307461,0.4175,True,9.914972906699404e-05,0.00018766448192764074,0.0002474046777933836,0.0004525595810264364,0.0005665007862262429,0.0058301109820604324,0.0001708082087644949,2.9175444181335266e-08,0.01,3075,0.0008743236975922303,0.0004525978583842516,0.0058301109820604324,0.0010062080638567564,-0.0006173657085713696,-0.09272062438012033,0.37172737694963903,0.42247233997788153,0.9772357723577236,0.7258536585365853,0.003902439024390244,0.0,-0.30362204909324647,0.005005066283047199,0.30362188816070557,-0.30361285507678987,6.5947187977144495e-06,0.30361281931400297,-0.10269172340631486,-0.09733960777521133,-0.06834758520126342
dt_0.5_ms,7460,3.73,307461,0.4275,True,9.917547868099064e-05,0.0001873853470897302,0.0002470427716616541,0.0004521914350334562,0.0005658284062519672,0.005830738693475723,0.00017086027656374966,2.9193234107441025e-08,0.01,3075,0.0008747246483817878,0.0004522103990893811,0.005830738693475723,0.0013000619221062648,-0.000858178102242356,-0.0926899378366458,0.37196082502424976,0.42247233997788153,0.9775609756097561,0.7245528455284553,0.003902439024390244,0.0,-0.303628009557724,0.0050056190229952335,0.3036278486251831,-0.3036188155412674,6.010810466250405e-06,0.3036187797784805,-0.10270066410303116,-0.0973425880074501,-0.06834265440702439
dt_0.5_ms,7480,3.74,307461,0.4375,True,9.918596333591267e-05,0.00018718566570896655,0.0002467349695507437,0.0004514503641985358,0.0005649200931657109,0.005829826463013887,0.00017071720329024954,2.914436349924439e-08,0.01,3075,0.0008735604321572748,0.00045145308831706643,0.005829826463013887,0.001601661970309035,-0.0007398505242358587,-0.09268443854247424,0.37201690767679374,0.42247233997788153,0.9775609756097561,0.7242276422764228,0.003902439024390244,0.0,-0.30363397002220155,0.005005924496799707,0.30363380908966064,-0.30362477600574495,6.6585348577064e-06,0.30362474024295805,-0.10270960479974747,-0.09734562784433365,-0.06834037527441979
dt_0.5_ms,7500,3.75,307461,0.4475,True,9.919327567331493e-05,0.00018701366207096726,0.0002465328143443912,0.00045062167337164285,0.0005641424155328431,0.005827430170029402,0.0001706255045265131,2.9113062794927147e-08,0.01,3075,0.0008727090311145819,0.0004506222321651876,0.005827430170029402,0.0006369170419025512,-0.0007197196272374448,-0.09268362692214654,0.37209867917841016,0.42247233997788153,0.9775609756097561,0.7239024390243902,0.003902439024390244,0.0,-0.3036399304866791,-7.2173287435362e-07,0.3036397695541382,-0.3036307364702225,8.387930392927956e-06,0.3036307007074356,-0.10271519124507904,-0.09734867513179779,-0.06833717599511147
dt_0.5_ms,7520,3.7600000000000002,307461,0.4575,True,9.919529838953167e-05,0.00018709772848524153,0.0002466333389747888,0.00045020165853202384,0.000563271524151788,0.005825066938996315,0.00017065283397247775,2.912238974283806e-08,0.01,3075,0.0008725256489010573,0.00045021201367489994,0.005825066938996315,0.0009032890544447553,-0.0008874151594665922,-0.09267884283883088,0.37224934004851656,0.42247233997788153,0.9775609756097561,0.7232520325203252,0.003902439024390244,0.0,-0.3036458909511566,0.005005077924579382,0.3036457300186157,-0.3036366969347,-0.005004486069083214,0.3036366611719131,-0.10271845757961273,-0.09735165536403656,-0.06833574771881104
dt_0.5_ms,7540,3.77,307461,0.4675,True,9.918773139361292e-05,0.00018724019173532724,0.0002466908481437713,0.00044939825893379866,0.0005625016056001186,0.005822244565933943,0.00017061705494731612,2.9110179438895483e-08,0.01,3075,0.0008718382657081555,0.00044942862587049603,0.005822244565933943,0.000799506438634717,0.00018467563607144226,-0.09270608199459342,0.3721835251908195,0.42246454771995,0.9778861788617886,0.7245528455284553,0.003902439024390244,0.0,-0.30365185141563417,0.005005077924579382,0.30365169048309326,-0.30364265739917756,1.1438199180702213e-05,0.30364262163639066,-0.10272165164351463,-0.09735462069511414,-0.06835378631949425
dt_0.5_ms,7560,3.7800000000000002,307461,0.47750000000000004,True,9.915808914229274e-05,0.00018725657719187438,0.0002465573197696358,0.000448615127243102,0.0005617362097837033,0.00581979239359498,0.0001705725720845264,2.909500234753095e-08,0.01,3075,0.0008712430372342043,0.00044862518552690744,0.00581979239359498,0.0013576240686497692,-0.00017239064228979112,-0.09271377660831952,0.3722402080736333,0.4224706172811525,0.9778861788617886,0.7245528455284553,0.003902439024390244,0.0,-0.3036578118801117,0.005005924496799707,0.3036576509475708,-0.3036486178636551,8.768444786255714e-06,0.3036485821008682,-0.10272911041975022,-0.0973576158285141,-0.0683582566678524
dt_0.5_ms,7580,3.79,307461,0.4875,True,9.90986663964577e-05,0.00018714544421527535,0.0002463726850692183,0.0004477093927562237,0.0005609210929833354,0.0058174729347229,0.00017039999421188587,2.9036158027410737e-08,0.01,3075,0.000869886046956952,0.00044771103421226144,0.0058174729347229,0.001350338693258063,-0.0005302505377140341,-0.09266598356665279,0.37235817804217836,0.4224823172952012,0.9778861788617886,0.7239024390243902,0.004227642276422764,0.0,-0.30366377234458924,0.005006696097552776,0.30366361141204834,-0.30365457832813264,6.828786808910081e-06,0.30365454256534574,-0.10273805111646653,-0.0973605141043663,-0.0683491587638855
dt_0.5_ms,7600,3.8000000000000003,307461,0.4975,True,9.91591950878501e-05,0.00018699700012803078,0.0002460504474584013,0.0004470373212825511,0.0005603640980552884,0.005815370939671993,0.00017030105355228677,2.900244884101885e-08,0.01,3075,0.0008689307496973836,0.000447047728812322,0.005815370939671993,0.0014034417579455293,2.993210133221199e-05,-0.0926374550416547,0.37242010176357454,0.4224882170174449,0.9778861788617886,0.7242276422764228,0.004227642276422764,0.0,-0.3036697328090668,0.005006696097552776,0.3036695718765259,-0.3036605387926102,9.385706107423175e-06,0.3036605030298233,-0.1027458906173706,-0.09736350923776627,-0.06833000406622887
dt_0.5_ms,7620,3.81,307461,0.5075000000000001,True,9.915824193740264e-05,0.0001868159306468442,0.00024558426230214536,0.0004464061814360327,0.0005597013980150224,0.005812887102365494,0.00017019248645756428,2.8965482446608203e-08,0.01,3075,0.0008679491941953396,0.0004464225785341114,0.005812887102365494,0.0014004441665629312,0.000687225259675685,-0.09264052832164098,0.3724527026266796,0.42249158310679436,0.9778861788617886,0.7258536585365853,0.004227642276422764,0.0,-0.3036756932735443,0.005006696097552776,0.3036755323410034,-0.3036664992570877,0.005024789832532406,0.3036664634943008,-0.10275389552116394,-0.09736647456884384,-0.06833447441458702
dt_0.5_ms,7640,3.8200000000000003,307461,0.5175,True,9.910960216075182e-05,0.00018653759616427124,0.0002453059423714876,0.0004455132933799184,0.0005588893429376186,0.005810402799397707,0.00017001890842078258,2.8906429220594453e-08,0.01,3075,0.0008667072499496484,0.0004455308080650866,0.005810402799397707,0.0013045456239995001,-0.00013012329997919307,-0.09266618079544665,0.3723523099720404,0.4224916143967385,0.9778861788617886,0.727479674796748,0.0045528455284552845,0.0,-0.30368165373802186,0.005005924496799707,0.30368149280548096,-0.30367245972156526,9.470360964769498e-06,0.30367242395877836,-0.10276283621788025,-0.097369484603405,-0.06836256980895997
dt_0.5_ms,7660,3.83,307461,0.5275,True,9.908604988595471e-05,0.00018625981465447694,0.0002449936873745173,0.0004446886654477568,0.0005581420962698759,0.0058077541179955006,0.00016989666331615,2.8864876205961234e-08,0.01,3075,0.0008659179929674157,0.00044469177373684943,0.0058077541179955006,0.0013919018778305204,-0.00060555724359269,-0.09269794625881302,0.37227034720268687,0.4224916143967385,0.9778861788617886,0.7284552845528456,0.0045528455284552845,0.0,-0.3036876142024994,0.005006696097552776,0.3036874532699585,-0.3036784201860428,8.751572750043124e-06,0.3036783844232559,-0.10277177691459656,-0.09737247973680496,-0.06838060840964318
dt_0.5_ms,7680,3.84,307461,0.5375,True,9.910915105137974e-05,0.0001859168114606291,0.0002444627752993256,0.0004439628974068915,0.0005574564274866139,0.005804604850709438,0.00016972913820554068,2.8807980355995533e-08,0.01,3075,0.0008646616874342193,0.0004439758195076138,0.005804604850709438,0.001533549858856524,-0.0003552050690666327,-0.09271545245356638,0.37222956470547236,0.422489511768775,0.9778861788617886,0.728780487804878,0.0045528455284552845,0.0,-0.30369357466697694,0.005006696097552776,0.30369341373443604,-0.30368438065052034,9.202554792864248e-06,0.30368434488773344,-0.10278071761131287,-0.09737545996904373,-0.06839182823896409
dt_0.5_ms,7700,3.85,307461,0.5475,True,9.904053877107799e-05,0.00018567315419204533,0.0002441523247398436,0.0004433488647919156,0.0005566401232499629,0.00580059876665473,0.00016955572185460078,2.8749142813634746e-08,0.01,3075,0.0008633406447791835,0.0004433685971889645,0.00580059876665473,0.0019722755743808054,-0.0011969694314327016,-0.09275980727459357,0.37210853571445496,0.422489511768775,0.9782113821138212,0.7300813008130081,0.0045528455284552845,0.0,-0.3036995351314545,0.005007843021303415,0.3036993741989136,-0.3036903411149979,-0.005004486069083214,0.303690305352211,-0.10278965830802918,-0.09737847745418549,-0.06840946450829506
dt_0.5_ms,7720,3.86,307461,0.5575,True,9.895222319755703e-05,0.00018545056809671223,0.0002438878291286528,0.00044236973626539123,0.0005553514172788721,0.00576770631596446,0.00016945225843162907,2.8714067887579604e-08,0.01,3075,0.0008623706455043388,0.0004423726350069046,0.00576770631596446,0.002144535103082497,-0.00111159006639887,-0.09284100915750156,0.37190282806243297,0.4224852333993473,0.9785365853658536,0.7330081300813008,0.004878048780487805,0.0,-0.303705495595932,0.010010015219449997,0.3037053346633911,-0.3036963015794754,-0.005004095379263163,0.3036962658166885,-0.10279859900474549,-0.09738167375326157,-0.06850519627332688
dt_0.5_ms,7740,3.87,307461,0.5675,True,9.886433690553531e-05,0.00018530637316871434,0.0002434998459648341,0.00044153573107905727,0.0005548425659071672,0.005765032023191452,0.0001693110890051611,2.866624486011359e-08,0.01,3075,0.000861692528204417,0.0004415462608449161,0.005765032023191452,0.001530615870848582,-0.0011997712513089286,-0.09286029616368904,0.37190496796705363,0.42249027357676705,0.9782113821138212,0.7333333333333333,0.004878048780487805,0.0,-0.30371145606040956,0.005006696097552776,0.30371129512786865,-0.30370226204395295,-0.005004095379263163,0.30370222628116605,-0.1028075397014618,-0.09738465398550034,-0.06851105690002442
dt_0.5_ms,7760,3.88,307461,0.5775,True,9.876033436739817e-05,0.00018500939768273383,0.00024305106489919126,0.0004408850742038344,0.0005543575563933727,0.005762401502579451,0.00016923291588636502,2.8639779819401498e-08,0.01,3075,0.0008614871873637676,0.00044089628499932587,0.005762401502579451,0.0008126774367642204,-0.0014544836790572127,-0.0928594701698171,0.371955458695411,0.4224916143967385,0.9782113821138212,0.7330081300813008,0.004878048780487805,0.0,-0.3037174165248871,0.00500520272180438,0.3037172555923462,-0.3037082225084305,-0.005004486069083214,0.3037081867456436,-0.1028165340423584,-0.0973876565694809,-0.06851413697004319
dt_0.5_ms,7780,3.89,307461,0.5875,True,9.871273505268618e-05,0.00018472314695827663,0.00024261903308797628,0.00044025650713592877,0.0005535792268346997,0.0057591949589550495,0.0001691096271898857,2.859806600830212e-08,0.01,3075,0.0008607871717171426,0.00044028437696397305,0.0057591949589550495,0.0013911830203296187,-0.0012619944477306653,-0.09281898524756997,0.37211334863620255,0.4224916143967385,0.9782113821138212,0.7317073170731707,0.004878048780487805,0.0,-0.30372337698936464,0.005007843021303415,0.30372321605682373,-0.30371418297290803,-0.005004095379263163,0.30371414721012113,-0.10282640904188156,-0.09739062190055847,-0.06850784122943879
dt_0.5_ms,7800,3.9,307461,0.5975,True,9.869134373730049e-05,0.0001846038067014888,0.00024249251873698086,0.0004396835458464921,0.0005532329727429908,0.005755938123911619,0.0001690218963255209,2.8568401437475133e-08,0.01,3075,0.0008600463044197427,0.00043968422687612474,0.005755938123911619,0.0011744323803372751,-0.0005492650557555943,-0.09277567346525431,0.37223276812571493,0.4224916143967385,0.9782113821138212,0.7310569105691057,0.005203252032520325,0.0,-0.3037293374538422,0.005007843021303415,0.30372917652130127,-0.30372014343738557,9.15850523597328e-06,0.30372010767459867,-0.10283568352460862,-0.09739357233047485,-0.06843366846442223
dt_0.5_ms,7820,3.91,307461,0.6075,True,9.868846973404288e-05,0.00018453682423569262,0.0002424766862532124,0.00043959840550087396,0.0005529805726837374,0.006003316026180983,0.00016945709419654033,2.8715706773535143e-08,0.01,3075,0.0008627516775471499,0.0004395991563796997,0.006003316026180983,0.0018046186093870643,-0.0012240724218212178,-0.09267236542671245,0.372636422291408,0.42249626663977125,0.9778861788617886,0.7271544715447155,0.005203252032520325,0.0,-0.3037352979183197,0.010010415688157082,0.3037351369857788,-0.3037261039018631,-0.005004486069083214,0.3037260681390762,-0.10284533947706223,-0.09739647805690765,-0.06839238107204437
dt_0.5_ms,7840,3.92,307461,0.6175,True,9.869236237136647e-05,0.00018464794266037643,0.00024254059826489538,0.00043954547727480687,0.0005526892724446954,0.0061498465947806835,0.0001699149612381988,2.8871094052578602e-08,0.01,3075,0.0008653560793689807,0.0004395850992295891,0.0061498465947806835,0.0012980787895684983,-0.002020658631719733,-0.09261231689970388,0.37301010033225196,0.42251320933359154,0.9775609756097561,0.7255284552845529,0.005203252032520325,0.0,-0.30374125838279725,0.010009932331740856,0.30374109745025635,-0.30373206436634065,-0.005007455125451088,0.30373202860355375,-0.10285454094409943,-0.09739954769611359,-0.0683716893196106
dt_0.5_ms,7860,3.93,307461,0.6275000000000001,True,9.875989780994132e-05,0.00018502491002436727,0.0002429277083138004,0.0004394859075546265,0.0005524134146980948,0.006152103189378977,0.00017013037078251483,2.8944343062595974e-08,0.01,3075,0.0008661770612679089,0.00043948611710220575,0.006152103189378977,0.000727768455935525,-0.0012918853729123787,-0.09245801924275446,0.3734899400030745,0.42252163791596076,0.9778861788617886,0.7222764227642277,0.004878048780487805,0.0,-0.3037472188472748,0.00500520272180438,0.3037470579147339,-0.3037380248308182,-0.005004625301808119,0.3037379890680313,-0.10286497175693513,-0.09740243852138519,-0.0683293730020523
dt_0.5_ms,7880,3.94,307461,0.6375000000000001,True,9.880961442831904e-05,0.000185300552402623,0.00024325230333488435,0.000440084305591882,0.0005517089739441876,0.006146379746496677,0.00017044106334449384,2.9050156074001764e-08,0.01,3075,0.0008680103938057413,0.0004401036712806672,0.006146379746496677,0.0010973590637945562,-0.0015296180354229497,-0.09260687517918403,0.37294065497875234,0.42253006649836145,0.9778861788617886,0.7261788617886179,0.004878048780487805,0.0,-0.30375317931175233,0.005005924496799707,0.3037530183792114,-0.3037439852952957,-0.0050047896802425385,0.30374394953250883,-0.10287540256977082,-0.09740559756755829,-0.06836891174316406
dt_0.5_ms,7900,3.95,307461,0.6475,True,9.875446994556114e-05,0.00018558499868959188,0.00024362390104215592,0.0004411399015225471,0.0005513734940905124,0.006140114739537239,0.00017122660424030557,2.9318549999666224e-08,0.01,3075,0.0008735814362544779,0.00044114215415902436,0.006140114739537239,0.00040368425467752643,-0.00029715232224922016,-0.09281428678339816,0.37231886135602177,0.4225064652946516,0.9778861788617886,0.7317073170731707,0.004878048780487805,0.0,-0.30375913977622987,0.00500520272180438,0.30375897884368896,-0.30374994575977327,9.455103281652555e-06,0.30374990999698637,-0.10288583338260651,-0.09740950167179108,-0.06844100207090378
dt_0.5_ms,7920,3.96,307461,0.6575,True,9.889021748676896e-05,0.00018586762598715723,0.00024382381525356323,0.00044449521228671093,0.0005512210715096447,0.006134034600108862,0.00017296521202328342,2.9916964570259384e-08,0.01,3075,0.0008865016600026227,0.0004444998921826482,0.006134034600108862,-0.003600298816945539,-0.0026515342283494284,-0.09306948101804857,0.3712196414764819,0.42250899376808604,0.9791869918699186,0.7421138211382113,0.004878048780487805,0.0,-0.3037651002407074,-0.015016553923487663,0.3037649393081665,-0.3037559062242508,-0.0050077675841748714,0.3037558704614639,-0.1028962641954422,-0.09741555154323578,-0.0685615748167038
dt_0.5_ms,7940,3.97,307461,0.6675,True,9.909485379466787e-05,0.00018570008978713304,0.00024351247702725232,0.00044587407610379175,0.0005506258981768056,0.006128209177404642,0.00017347275206948908,3.009279571056243e-08,0.01,3075,0.00088974342375759,0.0004458779003471136,0.006128209177404642,0.0046752451836869855,-0.0014001229409972794,-0.09307642831241833,0.37088885199221383,0.42251152224153393,0.9811382113821138,0.7466666666666667,0.004878048780487805,0.0,-0.30377106070518495,0.02001718245446682,0.30377089977264404,-0.30376186668872834,-0.005004095379263163,0.30376183092594145,-0.1029066950082779,-0.09741588681936264,-0.06859789937734603
dt_0.5_ms,7960,3.98,307461,0.6775,True,9.940881136571988e-05,0.00018532578542362899,0.0002431798493489623,0.0004466639133170248,0.0005502816173248,0.006122740916907787,0.0001741005947193794,3.0311017081641596e-08,0.01,3075,0.0008939119036275348,0.0004466654499992728,0.006122740916907787,0.006728881901687149,-6.795437852645598e-05,-0.09322734273027447,0.3697510987140819,0.4225129215166587,0.983739837398374,0.7541463414634146,0.004878048780487805,0.0,-0.3037770211696625,0.020024670287966728,0.3037768602371216,-0.3037678271532059,0.005024464335292578,0.303767791390419,-0.10291712582111359,-0.0974227637052536,-0.06860710680484772
dt_0.5_ms,7980,3.99,307461,0.6875,True,9.96669041342102e-05,0.00018510835070628673,0.00024319592921528965,0.00044852186692878615,0.0005498760554473874,0.006116880569607019,0.00017528313586280824,3.0724177717899695e-08,0.01,3075,0.0009026235778251951,0.0004485240497160703,0.006116880569607019,0.0037317842481529515,1.6600119011352175e-05,-0.09347513907276685,0.36840672313934786,0.4225129215166587,0.984390243902439,0.7635772357723577,0.0045528455284552845,0.0,-0.30378298163414,0.010016503743827343,0.3037828207015991,-0.3037737876176834,1.1648844520095736e-05,0.3037737518548965,-0.10292755663394929,-0.09743324667215347,-0.06862708926200867
dt_0.5_ms,8000,4.0,307461,0.6975,True,9.984439384425059e-05,0.0001850503613241017,0.00024283866514451802,0.0004500481474678968,0.000548272003652529,0.006111124996095896,0.0001758027989514286,3.090662411915643e-08,0.01,3075,0.0009061942006484037,0.0004500598297454417,0.006111124996095896,0.0015405581203458126,-0.00285083926925651,-0.09352207050802626,0.3677151940259625,0.4225129215166587,0.984390243902439,0.7671544715447155,0.0045528455284552845,0.0,-0.30378894209861756,0.005005924496799707,0.30378878116607666,-0.30377974808216096,-0.0050077675841748714,0.30377971231937406,-0.10293798744678498,-0.09743737429380417,-0.06863155961036682
dt_0.25_ms,1,0.00025,307461,0.0,False,0.0003816376847680658,0.003803886706009507,0.003881700336933136,0.005528907012194399,0.00567851928062737,0.007728181313723326,0.001942253262085262,3.7723477340808417e-06,0.01,3075,0.005820348798562356,0.005528995301574469,0.007728181313723326,8.618623146047851e-05,9.598844471171342e-05,-0.09239837061583511,0.3452664761117058,0.4140169647976459,0.8308943089430895,0.750569105691057,0.0,0.0,-0.3001578450202942,-6.257494078454329e-07,0.3001578837633133,-0.30015633404254916,4.967335485162039e-07,0.30015606582164767,-0.10008488073945046,-0.09012867510318756,-0.085085429251194
dt_0.25_ms,40,0.01,307461,0.0,False,0.01958720199763775,0.02466171607375145,0.02584584429860115,0.026973343268036843,0.027322239987552167,0.02907293103635311,0.019439911585503115,0.0003779101624521783,0.01,3075,0.027517073225320838,0.026973355561494827,0.02907293103635311,0.0002734603250417429,0.00012374269720796322,-0.06940776284269201,0.3591848469387242,0.3998658527181515,0.0624390243902439,0.0,0.0,0.0,-0.28025893568992616,0.004999954253435135,0.28025883734226226,-0.2802566856145859,-3.785400849665166e-06,0.28025661408901215,-0.08021024391055107,-0.07017865031957626,-0.06009264439344406
dt_0.25_ms,80,0.02,307461,0.0,False,0.026363400742411613,0.03762134537100792,0.03991124406456947,0.04198480546474457,0.042407200112938886,0.04383142665028572,0.027582126004875578,0.0007607736749488337,0.01,3075,0.04256976389545735,0.04198484122753143,0.04383142665028572,0.0001284046730880596,-0.00012444755890130655,-0.0005692814045199534,0.2523142800622688,0.31136026969530955,0.0,0.0,1.0,0.0,-0.2201130583882332,-2.1429702883324353e-06,0.22011337727308272,-0.22010789811611176,-7.327537332457723e-06,0.22010972946882248,-0.005293107638135552,-0.00030215070000849664,-0.0002826271957019344
dt_0.25_ms,120,0.03,307461,0.0,False,0.028500312939286232,0.04227085039019585,0.044306643307209015,0.046629469841718674,0.04732193946838381,0.04867944121360779,0.029981740520810523,0.0008989047646572117,0.01,3075,0.04742675739817503,0.046629492193460464,0.04867944121360779,0.0003808173731090577,-0.0003701799017627065,-0.0013145922892726957,0.23416631531217136,0.29063975690007254,0.0,0.0,1.0,0.0,-0.21018631160259246,0.06498903781175613,0.21018743366003037,-0.21018086671829223,-0.0699988380074501,0.21018341034650803,-0.005763011332601309,-0.0007746615447103977,-0.0007584376900922507
dt_0.25_ms,160,0.04,307461,0.0,False,0.023967592045664787,0.027594098821282387,0.02784082479774952,0.02830932177603245,0.028470448218286037,0.02884542942047119,0.022535832200306992,0.0005078637329603936,0.01,3075,0.028493821230239986,0.028309378772974014,0.02884542942047119,0.001251864615010052,-0.0007889506317735687,-0.005881807384406769,0.21031585742372455,0.24573398676178881,0.0,0.0,0.711869918699187,0.0,-0.1752098962664604,0.10504891723394394,0.17521272003650665,-0.18021251857280732,-0.10505443066358566,0.18021307587623597,-0.01606651656329632,-0.006114255171269178,-0.0011371466214768588
dt_0.25_ms,200,0.05,307461,0.0,False,0.00886171218007803,0.011138963513076305,0.011732800863683224,0.012971905805170547,0.013204007595777513,0.013561300002038479,0.009063836085669442,8.215312458788356e-05,0.01,3075,0.01321719378566112,0.012972169555723667,0.013561300002038479,0.0004414126058904136,-0.0004267749166100975,-0.03672807345121372,0.3875267236498261,0.4107240862369209,0.3489430894308943,0.0,0.0,0.0,-0.2905613988637924,0.24033397436141968,0.2905613899230957,-0.2905135899782181,-0.24033471941947937,0.29051272571086884,-0.05591077357530594,-0.03598460182547569,-0.020836762711405755
dt_0.25_ms,240,0.06,307461,0.0,False,0.006909763440489769,0.013909951783716679,0.014803353697061539,0.015725905820727352,0.015946787409484388,0.016400018706917763,0.008574558760845077,7.352305794318506e-05,0.01,3075,0.015983291344671715,0.015726041048765182,0.016400018706917763,-0.0003220993377328888,2.32567716904772e-05,-0.004588064853541129,0.13999830471568908,0.17798727810835702,0.0,0.0,0.8360975609756097,0.0,-0.13021450787782668,-0.045066654682159424,0.1302153691649437,-0.13021540641784668,0.04507048800587654,0.13021560460329057,-0.011195361707359552,-0.006201706826686859,-0.0012251843349076808
dt_0.25_ms,280,0.07,307461,0.0,False,0.01771729439496994,0.02791256457567215,0.029856611043214798,0.0319822020828724,0.032384656742215155,0.03285821154713631,0.018905340342069747,0.00035741189344948987,0.01,3075,0.03240129281107972,0.03198240324854851,0.03285821154713631,-2.479706292805514e-05,-2.324043698781975e-05,-0.0031522172744900775,0.0722349985728924,0.11691222521447213,0.0,0.0,0.9603252032520325,0.47739837398373985,-0.09015165641903877,-9.697047289591865e-07,0.09015332385897637,-0.09015832617878913,6.951942737032368e-07,0.090159872174263,-0.00596759463660419,-0.0009850749047473073,-0.0009744035254698247
dt_0.25_ms,320,0.08,307461,0.0,False,0.021402820944786072,0.03150760009884834,0.033530864864587784,0.03634929209947586,0.0370133176445961,0.038315512239933014,0.02216654471782281,0.0004913557047272384,0.01,3075,0.03710016248550842,0.0363493412733078,0.038315512239933014,4.5096489538237146e-05,-0.0001144409747531889,-0.00450467294822182,0.061302749536028434,0.09976622791565484,0.0,0.0,0.7869918699186992,0.6507317073170732,-0.07511088475584984,-4.5935388470752514e-07,0.07511070668697357,-0.07511522546410561,6.998936328272976e-07,0.07511599883437156,-0.010596064757555724,-0.0055952430702745914,-0.000606927287299186
dt_0.25_ms,360,0.09,307461,0.0,False,0.01704125665128231,0.023296203464269638,0.02444246970117092,0.026070740446448325,0.026427730917930606,0.027055414393544197,0.017084152445920403,0.0002918682647954481,0.01,3075,0.02645657779785191,0.026070749387145042,0.027055414393544197,0.00018664052028366914,-7.002547610441888e-06,-0.004974476937100488,0.05811452355774253,0.09200504278870601,0.0,0.0,0.7183739837398374,0.7014634146341463,-0.07006104439496993,-1.1834985436109946e-08,0.07006158232688904,-0.07006483152508736,7.038565854600165e-07,0.07006571888923645,-0.010282670333981513,-0.005269514862447977,-0.0002718819916481152
dt_0.25_ms,400,0.1,307461,0.0,False,0.0062526254914700985,0.007672552485018969,0.007781694643199444,0.007881678082048893,0.007921824976801873,0.008072751574218273,0.006005707150921574,3.606851838263053e-05,0.01,3075,0.007936118033116425,0.007881681434810162,0.008072751574218273,0.005055019662874501,-0.0021666556112165374,-0.0060330393459653575,0.31106901826786687,0.342942526391742,0.5297560975609756,0.0,0.6289430894308943,0.0,-0.2952315390110016,0.06503990292549133,0.29523185789585116,-0.2952582180500031,-0.07506592571735382,0.2952594131231308,-0.015365990716964007,-0.005253661889582872,-0.00015626628883183005
dt_0.25_ms,440,0.11,307461,0.0,False,0.0060332478024065495,0.011322693899273872,0.012748558074235916,0.014831449650228026,0.01536409547552467,0.016489872708916664,0.007286089821411171,5.308710488567147e-05,0.01,3075,0.015440999847662642,0.014831501059234142,0.016489872708916664,-6.077167304245406e-05,2.5541946714058925e-05,-0.0054808339847505425,0.05490328279704166,0.09182322024930117,0.0,0.0,0.6829268292682927,0.7547967479674796,-0.07002396062016487,-9.769362350198207e-07,0.0700236663222313,-0.0700262077152729,7.760630751363351e-07,0.07002695053815841,-0.015149884577840566,-0.005152066238224506,-0.0001571356915519573
dt_0.25_ms,480,0.12,307461,0.0,False,0.015936434268951416,0.024680308997631073,0.026744812726974487,0.02959671467542649,0.030287197045981883,0.031715258955955505,0.01707140299723597,0.00029143280029403725,0.01,3075,0.030371684556811804,0.02959686890244484,0.031715258955955505,-5.91771060842038e-05,5.3251182493168555e-05,-0.005159750946748214,0.05720678606745381,0.09400221118512485,0.0,0.0,0.7180487804878048,0.7173983739837398,-0.0700432576239109,-1.0258505653837346e-06,0.07004263699054718,-0.07004754394292831,7.681418310312438e-07,0.07004881501197815,-0.015377978701144457,-0.005390645936131477,-0.0004040993662783876
dt_0.25_ms,520,0.13,307461,0.0,False,0.01997959427535534,0.02868715487420559,0.030508719384670258,0.032703065872192384,0.03319198973476887,0.0341588631272316,0.020532059616272053,0.0004215654720861496,0.01,3075,0.033266154590660964,0.032703179866075516,0.0341588631272316,7.589292864483979e-05,-4.27278471738406e-05,-0.00443385794418069,0.06272104622542203,0.10022708070723947,0.0,0.0,0.7993495934959349,0.6357723577235772,-0.07507144510746003,-5.765901391896477e-07,0.07507092282176017,-0.08007692322134971,7.55243434014119e-07,0.08007758930325508,-0.010711430851370097,-0.005717897322028875,-0.0007374690903816372
dt_0.25_ms,560,0.14,307461,0.0,False,0.016953084617853165,0.022123657166957855,0.023025022819638252,0.02372933924198151,0.02381344456225634,0.023933999240398407,0.0166802295825813,0.00027823005892762035,0.01,3075,0.023820814574515917,0.023729411885142326,0.023933999240398407,0.0008462404549752554,-0.0008242997981129613,-0.0024841362797481015,0.0921870471184362,0.13745487706055906,0.0,0.0,1.0,0.24520325203252033,-0.10011267364025116,1.4364846947501064e-06,0.10011609941720963,-0.1051255702972412,-4.951184564561117e-07,0.10512768179178238,-0.006011529685929417,-0.001037377747707069,-0.0010230236686766148
dt_0.25_ms,600,0.15,307461,0.0,False,0.007625797297805548,0.009877791628241539,0.010274525731801987,0.010770560055971146,0.010874587669968605,0.011050145141780376,0.007666547272715606,5.87759470847831e-05,0.01,3075,0.010883669996770417,0.010770569555461407,0.011050145141780376,0.0015635764114255827,-0.0012245704439597402,-0.015409518735013842,0.35854117773949135,0.3826116673763796,0.0,0.0,0.24357723577235774,0.0,-0.27536887526512144,0.21537309885025024,0.2753694146871567,-0.27535857558250426,-0.21537770330905914,0.2753587901592255,-0.03112791068851948,-0.016127852723002434,-0.0011640822514891625
dt_0.25_ms,640,0.16,307461,0.0,False,0.002856105798855424,0.008586647920310497,0.010059810243546963,0.01198885627090933,0.012438982073217631,0.013345759361982346,0.004882340850207047,2.3837252177600466e-05,0.01,3075,0.012496194579918695,0.011989407241344452,0.013345759361982346,-0.0001096663905992977,1.5850866767790855e-05,-0.005718793971350462,0.05789332573837717,0.09536694044854686,0.0,0.0,0.7352845528455284,0.7024390243902439,-0.07507795989513397,-1.2333164249866968e-06,0.07507801577448844,-0.07008104994893075,7.766930707475694e-07,0.07008250430226326,-0.016102705709636213,-0.006128550041466951,-0.0011470381869003177
dt_0.25_ms,680,0.17,307461,0.0,False,0.011303183622658253,0.02049192227423191,0.02250262163579464,0.02480657733976841,0.025301303714513782,0.02622760459780693,0.01313950316497938,0.0001726465434225031,0.01,3075,0.025375289931529904,0.024806618690490723,0.02622760459780693,-0.000171427112678902,-1.832226228658343e-05,-0.004591330063294589,0.06295256543321111,0.10072490377652135,0.0,0.0,0.8071544715447154,0.630569105691057,-0.080075354129076,-1.5287268979591317e-06,0.0750779964029789,-0.07508218735456466,7.370693992925226e-07,0.07508382350206375,-0.010926993191242218,-0.005928700789809227,-0.0009447671298403292
dt_0.25_ms,720,0.18,307461,0.0,False,0.015609737485647202,0.02464810200035572,0.026472214609384537,0.028377372026443498,0.028729932941496374,0.029301345348358154,0.016751285499613883,0.00028060556588957436,0.01,3075,0.028758235668869522,0.028377845883369446,0.029301345348358154,-4.6179258911284313e-07,1.1877322494214235e-06,-0.003824137647246291,0.06521779691274802,0.10618489661618186,0.0,0.0,0.8591869918699186,0.5785365853658536,-0.08008144050836563,-9.861338412520126e-07,0.08008212223649025,-0.08008899986743927,7.299777280422859e-07,0.08009064644575119,-0.01064757090061903,-0.0006977708544582129,-0.0006588611577171832
dt_0.25_ms,760,0.19,307461,0.0,False,0.014013932086527348,0.019890572875738144,0.020867042243480682,0.0216502670198679,0.021727650798857214,0.021795842796564102,0.014247740411438415,0.0002029981068317353,0.01,3075,0.02172300653486717,0.021650366485118866,0.021795842796564102,0.00019826973974064954,-0.0013322074748771547,-0.0021873575626925484,0.07764735535629305,0.12363530139577825,0.0,0.0,1.0,0.4273170731707317,-0.09511315301060677,6.924210538272746e-07,0.09511415660381317,-0.09011739417910576,-4.727102691504115e-07,0.090117197483778,-0.005409700004383922,-0.00043848983477801085,-0.00039617416623514143
dt_0.25_ms,800,0.2,307461,0.0,False,0.007098007015883923,0.009077329188585281,0.009295484982430935,0.009515873715281486,0.009557692054659127,0.009657670743763447,0.006909291928465812,4.773831495276281e-05,0.01,3075,0.009561915163526205,0.00951587874442339,0.009657670743763447,0.003696372147982683,-0.003055764763820462,-0.002005947559770969,0.3052747362550568,0.3383528094501179,0.18699186991869918,0.0,1.0,0.0,-0.2554685741662979,0.0951356291770935,0.255501788854599,-0.29035730957984923,-0.12520219385623932,0.29035720229148865,-0.005672887898981571,-0.0006497061694972217,-0.00034797236439771957
dt_0.25_ms,840,0.21,307461,0.0,False,0.002237627049908042,0.006065282970666885,0.0070698438212275505,0.00843439418822528,0.008762125298380852,0.009363187476992607,0.003547564127258427,1.2585211237010843e-05,0.01,3075,0.00880473993446042,0.00843467190861702,0.009363187476992607,-0.0001812107516586548,4.520452572392388e-05,-0.003618492071319947,0.06418928552651182,0.10519496297490838,0.0,0.0,0.8328455284552846,0.6048780487804878,-0.08010845780372619,-1.8299404018762289e-06,0.0801086850464344,-0.08011815175414086,7.446665790666884e-07,0.0801198050379753,-0.010250337328761816,-0.005244720261543989,-0.00026101458061020825
dt_0.25_ms,880,0.22,307461,0.0,False,0.009822570718824863,0.016876433044672012,0.018496669828891754,0.02037335149943829,0.020766386017203337,0.02148941531777382,0.011128404679273464,0.00012384139070567552,0.01,3075,0.020827299579372252,0.020373443141579628,0.02148941531777382,-5.4244389444959535e-05,-3.130619091344853e-05,-0.003997343603996712,0.06316287289651132,0.10273770982150622,0.0,0.0,0.8078048780487805,0.6299186991869918,-0.07661047875881187,-1.067299876922334e-06,0.07511120215058327,-0.08011796846985816,7.696639841014985e-07,0.08011980056762695,-0.010402043256908656,-0.005402618553489447,-0.0004199460265226662
dt_0.25_ms,920,0.23,307461,0.0,False,0.014027535915374756,0.021257568150758743,0.022797908633947372,0.024505675584077836,0.02484046295285225,0.025465192273259163,0.01480643252994399,0.00021923044426378356,0.01,3075,0.024875977949761763,0.024505682289600372,0.025465192273259163,1.7341069491382353e-05,-7.199289059362562e-05,-0.004909415132994574,0.05937599493987465,0.09722509122610994,0.0,0.0,0.7554471544715448,0.68,-0.075101538002491,-6.363764555317175e-07,0.07510185316205024,-0.0751085877418518,8.069672503552283e-07,0.07510993555188179,-0.01064102929085493,-0.00564211281016469,-0.0006609783449675888
dt_0.25_ms,960,0.24,307461,0.0,False,0.013088415376842022,0.017852237448096275,0.018730247393250465,0.019659739360213282,0.019824832864105704,0.020137101411819458,0.013111229409063176,0.0001719043366170831,0.01,3075,0.01984193372229735,0.01965976506471634,0.020137101411819458,0.00033962222795176205,-8.013837424016834e-05,-0.006271657057984816,0.05536231371689292,0.08871064307168469,0.0,0.0,0.6624390243902439,0.759349593495935,-0.07008300051093101,2.1769970715013187e-07,0.07008486092090607,-0.07008966207504272,8.27625740384974e-07,0.07008986026048661,-0.01585420165210962,-0.00587477209046483,-0.0008939554682001472
dt_0.25_ms,1000,0.25,307461,0.0,False,0.007339560426771641,0.008875562809407711,0.009056455455720425,0.009263459034264088,0.009341004770249128,0.009520960971713066,0.0070080786413910055,4.91131662439208e-05,0.01,3075,0.009353756238289965,0.009263459593057632,0.009520960971713066,0.0023446000494608066,-0.0027396382548944736,-0.006451042011546774,0.3518462771930897,0.3827471805766904,0.0,0.0,0.6715447154471544,0.0,-0.2754415601491928,0.18038956820964813,0.2754459708929062,-0.27546336948871614,-0.19543516635894775,0.2754525989294052,-0.016159156151115895,-0.006124753504991531,-0.001050940656568855
dt_0.25_ms,1040,0.26,307461,0.0,False,0.0016928263939917088,0.004549720324575901,0.005281400866806507,0.0062183996662497545,0.006443677330389622,0.006777378264814615,0.002623250866281506,6.88144510744667e-06,0.01,3075,0.006459594054253605,0.006218460854142904,0.006777378264814615,-0.0005196227497919527,-0.00015814672051543474,-0.0033680066703705163,0.07108023595788591,0.11521918528485633,0.0,0.0,0.9508943089430895,0.4868292682926829,-0.09008737429976463,-2.342974312341539e-06,0.09008728340268135,-0.0850936584174633,8.236858661803126e-07,0.08509528934955597,-0.006033631786704063,-0.0010490571148693562,-0.0010406020912341774
dt_0.25_ms,1080,0.27,307461,0.0,False,0.007716880179941654,0.014232822693884373,0.01567683555185795,0.01737888008356095,0.017751752957701684,0.018450604751706123,0.00906539403694934,8.218136904515665e-05,0.01,3075,0.017802832841994316,0.017379000782966614,0.018450604751706123,-0.00012741796438543992,-3.2825447902624087e-05,-0.004310988506370383,0.06395044919483625,0.10317816598113108,0.0,0.0,0.8308943089430895,0.6068292682926829,-0.08006811365485192,-1.5953862657624995e-06,0.08006835579872132,-0.08007550165057183,8.516458933627291e-07,0.08007662072777748,-0.01089382078498602,-0.005896126385778189,-0.0009131152823101729
dt_0.25_ms,1120,0.28,307461,0.0,False,0.011786483228206635,0.018655207008123398,0.020112961530685425,0.02181094437837601,0.022183349356055267,0.022871829569339752,0.012691339566000574,0.00016107009997953163,0.01,3075,0.022229528715455436,0.021811015903949738,0.022871829569339752,-0.00017627658760919658,1.3361299329690654e-06,-0.004538525269476591,0.06163396725521146,0.10009386348300947,0.0,0.0,0.7902439024390244,0.647479674796748,-0.07506688758730888,-1.3739393125433708e-06,0.07506612837314605,-0.07507173866033554,8.576860182074597e-07,0.07507343515753746,-0.010691578593105077,-0.005688515491783619,-0.0007009837892837823
dt_0.25_ms,1160,0.29,307461,0.0,False,0.011483813636004925,0.01646953448653221,0.01734866388142109,0.018309093266725543,0.018499718420207506,0.018819769844412804,0.011745321743958273,0.000137952582869099,0.01,3075,0.01851571201672399,0.018309148028492928,0.018819769844412804,0.00014107411242398067,6.480985092721187e-05,-0.004719542875778067,0.05972184272686164,0.09628373673134724,0.0,0.0,0.759349593495935,0.6751219512195122,-0.07507236376404762,-1.5615458437423513e-07,0.07507455497980117,-0.07507798224687576,8.744316346565029e-07,0.07507972195744514,-0.010486564878374339,-0.005478203296661377,-0.00048705927038099616
dt_0.25_ms,1200,0.3,307461,0.0,False,0.007051458116620779,0.009052067995071411,0.009231097996234894,0.00950158890336752,0.009578205924481154,0.009710744023323059,0.006883707847438612,4.738543372888793e-05,0.01,3075,0.009584732054149716,0.009501617401838303,0.009710744023323059,0.0017564131961605412,-0.0023961513992247544,-0.002488978196785414,0.25172879429675266,0.29436170134462275,0.0,0.0,0.9967479674796748,0.0,-0.21552620828151703,0.12018944323062897,0.2155275046825409,-0.21552003771066666,-0.11518418043851852,0.21552110463380814,-0.005663706595078111,-0.0006960426107980311,-0.0004999941447749734
dt_0.25_ms,1240,0.31,307461,0.0,False,0.0021472969092428684,0.0033694698940962553,0.0035893497988581657,0.004014841467142106,0.0041708154138177635,0.004264827352017164,0.002325546074057416,5.408164542563861e-06,0.01,3075,0.004149028841345533,0.0040148585103452206,0.004264827352017164,-0.0005080974690267942,0.0003317325796587703,-0.0011620322118392138,0.09964508967767946,0.15430494946685855,0.0,0.0,1.0,0.21983739837398375,-0.1101838581264019,-2.9826937861798797e-06,0.11018599644303322,-0.11019942685961723,2.189142833231017e-06,0.11019925475120544,-0.005343319056555629,-0.0003571052220650017,-0.0003264425613451749
dt_0.25_ms,1280,0.32,307461,0.0,False,0.006608099676668644,0.011028971523046494,0.012053625658154488,0.013358578830957417,0.01365751056000591,0.014254537411034107,0.007363552762463684,5.422190928558655e-05,0.01,3075,0.013708299995983034,0.013358686119318008,0.014254537411034107,-0.00012265924748058432,0.00012029866345391634,-0.0038911398358991356,0.06365384643801583,0.1032541040478159,0.0,0.0,0.8198373983739837,0.6178861788617886,-0.08012716621160507,-1.642192728468217e-06,0.08012761026620865,-0.08013951256871224,9.09937909909786e-07,0.08014099299907684,-0.010406311135739088,-0.005404306575655937,-0.00042130418005399407
dt_0.25_ms,1320,0.33,307461,0.0,False,0.010317519307136536,0.01545755472034216,0.016549058258533478,0.017809517309069635,0.018073657527565956,0.018581153824925423,0.010814772743935991,0.00011695930950298081,0.01,3075,0.018106006099198893,0.01780952513217926,0.018581153824925423,-4.94114515510357e-05,2.5843219340066156e-05,-0.004538840465209772,0.06081292596952266,0.10030235015737105,0.0,0.0,0.7785365853658537,0.6591869918699187,-0.07512434720993041,-1.1433376130298711e-06,0.07512411922216415,-0.0751346468925476,9.20380216484773e-07,0.07513630092144012,-0.010571186989545822,-0.0055717844516038895,-0.0005898492410779
dt_0.25_ms,1360,0.34,307461,0.0,False,0.01032282691448927,0.01427416317164898,0.014999540522694588,0.01571137346327305,0.015830209292471413,0.016033543273806572,0.010378317705225602,0.00010770947839059918,0.01,3075,0.01583832021045491,0.01571139134466648,0.016033543273806572,9.876637945152619e-05,-0.00012886030093987527,-0.004979640028318314,0.05972893820454535,0.09724063347637611,0.0,0.0,0.7538211382113821,0.6770731707317074,-0.0716081924736499,-7.084221351760789e-07,0.07511084452271462,-0.07512388229370118,8.999380725072115e-07,0.07512477934360504,-0.01074741929769516,-0.00574807683005929,-0.0007668383244890719
dt_0.25_ms,1400,0.35000000000000003,307461,0.0,False,0.0066906241700053215,0.008280166424810886,0.008402938954532146,0.008571423403918744,0.00861239340156317,0.008704411797225475,0.006436677229223393,4.143081375320293e-05,0.01,3075,0.00861707096873987,0.008571432903409004,0.008704411797225475,0.005009652926185266,0.001124543358639973,-0.0055361587031956426,0.19321544999551674,0.23482795163075176,0.0,0.0,0.7092682926829268,0.0,-0.16536240428686141,0.09514012932777405,0.16536506861448289,-0.1653667226433754,0.09514740854501724,0.16536870449781418,-0.0158546706661582,-0.005881178192794323,-0.0009053691814187914
dt_0.25_ms,1440,0.36,307461,0.0,False,0.0019386374624446034,0.0029186152387410402,0.0031804637983441353,0.0035409360658377412,0.003632738161832094,0.0038267639465630054,0.0020721913838533837,4.293977131316201e-06,0.01,3075,0.0036470447126321676,0.003540945006534457,0.0038267639465630054,0.00021062062523229336,-0.001807705379598509,-0.004587324390687594,0.18958288643822305,0.22771658681988907,0.0,0.0,0.8094308943089431,0.0,-0.16533010005950927,0.07507600635290146,0.165330670773983,-0.16533103883266448,-0.08009818941354752,0.16533115953207017,-0.010919007379561663,-0.0059066712856292725,-0.0009310018562246114
dt_0.25_ms,1480,0.37,307461,0.0,False,0.005347977392375469,0.009258736856281757,0.010044676251709461,0.010996640846133238,0.011210719216614961,0.01153976283967495,0.006027951535748779,3.6336199717336065e-05,0.01,3075,0.011233823301528043,0.010996824130415916,0.01153976283967495,-0.0003811958051381602,-6.680600998031774e-05,-0.0027129582742160957,0.07576339902315907,0.12014091642485665,0.0,0.0,1.0,0.4377235772357724,-0.09508798494935036,-2.0926788693031995e-06,0.0900865726172924,-0.09009588360786439,8.253098826571659e-07,0.09009867087006569,-0.005837565660476685,-0.0008582407608628273,-0.0008468968910165132
dt_0.25_ms,1520,0.38,307461,0.0,False,0.008832241408526897,0.013449328951537609,0.014379594475030899,0.015456234104931358,0.01568951290100813,0.01608308032155037,0.009302404866408629,8.653473629858294e-05,0.01,3075,0.015709483242192405,0.015456309542059898,0.01608308032155037,-5.9020219733605146e-05,1.4819228510085984e-06,-0.0036841751605544877,0.06623124055699706,0.10804120639201793,0.0,0.0,0.8786991869918699,0.5590243902439025,-0.0850662037730217,-1.310259108322498e-06,0.08506835475564004,-0.08007781878113747,9.613848988010432e-07,0.08007959127426148,-0.01069186646491289,-0.0007234293734654784,-0.0007049614505376667
dt_0.25_ms,1560,0.39,307461,0.0,False,0.009198140352964401,0.012937256135046482,0.013610810041427612,0.01434407252818346,0.014486038032919176,0.014702101238071918,0.00930228245927726,8.653245895217739e-05,0.01,3075,0.01449455480113989,0.01434408314526081,0.014702101238071918,4.8343469931981926e-05,-1.1578804723083475e-05,-0.003810703530017953,0.06475549962028807,0.1055710106332596,0.0,0.0,0.8500813008130081,0.5876422764227642,-0.08007018491625786,-6.46808359761053e-07,0.08007067665457726,-0.08008075952529907,9.418113222636748e-07,0.08008216023445129,-0.010538778826594352,-0.0055335694923996925,-0.0005469309515319764
dt_0.25_ms,1600,0.4,307461,0.0,False,0.006318402010947466,0.008350576274096966,0.008489668369293213,0.008638017438352108,0.008674789033830167,0.008761389181017876,0.006221630830687146,3.8708690193356836e-05,0.01,3075,0.008683832318378173,0.008638022467494011,0.008761389181017876,0.0018392652176259978,-0.001570374311470404,-0.002118022560512995,0.2127765977882889,0.26581114037223263,0.0,0.0,1.0,0.0,-0.19045278131961824,0.09511177241802216,0.19045321494340897,-0.18543360084295274,-0.08510593324899673,0.18543610572814942,-0.005575105547904968,-0.0006071454845368862,-0.00048484849976375703
dt_0.25_ms,1640,0.41000000000000003,307461,0.0,False,0.0021241146605461836,0.0033504986204206944,0.003616447327658534,0.003931992128491402,0.004002558160573245,0.004144617822021246,0.00230336466323168,5.305488771824391e-06,0.01,3075,0.00401110332050338,0.003931994084268808,0.004144617822021246,0.0009827572058856004,-0.004287701447804769,-0.004625645999879978,0.27258516033915753,0.3159894262810012,0.0,0.0,0.7827642276422764,0.0,-0.2255723610520363,0.1402711570262909,0.22557318657636644,-0.22557474225759505,-0.15031445026397705,0.2255737379193306,-0.010714284610003233,-0.00554362777620554,-0.0005484152643475683
dt_0.25_ms,1680,0.42,307461,0.0,False,0.004501075483858585,0.006990313995629549,0.007470723241567612,0.008084142021834852,0.008207870926707985,0.008375152014195919,0.004813458593810798,2.316938363433102e-05,0.01,3075,0.008218957963513166,0.008084184490144253,0.008375152014195919,-0.0005377377169846104,0.0001073953633604027,-0.0018938714170419588,0.0792075641562153,0.12926160919043367,0.0,0.0,1.0,0.4377235772357724,-0.10016261339187622,-2.4362545900658006e-06,0.10016346797347069,-0.10017156302928924,8.617780622444116e-07,0.10017413944005966,-0.005428493861109019,-0.00045619235606864095,-0.00043451381206978114
dt_0.25_ms,1720,0.43,307461,0.0,False,0.007575931493192911,0.010836292058229446,0.011456814594566822,0.012192924134433274,0.012355706654489042,0.012667747214436531,0.007739818266093549,5.9904786792155354e-05,0.01,3075,0.012373770559585192,0.012193035334348679,0.012667747214436531,-2.4936607876908457e-05,0.00017584493224195115,-0.0033321006087457562,0.06726117461435539,0.1112140289499778,0.0,0.0,0.8858536585365854,0.551869918699187,-0.08513632267713547,-1.775762825673155e-06,0.08513750731945038,-0.08515209183096886,1.0107307844009483e-06,0.0851537473499775,-0.010524655878543853,-0.0005633203545585275,-0.000542909576324746
dt_0.25_ms,1760,0.44,307461,0.0,False,0.00802414957433939,0.010815667919814587,0.011296741664409637,0.011789715103805066,0.011883130576461554,0.012079684063792229,0.007960473762200491,6.336914251868245e-05,0.01,3075,0.011898387857084351,0.011789744719862938,0.012079684063792229,2.8726227725616866e-05,0.00039577139944409916,-0.004048946272142655,0.06404118388454653,0.10530392809499978,0.0,0.0,0.8234146341463414,0.6143089430894308,-0.0801228143274784,-1.5806253941264004e-06,0.0801253341138363,-0.08014017567038537,1.1569908338060486e-06,0.08014190047979355,-0.010650987178087235,-0.005650409962981939,-0.0006700174359139055
dt_0.25_ms,1800,0.45,307461,0.0,False,0.005665454547852278,0.007147901225835085,0.007294989190995693,0.007378391828387976,0.007402413943782449,0.007455622777342796,0.005476653240821623,2.9993730720201987e-05,0.01,3075,0.0074049593644534666,0.007378403563052416,0.007455622777342796,0.002058180855299399,0.0046972904287702665,-0.005066427060770159,0.16406385066316867,0.21272349889286765,0.0,0.0,0.7229268292682927,0.0,-0.14531703740358354,0.06509144604206085,0.14532222151756286,-0.15033160895109177,0.08013248443603516,0.1503353774547577,-0.010769464075565338,-0.005766048561781645,-0.0007851239235606045
dt_0.25_ms,1840,0.46,307461,0.0,False,0.001917387475259602,0.0027557441499084234,0.002929365960881114,0.003230328066274524,0.0033012658590450897,0.003455484053120017,0.002004430795506618,4.017742813975293e-06,0.01,3075,0.0033124780043868756,0.0032303344924002886,0.003455484053120017,0.0013233539462089538,-0.0025433268464677703,-0.00653219484428807,0.21733323765494514,0.25187906273698496,0.0,0.0,0.6539837398373983,0.0,-0.18043539077043533,0.11017129570245743,0.180436010658741,-0.18043804168701172,-0.11019095033407211,0.18043715357780457,-0.015847796574234962,-0.005847508553415537,-0.000845925830071792
dt_0.25_ms,1880,0.47000000000000003,307461,0.0,False,0.003643446834757924,0.005972136277705431,0.006396750919520855,0.006830160412937404,0.006897330097854138,0.0070206657983362675,0.003971419288608519,1.5772171165931798e-05,0.01,3075,0.006906183309307912,0.006830190308392048,0.0070206657983362675,-0.0010224573007067217,-0.0011779054505038705,-0.0013788601765560547,0.13361434697007454,0.1841469359032239,0.0,0.0,1.0,0.0013008130081300813,-0.13522831201553345,-0.005002608522772789,0.1352289065718651,-0.13523444384336472,-0.0049985358491539955,0.13022727370262147,-0.0057745952624827625,-0.0007939632632769644,-0.0007748747535515577
dt_0.25_ms,1920,0.48,307461,0.0,False,0.006504825782030821,0.009492934681475163,0.010037238709628582,0.010623442195355893,0.010731664951890707,0.010815889574587345,0.006689396953385464,4.4748031599962724e-05,0.01,3075,0.010722316752483205,0.010623449459671974,0.010815889574587345,0.0001591476386939297,-0.00016582872821405134,-0.0019248479691985237,0.08288191514274564,0.13468538274047762,0.0,0.0,1.0,0.40747967479674796,-0.10511564910411834,4.1812420192854916e-08,0.10511693879961967,-0.1001167930662632,7.427267973980634e-07,0.10012426376342773,-0.0056709023658186196,-0.0006946462672203779,-0.0006816110631916672
dt_0.25_ms,1960,0.49,307461,0.0,False,0.007162116467952728,0.009775537066161633,0.010232929140329361,0.010731272399425507,0.010796703957021238,0.010912258177995682,0.007131108948048768,5.0852714828941205e-05,0.01,3075,0.010821899617227113,0.01073127519339323,0.010912258177995682,0.00011840124627833732,0.00026054549006727213,-0.0023862016699806887,0.07619172416430746,0.12096602601641174,0.0,0.0,1.0,0.4377235772357724,-0.09008742049336434,-7.716575396443659e-07,0.09008823558688164,-0.09010176658630371,9.901397106659715e-07,0.09010674133896827,-0.005564516549929977,-0.0005839361110702157,-0.0005696784239262343
dt_0.25_ms,2000,0.5,307461,0.0,False,0.005299716722220182,0.006931330543011427,0.007094501983374357,0.00722458390519023,0.007244252413511277,0.007283032406121492,0.005194835092493005,2.69863116381968e-05,0.01,3075,0.007247418918745305,0.007224591448903084,0.007283032406121492,0.002518231744005892,0.00143280618540368,-0.001876995856211165,0.1013914312073275,0.14874240041558012,0.0,0.0,1.0,0.17073170731707318,-0.10512126833200455,0.010000086389482021,0.11012950986623764,-0.11013558134436607,0.005001991521567106,0.11014908701181411,-0.005477139027789235,-0.0004956127959303558,-0.0004768637649249285
dt_0.25_ms,2040,0.51,307461,0.0,False,0.002069079549983144,0.0029970798641443253,0.003193283686414361,0.0034520856104791166,0.0035095280036330223,0.0036224359646439552,0.0021548272876610107,4.643280639648509e-06,0.01,3075,0.0035179478161763856,0.0034520907793194056,0.0036224359646439552,-6.338895336399233e-05,-0.0030933115685858378,-0.004255559259166229,0.2885329390456927,0.33138276857927834,0.0,0.0,0.8234146341463414,0.0,-0.23561573773622513,-0.15029576420783997,0.2356170430779457,-0.23561176657676697,-0.1553306132555008,0.23561090230941772,-0.0107542690820992,-0.005592613480985165,-0.0006188070285134019
dt_0.25_ms,2080,0.52,307461,0.0,False,0.002949581015855074,0.004472928587347269,0.004702026955783367,0.004962483607232571,0.005028943903744221,0.005160077475011349,0.003113209344952431,9.692072425499142e-06,0.01,3075,0.005040180924522683,0.004962495062500238,0.005160077475011349,-0.0006056660910447438,-0.0006142598063480563,-0.0018988727245809192,0.17504823850579518,0.22326148193779186,0.0,0.0,1.0,0.0,-0.160360848903656,-0.05005098879337311,0.16036081165075303,-0.16037197709083556,0.04005981236696243,0.1603690430521965,-0.005500895483419299,-0.0005182311870157719,-0.0004703267710283399
dt_0.25_ms,2120,0.53,307461,0.0,False,0.00545203872025013,0.007565115112811327,0.007896682247519493,0.008198081329464913,0.0082825873978436,0.00831915158778429,0.005477113618207569,2.9998773586754804e-05,0.01,3075,0.008270717192956103,0.008198082447052002,0.00831915158778429,7.799618483705733e-05,0.0005392592396274634,-0.0005357930109631724,0.10513345192893463,0.1573056657753417,0.0,0.0,1.0,0.2188617886178862,-0.12524274289608,-2.033754526564735e-06,0.12674469053745133,-0.12022866755723953,2.8162580747448374e-06,0.1202323243021965,-0.0005613384360913187,-0.0005338101182132959,-0.0005180204170756042
dt_0.25_ms,2160,0.54,307461,0.0,False,0.006110250949859619,0.008025514893233776,0.008292309939861298,0.008561157062649727,0.008616240695118904,0.008721276186406612,0.005978831493521611,3.5746426027925855e-05,0.01,3075,0.008624370198363696,0.00856118556112051,0.008721276186406612,0.00037749845857696816,0.0016518983823796244,-0.0021086407706853213,0.07853810737682143,0.12750568825738892,0.0,0.0,1.0,0.4377235772357724,-0.1001642994582653,-1.6976787264866289e-06,0.1051734857261181,-0.09515948593616486,5.3454155022336636e-06,0.09516962021589279,-0.00559641127474606,-0.0006210635183379054,-0.0006057240476366133
dt_0.25_ms,2200,0.55,307461,0.0,False,0.004573342390358448,0.005670045968145132,0.005764639470726252,0.005818453058600426,0.005826909327879548,0.005855427589267492,0.004403575235322375,1.9391474853144515e-05,0.01,3075,0.005828831940737924,0.00581846758723259,0.005855427589267492,0.004856187173118429,0.02645659074825143,-0.004346838771096787,0.10339037132722106,0.2162226364695502,0.0,0.0,0.7547967479674796,0.5092682926829268,-0.14030373990535736,0.0049984813667833805,0.1453202024102211,-0.13530272245407104,0.030034421011805534,0.15034891217947005,-0.010678961966186762,-0.0007936200127005577,-0.0006813556654378771
dt_0.25_ms,2240,0.56,307461,0.0,False,0.0017236104467883706,0.0022829582449048758,0.0023709433153271675,0.0024845814332366003,0.002513029286637902,0.0027255858294665813,0.0017236256860351205,2.9708855055600396e-06,0.01,3075,0.002518254228738871,0.0024846121668815613,0.0027255858294665813,0.006077990061868497,-0.0013539141174254378,-0.008139921753474217,0.3031855588611905,0.3934456256026583,0.0055284552845528455,0.0013008130081300813,0.5629268292682926,0.0,-0.28047887086868284,0.13526272773742676,0.2805121183395386,-0.28047971427440643,-0.1302662342786789,0.27566791474819186,-0.0210884353145957,-0.006129964254796505,-0.0007924881065264344
dt_0.25_ms,2280,0.5700000000000001,307461,0.0,False,0.002305295318365097,0.003888049628585577,0.0041552516631782055,0.004457732196897268,0.004530132841318847,0.004657048266381025,0.0025547296084650127,6.5266433723677975e-06,0.01,3075,0.004538576354128801,0.004457739181816578,0.004657048266381025,-0.0007717584206805966,-0.0011492902294891636,-0.0023407146809963373,0.16727560278718154,0.21048505079390703,0.0,0.0,1.0,0.0,-0.15532900691032409,-0.04504949972033501,0.15532817393541337,-0.15533239841461183,-0.04505815729498863,0.15532818734645842,-0.0057312458287924525,-0.0007527164416387677,-0.0007127767719794064
dt_0.25_ms,2320,0.58,307461,0.0,False,0.00466675590723753,0.006758062168955803,0.007099057547748089,0.007408090960234404,0.007458277326077223,0.007535349577665329,0.0047687372955821615,2.274085539427627e-05,0.01,3075,0.007462366259073824,0.0074080959893763065,0.007535349577665329,-0.00033032685412260574,0.001019358132253942,-0.0012313290658157046,0.13792267763085303,0.18632942955649462,0.0,0.0,1.0,0.0,-0.1402491196990013,-0.005003472790122032,0.14024871289730073,-0.13524330854415895,0.005006208084523678,0.13524404764175416,-0.005648538190871477,-0.0006676839548163116,-0.0006442257901653648
dt_0.25_ms,2360,0.59,307461,0.0,False,0.005449805408716202,0.007364736404269934,0.007651612162590027,0.007916798070073132,0.007971045095473528,0.00801602378487587,0.005389709653051343,2.9048970144194834e-05,0.01,3075,0.00796780062612237,0.007916931062936783,0.00801602378487587,-0.0017861701227677063,0.0020617097322263513,-0.0006389991803533905,0.11886689916025443,0.1705669585967498,0.0,0.0,1.0,0.1151219512195122,-0.13521788269281387,-0.0050010234117507935,0.1352186068892479,-0.1302088499069214,0.005006571765989065,0.1302121475338936,-0.0006060800747945905,-0.0005792439915239811,-0.0005620077892672271
dt_0.25_ms,2400,0.6,307461,0.0,False,0.004262846894562244,0.005576007533818483,0.00569378724321723,0.005783725250512362,0.005795983318239451,0.005818323232233524,0.004192580491824213,1.7577731180424958e-05,0.01,3075,0.005796816245296864,0.005783726926892996,0.005818323232233524,0.0012981760465517276,0.005508236912764988,-0.0005825719155647557,0.17331115066325742,0.25165766075252755,0.0,0.0,1.0,0.0,-0.18043580651283264,0.0450342632830143,0.1804368808865547,-0.16035912930965424,0.02503110282123089,0.16537127196788787,-0.0006730009918101132,-0.0005328924162313342,-0.0004994758404791355
dt_0.25_ms,2440,0.61,307461,0.0,False,0.0018729331204667687,0.002552318386733532,0.0026992985513061285,0.0028800008818507194,0.002924219099804759,0.003013045759871602,0.0018903747183627762,3.573516575825145e-06,0.01,3075,0.002930693969024512,0.002880003536120057,0.003013045759871602,0.0009406250763714798,-0.001225216291784271,-0.0043346087197106845,0.31542931946418123,0.35797135372280126,0.004878048780487805,0.0,0.8289430894308943,0.0,-0.25560158789157866,0.17041848599910736,0.2556028366088867,-0.25560191571712493,-0.1704290807247162,0.2556063115596771,-0.010885115340352058,-0.00570201501250267,-0.0007245185319334269
dt_0.25_ms,2480,0.62,307461,0.0,False,0.0018179791513830423,0.0028003707993775606,0.0029553689528256655,0.003149992972612381,0.003198621910996736,0.003302391618490219,0.001941712009378719,3.770245527365543e-06,0.01,3075,0.003205725447070308,0.003149996744468808,0.003302391618490219,0.00035562143820088083,0.0009313234250719955,-0.003104908621739369,0.19096821707112546,0.23399488201423524,0.0,0.0,0.8904065040650406,0.0,-0.16538735926151277,0.07007690519094467,0.1653911605477333,-0.17040030658245087,0.07510972023010254,0.17039957344532014,-0.010492155142128468,-0.0005633423570543528,-0.0004817547887796536
dt_0.25_ms,2520,0.63,307461,0.0,False,0.0038363442290574312,0.005294091999530792,0.005484864581376314,0.0056678905151784425,0.005698991380631924,0.00576564809307456,0.003841230504781903,1.4755051790867032e-05,0.01,3075,0.005704192089113763,0.005667898338288069,0.00576564809307456,-0.0005897795260821519,0.004443833864687058,-0.0010301874164582753,0.16057590492899923,0.2127321145444765,0.0,0.0,1.0,0.0,-0.15534523427486419,-0.005002348683774471,0.1553434193134308,-0.15533747225999833,0.030044833198189735,0.155339615046978,-0.005519213806837797,-0.0005402913084253669,-0.0005128931195940822
dt_0.25_ms,2560,0.64,307461,0.0,False,0.004587781615555286,0.005949682556092739,0.006106026470661163,0.0062324550934135916,0.006253449153155089,0.006316721439361572,0.0044647107041207255,1.9933641671490187e-05,0.01,3075,0.006259542140443393,0.006232455372810364,0.006316721439361572,-0.0028669619265707384,0.009442011811155226,-0.001218575964912742,0.17134519486843217,0.22687436657616064,0.0,0.0,1.0,0.0,-0.16539883911609649,-0.015009241178631783,0.16539853513240815,-0.15538812875747682,0.030048230662941933,0.16039084941148757,-0.005594991846010089,-0.0006088115624152124,-0.0005776038742624223
dt_0.25_ms,2600,0.65,307461,0.0,False,0.0036690703127533197,0.004470874555408955,0.004537105560302734,0.004611758049577475,0.004625120293349027,0.00466506602242589,0.003502216584015795,1.2265521001355267e-05,0.01,3075,0.004627582394495243,0.004611766431480646,0.00466506602242589,0.003354891058875293,0.021896799536255316,-0.003554343597781731,0.26357094750412047,0.3299156591321405,0.0,0.0,0.8559349593495935,0.0,-0.230649870634079,0.13025809824466705,0.23067545145750046,-0.22566072046756744,0.14535409212112427,0.22567148208618165,-0.01075635626912117,-0.0009990952676162124,-0.0006987166358157994
dt_0.25_ms,2640,0.66,307461,0.0,False,0.0014904967974871397,0.001929071731865406,0.0020785604137927294,0.002305410197004676,0.002345053246244788,0.002484543714672327,0.0014873318731458965,2.212156100875681e-06,0.01,3075,0.0023518174062899457,0.002305413829162717,0.002484543714672327,0.0066706632695546966,-0.000527317528802205,-0.01743898387754154,0.38505012933643856,0.41137771264398487,0.3008130081300813,0.0013008130081300813,0.22926829268292684,0.0,-0.2908858358860016,0.24067865312099457,0.2909386813640594,-0.2909098595380783,-0.23566468060016632,0.2909000515937805,-0.0359493300318718,-0.016128437593579292,-0.0010871551698073746
dt_0.25_ms,2680,0.67,307461,0.0,False,0.0013238841202110052,0.002460150048136711,0.0026484415866434574,0.0028582567814737564,0.002907650568522513,0.002993505448102951,0.0015592177788632537,2.4311600819232588e-06,0.01,3075,0.002913874702724984,0.0028582673985511065,0.002993505448102951,-0.00014795939248751818,-0.0002041302173118281,-0.0023179526830553947,0.16260416712748735,0.20446907281428472,0.0,0.0,1.0,0.0,-0.15032878816127776,0.035033807158470154,0.15032940953969956,-0.15032469034194945,-0.040052514523267746,0.1503266915678978,-0.005668747751042247,-0.0006889286451041698,-0.0006501607305835933
dt_0.25_ms,2720,0.68,307461,0.0,False,0.003248543944209814,0.004812497645616531,0.005060070659965277,0.005293445009738207,0.005333709390833974,0.005414631683379412,0.00335689094082522,1.1268716788594431e-05,0.01,3075,0.0053416123833295295,0.005293446127325296,0.005414631683379412,-0.0016187515115834833,0.00035659666559318217,-0.0017354062541077534,0.1523554007446607,0.1956603859849906,0.0,0.0,1.0,0.0,-0.14529688358306886,-0.030024036765098572,0.14529002457857132,-0.1417972415685653,-0.010012172162532806,0.1452884331345558,-0.005619339272379875,-0.0006364175933413208,-0.0006057174585293979
dt_0.25_ms,2760,0.6900000000000001,307461,0.0,False,0.004064189735800028,0.005556034855544567,0.00576720992103219,0.005958927888423205,0.005991021497175098,0.006057481747120619,0.004045679973399118,1.636752644716269e-05,0.01,3075,0.005996107833414543,0.005958934314548969,0.006057481747120619,-0.0022293429173589722,0.0029563185145981535,-0.0014184909840341566,0.16153784483461736,0.20675260307503815,0.0,0.0,1.0,0.0,-0.15532674193382262,-0.04003273323178291,0.15532605051994325,-0.15030514150857927,0.015020671300590038,0.15031688660383224,-0.0055680862627923485,-0.0005835825577378273,-0.0005519813799764961
dt_0.25_ms,2800,0.7000000000000001,307461,0.0,False,0.00342009449377656,0.004464642144739628,0.004561990965157747,0.004676687903702259,0.004700267827138305,0.0047421203926205635,0.0033502171046602713,1.1223954648358251e-05,0.01,3075,0.004702567038376157,0.00467669265344739,0.0047421203926205635,-6.397331148628297e-05,0.0029417564931923782,-0.0023570176419930727,0.23361838904776738,0.2765611936459614,0.0,0.0,1.0,0.0,-0.20556782186031342,0.11016646027565002,0.20556611120700835,-0.2005219042301178,0.08012944459915161,0.20053971260786058,-0.005663426546379924,-0.0006896668346598744,-0.0005477574828546494
dt_0.25_ms,2840,0.71,307461,0.0,False,0.001655671396292746,0.002260836772620678,0.002387209329754114,0.0025463218335062265,0.002582776849158109,0.0027142397593706846,0.001668896372085073,2.7852151007587185e-06,0.01,3075,0.0025867400560679473,0.0025463225319981575,0.0027142397593706846,0.0012132296959559122,0.0023457300323780957,-0.003106367937080956,0.3360099277700157,0.3939511007945954,0.17886178861788618,0.0,0.9164227642276422,0.0,-0.285533207654953,0.1754654049873352,0.2855611264705658,-0.28550785779953003,0.1754869520664215,0.2855167418718338,-0.010883812326937914,-0.000943855382502079,-0.0005159618973266335
dt_0.25_ms,2880,0.72,307461,0.0,False,0.0010864564683288336,0.0016745823668316007,0.001762598054483533,0.001873493613675237,0.0019013112294487657,0.0021548368968069553,0.0011629919652129538,1.352550311149888e-06,0.01,3075,0.001906584767564162,0.0018735019257292151,0.0021548368968069553,0.0009992609930232288,0.001684228412019528,-0.003375949988224945,0.18177982707620374,0.2255541229610004,0.0013008130081300813,0.0013008130081300813,0.8708943089430894,0.0,-0.16035545319318772,0.06004514917731285,0.16035901010036469,-0.1618921369314193,0.07510943710803986,0.16039007604122163,-0.01048235660418868,-0.0005449096788652241,-0.00047215587401296946
dt_0.25_ms,2920,0.73,307461,0.0,False,0.0026265450287610292,0.00366276316344738,0.0037939706817269325,0.003927889931946993,0.003952476382255554,0.0040118396282196045,0.002652416432197488,7.035312929791253e-06,0.01,3075,0.003957905918965495,0.003927894402295351,0.0040118396282196045,-0.00016079659704066986,0.005000541365849293,-0.0013216323219145064,0.16095340785868084,0.2105098307245501,0.0,0.0,1.0,0.0,-0.1553318679332733,-4.633538082998712e-06,0.15533095151185988,-0.15533868819475175,0.05507650598883629,0.15534337759017944,-0.005500244721770286,-0.0005222695181146264,-0.0004935285192914307
dt_0.25_ms,2960,0.74,307461,0.0,False,0.0033994419500231743,0.004390383139252663,0.004495279863476753,0.004606556799262762,0.004632648685947061,0.004702315200120211,0.0033042152170348633,1.091783820048475e-05,0.01,3075,0.0046380537949744765,0.004606559872627258,0.004702315200120211,-0.0007780832779116747,0.010541760366622025,-0.0029925450324118745,0.20069519408178205,0.24272670204471566,0.0,0.0,0.8991869918699187,0.0,-0.1754680559039116,-0.08011120557785034,0.1754719078540802,-0.17544906884431838,0.09016012400388718,0.17546254098415376,-0.010568958334624767,-0.0006333981873467565,-0.0005525721178855748
dt_0.25_ms,3000,0.75,307461,0.0,False,0.0028908459935337305,0.003527152817696333,0.0036071513313800097,0.0036848356481641534,0.0036969466833397745,0.003732264507561922,0.002756992936587012,7.601010052390677e-06,0.01,3075,0.0036993448080388995,0.0036848445888608694,0.003732264507561922,0.011162945351949552,0.017360595799073942,-0.004121818592624239,0.2802903206390421,0.333340282700811,0.0,0.0,0.8159349593495935,0.0,-0.2356862798333168,0.15537403523921967,0.24067385643720626,-0.23070528507232665,0.15539686381816864,0.23070289045572281,-0.010829940252006055,-0.0010482561774551868,-0.0006890027259942146
dt_0.25_ms,3040,0.76,307461,0.0,False,0.0012744583655148745,0.0017412099987268448,0.0018933794926851988,0.0020910852123051885,0.002126647485420108,0.0023066990543156862,0.0013043437676360386,1.7013126641709763e-06,0.01,3075,0.002131436459826139,0.0020910941530019045,0.0023066990543156862,0.008010202777094957,4.142373557982406e-05,-0.017980731090595115,0.3818734428514719,0.40786117040720726,0.2305691056910569,0.0013008130081300813,0.2175609756097561,0.0,-0.29075813889503477,0.24069201946258545,0.29080305695533754,-0.29077325761318207,0.23068967461585999,0.2907667636871338,-0.036041566729545595,-0.016139935702085495,-0.0010842153453268113
dt_0.25_ms,3080,0.77,307461,0.0,False,0.0007075106841512024,0.0015259633073583245,0.0016659778775647283,0.001816595532000065,0.0018435045843943954,0.0022517761681228876,0.0009263380581895496,8.581021980503855e-07,0.01,3075,0.0018488202441665459,0.0018165974179282784,0.0022517761681228876,-0.0012069386643607442,-0.00323157144028966,-0.0021024984465646975,0.14443736563605541,0.18396377626172405,0.0013008130081300813,0.0013008130081300813,0.9986991869918699,0.0,-0.1402737393975258,-0.020014632493257523,0.14027262181043626,-0.13528745919466018,-0.030035097151994705,0.1352818563580513,-0.005602779611945152,-0.0006205022800713778,-0.0005929673672653735
dt_0.25_ms,3120,0.78,307461,0.0,False,0.002223549410700798,0.003436436876654625,0.003630560589954257,0.003819467872381211,0.0038511776132509118,0.0039195045828819275,0.002350066999579722,5.5228149025136365e-06,0.01,3075,0.0038568812670807043,0.003819489385932684,0.0039195045828819275,-0.0008549817681797151,-0.0009606258436338251,-0.0015680986766256695,0.14996290711810958,0.19154746840881184,0.0,0.0,1.0,0.0,-0.14530157595872878,-0.020012935623526573,0.14529812932014466,-0.14029563069343567,-0.010005701333284378,0.14029777199029922,-0.005578070366755128,-0.0005940402043052018,-0.0005664415599312633
dt_0.25_ms,3160,0.79,307461,0.0,False,0.0029977052472531796,0.0041941022500395775,0.004361147526651621,0.004524533636868,0.004554413817822934,0.0046192738227546215,0.0030188376515460757,9.113380766392224e-06,0.01,3075,0.004560234422182165,0.00452454062178731,0.0046192738227546215,3.604418257387673e-05,0.001544870585808909,-0.001847038693892641,0.17179654972882735,0.2126086504664222,0.0,0.0,1.0,0.0,-0.16037181466817857,0.04503956064581871,0.16037433892488479,-0.15534843057394027,-0.01000172272324562,0.15535647571086883,-0.0055544578935950994,-0.0005718385218642652,-0.0005321037431713193
dt_0.25_ms,3200,0.8,307461,0.0,False,0.00269097532145679,0.0035599921829998493,0.003653718391433358,0.003767628408968449,0.0037913157837465407,0.0038309155497699976,0.0026509651056317047,7.027615991276916e-06,0.01,3075,0.0037929208272295756,0.0037676384672522545,0.0038309155497699976,0.0021517311969423683,0.002104981476213874,-0.002443415190157579,0.22265858212818407,0.26192899527812114,0.0,0.0,1.0,0.0,-0.20054251998662947,0.11016442626714706,0.20054908394813536,-0.19051220118999482,0.07511352002620697,0.19052882492542267,-0.005619353475049138,-0.0006482374737970531,-0.0005251780268736184
dt_0.25_ms,3240,0.81,307461,0.0,False,0.0014543530996888876,0.0019855203572660685,0.002087643835693598,0.002206479385495186,0.002236967580392957,0.002403476508334279,0.0014589785894156995,2.1286185243734243e-06,0.01,3075,0.0022421646630770065,0.002206485951319337,0.002403476508334279,0.00016203617661949096,0.006432856558784237,-0.0022258867895726597,0.3309806984570971,0.3946327905962424,0.26211382113821136,0.0,0.9980487804878049,0.0,-0.2953558623790741,0.13025608658790588,0.29535635113716124,-0.29050233364105227,0.15036991238594055,0.2953740060329437,-0.005952698970213532,-0.0008699044701643288,-0.0003667552140541375
dt_0.25_ms,3280,0.8200000000000001,307461,0.0,False,0.0006727027939632535,0.0009741430403664708,0.0010172993643209338,0.0010636365273967387,0.0010740466881543399,0.002059160964563489,0.0006972720373189445,4.861882940269115e-07,0.01,3075,0.0010823185771431138,0.0010636374354362488,0.002059160964563489,-0.0044829535048182415,-0.01015815564045092,-0.005531031414951629,0.2658133917346169,0.3369558980147828,0.024715447154471545,0.024715447154471545,0.8588617886178862,0.0,-0.23071635216474534,-0.09514088928699493,0.23071636110544205,-0.23569949418306352,-0.12021040916442871,0.2356940746307373,-0.01076832776889205,-0.0008416336495429277,-0.00047477322223130617
dt_0.25_ms,3320,0.8300000000000001,307461,0.0,False,0.0017719595925882459,0.002506149234250188,0.0025996770709753036,0.002692847140133381,0.002716102474369109,0.0027504744939506054,0.001809187760772149,3.2731603537277423e-06,0.01,3075,0.002716708859141038,0.002692852169275284,0.0027504744939506054,7.843695445797685e-05,0.003862850725408492,-0.0012017236772273493,0.14479856862177665,0.19142840349939966,0.0,0.0,1.0,0.0,-0.13525834828615188,-2.955256604764145e-06,0.14027148634195327,-0.15033626705408096,0.05507662892341614,0.1503264471888542,-0.005473415600135922,-0.0004925443208776414,-0.00046868696808815007
dt_0.25_ms,3360,0.84,307461,0.0,False,0.00247940537519753,0.0032212368678301573,0.003302614437416196,0.0033881017938256265,0.0034079727018252017,0.0034558000043034554,0.0024194669496129563,5.853820320269424e-06,0.01,3075,0.003411530110969897,0.0033881019335240126,0.0034558000043034554,-0.0003653199280180582,0.00910039344211904,-0.002927364822897333,0.19457451543322904,0.23760132515025975,0.0,0.0,0.8982113821138211,0.0,-0.1704398810863495,-0.07008831948041916,0.17045978307724,-0.1704341560602188,0.08515545725822449,0.17044474184513092,-0.010529168229550124,-0.0005881701945327222,-0.0005154400831088423
dt_0.25_ms,3400,0.85,307461,0.0,False,0.002236897824332118,0.0027252784930169582,0.002786979777738452,0.002846735715866089,0.002856306126341224,0.0028930099215358496,0.0021305971767154354,4.539444329427784e-06,0.01,3075,0.0028588457282905174,0.002846737392246723,0.0028930099215358496,0.007364877622301986,0.025881269574165346,-0.005031087381795534,0.2614659316318408,0.31723414772384484,0.0,0.0,0.7173983739837398,0.0,-0.22068362087011337,0.14533193409442902,0.22570856511592866,-0.2106921061873436,0.15038208663463593,0.22067950218915938,-0.015643322467803956,-0.005580157972872257,-0.0006281045498326422
dt_0.25_ms,3440,0.86,307461,0.0,False,0.0010731249349191785,0.001487087458372116,0.001612047664821148,0.0017629601527005447,0.0017927694600075484,0.0021753141190856695,0.0011048989962496602,1.2208017919135065e-06,0.01,3075,0.0017963261856901937,0.001762996194884181,0.0021753141190856695,0.009360842758077916,0.0023229696159440326,-0.01807724335369071,0.3774779925927112,0.40417639277411316,0.13495934959349593,0.0026016260162601626,0.22504065040650406,0.0,-0.28577978909015656,0.2357359081506729,0.2858217418193817,-0.2857949614524841,0.23072977364063263,0.2857958674430847,-0.03611149452626705,-0.016129113733768463,-0.001071719906758517
dt_0.25_ms,3480,0.87,307461,0.0,False,0.00040036518475972116,0.0009567902889102697,0.001068907673470676,0.0011924661463126541,0.0012134094373323022,0.0021388044115155935,0.0005661005304980499,3.2046981063017357e-07,0.01,3075,0.001219697454111363,0.0011924691498279572,0.0021388044115155935,0.002764597234966836,-0.007617768123590528,-0.005859486831227181,0.136512236093091,0.17472638718006522,0.04682926829268293,0.0351219512195122,0.953170731707317,0.012357723577235772,-0.13525714725255966,0.010001844726502895,0.1352590575814247,-0.13025357723236083,-0.025034606456756592,0.1302523657679558,-0.005552556365728378,-0.0005635717534460127,-0.0005427404248621315
dt_0.25_ms,3520,0.88,307461,0.0,False,0.0015239452477544546,0.002481697127223015,0.0026430797297507524,0.0027987518813461067,0.002825510548427701,0.00287633016705513,0.001655455721120333,2.740533644590042e-06,0.01,3075,0.002827730515774915,0.002798754256218672,0.00287633016705513,0.003349950692764998,-0.005930530726258794,-0.0012738924088312419,0.13713284125505995,0.1806401960316116,0.0,0.0,1.0,0.0,-0.14027149677276612,0.014999925158917904,0.1402740776538849,-0.13527159243822098,-0.025024082511663437,0.13527183681726457,-0.005529035674408078,-0.0005482356064021587,-0.000524909415980801
dt_0.25_ms,3560,0.89,307461,0.0,False,0.0021903524175286293,0.0031712737400084734,0.003315805457532406,0.0034545246046036484,0.003477805992588401,0.0035306615754961967,0.002242876279070068,5.030494003215192e-06,0.01,3075,0.0034819828899864988,0.0034545271191745996,0.0035306615754961967,0.0013191004115633849,-0.004204379630530794,-0.001484102873544292,0.1571225676490249,0.19957960878618938,0.0,0.0,1.0,0.0,-0.15533949434757233,0.040035001933574677,0.15534157156944275,-0.14031634032726287,-0.020025381818413734,0.140320847928524,-0.005512144882231951,-0.0005272118141874671,-0.0004982093232683837
dt_0.25_ms,3600,0.9,307461,0.0,False,0.0020587085746228695,0.002789941383525729,0.0028748095501214266,0.0029723200947046283,0.0029938477557152512,0.003036151174455881,0.0020503780947635345,4.2040503314861415e-06,0.01,3075,0.002995459319024188,0.0029723269399255514,0.003036151174455881,-0.0002902928600466348,-0.004539858789705649,-0.0023026511912627857,0.20709900142741464,0.24670145974478933,0.0,0.0,0.9951219512195122,0.0,-0.19054236263036728,-0.09514771401882172,0.19053678661584855,-0.17545129358768463,-0.0701049342751503,0.17546140253543854,-0.0055623604916036126,-0.0005861909012310207,-0.0004907472699414939
dt_0.25_ms,3640,0.91,307461,0.0,False,0.0011990125058218837,0.0016454248689115047,0.001719976426102221,0.0018100111279636625,0.00182970262831077,0.0019995716866105795,0.0012050633380511567,1.4521776487149962e-06,0.01,3075,0.001837531448061752,0.0018100218148902059,0.0019995716866105795,0.0004927120000366272,0.0011043235298546915,-0.0017799210967921948,0.31920325377984454,0.39398725525883443,0.36,0.0013008130081300813,0.9986991869918699,0.0,-0.2954336076974869,0.09515891969203949,0.2954400718212128,-0.2953594416379929,-0.030043693259358406,0.29536423087120056,-0.005818712152540683,-0.0007569911540485919,-0.000249227526364848
dt_0.25_ms,3680,0.92,307461,0.0,False,0.0004644466971512884,0.0006407520268112421,0.0006983708590269089,0.0007994682295247914,0.0008339724096003927,0.001992573030292988,0.000472276667977238,2.2304525111568231e-07,0.01,3075,0.0008543338947475138,0.0007994732586666942,0.001992573030292988,-0.006729235670653642,-0.0022962133695709577,-0.024832455431753806,0.3427899748630762,0.4159149011946363,0.23121951219512196,0.19967479674796748,0.609430894308943,0.0,-0.2971423476934433,-0.11005759239196777,0.29808288812637246,-0.29715745747089384,-0.04001607373356819,0.29715760946273806,-0.1008240520954132,-0.005962534807622433,-0.000796155066927895
dt_0.25_ms,3720,0.93,307461,0.0,False,0.0012155236909165978,0.0017301561310887337,0.0018035231623798609,0.0018798348959535361,0.0019004841451533139,0.0020187648478895426,0.0012494307683015514,1.5610772447786054e-06,0.01,3075,0.0019004809771232852,0.0018798388773575425,0.0020187648478895426,0.0012185988992671787,-0.004726769936589651,-0.0008745773868991168,0.10233682626478384,0.1547402706340248,0.0013008130081300813,0.0013008130081300813,0.9986991869918699,0.2253658536585366,-0.11014702171087265,-8.135169764500461e-07,0.11015476733446121,-0.13527320623397826,-0.005003254860639572,0.13025424480438233,-0.005437489738687873,-0.00045573420356959105,-0.0004446818755241111
dt_0.25_ms,3760,0.9400000000000001,307461,0.0,False,0.0017875353805720806,0.0023493145126849413,0.002413933863863349,0.002464369498193264,0.002471629111096263,0.002487466437742114,0.00175830108347891,3.091622700163109e-06,0.01,3075,0.0024722181839065822,0.002464375924319029,0.002487466437742114,0.0009282025501031198,-0.0021627825606845555,-0.0005457944582629101,0.144567549396274,0.20242592758173458,0.0,0.0,1.0,0.0065040650406504065,-0.1553463950753212,-0.00500320503488183,0.15537344068288803,-0.1453146368265152,3.851672772725578e-06,0.14034241139888765,-0.0005381222057621926,-0.0004895318998023868,-0.0004691849462687969
dt_0.25_ms,3800,0.9500000000000001,307461,0.0,False,0.0016806315397843719,0.002040765481069684,0.0020728379022330046,0.0021050973795354367,0.0021126602776348593,0.0021392067428678274,0.0016023016534887342,2.567370588772732e-06,0.01,3075,0.002114405452871953,0.0021051010116934776,0.0021392067428678274,0.01801456763492367,0.038526027818036275,-0.005453061570500486,0.24226345746417505,0.3018373040013711,0.0,0.0,0.6705691056910569,0.0,-0.20560255646705627,0.15035554766654968,0.21568712443113328,-0.1905642032623291,0.13033315539360046,0.20567505210638046,-0.01560619929805398,-0.005544851999729872,-0.0005617233458906412
dt_0.25_ms,3840,0.96,307461,0.0,False,0.00086146843386814,0.001157301478087902,0.0012613344006240368,0.0013849406503140928,0.0014044425915926697,0.0020728788804262877,0.000876735218400303,7.68664643183427e-07,0.01,3075,0.0014111449940099829,0.0013849437236785889,0.0020728788804262877,0.004482801546895407,0.008249530942459416,-0.02587689611962353,0.3820766364306943,0.4152782652704452,0.1951219512195122,0.023414634146341463,0.14113821138211383,0.0,-0.2909104734659195,0.2407311052083969,0.29094103872776034,-0.29087722599506377,0.24073798954486847,0.29092741310596465,-0.08164813369512558,-0.021140318363904953,-0.0011015887372195722
dt_0.25_ms,3880,0.97,307461,0.0,False,0.00026682589668780565,0.0006531208055093884,0.0007328441715799272,0.000830020965076983,0.000851237348979339,0.0020480023231357336,0.00038755362220481307,1.5019781008407096e-07,0.01,3075,0.0008935549424779487,0.0008300214540213346,0.0020480023231357336,0.009499708030639544,-0.0023851095893767213,-0.0352426645463537,0.22502449658600682,0.41899422126628005,0.36227642276422767,0.24747967479674796,0.6273170731707317,0.0,-0.30128526985645293,0.035029176622629166,0.3012854754924774,-0.30127916038036345,-0.04005064070224762,0.3012791216373444,-0.10084413662552834,-0.0005352930165827274,-0.0005073856678791344
dt_0.25_ms,3920,0.98,307461,0.0,False,0.0010622871341183782,0.0018261285731568933,0.001957834232598543,0.002091828128322959,0.0021129856351763013,0.0021574352867901325,0.001196095130724416,1.430643561742658e-06,0.01,3075,0.0021154056289573995,0.002091828966513276,0.0021574352867901325,0.0075578394474266645,-0.0032454742399932,-0.0011684824545239287,0.12720856875421058,0.17098956011524075,0.0,0.0,1.0,0.0191869918699187,-0.13023314476013184,0.030011549592018127,0.1352555751800537,-0.13025148957967758,-0.010009788908064365,0.13025522530078887,-0.005488417437300086,-0.0005079557304270566,-0.0004901146690826863
dt_0.25_ms,3960,0.99,307461,0.0,False,0.0016013819258660078,0.0024085366167128086,0.002533219987526536,0.002652511326596141,0.0026754026068374517,0.0027204358484596014,0.00167514845822354,2.8061223570887036e-06,0.01,3075,0.00267675498704903,0.002652511466294527,0.0027204358484596014,0.006614412794995114,-0.004222806199878557,-0.0013618027420366197,0.13870432173597003,0.1876753645833356,0.0,0.0,1.0,0.018211382113821138,-0.15031569749116896,0.060042690485715866,0.1503184527158737,-0.12525949031114578,-0.01001096609979868,0.1252604529261589,-0.005471188994124532,-0.000487994373543188,-0.0004656842298572883
dt_0.25_ms,4000,1.0,307461,0.0,False,0.0015607357490807772,0.002184947021305561,0.0022665630094707012,0.0023544041439890863,0.002371065737679601,0.0024153294507414103,0.0015786578371270782,2.4921605667227448e-06,0.01,3075,0.0023745063773348805,0.002354410709813237,0.0024153294507414103,0.004463379278900177,-0.005491428463025389,-0.0018138549239961506,0.16989753464129778,0.21278178541615633,0.0,0.0,1.0,0.0,-0.17043334543704985,0.09010258316993713,0.17043977975845337,-0.1403191328048706,-0.025024529546499252,0.14031767398118972,-0.0054757044650614265,-0.0004934912431053817,-0.0004473369132028893
dt_0.25_ms,4040,1.01,307461,0.0,False,0.0009763380512595177,0.0013408234808593988,0.0013943857047706842,0.001454066880978644,0.0014647437026724219,0.0019325453322380781,0.0009826941955983018,9.656878820625932e-07,0.01,3075,0.0014778706276547013,0.001454066950827837,0.0019325453322380781,-0.0018436813899656622,-0.01623039230963961,-0.0017693532200419434,0.29450319365037986,0.37306393056421566,0.3795121951219512,0.003902439024390244,0.9960975609756098,0.0,-0.30022052526473997,-0.04005298390984535,0.3002170234918594,-0.2953438550233841,-0.0951952114701271,0.2953521519899368,-0.005617664661258459,-0.0006602583453059196,-0.0001988997464650312
dt_0.25_ms,4080,1.02,307461,0.0,False,0.00033736572368070483,0.0005347319529391825,0.0005969729390926659,0.000702031375840308,0.0007367096783127637,0.0019365709740668535,0.00037183155544953,1.382587056280169e-07,0.01,3075,0.000774265772992427,0.0007020761840976775,0.0019365709740668535,-0.0050205755572717056,0.005735148304272626,-0.026928582665511895,0.35480326321794053,0.4167822283759364,0.32130081300813007,0.21951219512195122,0.6263414634146341,0.0,-0.3011042714118958,-0.08002631366252899,0.30110448598861694,-0.30066407322883604,0.0850323736667633,0.30118495523929595,-0.10084765180945396,-0.005967710167169571,-0.000638938561314717
dt_0.25_ms,4120,1.03,307461,0.0,False,0.0008575473329983652,0.0011828119168058038,0.001235984731465578,0.001305615296587348,0.0013253094977699225,0.0019522334914654493,0.0008712126637784841,7.59011505528002e-07,0.01,3075,0.001329186442497421,0.0013056180905550718,0.0019522334914654493,0.0013471926837417606,-0.0014580800595324634,-0.0027058831551320457,0.0810594300818917,0.1276504423264559,0.007154471544715447,0.007154471544715447,0.9895934959349594,0.4240650406504065,-0.09010396525263786,-1.971241090359399e-06,0.0951125256717205,-0.1101632371544838,1.3645695844388683e-06,0.10516068562865258,-0.005429556779563427,-0.0004378905869089067,-0.0004240551294060424
dt_0.25_ms,4160,1.04,307461,0.0,False,0.0012813672656193376,0.001696862280368805,0.001749879214912653,0.0018110657809302217,0.0018265709979459646,0.001973482081666589,0.0012732654607305635,1.621204933489414e-06,0.01,3075,0.0018280968250994518,0.0018110821256414056,0.001973482081666589,0.0037095016035286013,-0.0012876295270862277,-0.0020681733977072304,0.08053185621111013,0.13056121333800638,0.0013008130081300813,0.0013008130081300813,0.9986991869918699,0.42048780487804877,-0.1051407165825367,0.004996362142264843,0.1101554960012436,-0.09513901695609092,3.910460691258777e-06,0.09013577774167061,-0.005444018263369798,-0.00045323855010792613,-0.0004402559221489355
dt_0.25_ms,4200,1.05,307461,0.0,False,0.001250077155418694,0.0015106973005458713,0.0015356639632955194,0.0015636360039934516,0.0015686523052863778,0.0019878982566297054,0.0011928045730452597,1.4227827494776844e-06,0.01,3075,0.0015697918967457444,0.0015636387979611754,0.0019878982566297054,-0.003623062902314411,0.0024046413754220293,-0.0044065499521519355,0.10203351579498843,0.15235042004433888,0.003902439024390244,0.003902439024390244,0.7804878048780488,0.27934959349593497,-0.14529186338186265,-0.010006364434957504,0.14027442038059235,-0.060062726959586143,0.005004089325666428,0.06008898988366127,-0.015482422150671481,-0.00048071457422338426,-0.00045802550157532097
dt_0.25_ms,4240,1.06,307461,0.0,False,0.0006890567019581795,0.000878102146089077,0.0009597130119800568,0.0010668699396774175,0.0010860942536965012,0.001986652845516801,0.0006831608794367,4.667087871927254e-07,0.01,3075,0.0011035206523246882,0.001066873432137072,0.001986652845516801,0.0033398617380033663,0.005996445892302971,-0.04452431374797371,0.3942307138722326,0.42073705967175246,0.4169105691056911,0.05723577235772358,0.006178861788617886,0.0,-0.29628833532333376,0.25072282552719116,0.296287927031517,-0.2962371438741684,0.25072720646858215,0.296236926317215,-0.09192584231495857,-0.041085634380578995,-0.011119690351188182
dt_0.25_ms,4280,1.07,307461,0.0,False,0.00019813458493445069,0.0004711330111604184,0.0005329244304448366,0.000631995243020356,0.0007213540142402056,0.001969454810023308,0.00028508119669671785,8.127128871003274e-08,0.01,3075,0.0007756134346922542,0.0006320044631138444,0.001969454810023308,0.0001827425159081308,-0.0016048190873873623,-0.0855977030934357,0.3860441915524822,0.4207047621677822,0.8852032520325204,0.4894308943089431,0.0,0.0,-0.30181191563606263,-4.445966226285236e-07,0.30180827975273133,-0.3017661213874817,-0.010011126287281513,0.3017677843570709,-0.1008938729763031,-0.08695289492607117,-0.061252803355455396
dt_0.25_ms,4320,1.08,307461,0.0,False,0.0007547136629000306,0.0013481015339493752,0.0014544706791639328,0.0015705391298979521,0.0015871222247369587,0.0019428819650784135,0.0008698198492696052,7.565865701833988e-07,0.01,3075,0.0015900315368941765,0.0015705391997471452,0.0019428819650784135,0.012720896114348975,-0.0015992787235510721,-0.0013971792703505786,0.10949499936398484,0.1646471184486402,0.0013008130081300813,0.0013008130081300813,0.9986991869918699,0.17626016260162602,-0.12521320432424546,0.040015093982219696,0.13022608309984207,-0.11020167246460914,-0.00499444967135787,0.11518978849053382,-0.005453326134011149,-0.0004703437734860927,-0.0004592037439579144
dt_0.25_ms,4360,1.09,307461,0.0,False,0.0011737681925296783,0.001824988517910242,0.0019370719091966748,0.0020634100306779145,0.0020834381692111494,0.002122304169461131,0.0012488448405402915,1.559613435744106e-06,0.01,3075,0.002085310171729302,0.0020634105894714594,0.002122304169461131,0.009327647300677132,-0.003167574281083607,-0.0013998961817885832,0.10454250038544378,0.15941399634456485,0.0,0.0,1.0,0.21008130081300813,-0.13022348135709763,0.03000103496015072,0.13023002445697784,-0.10017653703689575,-0.0049984813667833805,0.10016468763351441,-0.005433737253770232,-0.0004520359798334539,-0.00044027855328749866
dt_0.25_ms,4400,1.1,307461,0.0,False,0.001170982839539647,0.0017005009576678276,0.0017824886599555612,0.0018699535867199302,0.0018855513771995906,0.0019156044581905007,0.0012056137555208437,1.4535045275010729e-06,0.01,3075,0.0018867723411327697,0.0018699539359658957,0.0019156044581905007,0.010353855946303829,-0.007305226295154659,-0.0017369156088528595,0.12698612978408377,0.17931653411784476,0.0013008130081300813,0.0013008130081300813,0.9986991869918699,0.08715447154471545,-0.14530227929353715,0.06002731993794441,0.1503220394253731,-0.11521321311593055,-0.01000638585537672,0.11020348742604255,-0.005421179393306374,-0.0004377455043140799,-0.0004197797941742465
dt_0.25_ms,4440,1.11,307461,0.0,False,0.0007725014584138989,0.0010854313150048256,0.0011289514368399978,0.001182431564666331,0.0011934739304706456,0.0018829928012564778,0.0007886883532844941,6.220293186066069e-07,0.01,3075,0.0012063588964851286,0.0011824320536106825,0.0018829928012564778,-0.0051706597390904895,-0.03844493282020041,-0.002106575342917406,0.27197126083885165,0.3472477152481106,0.33203252032520325,0.007804878048780488,0.9921951219512195,0.0,-0.29549368023872374,-0.04507072642445564,0.2954455554485321,-0.29533647894859316,-0.1002085879445076,0.2953389048576355,-0.005577492201700807,-0.0005746847600676119,-0.00015316195931518452
dt_0.25_ms,4480,1.12,307461,0.0,False,0.00027282373048365116,0.00047086106496863067,0.0005249189562164247,0.0006250787060707815,0.0006602130073588342,0.0018835294758901,0.0003160904116186221,9.991314831722994e-08,0.01,3075,0.0007111895969705429,0.0006250981241464615,0.0018835294758901,-0.006629734197136932,0.0018890557540415798,-0.030571103804848655,0.3622861552865038,0.4183676790011696,0.4139837398373984,0.24845528455284552,0.6315447154471545,0.0,-0.3014195740222931,-0.11005759239196777,0.3014193922281265,-0.30142672955989835,0.02502102591097355,0.3014271318912506,-0.10087732672691345,-0.005953636020421982,-0.0005575074756052347
dt_0.25_ms,4520,1.1300000000000001,307461,0.0,False,0.0006148690590634942,0.0007928004488348961,0.0008314925944432616,0.0008960070088505746,0.0009131827158853411,0.00189224595669657,0.0006083101846479551,3.700412807464292e-07,0.01,3075,0.0009255011905196721,0.0008960093837231398,0.00189224595669657,0.0006339464793095763,0.00028823232423905127,-0.014360018464040041,0.10217088993139646,0.41560302158352047,0.1167479674796748,0.09528455284552846,0.7424390243902439,0.5739837398373984,-0.2618902325630187,-2.6798043109010905e-06,0.2603714257478714,-0.2502728670835495,7.842920240364037e-06,0.2603780090808868,-0.10086496397852898,-0.005395581945776939,-0.0004047879541758448
dt_0.25_ms,4560,1.1400000000000001,307461,0.0,False,0.000917153200134635,0.001199669553898275,0.0012598865432664752,0.001342615485191346,0.0013626560219563543,0.001904918346554041,0.0009119264821020336,8.316099087589906e-07,0.01,3075,0.0013662237632353373,0.001342634903267026,0.001904918346554041,-0.00048718373139453015,0.0001327841068360789,-0.004469831686105382,0.06615374405354378,0.10979358126896983,0.005203252032520325,0.005203252032520325,0.8035772357723577,0.6240650406504065,-0.09510481655597687,-3.5512684917193837e-06,0.09010066837072372,-0.07007967084646224,8.1407943071099e-06,0.06507773026823997,-0.010430353693664074,-0.005404301453381777,-0.0004164491518167779
dt_0.25_ms,4600,1.1500000000000001,307461,0.0,False,0.0009123293566517532,0.0010904977098107338,0.0011323553044348955,0.0011944698402658106,0.0012078011524863542,0.0019136322662234306,0.0008740355407663824,7.639381265227825e-07,0.01,3075,0.0012112483635877934,0.0011944706784561276,0.0019136322662234306,-0.0013251550395524299,0.0018956531448176682,-0.009255990500238202,0.06973978909979447,0.11067204651912464,0.03772357723577236,0.026016260162601626,0.623739837398374,0.728130081300813,-0.09010248929262162,-5.296740255289478e-06,0.09009630233049393,-0.0550566915422678,0.005003408528864384,0.055062535405159,-0.015455252956598997,-0.005430238787084818,-0.00043065556092187763
dt_0.25_ms,4640,1.16,307461,0.0,False,0.0005267814849503338,0.0006643334636464715,0.0007337236893363297,0.0008417554781772198,0.0008780476113315673,0.0019125904655084014,0.0005233417996904747,2.7388663930326496e-07,0.01,3075,0.0009088220084048202,0.0008417600183747709,0.0019125904655084014,0.00546229939143944,-0.006767675614662459,-0.06652733316690457,0.393477808331541,0.4220394079748183,0.6747967479674797,0.23934959349593496,0.0,0.0,-0.30121493637561797,0.07502299547195435,0.30121527910232543,-0.3012420654296875,-0.0950423926115036,0.3012421876192093,-0.10087930113077163,-0.06645433604717255,-0.026156667992472647
dt_0.25_ms,4680,1.17,307461,0.0,False,0.0001694943493930623,0.00037120768683962524,0.0004287605406716466,0.0005876057897694415,0.0006700901780277491,0.0019007149385288358,0.00023426513560300684,5.488015375909519e-08,0.01,3075,0.0007330469880820956,0.0005876226932741702,0.0019007149385288358,0.0020372071209892343,-0.003918804131924646,-0.08647906285233614,0.3838156197929055,0.42051224615167626,0.905040650406504,0.5252032520325203,0.0,0.0,-0.30181191563606263,0.015013910830020905,0.30180827975273133,-0.3017661213874817,-0.025024674832820892,0.3017677843570709,-0.10092459246516228,-0.09156779199838638,-0.061320998892188075
dt_0.25_ms,4720,1.18,307461,0.0,False,0.0005384639953263104,0.0010066261747851968,0.0010981560917571187,0.0012083393055945637,0.001227585237938911,0.0018818562384694815,0.0006410173798875841,4.1090328131794324e-07,0.01,3075,0.001230401527893737,0.0012083413312211633,0.0018818562384694815,0.007506271608532646,-0.0031837323188939836,-0.0022945444780019513,0.10351354634590239,0.1594145690037509,0.007804878048780488,0.007804878048780488,0.9921951219512195,0.2240650406504065,-0.12017935067415238,0.02000545710325241,0.12520892173051834,-0.10018484443426132,-0.005000394303351641,0.10017594099044799,-0.0054246045649051665,-0.00044115399941802025,-0.0004294375074096024
dt_0.25_ms,4760,1.19,307461,0.0,False,0.0008462810656055808,0.0013953691814094782,0.0014865427510812879,0.0015913608483970165,0.0016089754062704744,0.0018630244303494692,0.0009305732864498476,8.659666414540703e-07,0.01,3075,0.001612790119872103,0.0015913621755316854,0.0018630244303494692,0.004528842184506759,-0.0006267106392622245,-0.0018905791726220793,0.09460838430499804,0.1523336664505034,0.0013008130081300813,0.0013008130081300813,0.9986991869918699,0.2848780487804878,-0.1201733909547329,0.010001616552472115,0.12017840296030044,-0.09512994885444641,1.2736979897454148e-06,0.09515104368329048,-0.00541337919421494,-0.0004271468205843121,-0.000414721539709717
dt_0.25_ms,4800,1.2,307461,0.0,False,0.0008688257075846195,0.0013284735614433885,0.001402009278535843,0.0014821220422163606,0.0014973207260482015,0.0018472891533747315,0.0009186641294135334,8.439437826711253e-07,0.01,3075,0.001498520624884442,0.0014821221120655537,0.0018472891533747315,0.005976396080338041,-0.0016546768708757492,-0.0014639709850042544,0.10867495323198988,0.17014480944431354,0.0013008130081300813,0.0013008130081300813,0.9986991869918699,0.20357723577235773,-0.13022784441709517,0.020003192126750946,0.13525338917970658,-0.10518037378787995,-0.004994437098503113,0.10518373474478722,-0.005394261889159679,-0.00041144638089463115,-0.000398652846342884
dt_0.25_ms,4840,1.21,307461,0.0,False,0.000607901718467474,0.0009028624044731259,0.0009423817973583937,0.0009877736913040283,0.0009983247262425722,0.0018379971152171493,0.0006365493886020107,4.0519512412959365e-07,0.01,3075,0.001008786563685815,0.0009877800475805998,0.0018379971152171493,0.011325454905450746,-0.02603282423594849,-0.0028254857640644983,0.23493170300488206,0.3314033067305089,0.2289430894308943,0.01951219512195122,0.9804878048780488,0.0,-0.2953512132167816,0.10012155771255493,0.2953521341085434,-0.18563238084316253,-0.0701226070523262,0.17557686269283296,-0.00547076272778213,-0.0004597152874339372,-0.00011504028370836764
dt_0.25_ms,4880,1.22,307461,0.0,False,0.0002481082337908447,0.00043067176011390984,0.0004717549018096179,0.00056064547970891,0.0005909440573304897,0.0018361645052209496,0.0002881178191126108,8.301187769020713e-08,0.01,3075,0.0006594622932654631,0.0005606460035778582,0.0018361645052209496,-0.00037945951074780946,-0.0007184548233588401,-0.04422235930608511,0.3660041732709492,0.4190944175956709,0.5856910569105691,0.37821138211382116,0.5261788617886178,0.0,-0.30181191563606263,-0.005006934516131878,0.30180827975273133,-0.3017661213874817,-0.010011631064116955,0.3017677843570709,-0.10090749338269234,-0.006066278088837862,-0.0005067558842711154
dt_0.25_ms,4920,1.23,307461,0.0,False,0.00044261669972911477,0.0005380106158554554,0.0005667751538567245,0.0006107426597736778,0.0006215308851096782,0.0018394043436273932,0.0004257408436671922,1.8125526596645255e-07,0.01,3075,0.000702264163079028,0.0006107496446929872,0.0018394043436273932,-0.01383819868430701,0.00803297949147336,-0.053961116119374986,0.29449757970443874,0.4190885815753816,0.543739837398374,0.3902439024390244,0.31869918699186994,0.18699186991869918,-0.30181191563606263,-0.0350060760974884,0.30180827975273133,-0.3017661213874817,0.005007908679544926,0.3017677843570709,-0.10091041401028633,-0.07668216526508331,-0.00038793672574684025
dt_0.25_ms,4960,1.24,307461,0.0,False,0.0006615468300879002,0.0008278185850940645,0.0008823234238661826,0.0009674975997768344,0.0009853298077359797,0.001845832564868033,0.0006459591599770679,4.1726323635827927e-07,0.01,3075,0.0009928913518400273,0.000967501022387296,0.001845832564868033,-0.0017738556306110369,0.00054139362014315,-0.012229452602673186,0.07810865994721201,0.41284411471570237,0.0689430894308943,0.05040650406504065,0.6009756097560975,0.7479674796747967,-0.09510274976491928,-5.82464917897596e-06,0.09009063839912415,-0.06506943926215172,6.074457360227825e-06,0.06507280692458153,-0.09204488545656205,-0.005398301873356104,-0.000394542864523828
dt_0.25_ms,5000,1.25,307461,0.0,False,0.0006586480885744095,0.0007856723968870938,0.0008292893180623651,0.0009002149919979279,0.0009110838815104218,0.0018496866105124354,0.0006295149753565878,3.962891041982054e-07,0.01,3075,0.0009295938460996783,0.0009002260630950332,0.0018496866105124354,-0.002220496713829177,0.0009872250898935893,-0.02161938962009849,0.10579187636108212,0.4168348146937969,0.1586991869918699,0.10146341463414635,0.44097560975609756,0.7538211382113821,-0.29151161909103396,-0.005000848323106766,0.2914965659379959,-0.291516375541687,1.0445037332829088e-05,0.2915123045444489,-0.10089188665151597,-0.010415198281407356,-0.00040599635685794054
dt_0.25_ms,5040,1.26,307461,0.0,False,0.00037326134042814374,0.0005060606636106968,0.0005773163284175098,0.0006874017650261525,0.0007448488438967617,0.0018480818253010511,0.00038943119538340046,1.5165665593774423e-07,0.01,3075,0.0007934391675744114,0.0006874117534607649,0.0018480818253010511,-0.002006431214472924,-0.0066364100456840006,-0.07585454601279604,0.3944295349475276,0.4220420479513874,0.7996747967479675,0.32097560975609757,0.0,0.0,-0.30181191563606263,-0.030021104961633682,0.30180827975273133,-0.3017661213874817,-0.09003594517707825,0.3017677843570709,-0.10091208890080453,-0.07671159505844116,-0.04117155782878399
dt_0.25_ms,5080,1.27,307461,0.0,False,0.00016482228238601238,0.00032733194530010223,0.00038172706263139844,0.0005437583778984882,0.0006254988082218917,0.001840362441726029,0.00021448170963436246,4.600240376767897e-08,0.01,3075,0.0006944888693893828,0.000543855712749064,0.001840362441726029,-0.0005625957455673948,-0.00424344801014049,-0.08690864101052284,0.3833467752584516,0.4210419220780087,0.9134959349593496,0.5469918699186992,0.0,0.0,-0.30181191563606263,-0.005003431811928749,0.30180827975273133,-0.3017661213874817,-0.030022351071238518,0.3017677843570709,-0.10096748769283295,-0.09164527803659439,-0.06132071651518345
dt_0.25_ms,5120,1.28,307461,0.0,False,0.0004163025878369808,0.0007733129314146936,0.0008449704619124532,0.0009307551081292331,0.0009504241286776963,0.0018250640714541078,0.0004946197313069402,2.4464867859814977e-07,0.01,3075,0.0009570604890615233,0.000930756505113095,0.0018250640714541078,0.003476706442218425,-0.0029387705574977995,-0.005862605113344933,0.11505046968486853,0.177675496495089,0.04617886178861789,0.04227642276422764,0.9538211382113821,0.2383739837398374,-0.12017530128359795,0.00999829638749361,0.12017644718289375,-0.11521927341818809,-0.004999721888452768,0.1152205616235733,-0.005401963368058205,-0.00041287500062026083,-0.0004001969296950847
dt_0.25_ms,5160,1.29,307461,0.0,False,0.0006251129670999944,0.0010731847723945975,0.001159574487246573,0.00126315332017839,0.0012827033526264132,0.001810472458600998,0.0007051412781861259,4.972242222019633e-07,0.01,3075,0.0012890760265517889,0.001263166661374271,0.001810472458600998,0.002801319966120619,-0.00023910215242458767,-0.0021500801743383,0.08906239415668252,0.14938559386852718,0.003902439024390244,0.003902439024390244,0.9960975609756098,0.3469918699186992,-0.1151515930891037,0.004994994029402733,0.11515557989478112,-0.09512883201241493,1.5565530020467122e-06,0.09515305981040001,-0.005398997338488698,-0.00040213949978351593,-0.0003887745173415169
dt_0.25_ms,5200,1.3,307461,0.0,False,0.000643132661934942,0.0010371579555794597,0.0011058355448767543,0.0011854235315695407,0.001201250310987234,0.001799160847440362,0.000700787964911348,4.911037717645887e-07,0.01,3075,0.0012069474513135183,0.0011854280019178987,0.001799160847440362,0.003940726597636013,0.0019315554178367356,-0.002500570276212629,0.09182205557861695,0.15647276142913952,0.007804878048780488,0.007804878048780488,0.9921951219512195,0.34276422764227643,-0.11515404805541038,0.009992837905883789,0.11516090482473373,-0.09515614435076714,1.0279396519763395e-05,0.1001661479473114,-0.005386726697906852,-0.0003891685919370502,-0.00037603962991852315
dt_0.25_ms,5240,1.31,307461,0.0,False,0.0004704940947704017,0.0007201273110695183,0.0007542000967077911,0.0007926190039142967,0.0008100037695840007,0.0017917836084961891,0.0005015554341166347,2.515578534919259e-07,0.01,3075,0.000829315780722574,0.0007926192483864725,0.0017917836084961891,0.008022976596845975,-0.008390313671403263,-0.020365338301851704,0.23303184585112882,0.4157420047764368,0.4526829268292683,0.1886178861788618,0.8009756097560976,0.19739837398373983,-0.3002991288900375,0.009996232576668262,0.3002994149923325,-0.3002162456512451,-0.014999202452600002,0.3002164363861084,-0.10090561956167221,-0.00044950604205951095,-7.49835693568457e-05
dt_0.25_ms,5280,1.32,307461,0.0,False,0.00022167737188283354,0.0003816754324361682,0.00042026551091112196,0.0005036625312641265,0.0005545923369936648,0.0017894223565235734,0.00025794890387585966,6.653763701075748e-08,0.01,3075,0.0006252427759572743,0.0005036686779931188,0.0017894223565235734,-0.0009461678220459103,-0.011434916235230713,-0.054228715104567664,0.37110400975018604,0.4193622968786661,0.7440650406504065,0.44715447154471544,0.4143089430894309,0.0,-0.30181191563606263,-0.010006343014538288,0.30180827975273133,-0.3017661213874817,-0.060038115829229355,0.3017677843570709,-0.10097787752747536,-0.08682313561439514,-0.00012944406480528436
dt_0.25_ms,5320,1.33,307461,0.0,False,0.00033004049328155816,0.00040559054468758404,0.0004542248498182744,0.0005319579504430298,0.0005932094820309431,0.0017911848844960332,0.0003230799835977144,1.0438067580149939e-07,0.01,3075,0.0006587635303991355,0.0005319694755598903,0.0017911848844960332,-0.000407257660128733,-0.00738879636368203,-0.07534997526442677,0.38220749468501347,0.42005753530887296,0.7873170731707317,0.487479674796748,0.028943089430894308,0.0,-0.30181191563606263,-0.005003060679882765,0.30180827975273133,-0.3017661213874817,-0.05503756180405617,0.3017677843570709,-0.10096779316663743,-0.08711695671081543,-0.011105607822537422
dt_0.25_ms,5360,1.34,307461,0.0,False,0.00048318790504708886,0.0005893209017813206,0.0006285195122472942,0.0006981089711189272,0.0007096101297065617,0.0017952045891433954,0.0004658763397394629,2.1704076392903948e-07,0.01,3075,0.0007637658461784505,0.0006981139304116368,0.0017952045891433954,-0.0018846874928170395,-0.00010929703230040215,-0.040855064213264555,0.1739388620068553,0.41901164728691054,0.37170731707317073,0.2523577235772358,0.2816260162601626,0.5827642276422764,-0.3012991577386856,-0.005001451354473829,0.30129936039447786,-0.3013091504573822,2.452143689879449e-06,0.30130946934223174,-0.10092490538954735,-0.015405094251036644,-0.0003747006150661036
dt_0.25_ms,5400,1.35,307461,0.0,False,0.0004615412908606231,0.0005739160696975887,0.0006162126082926989,0.0006739621283486486,0.0006961256614886228,0.0017973019275814295,0.0004504596756768625,2.0291391941090416e-07,0.01,3075,0.0007594465410972877,0.0006739645032212138,0.0017973019275814295,0.0018950975360818448,-0.004342298874197341,-0.05773662694267989,0.25615437112580336,0.42007064886683093,0.5694308943089431,0.2946341463414634,0.030569105691056912,0.3827642276422764,-0.3014290422201157,-4.115762294532033e-06,0.30142911076545714,-0.3016754537820816,3.694546194310533e-06,0.3016779005527496,-0.10093468129634857,-0.07153712958097458,-0.01039436785504222
dt_0.25_ms,5440,1.36,307461,0.0,False,0.00025364040629938245,0.00039881313568912446,0.00047226191964000463,0.0005960202310234309,0.0006572060985490688,0.001795743708498776,0.0002876622226693883,8.274955435109274e-08,0.01,3075,0.0007186265887192837,0.0005960224661976099,0.001795743708498776,0.003175916878789453,-0.004179804804727824,-0.08353054209816746,0.3854604553106423,0.4219852251174942,0.8943089430894309,0.4783739837398374,0.0,0.0,-0.30181191563606263,0.020019881427288055,0.30180827975273133,-0.3017661213874817,-0.030022157356142998,0.3017677843570709,-0.10094967260956764,-0.08705122023820877,-0.05126461051404476
dt_0.25_ms,5480,1.37,307461,0.0,False,0.00017102404672186822,0.00030469076591543853,0.0003569197142496705,0.000505612965207548,0.0005925705248955645,0.0017895903438329697,0.0002076299196321837,4.311018352646706e-08,0.01,3075,0.000658502421186616,0.0005056399968452752,0.0017895903438329697,0.0016915732820826463,-0.004067184318435288,-0.08734160612725964,0.3823660672858539,0.42194048980180865,0.9310569105691057,0.5756097560975609,0.003902439024390244,0.0,-0.30181191563606263,0.010011170990765095,0.30180827975273133,-0.3017661213874817,-0.030022351071238518,0.3017677843570709,-0.10102616101503373,-0.09172036498785019,-0.06135388687252998
dt_0.25_ms,5520,1.3800000000000001,307461,0.0,False,0.0003489193331915885,0.0006020171567797661,0.0006538638263009489,0.0007223661872558298,0.000743425264954567,0.0017809501150622964,0.00039693984033872256,1.5756123684813057e-07,0.01,3075,0.0007738258004589839,0.0007223703432828188,0.0017809501150622964,0.0009234611771676729,0.0017186405032980582,-0.02430144339174267,0.14791054171641296,0.41587903932414905,0.2354471544715447,0.2094308943089431,0.7645528455284553,0.3391869918699187,-0.29769071042537687,0.00499308668076992,0.2976907014846802,-0.297744145989418,3.3115686619566986e-06,0.29774426221847533,-0.10093450769782067,-0.0003912410174962133,-0.0003732626821147278
dt_0.25_ms,5560,1.3900000000000001,307461,0.0,False,0.000473785272333771,0.0008126473403535783,0.0008764768717810512,0.0009577314252965165,0.0009868721012026072,0.001772512448951602,0.0005363275139473881,2.8764720221698573e-07,0.01,3075,0.0009965695358048064,0.0009577654418535531,0.001772512448951602,0.00015365741514455946,0.0013725215269202009,-0.005127525544996047,0.0852000993730002,0.13141443534681446,0.02861788617886179,0.02861788617886179,0.9713821138211383,0.4377235772357724,-0.09509602636098861,-3.619554718170548e-06,0.0950914241373539,-0.09011840522289276,1.120400247600628e-05,0.09013825207948685,-0.005382555024698377,-0.0003833732916973531,-0.0003655951120890677
dt_0.25_ms,5600,1.4000000000000001,307461,0.0,False,0.00047189852921292186,0.0007909293635748327,0.0008518790709786117,0.0009309683344326916,0.0009670509549323473,0.0017654247349128127,0.0005268893339957189,2.7761237027845216e-07,0.01,3075,0.0009766535474578055,0.0009309749002568424,0.0017654247349128127,0.00046889543140323664,0.000831849154418749,-0.0056358936888533,0.08350593307097545,0.12371420386839577,0.03121951219512195,0.03121951219512195,0.9456910569105691,0.4608130081300813,-0.0950837716460228,-3.4165791475970764e-06,0.09159100204706055,-0.08512281998991966,3.449941686994862e-06,0.09012429937720298,-0.010369569528847933,-0.00037631639861501753,-0.00035660935973282906
dt_0.25_ms,5640,1.41,307461,0.0,False,0.0003602684591896832,0.0005564801977016032,0.0005835595075041056,0.0006355335819534958,0.0006741467572283003,0.0017602260923013091,0.00038657414031905996,1.4943956596342028e-07,0.01,3075,0.0007127457629980111,0.0006355357472784817,0.0017602260923013091,0.006085069251055195,-0.002784522021953752,-0.02634802418664216,0.20893345092306734,0.4179696703136994,0.5258536585365854,0.223739837398374,0.7424390243902439,0.3749593495934959,-0.30118624269962313,0.0049934689886868,0.30118640065193175,-0.30123892426490784,4.271555269497185e-07,0.3012391567230225,-0.10094576701521873,-0.0003703676338773221,-3.287705585535164e-05
dt_0.25_ms,5680,1.42,307461,0.005,False,0.00018798437668010592,0.0003421940782573074,0.0003833872324321419,0.0004634318174794325,0.0005456990096718081,0.0017581598367542028,0.00022877543940052667,5.233820167290405e-08,0.01,3075,0.0006043099927265439,0.0004634545184671879,0.0017581598367542028,-0.003818969138699128,-0.0036781925704545437,-0.06656679142168845,0.37442202396306523,0.42013487731818994,0.8585365853658536,0.5147967479674797,0.2679674796747967,0.0,-0.30181191563606263,-0.020019376650452614,0.30180827975273133,-0.3017661213874817,-0.020020581781864166,0.3017677843570709,-0.10106347724795342,-0.09167738258838654,-3.451394622970889e-05
dt_0.25_ms,5720,1.43,307461,0.015,False,0.0002355750184506178,0.00035034905886277556,0.000409005704568699,0.0004959465237334374,0.0005763582943473012,0.0017586223548278213,0.0002565010642381719,6.57927959553148e-08,0.01,3075,0.0006369666118984966,0.0004959559882991016,0.0017586223548278213,-0.0065329825030687235,-0.0034804145560356045,-0.08396078653045455,0.3811268891792623,0.4215008213093067,0.9128455284552845,0.5720325203252032,0.007804878048780488,0.0,-0.30181191563606263,-0.030021104961633682,0.30180827975273133,-0.3017661213874817,-0.025020433589816093,0.3017677843570709,-0.1010280691087246,-0.09168533235788345,-0.03611745797097683
dt_0.25_ms,5760,1.44,307461,0.0,False,0.0003290264285169542,0.0004323310567997396,0.0004724349710159004,0.000547259359154851,0.0006063351174816502,0.0017604705644771457,0.0003335076123570967,1.1122732750013148e-07,0.01,3075,0.0006749817319933658,0.0005472765769809484,0.0017604705644771457,-0.0038873951040296947,-0.00703622224518882,-0.08313171633435944,0.3852528477499743,0.4219498940914892,0.8917073170731707,0.5011382113821138,0.0,0.0,-0.30181191563606263,-0.02502349205315113,0.30180827975273133,-0.3017661213874817,-0.05003158375620842,0.3017677843570709,-0.10100057572126389,-0.09156553447246552,-0.04619784653186798
dt_0.25_ms,5800,1.45,307461,0.0,False,0.0002965104940813035,0.0004155151837039739,0.0004620554973371327,0.0005583701538853354,0.0006189915817230942,0.0017615495016798377,0.00031236434473417803,9.757148386121241e-08,0.01,3075,0.0006855695506338243,0.0005583885940723121,0.0017615495016798377,-0.003943337056177473,-0.0074386639931257065,-0.0837172611639267,0.3851929288730984,0.4219608862706157,0.8995121951219512,0.49821138211382116,0.0,0.0,-0.30181191563606263,-0.02502349205315113,0.30180827975273133,-0.3017661213874817,-0.05003729835152626,0.3017677843570709,-0.10099312514066697,-0.08727097511291504,-0.05119313485920429
dt_0.25_ms,5840,1.46,307461,0.0,False,0.00016293498629238456,0.0003223906096536666,0.0003976175794377923,0.0005236888770014062,0.0005970755359157929,0.0017601450672373176,0.00021575380881091734,4.6549706016417876e-08,0.01,3075,0.0006642209599362459,0.0005237266304902732,0.0017601450672373176,-0.001855697953134998,-0.005020712882751468,-0.08581318917616111,0.38371437384832313,0.4219608862706157,0.9239024390243903,0.5421138211382114,0.0,0.0,-0.30181191563606263,-0.010010887868702412,0.30180827975273133,-0.3017661213874817,-0.03501326963305473,0.3017677843570709,-0.10101960077881814,-0.09168290346860886,-0.05134363546967506
dt_0.25_ms,5880,1.47,307461,0.0055,False,0.00018514430848881602,0.0003013690875377506,0.00034724181750789285,0.000471940566785634,0.00056441102642566,0.0017559814732521772,0.00021254086372675526,4.5173618753715144e-08,0.01,3075,0.000626382714665563,0.0004719515854958445,0.0017559814732521772,-0.0009759340082767977,-0.004944309034914756,-0.08777941845729612,0.37954255133984993,0.4214714787446302,0.9469918699186992,0.6230894308943089,0.01040650406504065,0.0,-0.30181191563606263,-8.023378654797853e-07,0.30180827975273133,-0.3017661213874817,-0.020020820200443268,0.3017677843570709,-0.10107962265610695,-0.09181556105613708,-0.0564030684530735
dt_0.25_ms,5920,1.48,307461,0.0,False,0.0003048008366022259,0.00048676339793018997,0.000527168856933713,0.0005931038525886835,0.0006252834806218757,0.0017507374286651611,0.00033320896704387644,1.1102821571844712e-07,0.01,3075,0.0006783776410961357,0.0005931059131398797,0.0017507374286651611,0.0021862133704861775,-0.00015261457332438094,-0.03214182994198466,0.17772610592853982,0.4178172549448237,0.3671544715447154,0.26471544715447154,0.6783739837398374,0.40227642276422765,-0.3014229714870453,0.004994088318198919,0.3014193922281265,-0.3015745520591736,1.1260600558671285e-06,0.30157452523708345,-0.10097342431545257,-0.005350001156330109,-0.00034224661649204794
dt_0.25_ms,5960,1.49,307461,0.0,False,0.0003663984825834632,0.0006102303159423172,0.0006599414045922458,0.0007327531580813231,0.000775849574711174,0.0017454660264775157,0.0004082733236999414,1.6668710684499713e-07,0.01,3075,0.0007924213487185477,0.0007327589555643499,0.0017454660264775157,0.0018832078730150069,-0.0002619765771576538,-0.02351271521340302,0.1313221970680645,0.4158195546276653,0.2208130081300813,0.2003252032520325,0.7635772357723577,0.45691056910569106,-0.2978208512067795,0.004990387707948685,0.2978208094835281,-0.2978369504213333,1.1334033160892432e-06,0.29780504703521726,-0.1009630411863327,-0.005342440214008093,-0.00034381205623503777
dt_0.25_ms,6000,1.5,307461,0.0,False,0.00035136158112436533,0.0005655892309732735,0.0006096618017181754,0.0006860752939246595,0.0007323523634113372,0.0017412664601579309,0.0003853065585321274,1.4846114404787175e-07,0.01,3075,0.0007561018398008877,0.0006860762368887663,0.0017412664601579309,0.0006199202140585773,-0.00044305147005771326,-0.025128261638619812,0.14275342270004066,0.4160600606638146,0.2832520325203252,0.2094308943089431,0.6933333333333334,0.5128455284552845,-0.3003445863723755,-3.8294028854579665e-06,0.30034426748752596,-0.30036009550094606,1.1061638360843062e-06,0.3003590315580368,-0.1009702704846859,-0.00534076290205121,-7.606740618939529e-05
dt_0.25_ms,6040,1.51,307461,0.0,False,0.0002738512121140957,0.00040882269968278706,0.0004283735470380634,0.0005082826944999425,0.0005551409209147103,0.0017388209234923124,0.00029206055114652986,8.529936553601479e-08,0.01,3075,0.0006235837536046236,0.0005083556170575321,0.0017388209234923124,-0.0002804872339953452,-0.003794979124007211,-0.051293704935604284,0.29636453902798693,0.4191951308562955,0.7954471544715447,0.43414634146341463,0.46439024390243905,0.19414634146341464,-0.30181191563606263,-3.984708200732712e-06,0.30180827975273133,-0.3017661213874817,-0.0049965293146669865,0.3017677843570709,-0.10102143734693528,-0.08198677003383636,8.873211572790664e-06
dt_0.25_ms,6080,1.52,307461,0.00975,False,0.00016338539717253298,0.00031945703085511923,0.00036582612665370107,0.0004544475872535259,0.0005460186861455446,0.001738155260682106,0.00020984597213450731,4.403533202107642e-08,0.01,3075,0.0006025860353081479,0.0004544481635093689,0.001738155260682106,-0.0012457962707349995,-0.007292798769988407,-0.08350276404930611,0.37705510469731895,0.4215124479600261,0.9583739837398374,0.6315447154471545,0.06634146341463415,0.0,-0.30181191563606263,-0.005008196923881769,0.30180827975273133,-0.3017661213874817,-0.05503756180405617,0.3017677843570709,-0.1010945238173008,-0.09183022379875183,-0.0006228882528376108
dt_0.25_ms,6120,1.53,307461,0.01975,False,0.00017712311819195747,0.00032309399102814496,0.0003819007542915642,0.0004832034988794477,0.0005658986920025202,0.0017385022947564721,0.00021973601527208527,4.828391640765409e-08,0.01,3075,0.0006251786600294848,0.0004832062404602766,0.0017385022947564721,-0.0004885438654680475,-0.0041025633871121375,-0.08685634180544266,0.37737444458272124,0.42150938567879026,0.9512195121951219,0.6260162601626016,0.01040650406504065,0.0,-0.30181191563606263,-3.0464716473943554e-06,0.30180827975273133,-0.3017661213874817,-0.030022157356142998,0.3017677843570709,-0.10105810835957527,-0.09174159914255142,-0.0512992974370718
dt_0.25_ms,6160,1.54,307461,0.0,True,0.00021190087136346847,0.0003327596641611308,0.00039603011100552976,0.0005044638528488577,0.000578288658289239,0.0017389970598742366,0.0002419751680821484,5.855198196838397e-08,0.01,3075,0.0006414128581016529,0.0005044654244557023,0.0017389970598742366,-0.0022319300294721994,-0.0063785429290019015,-0.08629342742695387,0.37947175956426404,0.4219835160107973,0.9404878048780487,0.5902439024390244,0.004878048780487805,0.0,-0.30181191563606263,-0.0050078826025128365,0.30180827975273133,-0.3017661213874817,-0.04001607373356819,0.3017677843570709,-0.10104795396327973,-0.09169993549585342,-0.05133315362036228
dt_0.25_ms,6200,1.55,307461,0.0,True,0.00017612923693377525,0.0003150325210299343,0.00038421526551246643,0.0005018056370317939,0.0005772273289039749,0.0017387514235451818,0.00021890104964954765,4.791766953767373e-08,0.01,3075,0.0006413048690533251,0.0005018135998398066,0.0017387514235451818,-0.0013133369937785447,-0.007294317688190015,-0.08637219822033175,0.3806892810604022,0.4219852251174942,0.9385365853658536,0.5821138211382114,0.004878048780487805,0.0,-0.30181191563606263,-0.005003060679882765,0.30180827975273133,-0.3017661213874817,-0.03501326963305473,0.3017677843570709,-0.10106163248419761,-0.09172481298446655,-0.05136211104691028
dt_0.25_ms,6240,1.56,307461,0.009000000000000001,True,0.00013140769442543387,0.0002818617213051766,0.0003547014784999192,0.00047841655323282,0.000562545377761126,0.001737135462462902,0.00018686110962054712,3.491707428862213e-08,0.01,3075,0.0006254923172442742,0.00047844761866144836,0.001737135462462902,-0.0006255069009762522,-0.004518739605654985,-0.08698340821436301,0.37984622279548885,0.4219540695852113,0.9466666666666667,0.608780487804878,0.01040650406504065,0.0,-0.30181191563606263,-0.005003060679882765,0.30180827975273133,-0.3017661213874817,-0.020011600106954575,0.3017677843570709,-0.10108278542757035,-0.09178975969552994,-0.05631616786122322
dt_0.25_ms,6280,1.57,307461,0.019,True,0.00020029432198498398,0.0003104979987256229,0.00034755130764096975,0.00045298389159142993,0.0005445252638310194,0.0017342770006507635,0.00022306476171388395,4.975788791847182e-08,0.01,3075,0.0006052619403008584,0.0004529898287728429,0.0017342770006507635,-0.001170347206103248,-0.004315586488219862,-0.08192856917292633,0.37580194713865483,0.42154221979094425,0.959349593495935,0.6,0.08520325203252033,0.0,-0.30181191563606263,-0.005002145189791918,0.30180827975273133,-0.3017661213874817,-0.030007949098944664,0.3017677843570709,-0.10110969096422195,-0.09186267107725143,1.6903303367143876e-05
dt_0.25_ms,6320,1.58,307461,0.0,True,0.0002661696053110063,0.00040546624222770333,0.0004393357958178967,0.0005224086460657428,0.0005622473894618452,0.0017307174857705832,0.0002872391389552377,8.250632294774634e-08,0.01,3075,0.0006283902345846097,0.0005224365158937871,0.0017307174857705832,0.0005866358730160821,-0.001250326035807246,-0.05035996153755291,0.24429651109354678,0.41915591233807115,0.6039024390243902,0.4224390243902439,0.47544715447154473,0.30829268292682926,-0.30181191563606263,-1.3501702369467239e-06,0.30180827975273133,-0.3017661213874817,4.732429488285561e-07,0.3017677843570709,-0.10102241858839989,-0.08197090774774551,3.4368964406894445e-05
dt_0.25_ms,6360,1.59,307461,0.0,True,0.0002832095487974584,0.00044378970051184297,0.00048556868568994105,0.0005692333099432295,0.0006186171493027362,0.0017271533142775297,0.0003090847689033323,9.553339436802633e-08,0.01,3075,0.0006666824581268115,0.0005692476988770068,0.0017271533142775297,0.00040278950840926393,-0.0003155136273200541,-0.03316546859289265,0.17643848828859937,0.41795689662541236,0.37170731707317073,0.27121951219512197,0.6601626016260163,0.44943089430894306,-0.3014479786157608,-4.079684003954753e-06,0.30142911076545714,-0.3016754537820816,1.66944437296479e-06,0.3016779005527496,-0.10101082995533943,-0.005328640341758728,-0.00031440098246093845
dt_0.25_ms,6400,1.6,307461,0.0,True,0.0002539321139920503,0.0003943840856663883,0.00042890754411928356,0.0005254643154330558,0.0005702090391423557,0.001724278088659048,0.00027804955803908157,7.731155672572858e-08,0.01,3075,0.0006322293431399678,0.0005254810093902051,0.001724278088659048,0.0004121711007986705,-0.0006500016370867965,-0.04673926645282543,0.22386229552410697,0.4191654964358698,0.5349593495934959,0.3960975609756098,0.5209756097560976,0.3908943089430894,-0.30181191563606263,-4.150538643443724e-06,0.30180827975273133,-0.3017661213874817,1.6630774553050287e-06,0.3017677843570709,-0.10102837905287743,-0.005330886226147413,-0.00014558092079823947
dt_0.25_ms,6440,1.61,307461,0.0075,True,0.00020129310723859817,0.0003188487025909126,0.0003579902113415301,0.00044453913578763605,0.0005342396267224121,0.0017228493234142661,0.00022607360247421196,5.1109273735668016e-08,0.01,3075,0.0005910085645084065,0.0004445398517418653,0.0017228493234142661,0.0012398067708040263,-0.004775994796190125,-0.07715448056886008,0.37094400725711785,0.4213133789369035,0.9613008130081301,0.5967479674796748,0.15089430894308944,0.00878048780487805,-0.30181191563606263,0.004990275949239731,0.30180827975273133,-0.3017661213874817,-0.01501456182450056,0.3017677843570709,-0.10112134590744973,-0.0918482318520546,5.010024287912526e-05
dt_0.25_ms,6480,1.62,307461,0.0175,True,0.00015420428826473653,0.00030501512810587883,0.0003534438437782228,0.00045425228890962993,0.0005448011273983872,0.0017220856389030814,0.00020030164286742418,4.012074813538914e-08,0.01,3075,0.0006008195816406723,0.0004542764218058437,0.0017220856389030814,-0.001011521553266226,-0.004106876722203899,-0.08659565860131917,0.3755082173892045,0.42161058753583397,0.9629268292682926,0.655609756097561,0.03284552845528455,0.0,-0.30181191563606263,-0.005003060679882765,0.30180827975273133,-0.3017661213874817,-0.015017041936516762,0.3017677843570709,-0.10112308189272881,-0.09188088774681091,-0.046207324415445325
dt_0.25_ms,6520,1.6300000000000001,307461,0.0275,True,0.00014750727859791368,0.0003015293332282454,0.00036013388307765126,0.00046598230837844337,0.0005507567548193039,0.001721916371025145,0.00019834576798505156,3.93410436775799e-08,0.01,3075,0.000610652314820819,0.00046598855988122523,0.001721916371025145,-0.0018184970252564457,-0.0029665960861148494,-0.08694552514892204,0.3770588187977692,0.42178400286223294,0.9567479674796748,0.6357723577235772,0.014959349593495935,0.0,-0.30181191563606263,-0.005007167346775532,0.30180827975273133,-0.3017661213874817,-0.010012703947722912,0.3017677843570709,-0.10110364705324174,-0.09180914610624313,-0.051303180679678914
dt_0.25_ms,6560,1.6400000000000001,307461,0.0375,True,0.00014111523341853172,0.00029474784969352186,0.0003598624898586422,0.0004687638313043869,0.0005514431628398597,0.0017217829590663314,0.0001950654356325004,3.805052417849717e-08,0.01,3075,0.0006135087601681489,0.0004687801410909742,0.0017217829590663314,-0.0029135253716592855,-0.0038136747461371633,-0.08686574891225811,0.37826528846031415,0.4217833559831858,0.9515447154471545,0.6224390243902439,0.011056910569105691,0.0,-0.30181191563606263,-0.010006343014538288,0.30180827975273133,-0.3017661213874817,-0.015016112476587296,0.3017677843570709,-0.1011066272854805,-0.09180833399295807,-0.05132558979094028
dt_0.25_ms,6600,1.6500000000000001,307461,0.0475,True,0.00014304200885817409,0.00028455426217988133,0.0003510827664285898,0.0004602092376444498,0.0005460113286972071,0.0017210323130711913,0.0001903622027507775,3.6237768236128125e-08,0.01,3075,0.0006082640480481058,0.0004602331609930843,0.0017210323130711913,-0.0020630611794070328,-0.0041087969811999985,-0.08662645353271417,0.37949289795607954,0.4219852251174942,0.9512195121951219,0.6185365853658537,0.014959349593495935,0.0,-0.30181191563606263,-0.010006091557443142,0.30180827975273133,-0.3017661213874817,-0.030022157356142998,0.3017677843570709,-0.10113202258944512,-0.09184200316667557,-0.0513073030859232
dt_0.25_ms,6640,1.6600000000000001,307461,0.0575,True,0.00017257397121284157,0.00028540295897983015,0.0003412704973015934,0.00044748397194780624,0.0005362104973755779,0.0017197096021845937,0.00020311589894084924,4.125606840254928e-08,0.01,3075,0.0005982857880871592,0.000447539467131719,0.0017197096021845937,-0.0026557932477980256,-0.0034746321552938013,-0.08408910699348958,0.37855693345827396,0.4219943434452225,0.9580487804878048,0.608780487804878,0.05105691056910569,0.0,-0.30181191563606263,-0.010006343014538288,0.30180827975273133,-0.3017661213874817,-0.030022157356142998,0.3017677843570709,-0.10113651305437088,-0.0918721854686737,-0.005205302592366935
dt_0.25_ms,6680,1.67,307461,0.0675,True,0.00021065946202725172,0.0003238462668377906,0.0003573120338842273,0.00044392017880454885,0.0005264316743705428,0.001717994106002152,0.0002325655269897287,5.408672434401023e-08,0.01,3075,0.0005919169308901651,0.000443977682152763,0.001717994106002152,-0.0011208157498332162,-0.002926504438188588,-0.07526627665788378,0.37318396596006154,0.42152746459709034,0.9655284552845529,0.5583739837398374,0.16520325203252031,0.0,-0.30181191563606263,-0.0050026909448206425,0.30180827975273133,-0.3017661213874817,-0.010011126287281513,0.3017677843570709,-0.10113900303840637,-0.09182749688625336,7.373943226411936e-05
dt_0.25_ms,6720,1.68,307461,0.0775,True,0.00022147582785692066,0.0003386503958608955,0.0003720600507222116,0.00046738911187276314,0.0005227971763815732,0.0017163805896416306,0.00024363584731127366,5.935842609508225e-08,0.01,3075,0.0005974193840245981,0.000467407691758126,0.0017163805896416306,-0.00029425204162346677,-0.0014323443694555164,-0.06035395596001916,0.3054069444559848,0.4198969951560533,0.7853658536585366,0.48,0.3551219512195122,0.19349593495934958,-0.30181191563606263,-4.200800503895152e-06,0.30180827975273133,-0.3017661213874817,4.931859507451009e-07,0.3017677843570709,-0.10110056102275848,-0.08724392205476761,7.86837415944319e-05
dt_0.25_ms,6760,1.69,307461,0.08750000000000001,True,0.0002042710839305073,0.0003210602153558284,0.0003565134829841554,0.00045348237617872663,0.0005196643236558887,0.0017147057224065065,0.00022921149807932865,5.2537910851770086e-08,0.01,3075,0.0005898341299053584,0.00045348433195613325,0.0017147057224065065,-0.0007759246201983406,-0.0016470004842037503,-0.06330298783134211,0.3280437398433621,0.42036698226299196,0.8517073170731707,0.49886178861788616,0.32065040650406507,0.1261788617886179,-0.30181191563606263,-4.5676270019612275e-06,0.30180827975273133,-0.3017661213874817,-4.6524652930202137e-07,0.3017677843570709,-0.10111997574567795,-0.08747805655002594,8.361365180462597e-05
dt_0.25_ms,6800,1.7,307461,0.0975,True,0.0001838894240790978,0.00030142004834488034,0.0003411428479012102,0.0004373001633211971,0.0005228616006206723,0.001711108721792698,0.00021144936888216567,4.4710835600666175e-08,0.01,3075,0.000583635697745135,0.00043730170000344515,0.001711108721792698,-5.176725301375549e-05,-0.004129825425569708,-0.07344949463983795,0.3727439293437325,0.4214219826710455,0.9730081300813008,0.5632520325203252,0.19154471544715448,0.0,-0.30181191563606263,-1.569254550304322e-06,0.30180827975273133,-0.3017661213874817,-0.015014898963272572,0.3017677843570709,-0.10114816799759865,-0.09183261543512344,8.821744268061586e-05
dt_0.25_ms,6840,1.71,307461,0.1075,True,0.0001724848843878135,0.00029459348297677934,0.00033973765675909817,0.0004387793189380323,0.0005264960112981508,0.001709492295049131,0.00020334703534594225,4.1350016783983886e-08,0.01,3075,0.0005854980065014093,0.0004387934459373355,0.001709492295049131,-0.0008681952308883987,-0.0005902324976269609,-0.0793989571678671,0.3747633189029849,0.4215782634772232,0.9655284552845529,0.6003252032520325,0.11902439024390243,0.0,-0.30181191563606263,-3.3579972296138294e-06,0.30180827975273133,-0.3017661213874817,-0.00500331399962306,0.3017677843570709,-0.10115114822983742,-0.09187906235456467,9.102699696086347e-05
dt_0.25_ms,6880,1.72,307461,0.11750000000000001,True,0.00017158065747935325,0.0002937032259069383,0.0003427237970754504,0.00044046304537914775,0.0005282612051814801,0.0017087142914533615,0.00020284372294836667,4.114557593955374e-08,0.01,3075,0.000588540454069531,0.0004404836508911103,0.0017087142914533615,-0.0020087764288078923,-0.0013864481323580696,-0.08244343546625063,0.37780459793621124,0.4217791749091432,0.9619512195121951,0.6071544715447155,0.07382113821138211,0.0,-0.30181191563606263,-0.005006934516131878,0.30180827975273133,-0.3017661213874817,-0.01501456182450056,0.3017677843570709,-0.10115412846207619,-0.09188016504049301,-0.0003305522637674589
dt_0.25_ms,6920,1.73,307461,0.1275,True,0.00017785179079510272,0.0002947210450656712,0.00034493135171942413,0.00044232533546164645,0.0005275628936942686,0.0017081921687349677,0.00020716909000916643,4.29190318552261e-08,0.01,3075,0.0005897441114832806,0.0004423285135999322,0.0017081921687349677,-0.0015344580660286657,-0.0019062043141211023,-0.08124681531150074,0.37825544297137226,0.4219943434452225,0.9613008130081301,0.5853658536585366,0.08097560975609756,0.0,-0.30181191563606263,-0.005003990139812231,0.30180827975273133,-0.3017661213874817,-0.010011631064116955,0.3017677843570709,-0.10115618035197257,-0.0918668732047081,5.328566794560052e-06
dt_0.25_ms,6960,1.74,307461,0.1375,True,0.0001861774653661996,0.00029985434957779944,0.00034509983379393816,0.0004417074087541554,0.0005240837286692116,0.0017075309297069907,0.00021355545312734002,4.5605931560423527e-08,0.01,3075,0.000588910324277538,0.000441716838395223,0.0017075309297069907,-0.0025390045025915613,-0.0023472913354055528,-0.07878748719876132,0.37720889109065525,0.4219835160107973,0.9619512195121951,0.5645528455284553,0.11089430894308944,0.0,-0.30181191563606263,-0.010006343014538288,0.30180827975273133,-0.3017661213874817,-0.010011631064116955,0.3017677843570709,-0.10115916058421134,-0.09185703098773956,0.00010546731427893973
dt_0.25_ms,7000,1.75,307461,0.1475,True,0.00018965854542329907,0.00030487621552310884,0.00034816577681340277,0.00044101741514168685,0.0005201879364904021,0.0017065489664673805,0.00021661573722298223,4.692237761265609e-08,0.01,3075,0.0005869128131042651,0.00044101837556809187,0.0017065489664673805,-0.001282034013524769,-0.002554274377842124,-0.07574236800151048,0.3747186019525514,0.42167917628868923,0.9652032520325203,0.5508943089430894,0.1534959349593496,0.0,-0.30181191563606263,-0.005003431811928749,0.30180827975273133,-0.3017661213874817,-0.010007252916693687,0.3017677843570709,-0.10116182491183281,-0.09183839708566666,0.00011021053069271142
dt_0.25_ms,7040,1.76,307461,0.1575,True,0.0001866034435806796,0.0003024121397174895,0.0003447826602496207,0.00043821196886710914,0.0005175193131435666,0.0017054612981155515,0.00021395587284100086,4.577711552315453e-08,0.01,3075,0.0005843106563471833,0.0004382351762615144,0.0017054612981155515,-0.0022871932544496036,-0.0016845336805980013,-0.07439794704637509,0.37386284669184755,0.42158896774183774,0.9665040650406505,0.5476422764227642,0.17235772357723578,0.0,-0.30181191563606263,-0.010006091557443142,0.30180827975273133,-0.3017661213874817,-0.005006280727684498,0.3017677843570709,-0.10116480514407158,-0.09184117615222931,0.00011482259142212562
dt_0.25_ms,7080,1.77,307461,0.1675,True,0.00018247292609885335,0.00029753815033473074,0.00033953136880882084,0.00043590740533545614,0.0005163342168089004,0.001704579684883356,0.00020992859918378282,4.407001675526534e-08,0.01,3075,0.0005818592500115737,0.0004359076847322285,0.001704579684883356,-0.001211374963167944,-0.002473540808691908,-0.07359014130961027,0.3735775865493126,0.4215782634772232,0.9691056910569106,0.5466666666666666,0.183739837398374,0.0,-0.30181191563606263,-0.005003294441848993,0.30180827975273133,-0.3017661213874817,-0.010007252916693687,0.3017677843570709,-0.10116810128092765,-0.09183936566114426,0.00011949189429287791
dt_0.25_ms,7120,1.78,307461,0.1775,True,0.00018027784244623035,0.00029445666586980224,0.00033620046451687813,0.0004343610024079684,0.0005157258827239277,0.0017039182130247355,0.0002077774452940875,4.317146677293752e-08,0.01,3075,0.0005803262928833927,0.0004343693144619465,0.0017039182130247355,-0.0012982509973274436,-0.0031368172409103005,-0.07357547089806699,0.373716708160695,0.4215782634772232,0.9697560975609756,0.5479674796747968,0.18439024390243902,0.0,-0.30181191563606263,-0.005003431811928749,0.30180827975273133,-0.3017661213874817,-0.010011631064116955,0.3017677843570709,-0.10117108151316642,-0.09184769541025162,0.00012411244970280668
dt_0.25_ms,7160,1.79,307461,0.1875,True,0.00018080591689795256,0.0002939220576081425,0.00033563742181286216,0.0004336089536082,0.0005150708602741362,0.0017035329947248101,0.00020794984295598114,4.324313718541722e-08,0.01,3075,0.0005796321858065127,0.00043361022835597396,0.0017035329947248101,-0.0009392391017691932,-0.00324273001750428,-0.07398935217270486,0.37378913772882233,0.42158896774183774,0.968780487804878,0.5502439024390244,0.1791869918699187,0.0,-0.30181191563606263,-0.005003060679882765,0.30180827975273133,-0.3017661213874817,-0.01498838234692812,0.3017677843570709,-0.10117406174540519,-0.09185333549976349,0.00012867169862147416
dt_0.25_ms,7200,1.8,307461,0.1975,True,0.00018169851682614535,0.0002955317322630435,0.00033753577736206353,0.0004334909142926337,0.0005145307804923509,0.0017032717587426305,0.0002087111165219776,4.356033015985051e-08,0.01,3075,0.0005795486592706596,0.0004334947734605521,0.0017032717587426305,-0.0010910009985010346,-0.0038757086779121416,-0.07412284194953915,0.3738411909695313,0.4216141074503921,0.9684552845528456,0.5486178861788618,0.17658536585365853,0.0,-0.30181191563606263,-0.005003060679882765,0.30180827975273133,-0.3017661213874817,-0.014994882047176361,0.3017677843570709,-0.10117704197764396,-0.09185365587472916,0.00013326149201020598
dt_0.25_ms,7240,1.81,307461,0.20750000000000002,True,0.00018072067177854478,0.0002954699448309839,0.000337536126608029,0.0004337728372775018,0.0005136345454957345,0.0017031580209732056,0.00020821955775963017,4.3355384233615965e-08,0.01,3075,0.0005795933914605558,0.000433772976975888,0.0017031580209732056,-0.0005485639803475529,-0.004061350470174369,-0.07415592315262377,0.37394053621123746,0.42170952201589246,0.968130081300813,0.5466666666666666,0.17528455284552846,0.0,-0.30181191563606263,-3.0733431231055874e-06,0.30180827975273133,-0.3017661213874817,-0.01501456182450056,0.3017677843570709,-0.10117970630526543,-0.09185539186000824,0.00013786592899123207
dt_0.25_ms,7280,1.82,307461,0.2175,True,0.00018031458603218198,0.0002954242518171668,0.00033815420465543866,0.00043399406131357015,0.0005128250748384745,0.0017029631417244673,0.00020802562719878363,4.327466157144731e-08,0.01,3075,0.0005795956200378667,0.00043400953290984035,0.0017029631417244673,-0.00047453816077858564,-0.003135324811676368,-0.07392385857400051,0.3739218453785786,0.42171457963709313,0.967479674796748,0.5430894308943089,0.1772357723577236,0.0,-0.30181191563606263,-2.061813120235456e-06,0.30180827975273133,-0.3017661213874817,-0.010011126287281513,0.3017677843570709,-0.1011826865375042,-0.09184682369232178,0.0001425253853085451
dt_0.25_ms,7320,1.83,307461,0.2275,True,0.0001800153695512563,0.00029505352722480893,0.0003383319708518684,0.0004337462130934002,0.000511899299453945,0.00170280528254807,0.00020781323857479804,4.318634212694593e-08,0.01,3075,0.0005792684475436988,0.00043375129462219775,0.00170280528254807,-0.0003291448200940341,-0.003230214425404439,-0.07375056479599922,0.3738817389503115,0.4216141074503921,0.967479674796748,0.5417886178861788,0.1795121951219512,0.0,-0.30181191563606263,-2.0525701529550133e-06,0.30180827975273133,-0.3017661213874817,-0.010011631064116955,0.3017677843570709,-0.10118566676974297,-0.09184908121824265,0.00014749247638974337
dt_0.25_ms,7360,1.84,307461,0.23750000000000002,True,0.00017966383893508464,0.0002945261949207634,0.0003378616529516876,0.00043332783970981894,0.0005110173136927189,0.0017029409063979983,0.00020746277506485702,4.304080303761146e-08,0.01,3075,0.0005787384945793244,0.0004333428223617375,0.0017029409063979983,0.00048511585932309445,-0.002967747117317475,-0.07339139219868733,0.3737907115105815,0.4216141074503921,0.967479674796748,0.5395121951219513,0.183739837398374,0.0,-0.30181191563606263,-7.61470005272713e-07,0.30180827975273133,-0.3017661213874817,-0.010007421486079693,0.3017677843570709,-0.10118864700198174,-0.09185178577899933,0.00015220611821860073
dt_0.25_ms,7400,1.85,307461,0.2475,True,0.00017930065223481506,0.00029404996894299984,0.00033729852293618023,0.00043273730552755295,0.000510486075654627,0.0017030524322763085,0.00020711553107681071,4.2896843213229344e-08,0.01,3075,0.000578185647945639,0.00043273763731122017,0.0017030524322763085,0.0006170309616458866,-0.0031409328088088436,-0.07312139923481223,0.37368752590467863,0.42158896774183774,0.9684552845528456,0.5378861788617886,0.1873170731707317,0.0,-0.30181191563606263,-6.704182737848896e-07,0.30180827975273133,-0.3017661213874817,-0.010011126287281513,0.3017677843570709,-0.10119162723422051,-0.09185438603162766,0.00015691540902480484
dt_0.25_ms,7440,1.86,307461,0.2575,True,0.00017893647600430995,0.0002935279917437583,0.00033644255017861724,0.00043232536991126845,0.0005099307105410853,0.0017034884076565504,0.00020672664731767937,4.273590671120819e-08,0.01,3075,0.0005776032091144896,0.00043232779717072845,0.0017034884076565504,-0.0005782273859129574,-0.0018008538914817448,-0.07277161947675143,0.37350990186389293,0.42158896774183774,0.9694308943089431,0.535609756097561,0.19154471544715448,0.0,-0.30181191563606263,-2.112084985128604e-06,0.30180827975273133,-0.3017661213874817,-0.005006280727684498,0.3017677843570709,-0.10119460746645928,-0.09184741228818893,0.00016161773237399757
dt_0.25_ms,7480,1.87,307461,0.2675,True,0.00017865514382719994,0.0002931768831331283,0.00033600287861190736,0.0004321772779803756,0.0005093684245366604,0.0017038166988641024,0.00020644986705845646,4.2621547608454346e-08,0.01,3075,0.000577239582127687,0.000432261498644948,0.0017038166988641024,-0.0011214199560892325,-0.0025158008219819394,-0.07262590890127898,0.37344935106418475,0.4215945717710121,0.9694308943089431,0.5339837398373983,0.19317073170731708,0.0,-0.30181191563606263,-0.005002145189791918,0.30180827975273133,-0.3017661213874817,-0.009998606517910957,0.3017677843570709,-0.10119758769869805,-0.09185140579938889,0.0001663236107560806
dt_0.25_ms,7520,1.8800000000000001,307461,0.2775,True,0.0001783203479135409,0.0002928145695477724,0.00033569999504834414,0.0004323486529756341,0.0005092570965643976,0.0017041396349668503,0.00020617545419789456,4.2508317913708116e-08,0.01,3075,0.0005768600591492453,0.00043235841440036893,0.0017041396349668503,-0.00037260214352636834,-0.0011361838300319683,-0.07230569096793586,0.37325096947643305,0.4216005708409751,0.9700813008130081,0.5320325203252032,0.19707317073170733,0.0,-0.30181191563606263,-1.92755533134914e-06,0.30180827975273133,-0.3017661213874817,-0.004992887377738953,0.3017677843570709,-0.10120056793093682,-0.09185008704662323,0.00017104460421251132
dt_0.25_ms,7560,1.8900000000000001,307461,0.28750000000000003,True,0.0001780262973625213,0.0002925892185885459,0.0003354602085892111,0.00043214255128987177,0.0005086171731818473,0.0017044957494363189,0.00020593577296643958,4.240954258728495e-08,0.01,3075,0.0005764235406205421,0.00043215390178374946,0.0017044957494363189,-0.0005290937716914392,-0.0013314046482394669,-0.0719029144107577,0.37292764269963957,0.4216065700249394,0.9704065040650407,0.5297560975609756,0.20195121951219513,0.0,-0.30181191563606263,-6.847248528174532e-07,0.30180827975273133,-0.3017661213874817,-0.00500331399962306,0.3017677843570709,-0.10120349377393723,-0.09184841811656952,0.00017577877006260678
dt_0.25_ms,7600,1.9000000000000001,307461,0.2975,True,0.00017774924344848841,0.0002923845895566046,0.00033531844383105636,0.00043229056755080854,0.0005080070637632168,0.0017050965689122677,0.00020571470336832662,4.231853918191861e-08,0.01,3075,0.0005761082982644438,0.00043229959555901587,0.0017050965689122677,7.191164896663558e-05,-0.0005181226442925058,-0.07150330529881324,0.3727162373797192,0.4216125693228981,0.9710569105691057,0.5271544715447154,0.20682926829268292,0.0,-0.30181191563606263,0.005001687910407782,0.30180827975273133,-0.3017661213874817,-0.004974669776856899,0.3017677843570709,-0.10120566934347153,-0.09184855967760086,0.00018059499852824952
dt_0.25_ms,7640,1.9100000000000001,307461,0.3075,True,0.00017750760889612138,0.00029225548496469855,0.0003352865460328758,0.0004323599045164894,0.0005073284090030939,0.0017060241661965847,0.0002055482298080059,4.225007477720481e-08,0.01,3075,0.000575804632834757,0.0004323866742197424,0.0017060241661965847,0.0003426592820778751,-0.0007002564531833971,-0.07124791726930683,0.37265306301735523,0.42161645971007233,0.9717073170731707,0.5261788617886178,0.21008130081300813,0.0,-0.30181191563606263,0.0050029451958835125,0.30180827975273133,-0.3017661213874817,-0.0049751074984669685,0.3017677843570709,-0.1012086495757103,-0.09185153990983963,0.0001853223962825723
dt_0.25_ms,7680,1.92,307461,0.3175,True,0.00017735858273226768,0.00029221619479358196,0.0003351111081428826,0.0004321633314248176,0.0005063521559350195,0.0017068273155018687,0.00020543631917481782,4.220408123609762e-08,0.01,3075,0.0005754677368218185,0.00043216769699938595,0.0017068273155018687,7.398919839612226e-05,0.0005441044298126277,-0.07098876656614525,0.37240360056853333,0.42158896774183774,0.9720325203252033,0.5245528455284553,0.21365853658536585,0.0,-0.30181191563606263,0.005001315381377935,0.30180827975273133,-0.3017661213874817,9.112351108342409e-06,0.3017677843570709,-0.10121162980794907,-0.09185298532247543,0.00019009062671102584
dt_0.25_ms,7720,1.93,307461,0.3275,True,0.00017726451915223151,0.00029222932062111795,0.0003350617189425975,0.00043199289357289696,0.0005057064699940401,0.0017077444354072213,0.0002053669561236195,4.217558666748066e-08,0.01,3075,0.0005752205763890491,0.00043199860374443233,0.0017077444354072213,-0.0003341062405250681,0.0012240985463976971,-0.07068305215203143,0.3721180174464317,0.4215782634772232,0.9720325203252033,0.5226016260162601,0.2175609756097561,0.0,-0.30181191563606263,-7.738269687251886e-07,0.30180827975273133,-0.3017661213874817,0.005009334534406662,0.3017677843570709,-0.10121461004018784,-0.09184703975915909,0.00019489210826577618
dt_0.25_ms,7760,1.94,307461,0.3375,True,0.00017716943693812937,0.00029221971635706723,0.0003350377082824707,0.00043222907115705465,0.0005049334606155762,0.001708586816675961,0.00020530808101890666,4.215140813166595e-08,0.01,3075,0.000575028270259651,0.0004322694439906627,0.001708586816675961,-0.0005780033174593653,0.0007853631264895636,-0.07038207138804314,0.371888253465506,0.4215782634772232,0.9730081300813008,0.52130081300813,0.22178861788617887,0.0,-0.30181191563606263,-2.281019305883092e-06,0.30180827975273133,-0.3017661213874817,3.154468140564859e-05,0.3017677843570709,-0.1012175902724266,-0.09184693545103073,0.0001997023486183025
dt_0.25_ms,7800,1.95,307461,0.34750000000000003,True,0.0001770632661646232,0.0002921025443356484,0.00033500869176350534,0.00043247452122159303,0.0005041706375777732,0.0017092988127842546,0.0002052272307861693,4.21182162561596e-08,0.01,3075,0.0005747659598303035,0.000432475411798805,0.0017092988127842546,-0.0007518503609002237,0.00037465644073570847,-0.0701136159754622,0.3718019232574698,0.4215782634772232,0.9739837398373984,0.5196747967479675,0.22504065040650406,0.0,-0.30181191563606263,-2.7640105599857634e-06,0.30180827975273133,-0.3017661213874817,8.596577572461683e-06,0.3017677843570709,-0.10122016742825508,-0.09184929728507996,0.0002045030836598016
dt_0.25_ms,7840,1.96,307461,0.3575,True,0.0001768153306329623,0.0002917965757660568,0.0003347531019244343,0.0004324038513004793,0.0005034556845203045,0.0017099565593525767,0.00020502922843578224,4.2036984512972175e-08,0.01,3075,0.0005745588581937145,0.0004324382171034813,0.0017099565593525767,-0.0009394373954824449,2.7975601312605952e-05,-0.06994582800400599,0.3716633405831527,0.42152746459709034,0.9739837398373984,0.5183739837398375,0.22764227642276422,0.0,-0.30181191563606263,-2.937022372861975e-06,0.30180827975273133,-0.3017661213874817,7.318393727473449e-06,0.3017677843570709,-0.10122260227799415,-0.09185067564249039,0.00020937541121384128
dt_0.25_ms,7880,1.97,307461,0.3675,True,0.00017645253683440387,0.0002915204386226833,0.0003344355500303209,0.00043255239143036317,0.000502739212242887,0.0017107013845816255,0.00020475830682925217,4.1925964215582176e-08,0.01,3075,0.0005743241773414751,0.00043255448690615594,0.0017107013845816255,-0.0014814993462843218,-0.0002016883439703419,-0.06958739302861505,0.37141873556533145,0.42152746459709034,0.974308943089431,0.5160975609756098,0.231869918699187,0.0,-0.30181191563606263,-0.005003060679882765,0.30180827975273133,-0.3017661213874817,6.100493465055479e-06,0.3017677843570709,-0.10121175199747086,-0.0918489620089531,0.00021422562713269144
dt_0.25_ms,7920,1.98,307461,0.3775,True,0.00017600129649508744,0.0002911770425271243,0.00033418985549360514,0.0004323890432715416,0.0005021110700909052,0.0017114935908466578,0.00020447016091325782,4.180804670389354e-08,0.01,3075,0.0005741441512113149,0.00043238914804533124,0.0017114935908466578,-0.001366540721303649,-0.0007377562478020665,-0.06930844437008797,0.3713243039582981,0.42152746459709034,0.974308943089431,0.5147967479674797,0.23577235772357724,0.0,-0.30181191563606263,-0.0050026909448206425,0.30180827975273133,-0.3017661213874817,-0.004973803646862507,0.3017677843570709,-0.10121473222970963,-0.09184974431991577,0.00021909115748712792
dt_0.25_ms,7960,1.99,307461,0.3875,True,0.00017573550576344132,0.00029106042347848415,0.00033394471392966807,0.0004324314126279224,0.0005019678967073562,0.0017123300349339843,0.00020430321817436448,4.173980495640197e-08,0.01,3075,0.0005740165947160373,0.00043248035944998264,0.0017123300349339843,-0.0012402300304885895,-0.0007792421250396581,-0.0691078036810622,0.37131082445469804,0.42152746459709034,0.974308943089431,0.5138211382113821,0.23804878048780487,0.0,-0.30181191563606263,-0.0050026909448206425,0.30180827975273133,-0.3017661213874817,-0.004973617382347584,0.3017677843570709,-0.10121126174926758,-0.0918513759970665,0.000223972242383752
dt_0.25_ms,8000,2.0,307461,0.3975,True,0.00017553215730004013,0.0002909547765739262,0.00033360315137542784,0.00043221861706115386,0.0005019005795475096,0.0017133940709754825,0.0002041482718019876,4.16765168797382e-08,0.01,3075,0.0005738561514696879,0.0004322399036027491,0.0017133940709754825,-0.0013247102538819831,-0.0007800795466623899,-0.06894303333722314,0.37122639749055864,0.4215038048866039,0.974959349593496,0.5128455284552845,0.24032520325203252,0.0,-0.30181191563606263,-0.005003060679882765,0.30180827975273133,-0.3017661213874817,-0.004973431117832661,0.3017677843570709,-0.10121424198150634,-0.09184927493333817,0.00022886837396072222
dt_0.25_ms,8040,2.0100000000000002,307461,0.40750000000000003,True,0.00017531978664919734,0.0002909685717895627,0.00033361013629473746,0.00043231579475104857,0.0005015014321543276,0.0017144507728517056,0.000204052925207712,4.1637596285824104e-08,0.01,3075,0.0005737552993052556,0.0004323283501435071,0.0017144507728517056,-0.001176971718434336,-0.0006323594046480731,-0.06873884484382499,0.371113278648987,0.42150159532607306,0.974959349593496,0.511869918699187,0.24292682926829268,0.0,-0.30181191563606263,-0.0050026909448206425,0.30180827975273133,-0.3017661213874817,-0.004972620867192745,0.3017677843570709,-0.10121689587831498,-0.09185124188661575,0.00023378068290185182
dt_0.25_ms,8080,2.02,307461,0.4175,True,0.00017522432608529925,0.00029101857217028737,0.0003336298104841262,0.00043242863612249534,0.0005015183414798234,0.0017154531087726355,0.00020400849671943207,4.1619466733722524e-08,0.01,3075,0.0005737117271798443,0.00043243932304903865,0.0017154531087726355,-0.00035301902809053683,-0.0008277743460450615,-0.0686337172362842,0.3711236682756708,0.42152746459709034,0.974959349593496,0.511869918699187,0.24422764227642277,0.0,-0.30181191563606263,-3.6466331039264333e-06,0.30180827975273133,-0.3017661213874817,-0.0049730585888028145,0.3017677843570709,-0.10121987611055375,-0.09185422211885452,0.00023870656295912337
dt_0.25_ms,8120,2.0300000000000002,307461,0.4275,True,0.00017505920550320297,0.0002910223847720772,0.0003337464004289359,0.00043233825126662897,0.0005014791851863267,0.001716592931188643,0.00020395771292527095,4.1598748661707234e-08,0.01,3075,0.000573623595329577,0.0004323506145738065,0.001716592931188643,-0.00025489479119590293,0.00013825198891788567,-0.06841470432886416,0.371088718042101,0.42152746459709034,0.9752845528455285,0.5099186991869918,0.2461788617886179,0.0,-0.30181191563606263,-3.7631098166457377e-06,0.30180827975273133,-0.3017661213874817,9.776195838639978e-06,0.3017677843570709,-0.10122285634279252,-0.09184709191322327,0.00024364825949305666
dt_0.25_ms,8160,2.04,307461,0.4375,True,0.00017496105283498764,0.0002910914772655815,0.00033384861308149993,0.00043225014233030397,0.0005016842624172573,0.0017179233254864812,0.00020393511743000068,4.158953212118817e-08,0.01,3075,0.0005736654760255441,0.0004322553286328912,0.0017179233254864812,-1.2922391762702585e-05,0.0008358808142034329,-0.06821987832361857,0.37096273731407525,0.42150159532607306,0.975609756097561,0.5095934959349594,0.24878048780487805,0.0,-0.30181191563606263,-3.7354902815422975e-06,0.30180827975273133,-0.3017661213874817,3.27406196447555e-05,0.3017677843570709,-0.10122583657503129,-0.09185007214546204,0.00024860781268216665
dt_0.25_ms,8200,2.05,307461,0.4475,True,0.0001749503571772948,0.0002912439813371748,0.0003341032424941659,0.00043247168068774063,0.0005013979796785866,0.0017192689701914787,0.0002039708946601939,4.160412586847992e-08,0.01,3075,0.0005736580407587675,0.00043247677967883646,0.0017192689701914787,-0.0001983985397274831,0.0011483370664875732,-0.06802383964359904,0.37091113242513435,0.42150159532607306,0.9759349593495935,0.5082926829268293,0.25073170731707317,0.0,-0.30181191563606263,-3.870301497954642e-06,0.30180827975273133,-0.3017661213874817,0.0050113387405872345,0.3017677843570709,-0.10122881680727006,-0.0918528363108635,0.0002535836101742461
dt_0.25_ms,8240,2.06,307461,0.4575,True,0.0001749320945236832,0.00029131173505447805,0.0003340489638503641,0.00043257595971226803,0.0005010865163058064,0.0017204637406393886,0.00020398927528179634,4.161162442999249e-08,0.01,3075,0.0005737008581437716,0.0004326042835600674,0.0017204637406393886,-0.00030660439265532447,0.001007513180291396,-0.06779431974006986,0.3707301075852999,0.42150159532607306,0.9765853658536585,0.5066666666666667,0.25365853658536586,0.0,-0.30181191563606263,-3.0808846531726886e-06,0.30180827975273133,-0.3017661213874817,0.005011247005313635,0.3017677843570709,-0.10123179703950883,-0.09185292571783066,0.0002585508540505543
dt_0.25_ms,8280,2.07,307461,0.4675,True,0.00017485542048234493,0.0002914207288995385,0.00033407454611733556,0.00043255467899143776,0.000500450725667179,0.0017218391876667738,0.00020396509498410214,4.160175997187381e-08,0.01,3075,0.00057361993046167,0.0004325753543525934,0.0017218391876667738,-0.00014021891269410888,0.0007209202713362706,-0.06764068410015443,0.37060501835576976,0.4214714787446302,0.9765853658536585,0.5063414634146342,0.2559349593495935,0.0,-0.30181191563606263,-1.8153209566662554e-06,0.30180827975273133,-0.3017661213874817,3.2952561014099047e-05,0.3017677843570709,-0.1012347772717476,-0.09185221791267395,0.0002635380777064711
dt_0.25_ms,8320,2.08,307461,0.47750000000000004,True,0.00017465883865952492,0.0002914932556450367,0.0003338658425491303,0.0004326491616666318,0.0005005244340281934,0.001723190420307219,0.00020389691384889327,4.157395147710301e-08,0.01,3075,0.0005735181973645146,0.00043265256681479514,0.001723190420307219,0.00033775194766624594,0.0007094615151065109,-0.0674436903630269,0.3704098622504311,0.4214587670241383,0.9765853658536585,0.5056910569105691,0.25853658536585367,0.0,-0.30181191563606263,0.004996173083782196,0.30180827975273133,-0.3017661213874817,3.3093714591814205e-05,0.3017677843570709,-0.10123775750398636,-0.09185413271188736,0.0002685534214833751
dt_0.25_ms,8360,2.09,307461,0.4875,True,0.00017444165132474154,0.00029122133855707943,0.0003334792563691735,0.0004325559362769145,0.0005001229175832128,0.0017247372306883335,0.00020373945647011473,4.150976612273777e-08,0.01,3075,0.0005733710359422323,0.0004326029447838664,0.0017247372306883335,0.0004126937275624941,0.0006573767471510235,-0.0671820846616765,0.3702305845603016,0.4214714787446302,0.9765853658536585,0.505040650406504,0.26178861788617885,0.0,-0.30181191563606263,-5.929439907959022e-07,0.30180827975273133,-0.3017661213874817,3.323137207189575e-05,0.3017677843570709,-0.10124073773622513,-0.09185711294412613,0.0002735119982389733
dt_0.25_ms,8400,2.1,307461,0.4975,True,0.0001741131563903764,0.00029087415896356106,0.0003330871695652604,0.00043227574788034026,0.0004998418269678961,0.0017260347958654165,0.00020352009807721584,4.142043032135955e-08,0.01,3075,0.0005731898044402582,0.0004322917084209621,0.0017260347958654165,-8.321493869985952e-05,0.000762689452193279,-0.0669967302446716,0.3700750925485872,0.4214714787446302,0.9765853658536585,0.5047154471544716,0.2640650406504065,0.0,-0.30181191563606263,-4.40713438365492e-06,0.30180827975273133,-0.3017661213874817,3.352858766447753e-05,0.3017677843570709,-0.1012437179684639,-0.0918593481183052,0.00027854489162564277
dt_0.25_ms,8440,2.11,307461,0.5075000000000001,True,0.0001738133141770959,0.0002906960144173354,0.00033271071151830256,0.0004324509238358588,0.0004996869713068011,0.0017272664699703455,0.0002033210999714895,4.1339469693616425e-08,0.01,3075,0.0005730081211805828,0.0004324528272263706,0.0017272664699703455,0.0003159123330115884,0.0002444906708582331,-0.06674626245606592,0.3697592270939309,0.4214587670241383,0.9765853658536585,0.503739837398374,0.2676422764227642,0.0,-0.30181191563606263,-1.8034440927294781e-06,0.30180827975273133,-0.3017661213874817,7.295879640878411e-06,0.3017677843570709,-0.10124669820070267,-0.09185050427913666,0.0002836475643562153
dt_0.25_ms,8480,2.12,307461,0.5175,True,0.00017348573601339012,0.0002904424036387354,0.0003323019191157073,0.0004325253888964655,0.0004998455638997259,0.0017285229405388236,0.00020311234075198203,4.125462296574926e-08,0.01,3075,0.0005729039814663915,0.0004325304180383682,0.0017285229405388236,9.423234458388951e-05,-0.00021069114966753031,-0.06626345069879504,0.36942596892997975,0.4214587670241383,0.9765853658536585,0.5008130081300813,0.2731707317073171,0.0,-0.30181191563606263,-3.1458246212423546e-06,0.30180827975273133,-0.3017661213874817,-0.004970571957528591,0.3017677843570709,-0.10124967843294144,-0.09183531254529953,0.00028877156146336344
dt_0.25_ms,8520,2.13,307461,0.5275,True,0.00017308937094639987,0.0002901407715398818,0.0003317676892038435,0.00043259290978312566,0.0004996318719349811,0.0017299391329288483,0.00020283407437561812,4.114166172781379e-08,0.01,3075,0.0005727544734992723,0.00043261173414066434,0.0017299391329288483,0.0016165989065355024,-0.0005098461945067911,-0.06583735097539115,0.36892289159083974,0.4214587670241383,0.9765853658536585,0.4995121951219512,0.27934959349593497,0.0,-0.30181191563606263,0.004998716060072184,0.30180827975273133,-0.3017661213874817,-0.00497100967913866,0.3017677843570709,-0.10125265866518021,-0.08786816895008087,0.00029383259534370153
dt_0.25_ms,8560,2.14,307461,0.5375,True,0.00017282189219258726,0.0002898791281040758,0.00033149003866128623,0.00043274916824884743,0.000499313813634218,0.0017310160910710692,0.00020265644317554114,4.106963396056133e-08,0.01,3075,0.0005726320423352404,0.00043275655480101705,0.0017310160910710692,0.002441093395065146,-0.0006742611361906023,-0.06538448244532089,0.3685482973873053,0.4214587670241383,0.9765853658536585,0.4972357723577236,0.2842276422764228,0.0,-0.30181191563606263,0.005005135200917721,0.30180827975273133,-0.3017661213874817,-0.004970823414623737,0.3017677843570709,-0.10125563889741898,-0.08785068243741989,0.00029881962400395417
dt_0.25_ms,8600,2.15,307461,0.5475,True,0.00017263770860154182,0.00028974650194868445,0.00033151512616313994,0.0004327313974499704,0.0004988742002751696,0.001732013770379126,0.00020255851531216258,4.1029952125467604e-08,0.01,3075,0.0005725435917720016,0.00043273583287373185,0.001732013770379126,0.0028367181537211905,-0.0007383670665038198,-0.06507939177687437,0.36828214574695656,0.4214714787446302,0.9765853658536585,0.4959349593495935,0.28780487804878047,0.0,-0.30181191563606263,0.010006902739405632,0.30180827975273133,-0.3017661213874817,-0.004970637150108814,0.3017677843570709,-0.10125861912965775,-0.08776749670505524,0.0003037393296835943
dt_0.25_ms,8640,2.16,307461,0.5575,True,0.00017246388597413898,0.0002897866943385452,0.00033176838769577444,0.0004331170930527152,0.0004992085101548592,0.0017334321746602654,0.00020251763910693587,4.1013394149447116e-08,0.01,3075,0.0005725397952033465,0.00043312128400430083,0.0017334321746602654,0.001877132472396935,-0.0005160996642013291,-0.06478192959138822,0.3679242862154078,0.4214587670241383,0.9769105691056911,0.49528455284552847,0.29203252032520327,0.0,-0.30181191563606263,0.005003792699426413,0.30180827975273133,-0.3017661213874817,5.746089300373569e-06,0.3017677843570709,-0.10126159936189652,-0.08777271211147308,0.00030866153538227075
dt_0.25_ms,8680,2.17,307461,0.5675,True,0.00017232546815648675,0.0002897684753406793,0.0003319463867228478,0.000433339580195026,0.0004994854563847194,0.0017348098335787654,0.0002024877382954113,4.1001284159990973e-08,0.01,3075,0.0005726459348097261,0.000433375098509714,0.0017348098335787654,0.001368898578421511,-0.0013317607511304024,-0.06460806520894312,0.3677518655582449,0.4214587670241383,0.9769105691056911,0.4946341463414634,0.2943089430894309,0.0,-0.30181191563606263,0.004997971002012491,0.30180827975273133,-0.3017661213874817,-0.0049869706854224205,0.3017677843570709,-0.10126457959413529,-0.08771402388811111,0.0003135810344247147
dt_0.25_ms,8720,2.18,307461,0.5775,True,0.00017216804553754628,0.00028969571576453745,0.0003320439427625388,0.00043327542953193227,0.0004999032244086266,0.0017359054181724787,0.00020241445380899824,4.097161111079508e-08,0.01,3075,0.0005726785741261835,0.00043328566243872046,0.0017359054181724787,0.0008200542534839628,-0.00153446786298771,-0.06436821193643098,0.3675426225229982,0.42145844307570535,0.9769105691056911,0.4930081300813008,0.2972357723577236,0.0,-0.30181191563606263,0.0049963295459747314,0.30180827975273133,-0.3017661213874817,-0.00498729944229126,0.3017677843570709,-0.1012674942612648,-0.08771708607673645,0.0003185022942489013
dt_0.25_ms,8760,2.19,307461,0.5875,True,0.0001720021100481972,0.0002896871592383832,0.0003320508112665266,0.00043344232835806933,0.0004999462049454453,0.0017371353460475802,0.00020234717984039758,4.09443811893622e-08,0.01,3075,0.0005727038588336994,0.0004334495752118528,0.0017371353460475802,0.0005732523509846217,-0.0013707271821107039,-0.06417279709050425,0.3674426047024717,0.4214610106620806,0.9772357723577236,0.4923577235772358,0.29983739837398377,0.0,-0.30181191563606263,0.004995896015316248,0.30180827975273133,-0.3017661213874817,-0.004987113177776337,0.3017677843570709,-0.10127047449350357,-0.08772052079439163,0.0003235402604332193
dt_0.25_ms,8800,2.2,307461,0.5975,True,0.00017181185830850154,0.0002896671066991985,0.00033207438536919653,0.0004333827178925279,0.0005000850243959576,0.0017383397789672017,0.00020225647279895753,4.090768078907545e-08,0.01,3075,0.0005726317940204124,0.0004333898250479251,0.0017383397789672017,0.0017055029998268524,-0.00044187667663164775,-0.06381145504766886,0.36721565025906494,0.4214587670241383,0.9778861788617886,0.4897560975609756,0.304390243902439,0.0,-0.30181191563606263,0.005004999693483114,0.30180827975273133,-0.3017661213874817,8.061767402978148e-06,0.3017677843570709,-0.10127345472574234,-0.08771804720163345,0.0003285077022155746
dt_0.25_ms,8840,2.21,307461,0.6075,True,0.00017160923744086176,0.0002895831421483308,0.0003320715040899813,0.0004336116486229011,0.0005000950768589979,0.0017396918265148997,0.00020214569697885775,4.0862882807068175e-08,0.01,3075,0.0005725416137242492,0.0004336328129284084,0.0017396918265148997,0.0021640613645848494,-0.00019451406206730379,-0.06366538120194261,0.3670695287547837,0.4214587670241383,0.9778861788617886,0.4891056910569106,0.30601626016260164,0.0,-0.30181191563606263,0.01000494696199894,0.30180827975273133,-0.3017661213874817,1.3238254723546561e-05,0.3017677843570709,-0.10127643495798111,-0.08769340813159943,0.0003334776149131357
dt_0.25_ms,8880,2.22,307461,0.6175,True,0.00017140201816800982,0.0002898202510550618,0.0003323038399685174,0.0004335950012318805,0.0005002647580113262,0.0017411303706467152,0.0002021058791268904,4.084678637765323e-08,0.01,3075,0.0005725239083167105,0.0004336330166552216,0.0017411303706467152,0.002162443670924803,0.0006345447839548131,-0.06347000777240368,0.36694608482551355,0.4214117072318894,0.9778861788617886,0.48813008130081303,0.30861788617886177,0.0,-0.30181191563606263,0.010004574432969093,0.30180827975273133,-0.3017661213874817,3.51189955836162e-05,0.3017677843570709,-0.10127941519021988,-0.08765526860952377,0.000338450793060474
dt_0.25_ms,8920,2.23,307461,0.6275000000000001,True,0.0001711584918666631,0.00028984618256799877,0.00033257121685892344,0.00043368966435082307,0.0005004230886697797,0.0017427600687369704,0.00020202268557837117,4.0813165488297414e-08,0.01,3075,0.0005724918413187976,0.0004337020800448954,0.0017427600687369704,0.0021090689142330226,0.00022017494398217727,-0.06328439134749961,0.3668366250454656,0.4214117072318894,0.9778861788617886,0.487479674796748,0.31121951219512195,0.0,-0.30181191563606263,0.010004201903939247,0.30180827975273133,-0.3017661213874817,1.3730321370530874e-05,0.3017677843570709,-0.10128239542245865,-0.0876605436205864,0.0003434280399233102
dt_0.25_ms,8960,2.24,307461,0.6375000000000001,True,0.00017094894428737462,0.00028976521571166813,0.0003327851591166109,0.00043347256141714814,0.0005005151324439808,0.0017442421521991491,0.00020193473483171964,4.0777637131556925e-08,0.01,3075,0.0005724838769017923,0.0004334883124101907,0.0017442421521991491,0.0016782019453732548,9.972635572566793e-05,-0.0632168013993444,0.36678210553019913,0.4214117072318894,0.9778861788617886,0.487479674796748,0.3121951219512195,0.0,-0.30181191563606263,0.005004999693483114,0.30180827975273133,-0.3017661213874817,1.392921058140928e-05,0.3017677843570709,-0.10128537565469742,-0.08766650408506393,0.0003484098619082942
dt_0.25_ms,9000,2.25,307461,0.6475,True,0.00017079758981708437,0.0002896809601224959,0.0003328438033349812,0.0004336239071562903,0.0005013145157136026,0.0017458414658904076,0.00020187909422778567,4.075516868623117e-08,0.01,3075,0.0005726061848075531,0.00043366686441004276,0.0017458414658904076,0.001148535419870637,0.00028374313038985135,-0.06304648063257398,0.3666522543468963,0.4214117072318894,0.9778861788617886,0.4861788617886179,0.31447154471544714,0.0,-0.30181191563606263,0.0050029451958835125,0.30180827975273133,-0.3017661213874817,1.4130981071502902e-05,0.3017677843570709,-0.10128741040825844,-0.0876690149307251,0.0003534002811647951
dt_0.25_ms,9040,2.2600000000000002,307461,0.6575,True,0.00017061557446140796,0.00028956157620996237,0.00033283609081991017,0.00043383785523474285,0.0005016481271013619,0.0017473355401307344,0.00020178300073473663,4.071637938551472e-08,0.01,3075,0.0005726878777169055,0.00043385554454289377,0.0017473355401307344,0.000817964462298409,0.0010962288083516715,-0.06281970313485663,0.3664607738519679,0.4214117072318894,0.9785365853658536,0.4842276422764228,0.3170731707317073,0.0,-0.30181191563606263,0.004995896015316248,0.30180827975273133,-0.3017661213874817,0.0050152502954006195,0.3017677843570709,-0.10128934308886528,-0.08766701817512512,0.00035841988865286105
dt_0.25_ms,9080,2.27,307461,0.6675,True,0.0001705096656223759,0.00028955593006685376,0.0003328647871967405,0.0004337984661106031,0.0005014872236642993,0.0017487001605331898,0.00020172840803364404,4.0694350607788385e-08,0.01,3075,0.0005726745129634845,0.00043382722651585937,0.0017487001605331898,0.00044676261338992394,0.0013009228722852626,-0.06269048069830621,0.3663317787927072,0.4214117072318894,0.9788617886178862,0.4832520325203252,0.31869918699186994,0.0,-0.30181191563606263,-3.770456089569052e-07,0.30180827975273133,-0.3017661213874817,0.005015438888221979,0.3017677843570709,-0.10129232332110405,-0.08766902983188629,0.00036350450245663517
dt_0.25_ms,9120,2.2800000000000002,307461,0.6775,True,0.0001703671587165445,0.0002894618082791567,0.00033303836244158447,0.0004339027742389592,0.0005016465089283894,0.0017502913251519203,0.000201663360057803,4.066811078980309e-08,0.01,3075,0.0005727135862992334,0.00043390883365646005,0.0017502913251519203,0.0004975162367047576,0.0012355654938637156,-0.06254798910428427,0.36617954725301677,0.4214117072318894,0.9791869918699186,0.48227642276422766,0.32065040650406507,0.0,-0.30181191563606263,0.004993443842977285,0.30180827975273133,-0.3017661213874817,0.005015622824430466,0.3017677843570709,-0.10129530355334282,-0.08764928579330444,0.0003686002950416877
dt_0.25_ms,9160,2.29,307461,0.6875,True,0.00017025902343448251,0.00028941879281774163,0.000333014118950814,0.00043400267604738665,0.0005021507153287531,0.001751785515807569,0.00020157578908823324,4.063279874654389e-08,0.01,3075,0.0005727541408921796,0.0004340511513873935,0.001751785515807569,0.0004853562252701873,0.001695608225736356,-0.06232057420015883,0.3659594827060662,0.4214117072318894,0.9791869918699186,0.48065040650406504,0.3235772357723577,0.0,-0.30181191563606263,0.004993257578462362,0.30180827975273133,-0.3017661213874817,0.005015811417251825,0.3017677843570709,-0.10129805207252503,-0.08765038847923279,0.0003737061633728444
dt_0.25_ms,9200,2.3000000000000003,307461,0.6975,True,0.00017011715681292117,0.00028951061540283263,0.0003332344931550324,0.0004343650944065305,0.0005026051425375054,0.0017533793579787016,0.00020153616189080186,4.0616824549675496e-08,0.01,3075,0.0005728882041142693,0.00043437094427645206,0.0017533793579787016,0.0005143647058868766,0.002113559742552545,-0.06205513066649741,0.36569065337928075,0.42139144487087854,0.9798373983739838,0.4786991869918699,0.32682926829268294,0.0,-0.30181191563606263,0.004993071313947439,0.30180827975273133,-0.3017661213874817,0.005020502954721451,0.3017677843570709,-0.10129197612404824,-0.08761052042245865,0.00037882138276472687
dt_0.25_ms,9240,2.31,307461,0.7075,True,0.00017001311061903834,0.000289607240119949,0.0003336506779305637,0.0004347316105850046,0.0005028205458074809,0.0019225477008149028,0.0002015751529674661,4.063254229385735e-08,0.01,3075,0.0005737283472937145,0.0004347446374595165,0.0019225477008149028,-0.00017269303092887165,0.0021877800462116433,-0.06189988253030946,0.36565270614561596,0.4214117072318894,0.9798373983739838,0.47739837398373985,0.328130081300813,0.0,-0.30181191563606263,-3.5760956507147057e-06,0.30180827975273133,-0.3017661213874817,0.00502058444544673,0.3017677843570709,-0.101294956356287,-0.08761369436979294,0.0003840027580736205
dt_0.25_ms,9280,2.32,307461,0.7175,True,0.000169969120179303,0.0002897341619245708,0.000333947129547596,0.0004349772352725278,0.0005031851527746782,0.0019231350161135197,0.00020158801305094752,4.0637727005828995e-08,0.01,3075,0.0005738700853142039,0.0004350057861302048,0.0019231350161135197,0.0004056174239538568,0.002374284148489658,-0.061733953380421404,0.36555072929269083,0.42139144487087854,0.9798373983739838,0.4764227642276423,0.3300813008130081,0.0,-0.30181191563606263,-2.42968155816925e-07,0.30180827975273133,-0.3017661213874817,0.00502058444544673,0.3017677843570709,-0.10129793658852577,-0.08761746436357498,0.00038916423218324773
dt_0.25_ms,9320,2.33,307461,0.7275,True,0.00016996762133203447,0.0002898337843362242,0.00033412527409382164,0.0004353670112323021,0.0005036091897636664,0.0019237254746258259,0.0002016262792094899,4.065315646786318e-08,0.01,3075,0.0005740986725720539,0.0004353801778052002,0.0019237254746258259,0.0006384209525225654,0.0025691105088668795,-0.06162015017229829,0.3654898698490893,0.4213819747897638,0.9798373983739838,0.47544715447154473,0.3313821138211382,0.0,-0.30181191563606263,0.00499251252040267,0.30180827975273133,-0.3017661213874817,0.005021267104893923,0.3017677843570709,-0.10130091682076454,-0.08761981129646301,0.00039435848884750147
dt_0.25_ms,9360,2.34,307461,0.7375,True,0.00016987392154987901,0.00029000407084822655,0.00033424561843276024,0.00043564859079197254,0.0005037687835283578,0.001924243289977312,0.00020162997095154924,4.065464518592259e-08,0.01,3075,0.0005742298421919406,0.0004357011348474771,0.001924243289977312,0.0001814539309814345,0.0023406130493195242,-0.06145357396763661,0.36523040874544394,0.4213819747897638,0.9798373983739838,0.47479674796747967,0.3336585365853659,0.0,-0.30181191563606263,-2.0057916572113754e-06,0.30180827975273133,-0.3017661213874817,0.005016740411520004,0.3017677843570709,-0.1012995071709156,-0.08754884451627731,0.00039958870911505057
dt_0.25_ms,9400,2.35,307461,0.7475,True,0.00016978461644612253,0.0002900542749557644,0.0003343565040268004,0.0004358413454610855,0.00050405754009262,0.0019249930046498775,0.00020159079663723288,4.0638849288834184e-08,0.01,3075,0.0005743231837792943,0.00043584281229414046,0.0019249930046498775,-0.0005886415766107203,0.0018494886583956518,-0.06128560007890273,0.36502457302644614,0.4213819747897638,0.9801626016260162,0.4734959349593496,0.33528455284552844,0.0,-0.30181191563606263,-9.753905942488927e-06,0.30180827975273133,-0.3017661213874817,3.6815144994761795e-05,0.3017677843570709,-0.10130248740315437,-0.08743688464164734,0.0004048274946399031
dt_0.25_ms,9440,2.36,307461,0.7575000000000001,True,0.00016968911222647876,0.00029023553361184895,0.0003346885787323117,0.0004362279374618088,0.0005041081516537824,0.0019254288636147976,0.00020160760339075215,4.064562574496282e-08,0.01,3075,0.0005743822706598274,0.00043624002137221396,0.0019254288636147976,-0.00044433992635228744,0.0015102504949862758,-0.0610195953315072,0.3647378481932323,0.4213777360237844,0.9804878048780488,0.4721951219512195,0.3385365853658537,0.0,-0.30181191563606263,-9.94608399196295e-06,0.30180827975273133,-0.3017661213874817,3.643352829385549e-05,0.3017677843570709,-0.10130523070693016,-0.08739682286977768,0.00041008117550518343
dt_0.25_ms,9480,2.37,307461,0.7675000000000001,True,0.00016972815501503646,0.00029043221729807556,0.0003348116879351437,0.0004367952700704352,0.0005045033467467884,0.001925902208313346,0.00020166668661402795,4.066945248988056e-08,0.01,3075,0.0005744375572994169,0.0004368361842352897,0.001925902208313346,-0.0007370219017566049,0.0015165850363794051,-0.06089323277777237,0.36459627257460236,0.4213777360237844,0.9804878048780488,0.471869918699187,0.34016260162601625,0.0,-0.30181191563606263,-1.0158842087548692e-05,0.30180827975273133,-0.3017661213874817,3.658910281956196e-05,0.3017677843570709,-0.10130821093916893,-0.08739957213401794,0.00041534919582772976
dt_0.25_ms,9520,2.38,307461,0.7775,True,0.00016967381816357374,0.0002904774446506053,0.0003347727470099926,0.000436742958845571,0.0005041995958890773,0.0019263363210484385,0.00020165233201485162,4.066366300702795e-08,0.01,3075,0.0005745067169636154,0.00043675085180439055,0.0019263363210484385,-0.0007901524698418254,0.0022001369527541517,-0.06071660285627061,0.3643988733601194,0.42133268844957644,0.9804878048780488,0.4715447154471545,0.34276422764227643,0.0,-0.30181191563606263,-1.0337157618778292e-05,0.30180827975273133,-0.3017661213874817,0.005017207469791174,0.3017677843570709,-0.1013111911714077,-0.0873996689915657,0.000420634355396032
dt_0.25_ms,9560,2.39,307461,0.7875,True,0.00016959875938482583,0.00029055040795356035,0.00033471337519586086,0.0004372553317807627,0.0005046838661655788,0.001926981727592647,0.0002016353344387997,4.065680809424661e-08,0.01,3075,0.0005746709609525354,0.0004372871480882168,0.001926981727592647,-0.0016211019690203633,0.00256656186112957,-0.060588827742272915,0.3643205818856265,0.42133268844957644,0.9804878048780488,0.4708943089430894,0.3440650406504065,0.0,-0.30181191563606263,-0.005005634855479002,0.30180827975273133,-0.3017661213874817,0.005017674062401056,0.3017677843570709,-0.10131417140364647,-0.08740034699440002,0.0004259374953107905
dt_0.25_ms,9600,2.4,307461,0.7975,True,0.00016962293011602014,0.0002905922883655876,0.0003347171004861593,0.0004379922815132898,0.0005047759448643779,0.0019274643855169415,0.0002016462338861664,4.066120364047452e-08,0.01,3075,0.0005748028707751111,0.00043802193249575794,0.0019274643855169415,-0.0017528133820595472,0.0023084201108701185,-0.06051565129335288,0.36423214776944884,0.42133268844957644,0.9804878048780488,0.4708943089430894,0.34504065040650406,0.0,-0.30181191563606263,-0.0050056553445756435,0.30180827975273133,-0.3017661213874817,0.00501757999882102,0.3017677843570709,-0.10131715163588524,-0.0874033272266388,0.0004312521137762811
dt_0.25_ms,9640,2.41,307461,0.8075,True,0.0001695711980573833,0.0002904315188061446,0.0003345789446029812,0.0004382519691716881,0.000505092850653455,0.0019282061839476228,0.00020157695712868829,4.063326964526103e-08,0.01,3075,0.0005749208377617434,0.000438255985500291,0.0019282061839476228,-0.0014563775416812387,0.0023164114170178686,-0.06044427485816949,0.36413197145529386,0.42133268844957644,0.9804878048780488,0.4705691056910569,0.3460162601626016,0.0,-0.30181191563606263,-0.005005634855479002,0.30180827975273133,-0.3017661213874817,0.005018044263124466,0.3017677843570709,-0.10132013186812401,-0.08739668130874634,0.0004365820321254428
dt_0.25_ms,9680,2.42,307461,0.8175,True,0.0001695746323093772,0.0002903960703406483,0.0003343744028825313,0.00043851375812664736,0.0005050524370744825,0.0019288108451291919,0.0002015507388616122,4.0622700335661796e-08,0.01,3075,0.0005750179820981755,0.00043854108662344515,0.0019288108451291919,-0.001287672833442486,0.002381069686586367,-0.06035274366031622,0.36400023237013046,0.4213133789369035,0.9808130081300813,0.47024390243902436,0.34764227642276424,0.0,-0.30181191563606263,-0.005003431811928749,0.30180827975273133,-0.3017661213874817,0.005018232855945826,0.3017677843570709,-0.10132311210036278,-0.0873991996049881,0.0004418754280777644
dt_0.25_ms,9720,2.43,307461,0.8275,True,0.00016958695778157562,0.00029056327184662223,0.00033454428194090724,0.00043896661954931945,0.0005053586326539541,0.0019291914068162441,0.00020161085693050723,4.064693763225346e-08,0.01,3075,0.0005752700918005794,0.0004389751411508769,0.0019291914068162441,-0.0020613965120187994,0.002504965584675659,-0.06016293155372288,0.36383037908033583,0.4213133789369035,0.9817886178861789,0.4689430894308943,0.34991869918699187,0.0,-0.30181191563606263,-0.005008235573768616,0.30180827975273133,-0.3017661213874817,0.005021336488425732,0.3017677843570709,-0.10132609233260155,-0.08738816529512405,0.00044714691175613515
dt_0.25_ms,9760,2.44,307461,0.8375,True,0.0001695978717179969,0.00029084982816129923,0.00033495581010356545,0.00043990210397169274,0.0005065998819191032,0.002041796687990427,0.00020182221220910786,4.073220534097817e-08,0.01,3075,0.0005776231821032045,0.0004399743629619479,0.002041796687990427,-0.0018538035565535207,0.0018907383237490101,-0.06023222116607312,0.3638799178702502,0.4213133789369035,0.9808130081300813,0.4686178861788618,0.3489430894308943,0.0,-0.30181191563606263,-0.005008235573768616,0.30180827975273133,-0.3017661213874817,0.005018603056669235,0.3017677843570709,-0.10132907256484032,-0.08739063888788223,0.000452434713952243
dt_0.25_ms,9800,2.45,307461,0.8475,True,0.0001696568651823327,0.000291235075565055,0.0003353592474013567,0.00044079760555177934,0.0005072264000773435,0.0028792032971978188,0.00020217252169463256,4.087372852836667e-08,0.01,3075,0.0005807621215140765,0.0004407985834404826,0.0028792032971978188,-0.0010934109097384757,0.0020572592686987517,-0.06024609932302592,0.3638506129465644,0.4213133789369035,0.9808130081300813,0.4682926829268293,0.3486178861788618,0.0,-0.30181191563606263,-0.005003431811928749,0.30180827975273133,-0.3017661213874817,0.005018789321184158,0.3017677843570709,-0.10133205279707909,-0.0873928815126419,0.0004577376967063171
dt_0.25_ms,9840,2.46,307461,0.8575,True,0.00016973121091723442,0.00029134194483049214,0.00033566972706466913,0.000441464112373069,0.0005075096793007119,0.0028809085488319397,0.0002022481717043569,4.090432295775503e-08,0.01,3075,0.0005810973533936511,0.00044146578875370324,0.0028809085488319397,-0.001359242912882531,0.001661644815631007,-0.06012988503911982,0.36373936374480076,0.4213133789369035,0.9811382113821138,0.46731707317073173,0.35024390243902437,0.0,-0.30181191563606263,-0.0050056553445756435,0.30180827975273133,-0.3017661213874817,0.005018697585910559,0.3017677843570709,-0.10133503302931786,-0.08737629652023315,0.0004630556650226933
dt_0.25_ms,9880,2.47,307461,0.8675,True,0.0001697125844657421,0.000291425094474107,0.0003358814865350723,0.00044235968962311775,0.0005082651856355371,0.0027827448211610317,0.0002023886608535565,4.096117004209591e-08,0.01,3075,0.000583213391549113,0.00044236707617528737,0.0027827448211610317,-0.0017228326043920892,0.0021180955243721472,-0.06011044185498103,0.3636921651955807,0.42133268844957644,0.9808130081300813,0.4666666666666667,0.35024390243902437,0.0,-0.30181191563606263,-0.005006886087357998,0.30180827975273133,-0.3017661213874817,0.005020987708121538,0.3017677843570709,-0.10133801326155663,-0.08737493306398392,0.00046838829293847066
dt_0.25_ms,9920,2.48,307461,0.8775000000000001,True,0.0001697311527095735,0.000291582866339013,0.0003360685077495873,0.0004431183624546977,0.0005092773877549941,0.002783627947792411,0.0002024572182464318,4.098892522008331e-08,0.01,3075,0.0005835980128088012,0.0004431236011441797,0.002783627947792411,-0.0013867073647406498,0.0023537396454255616,-0.05994585718278553,0.3636009045551606,0.42133268844957644,0.9808130081300813,0.4660162601626016,0.3521951219512195,0.0,-0.30181191563606263,-0.005005634855479002,0.30180827975273133,-0.3017661213874817,0.005028000101447105,0.3017677843570709,-0.1013409934937954,-0.08732232451438904,0.00047373809211421743
dt_0.25_ms,9960,2.49,307461,0.8875000000000001,True,0.00016966227849479765,0.00029167637694627047,0.00033608931698836386,0.00044338963925838573,0.0005098716181237251,0.0027843962889164686,0.00020247242737012118,4.0995083845148995e-08,0.01,3075,0.0005839866950892185,0.00044341644388623536,0.0027843962889164686,-0.0020404187374311006,0.0019595716249120702,-0.059697022738351785,0.3635046762474396,0.4213133789369035,0.9811382113821138,0.463739837398374,0.3551219512195122,0.0,-0.30181191563606263,-0.005009622313082218,0.30180827975273133,-0.3017661213874817,0.005019380245357752,0.3017677843570709,-0.10134397372603417,-0.08731915056705475,0.0004791001003468408
dt_0.25_ms,10000,2.5,307461,0.8975,True,0.00016958022024482489,0.00029168359469622374,0.0003362907445989549,0.00044362269691192017,0.0005101990478578955,0.0027851781342178583,0.0002024416826167416,4.0982634860697534e-08,0.01,3075,0.0005842436811265846,0.0004437273310031742,0.0027851781342178583,-0.0019865801099001414,0.0016193967425651937,-0.05948447399118709,0.36344278906012695,0.42133268844957644,0.9814634146341463,0.46211382113821137,0.35739837398373986,0.0,-0.30181191563606263,-0.005009808577597141,0.30180827975273133,-0.3017661213874817,3.946835931856185e-05,0.3017677843570709,-0.10134695395827294,-0.08731436729431152,0.00048447692242916665
dt_0.25_ms,10040,2.5100000000000002,307461,0.9075,True,0.0001695938262855634,0.00029190597706474364,0.00033671632991172373,0.0004439841781277212,0.0005110147059895101,0.002785828895866871,0.00020251996019351898,4.101433427678451e-08,0.01,3075,0.0005845926384483199,0.000443991128122434,0.002785828895866871,-0.002249435494756609,0.0011759178702073782,-0.05931034815716465,0.36340869735117837,0.42133268844957644,0.9817886178861789,0.4608130081300813,0.359349593495935,0.0,-0.30181191563606263,-0.005011378787457943,0.30180827975273133,-0.3017661213874817,3.8759208109695464e-05,0.3017677843570709,-0.1013499341905117,-0.08731605112552643,0.0004898594052065164
dt_0.25_ms,10080,2.52,307461,0.9175,True,0.00016959973436314613,0.00029215749236755073,0.000337126140948385,0.00044501604861579846,0.0005128110642544933,0.0030467917677015066,0.00020301995871655648,4.12171036372723e-08,0.01,3075,0.0005912447421966741,0.00044501892989501357,0.0030467917677015066,-0.0029195961537513866,0.0020333270678938565,-0.059237934355677355,0.36377420966830293,0.4213777360237844,0.9795121951219512,0.4578861788617886,0.359349593495935,0.0,-0.30181191563606263,-0.010006343014538288,0.30180827975273133,-0.3017661213874817,0.005020987708121538,0.3017677843570709,-0.10135291442275048,-0.08729931712150574,0.0004952559364028275
dt_0.25_ms,10120,2.5300000000000002,307461,0.9275,True,0.0001696076215011999,0.00029239384457468987,0.0003374854277353734,0.00044563781120814404,0.0005146684183273466,0.003028890583664179,0.00020313641302145157,4.126440229522176e-08,0.01,3075,0.0005923689604638432,0.00044564285781234503,0.003028890583664179,-0.00255451437079128,0.0025881142899672298,-0.059095561675681633,0.36409832052036273,0.4214117072318894,0.9791869918699186,0.45365853658536587,0.3596747967479675,0.0,-0.30181191563606263,-0.010004498064517975,0.30180827975273133,-0.3017661213874817,0.005028000101447105,0.3017677843570709,-0.10135589465498925,-0.08725810050964355,0.0005006063147448003
dt_0.25_ms,10160,2.54,307461,0.9375,True,0.00016966524708550423,0.0002927101159002632,0.00033803272526711226,0.00044653978548012704,0.0005162688030395661,0.0030142557807266712,0.00020331863818360375,4.1338468632835176e-08,0.01,3075,0.0005934308058529245,0.0004465470847208053,0.0030142557807266712,-0.00278782927902607,0.0020578199910880534,-0.059007371306637274,0.36434121755342136,0.4214714787446302,0.9785365853658536,0.4504065040650406,0.36,0.0,-0.30181191563606263,-0.010006343014538288,0.30180827975273133,-0.3017661213874817,0.005020465701818466,0.3017677843570709,-0.10135887488722801,-0.08724425733089447,0.0005059647548478096
dt_0.25_ms,10200,2.5500000000000003,307461,0.9475,True,0.00016967278497759253,0.0002930316550191492,0.00033853689092211425,0.00044697614503093244,0.0005177568644285242,0.003001594915986061,0.00020346991701995765,4.140000713210845e-08,0.01,3075,0.0005944232986123127,0.0004470231360755861,0.003001594915986061,-0.0027877625292142038,0.0023815955432679417,-0.05890860213885221,0.36451175127999064,0.4214714787446302,0.9782113821138212,0.4478048780487805,0.36065040650406505,0.0,-0.30181191563606263,-0.010006343014538288,0.30180827975273133,-0.3017661213874817,0.005028000101447105,0.3017677843570709,-0.10136185511946678,-0.08724337071180344,0.0005113454710226504
dt_0.25_ms,10240,2.56,307461,0.9575,True,0.00016975164180621505,0.0002934710355475545,0.00033911882201209664,0.0004484974720980977,0.0005218339967541414,0.0031280757393687963,0.0002040916419265769,4.165339830428608e-08,0.01,3075,0.000602386576895852,0.0004485099925659597,0.0031280757393687963,-0.00048736830681979506,0.0023096800651679896,-0.059033736245780496,0.36571900029559284,0.42150159532607306,0.9765853658536585,0.4383739837398374,0.35577235772357724,0.0,-0.30181191563606263,-2.3084867279976606e-06,0.30180827975273133,-0.3017661213874817,0.005021336488425732,0.3017677843570709,-0.10136483535170555,-0.08719124644994736,0.0005167436844203619
dt_0.25_ms,10280,2.57,307461,0.9675,True,0.00016982300439849496,0.0002939645783044398,0.00033960797009058297,0.0004493245505727833,0.0005237547447904944,0.003102770308032632,0.00020428857394604185,4.173382144490741e-08,0.01,3075,0.0006033309058823842,0.00044933799654245377,0.003102770308032632,-0.0010624988584279934,0.002516523709357314,-0.058940181376787706,0.3660521465737609,0.4215038048866039,0.9762601626016261,0.43414634146341463,0.35544715447154474,0.0,-0.30181191563606263,-4.2779702198458835e-06,0.30180827975273133,-0.3017661213874817,0.005028000101447105,0.3017677843570709,-0.10136781558394432,-0.0871700569987297,0.0005221561761572955
dt_0.25_ms,10320,2.58,307461,0.9775,True,0.00016985254478640854,0.00029429595451802015,0.00034005442284978926,0.0004497006244491792,0.0005248127796221526,0.0030922628939151764,0.00020445492143015862,4.180181489701234e-08,0.01,3075,0.0006039117622980469,0.00044971698662266135,0.0030922628939151764,-0.001099499466319659,0.002285725981158517,-0.058479582662945895,0.3660921529866809,0.42152746459709034,0.9762601626016261,0.4295934959349593,0.36032520325203254,0.0,-0.30181191563606263,-4.30700356446323e-06,0.30180827975273133,-0.3017661213874817,0.005021336488425732,0.3017677843570709,-0.10137079581618309,-0.08267349004745483,0.0005276937154121695
dt_0.25_ms,10360,2.59,307461,0.9875,True,0.00016978518397081643,0.00029452709713950753,0.0003404362068977207,0.00045018501696176953,0.0005262720515020206,0.0031229197047650814,0.00020472722662335147,4.191323732088911e-08,0.01,3075,0.0006076072214447659,0.00045021777623333037,0.0031229197047650814,-0.0007194548018387797,0.0018421588626077255,-0.05810347042272734,0.36663127660421335,0.42152746459709034,0.974959349593496,0.4224390243902439,0.36325203252032523,0.0,-0.30181191563606263,-5.144785063748714e-06,0.30180827975273133,-0.3017661213874817,0.005021119024604559,0.3017677843570709,-0.10137377604842186,-0.08264686912298203,0.0005333033681381491
dt_0.25_ms,10400,2.6,307461,0.9975,True,0.00016976468032225966,0.00029464930412359536,0.00034058309393003583,0.00045005407300777796,0.0005265742482151842,0.003117266343906522,0.00020476532170707334,4.192883697380124e-08,0.01,3075,0.0006076538754150089,0.0004500704526435584,0.003117266343906522,-0.0011723260524611877,0.0009207964675229827,-0.057652467298241264,0.3666373862483136,0.42152746459709034,0.975609756097561,0.41821138211382114,0.368130081300813,0.0,-0.30181191563606263,-0.005003060679882765,0.30180827975273133,-0.3017661213874817,4.1066505218623206e-05,0.3017677843570709,-0.10137675628066063,-0.0826442614197731,0.000538916914956644
dt_0.25_ms,10440,2.61,307461,1.0075,True,0.00016972403682302684,0.00029471429297700524,0.0003408203483559191,0.0004503897274844355,0.0005275432253256441,0.0031713147182017565,0.0002050011853698693,4.2025486003051506e-08,0.01,3075,0.0006110707785635126,0.0004504073294810951,0.0031713147182017565,-0.0007872323934505521,0.0011579403633959742,-0.057405070458910745,0.36675343825195333,0.42152746459709034,0.974959349593496,0.41528455284552845,0.37073170731707317,0.0,-0.30181191563606263,-1.370792779198382e-05,0.30180827975273133,-0.3017661213874817,0.0050199986435472965,0.3017677843570709,-0.1013797365128994,-0.08263092488050461,0.000544536398956552
dt_0.25_ms,10480,2.62,307461,1.0175,True,0.0001697129337117076,0.00029473964241333306,0.00034100248012691736,0.0004507382574956878,0.000527947209775449,0.003162239445373416,0.00020503161113624442,4.203796156512414e-08,0.01,3075,0.0006112320204284345,0.0004507741250563413,0.003162239445373416,-0.0012730798713048868,0.0010714973652733815,-0.057068875931171964,0.3667711035850346,0.42152746459709034,0.974959349593496,0.41203252032520327,0.3743089430894309,0.0,-0.30181191563606263,-0.005003431811928749,0.30180827975273133,-0.3017661213874817,0.00502018490806222,0.3017677843570709,-0.10138271674513817,-0.08241545408964157,0.0005501757084857671
dt_0.25_ms,10520,2.63,307461,1.0275,True,0.00016965864051599056,0.00029471496236510575,0.0003410785866435617,0.00045065429294481916,0.0005283226724714054,0.0031590661965310574,0.0002050113333557342,4.2029646804295966e-08,0.01,3075,0.0006111829217269683,0.0004506655386649072,0.0031590661965310574,-0.0016778119782795728,0.0009916839989262934,-0.05671303712110182,0.36667432599923827,0.42152746459709034,0.975609756097561,0.4094308943089431,0.37853658536585366,0.0,-0.30181191563606263,-0.0050056553445756435,0.30180827975273133,-0.3017661213874817,4.1599163523642346e-05,0.3017677843570709,-0.10138569697737694,-0.08237486332654953,0.0005557980621233581
dt_0.25_ms,10560,2.64,307461,1.0375,True,0.00016952944861259311,0.00029452377930283546,0.00034079820034094155,0.0004505281453020881,0.0005285335995722572,0.003157116938382387,0.00020486409418818044,4.196929708754367e-08,0.01,3075,0.000611124758587817,0.00045055386726744473,0.003157116938382387,-0.0019172503234592586,0.0011563258908607508,-0.056394260678816796,0.36651294665730066,0.4215782634772232,0.975609756097561,0.408130081300813,0.3824390243902439,0.0,-0.30181191563606263,-0.0050056553445756435,0.30180827975273133,-0.3017661213874817,0.005020987708121538,0.3017677843570709,-0.10138867720961571,-0.08234965801239014,0.0005614034191239625
dt_0.25_ms,10600,2.65,307461,1.0475,True,0.0001693304511718452,0.0002942646970041096,0.0003404180461075157,0.00045037720701657246,0.0005285533610731391,0.003155738115310669,0.00020467075720447068,4.1890118854651384e-08,0.01,3075,0.0006109631432663286,0.00045038043754175305,0.003155738115310669,-0.0019583583128207752,0.001023034044124737,-0.055787427908170026,0.36619873337086584,0.4215783925138766,0.9762601626016261,0.40422764227642277,0.38926829268292684,0.0,-0.30181191563606263,-0.005005634855479002,0.30180827975273133,-0.3017661213874817,0.005020191427320242,0.3017677843570709,-0.10139165744185448,-0.08230045437812805,0.0005669836013112217
dt_0.25_ms,10640,2.66,307461,1.0575,True,0.0001692272344371304,0.00029420576174743474,0.0003402662696316838,0.0004503832838963741,0.0005287496314849709,0.003196024103090167,0.00020478917610504673,4.193860664978384e-08,0.01,3075,0.0006138683076308116,0.00045044373837299645,0.003196024103090167,-0.0021938594260945605,-5.384497567741541e-05,-0.05551109923220304,0.3661684606974263,0.4215789145329001,0.975609756097561,0.4032520325203252,0.39252032520325203,0.0,-0.30181191563606263,-0.0050056553445756435,0.30180827975273133,-0.3017661213874817,1.970214543689508e-05,0.3017677843570709,-0.10139463767409325,-0.08230140805244446,0.000572530593490228
dt_0.25_ms,10680,2.67,307461,1.0675000000000001,True,0.00016928184777498245,0.00029427569825202227,0.00034029525704681873,0.0004503566073253756,0.0005294181115459661,0.0032539276871830225,0.000205051803517762,4.204624212588687e-08,0.01,3075,0.000616729681046937,0.0004503701056819409,0.0032539276871830225,-0.0022220064404253324,-0.000371250704142804,-0.055209259493951876,0.36618533637082684,0.4215783925138766,0.975609756097561,0.40195121951219515,0.3964227642276423,0.0,-0.30181191563606263,-0.0050056553445756435,0.30180827975273133,-0.3017661213874817,1.952458478626795e-05,0.3017677843570709,-0.10141153261065483,-0.08229639381170273,0.000578089483315125
dt_0.25_ms,10720,2.68,307461,1.0775000000000001,True,0.00016929960111156106,0.0002943389699794352,0.00034044962376356125,0.00045074272202327885,0.0005306202976498766,0.0032454757019877434,0.00020510122577155582,4.206651281299471e-08,0.01,3075,0.0006174061389836839,0.00045075311209075153,0.0032454757019877434,-0.0028283816596356747,-0.00044133320356550253,-0.05496702964029273,0.366415101870665,0.4215783925138766,0.975609756097561,0.3983739837398374,0.3986991869918699,0.0,-0.30181191563606263,-0.005012725479900837,0.30180827975273133,-0.3017661213874817,1.8617569367052056e-05,0.3017677843570709,-0.1014145128428936,-0.08225646615028381,0.0005836691067088393
dt_0.25_ms,10760,2.69,307461,1.0875000000000001,True,0.00016935198800638318,0.0002945798623841256,0.0003408159827813506,0.00045185560011304983,0.0005326137237716475,0.0032693976536393166,0.0002054394356823325,4.220536173347523e-08,0.01,3075,0.0006211618797350069,0.00045187267824076116,0.0032693976536393166,-0.0028082441677011083,-0.00012838513372885726,-0.05503506137865432,0.36702298009074663,0.4215789145329001,0.9752845528455285,0.39447154471544715,0.3967479674796748,0.0,-0.30181191563606263,-0.005008235573768616,0.30180827975273133,-0.3017661213874817,1.969654840650037e-05,0.3017677843570709,-0.10141948610544205,-0.08224821835756302,0.0005892610584851351
dt_0.25_ms,10800,2.7,307461,1.0975,True,0.0001694677339401096,0.0002948693581856787,0.0003414681414142251,0.0004527009907178587,0.0005345553276129069,0.0032931447494775057,0.00020589706611871754,4.2393601836295545e-08,0.01,3075,0.0006254838127453577,0.0004527177370619029,0.0032931447494775057,-0.0029022932854048315,0.0004278174831782282,-0.05502692598799594,0.36753662677819365,0.4215789145329001,0.9752845528455285,0.3902439024390244,0.3954471544715447,0.0,-0.30181191563606263,-0.005014565773308277,0.30180827975273133,-0.3017661213874817,4.151833491050638e-05,0.3017677843570709,-0.10142246633768082,-0.0822388306260109,0.0005948606820311395
dt_0.25_ms,10840,2.71,307461,1.1075,True,0.00016958439664449543,0.00029528033337555826,0.00034206907730549574,0.00045402657706290615,0.0005362161085940904,0.003300982993096113,0.0002063542288869773,4.2582067779539015e-08,0.01,3075,0.0006299438205646063,0.0004540599475149065,0.003300982993096113,-0.002944318391947949,0.00020655512001619314,-0.05526575332188776,0.3680324855599721,0.4215879966954868,0.9736585365853658,0.3873170731707317,0.3921951219512195,0.0,-0.30181191563606263,-0.0050161429680883884,0.30180827975273133,-0.3017661213874817,2.0123106878600083e-05,0.3017677843570709,-0.10142551213502884,-0.0821940153837204,0.0006004665861837563
dt_0.25_ms,10880,2.72,307461,1.1175,True,0.00016964643145911396,0.0002957788237836212,0.000343024090398103,0.000456092879176141,0.0005384912539739164,0.0033096889965236187,0.00020684118730747165,4.278327676676457e-08,0.01,3075,0.0006347694747789756,0.0004561230889521539,0.0033096889965236187,-0.002083937863686049,-0.0006080778225193016,-0.05572804672304608,0.3687009190396871,0.42160803273681136,0.9700813008130081,0.3860162601626016,0.3853658536585366,0.0,-0.30181191563606263,-0.005014359485358,0.30180827975273133,-0.3017661213874817,1.8916363842436112e-05,0.3017677843570709,-0.10142849236726761,-0.08219802379608154,0.0006060661631636317
dt_0.25_ms,10920,2.73,307461,1.1275,True,0.0001698821724858135,0.000296442536637187,0.00034416720154695213,0.0004587231960613283,0.0005424802366178512,0.003323910292237997,0.00020768081148225695,4.313131945792875e-08,0.01,3075,0.0006427480901848918,0.00045872965711168945,0.003323910292237997,-0.001580318553869543,-0.000776174132093374,-0.05640903158692211,0.36934822873449563,0.4216172137621009,0.9658536585365853,0.3853658536585366,0.37658536585365854,0.0,-0.30181191563606263,-0.005006886087357998,0.30180827975273133,-0.3017661213874817,1.1324890692776535e-05,0.3017677843570709,-0.10143147259950638,-0.08224814385175705,0.0006116784934420134
dt_0.25_ms,10960,2.74,307461,1.1375,True,0.00017015505000017583,0.000297244027024135,0.0003455576370470226,0.0004612706892658034,0.0005465669964905831,0.0033273070584982634,0.00020859556209859483,4.351210852722873e-08,0.01,3075,0.0006510028671719345,0.00046129379188641906,0.0033273070584982634,-0.001836396078840552,-0.0008361672186329383,-0.057212553068234265,0.3698540267886512,0.4216224670711034,0.9642276422764228,0.3886178861788618,0.367479674796748,0.0,-0.30181191563606263,-0.005008235573768616,0.30180827975273133,-0.3017661213874817,8.438786608166993e-06,0.3017677843570709,-0.101456867903471,-0.08227544277906418,0.0006173079716973002
dt_0.25_ms,11000,2.75,307461,1.1475,True,0.00017047901928890496,0.0002979740675073117,0.0003468595095910132,0.0004633671895135195,0.0005535396048799169,0.0033243736252188683,0.0002094907542004374,4.388637609546808e-08,0.01,3075,0.0006593227513301057,0.0004633697390090674,0.0033243736252188683,-0.001981305103287287,-0.0001205398803914597,-0.05838703496316412,0.3703618584956218,0.4216267465286921,0.9635772357723578,0.39447154471544715,0.3538211382113821,0.0,-0.30181191563606263,-0.005008235573768616,0.30180827975273133,-0.3017661213874817,2.035750549111981e-05,0.3017677843570709,-0.10145984813570977,-0.08240365982055664,0.0006229551741853351
dt_0.25_ms,11040,2.7600000000000002,307461,1.1575,True,0.00017071323236450553,0.0002986665931530297,0.00034830611548386514,0.0004660376813262708,0.0005605179641861515,0.00332221994176507,0.00021058024271503295,4.4344038621922184e-08,0.01,3075,0.0006703635120605369,0.0004660548293031752,0.00332221994176507,-0.0024380813873622763,0.0003372506590904237,-0.05985654327584382,0.37121982180148416,0.42163297424787505,0.9626016260162602,0.400650406504065,0.33691056910569106,0.0,-0.30181191563606263,-0.0050166393630206585,0.30180827975273133,-0.3017661213874817,2.0478450096561573e-05,0.3017677843570709,-0.10146433860063553,-0.082735575735569,0.0006286241288762535
dt_0.25_ms,11080,2.77,307461,1.1675,True,0.00017107494932133704,0.0002994519891217351,0.0003499555750750005,0.0004690044035669417,0.0005686892953235659,0.003318674862384796,0.00021193308092682314,4.491563079113537e-08,0.01,3075,0.0006839578740045095,0.0004690070927608758,0.003318674862384796,-0.0015804264759960306,-0.0006726366743029897,-0.06229617314928461,0.3727061591357002,0.42169306472137946,0.9606504065040651,0.41495934959349595,0.3099186991869919,0.0,-0.30181191563606263,-5.748892817791784e-06,0.30180827975273133,-0.3017661213874817,-0.0049798754043877125,0.3017677843570709,-0.10146738663315773,-0.08715987205505371,0.0006342943583149457
dt_0.25_ms,11120,2.7800000000000002,307461,1.1775,True,0.00017151396605186164,0.00030054632225073874,0.0003516353608574718,0.00047184246941469666,0.0005762149346992395,0.0033154275733977556,0.00021331455699304873,4.550310022514063e-08,0.01,3075,0.000696504975250748,0.0004718564741779119,0.0033154275733977556,-0.0013968148907812375,0.00043947329779567973,-0.06449683958320751,0.3738514489583906,0.42177943241614957,0.96,0.42861788617886176,0.2842276422764228,0.0,-0.30181191563606263,-5.613683242700063e-06,0.30180827975273133,-0.3017661213874817,-0.004958405625075102,0.3017677843570709,-0.10147177204489707,-0.08722449839115143,0.0006399707694072271
dt_0.25_ms,11160,2.79,307461,1.1875,True,0.00017202318122144789,0.00030203498317860067,0.00035382815985940397,0.00047640426200814656,0.0005835235060658309,0.0033114447724074125,0.0002151205103597483,4.6276833977438574e-08,0.01,3075,0.0007134518207512735,0.00047643345897085965,0.0033114447724074125,0.0011332297230667355,0.001524435903013843,-0.06751180311696796,0.37506698086882484,0.4217916923033988,0.9603252032520325,0.4530081300813008,0.25073170731707317,0.0,-0.3018138200044632,0.010005936957895756,0.30180866420269015,-0.3017661213874817,4.3043368350481614e-05,0.3017677843570709,-0.10147629603743553,-0.08733689039945602,0.0006456598930526518
dt_0.25_ms,11200,2.8000000000000003,307461,1.1975,True,0.00017273622506763786,0.00030361133394762874,0.0003559936594683677,0.0004799620015546712,0.0005863166355993608,0.003310329746454954,0.00021646806126666325,4.685842154854788e-08,0.01,3075,0.0007229379503949871,0.00048004681593738496,0.003310329746454954,0.001083113378149133,0.00046235389425567156,-0.06958551043895188,0.3757913612297851,0.42180395262499215,0.9609756097560975,0.46796747967479674,0.22796747967479675,0.0,-0.3018247663974762,0.010006649419665337,0.3018186867237091,-0.30177502036094667,-0.004958529956638813,0.301776322722435,-0.10148225650191307,-0.0875149816274643,0.0006513548549264662
dt_0.25_ms,11240,2.81,307461,1.2075,True,0.00017348252004012465,0.0003051389940083027,0.00035805010702461004,0.00048279625480063395,0.0005872112466022384,0.003310352796688676,0.00021761902755811964,4.735804115534163e-08,0.01,3075,0.0007288461485196177,0.0004828314413316548,0.003310352796688676,0.0001327172763317654,0.0009452026077213496,-0.07106348069696082,0.3758987215734902,0.4218162133808755,0.9622764227642276,0.4819512195121951,0.21203252032520326,0.0,-0.30183668732643126,0.0050029451958835125,0.30182860493659974,-0.30178694128990174,2.0670677258749492e-05,0.30178824365139006,-0.10148821696639061,-0.08796455711126328,0.000657054549083113
dt_0.25_ms,11280,2.82,307461,1.2175,True,0.00017466206918470562,0.00030675160815007985,0.0003603894729167223,0.0004863464389927694,0.0005887552804779265,0.003311244072392583,0.0002204346159874182,4.859141992552053e-08,0.01,3075,0.000755906847610358,0.0004863689828198403,0.003311244072392583,-0.0018436387790568072,-0.0001656436308583328,-0.07273533930189244,0.37524003457365596,0.4218284745709947,0.9648780487804878,0.5047154471544716,0.19642276422764227,0.0,-0.3018412232398987,-0.005005634855479002,0.30183218121528627,-0.3017988622188568,-0.004957794677466154,0.30180016458034514,-0.10149417743086815,-0.0920139029622078,0.0006627486902289085
dt_0.25_ms,11320,2.83,307461,1.2275,True,0.00017720964387990534,0.0003087988297920674,0.00036411089240573347,0.0004913360113278041,0.0006003784539643685,0.0033127686474472284,0.00022807078425063237,5.2016282628698503e-08,0.01,3075,0.0008400029423305901,0.0004913606680929661,0.0033127686474472284,-0.003621305445203282,7.463628397267823e-05,-0.07448831230110481,0.37240562060205923,0.4215038048866039,0.9707317073170731,0.5443902439024391,0.18536585365853658,0.0,-0.30184356570243837,-0.010006696917116642,0.30183234214782717,-0.3018107831478119,1.4787035979679786e-05,0.3018120855093002,-0.10149851888418197,-0.09213273227214813,0.0006684203457552932
dt_0.25_ms,11360,2.84,307461,1.2375,True,0.00017966644372791052,0.0003089608799200505,0.00036604845081456006,0.0004926849738694735,0.0006055485748220238,0.003313762601464987,0.0002329659203336552,5.427312003690698e-08,0.01,3075,0.0008890498245543823,0.0004927064874209464,0.003313762601464987,-0.002924362533878623,-0.00010692314816620135,-0.07510314444924716,0.3705988700110095,0.42150159532607306,0.9765853658536585,0.5652032520325203,0.18341463414634146,0.0,-0.30184356570243837,-0.005007123574614525,0.30183234214782717,-0.301822704076767,1.2121247891627718e-05,0.3018240064382553,-0.10150149911642074,-0.09221480041742325,0.0006740714772604399
dt_0.25_ms,11400,2.85,307461,1.2475,True,0.00018128303054254502,0.00030644581420347095,0.00036364246625453234,0.0004880584194324922,0.0006006505980622037,0.003314428264275193,0.00023209399996602847,5.386762482023082e-08,0.01,3075,0.0008735832780773744,0.0004880879132542759,0.003314428264275193,-0.003639955917243146,-2.1408315702368472e-05,-0.07566019449668261,0.3711769756090082,0.42150159532607306,0.9778861788617886,0.5743089430894309,0.17788617886178862,0.0,-0.30184356570243837,-0.010008763521909714,0.30183234214782717,-0.30183462500572206,1.1437144166848157e-05,0.3018338203430176,-0.10150447934865951,-0.09222713112831116,0.0006796145171392704
dt_0.25_ms,11440,2.86,307461,1.2575,True,0.00018198594625573605,0.0003058113798033446,0.00036101884325034916,0.0004879170039203033,0.0005968435318209237,0.003323301672935486,0.00023157828586547352,5.362850248439097e-08,0.01,3075,0.0008648108895981639,0.000487956014694646,0.003323301672935486,-0.001754794684537682,0.0013063671893559796,-0.0780353646424162,0.36965340146053316,0.42150159532607306,0.9795121951219512,0.6061788617886179,0.1534959349593496,0.0,-0.30184356570243837,-6.071606549085118e-06,0.30183234214782717,-0.30184190571308134,0.005022189114242792,0.30183605551719667,-0.10150745958089828,-0.09226719290018082,0.0006849128927569831
dt_0.25_ms,11480,2.87,307461,1.2675,True,0.00018205359810963273,0.0003066793433390558,0.0003585941740311682,0.0004906975897029045,0.0005926719168201093,0.0033240842167288065,0.00023138377069245199,5.35384493398572e-08,0.01,3075,0.0008603576211281484,0.0004907039110548794,0.0033240842167288065,-0.0015172102435124218,-0.0006476831659928416,-0.07997416510407239,0.36759899046020544,0.4215008213093067,0.9804878048780488,0.6377235772357723,0.13495934959349593,0.0,-0.30184356570243837,0.005004090256989002,0.30183234214782717,-0.30184190571308134,1.1525805348355789e-05,0.30183605551719667,-0.10151043981313705,-0.09229853004217148,0.0006900514243170614
dt_0.25_ms,11520,2.88,307461,1.2775,True,0.0001818835298763588,0.00030781878740526736,0.00035723508335649967,0.0004898007377050818,0.0005889055668376392,0.0033246183302253485,0.00023116955132042668,5.343936145768738e-08,0.01,3075,0.0008569699167879677,0.0004898019251413643,0.0033246183302253485,-0.0008498818977887283,-0.0006502855946243612,-0.07958660705557033,0.3667155254174167,0.4214714787446302,0.9804878048780488,0.6416260162601626,0.1404878048780488,0.0,-0.30184356570243837,0.0050054751336574554,0.30183234214782717,-0.30184190571308134,1.1564281521714292e-05,0.30183605551719667,-0.10151342004537582,-0.09230401366949081,0.0006951471557840699
dt_0.25_ms,11560,2.89,307461,1.2875,True,0.00018090379307977855,0.0003086611395701766,0.00035740615567192435,0.00048721546190790856,0.0005859470169525604,0.0033247326500713825,0.00023067389282429792,5.3210444830715685e-08,0.01,3075,0.0008552973419408942,0.0004872222198173404,0.0033247326500713825,-0.0005841926293452139,0.0005085926534327261,-0.07712381206049186,0.36691454054997635,0.4215008213093067,0.9804878048780488,0.6146341463414634,0.16617886178861788,0.0,-0.30184356570243837,0.005005135200917721,0.30183234214782717,-0.30184190571308134,4.620828985935077e-05,0.30183605551719667,-0.10151640027761459,-0.09225937724113464,0.0007003115664701902
dt_0.25_ms,11600,2.9,307461,1.2975,True,0.00017952942289412022,0.00030904298182576895,0.00035769204259850085,0.00048429165617562846,0.0005839291203301422,0.00332474522292614,0.00022991295047569506,5.2859964796439405e-08,0.01,3075,0.0008545447420044915,0.00048429504386149347,0.00332474522292614,-0.003382860711940893,0.0003130469037465608,-0.07360692384493447,0.36828636737020914,0.4215038048866039,0.9804878048780488,0.576260162601626,0.2029268292682927,0.0,-0.30184356570243837,-0.005007728934288025,0.30183234214782717,-0.30184190571308134,2.120138560712803e-05,0.30183605551719667,-0.1015195369720459,-0.09220706671476364,0.0007056212052702896
dt_0.25_ms,11640,2.91,307461,1.3075,True,0.00017818689229898155,0.0003083409392274916,0.00035781910992227495,0.0004828452772926541,0.0005824878520797948,0.0033244816586375237,0.00022911008831443536,5.249143256744837e-08,0.01,3075,0.0008543911066409806,0.0004828500095754862,0.0033244816586375237,-0.0028893379300188086,0.0006546232619507279,-0.07115043211799778,0.3689467971791661,0.42152746459709034,0.9804878048780488,0.5521951219512196,0.2289430894308943,0.0,-0.30184356570243837,-0.0050056553445756435,0.30183234214782717,-0.30184190571308134,4.645040098694153e-05,0.30183605551719667,-0.10152409970760345,-0.09218321740627289,0.0007110342558007681
dt_0.25_ms,11680,2.92,307461,1.3175000000000001,True,0.0001771408278727904,0.0003064798947889358,0.00035732757532969117,0.00048221623874269515,0.0005824223218951377,0.0033239778131246567,0.0002282419234814105,5.209437563449404e-08,0.01,3075,0.0008541793223731674,0.0004822394112125039,0.0033239778131246567,-0.001426941451115964,-0.0002633665436324526,-0.0692735481384283,0.36896258065684023,0.42158896774183774,0.9804878048780488,0.5339837398373983,0.24813008130081302,0.0,-0.30184356570243837,-8.442394573648926e-06,0.30183234214782717,-0.30184190571308134,1.173226883111056e-05,0.30183605551719667,-0.10152808278799057,-0.09216459840536118,0.0007166087685618543
dt_0.25_ms,11720,2.93,307461,1.3275000000000001,True,0.00017650239169597626,0.0003045802004635334,0.00035656942054629326,0.0004817122942768053,0.0005807296081911781,0.003331754356622696,0.0002275586012885596,5.178291702040564e-08,0.01,3075,0.0008537217148303289,0.0004817529988940805,0.003331754356622696,-0.0013888110304037028,0.001615555895768921,-0.0683870687958973,0.3686079879329439,0.4215782634772232,0.9811382113821138,0.5278048780487805,0.25821138211382116,0.0,-0.30184356570243837,-6.356397534545977e-06,0.30183234214782717,-0.30184190571308134,0.005025172606110573,0.30183605551719667,-0.1015340432524681,-0.09216629713773727,0.0007222514133900398
dt_0.25_ms,11760,2.94,307461,1.3375000000000001,True,0.00017620976723264903,0.0003032907552551478,0.00035583440330810845,0.00048123217420652567,0.000579091522376985,0.0033320302609354258,0.00022716981997389504,5.160612710697188e-08,0.01,3075,0.0008531173280765856,0.00048124752356670797,0.0033320302609354258,-0.0014464453709717964,0.0001707257479574764,-0.06776867425670073,0.36840646726442294,0.4215782634772232,0.9814634146341463,0.5232520325203251,0.26504065040650404,0.0,-0.30184356570243837,-8.649538358440623e-06,0.30183234214782717,-0.30184190571308134,2.1279178326949477e-05,0.30183605551719667,-0.10154000371694565,-0.09215918183326721,0.0007279182784259314
dt_0.25_ms,11800,2.95,307461,1.3475,True,0.00017612191732041538,0.00030278388294391334,0.00035518326330929995,0.00048054541694000387,0.0005777716869488365,0.0033323660027235746,0.00022698582919916148,5.152256665723091e-08,0.01,3075,0.0008526212184375712,0.00048055173829197884,0.0033323660027235746,-0.0013244813627816036,-0.00033640191531795734,-0.06694754046687255,0.36792033219072606,0.42158896774183774,0.9821138211382113,0.5164227642276423,0.2738211382113821,0.0,-0.30184356570243837,-1.7400581782567315e-05,0.30183234214782717,-0.30184190571308134,1.1858120160468388e-05,0.30183605551719667,-0.1015364482998848,-0.09214204549789429,0.0007336030306760217
dt_0.25_ms,11840,2.96,307461,1.3575,True,0.00017607060726732016,0.0003028154605999589,0.00035468972055241466,0.00048073113430291414,0.000576815783279017,0.0033322651870548725,0.00022692973599195527,5.149710507737852e-08,0.01,3075,0.0008522800187773366,0.00048073165817186236,0.0033322651870548725,-0.0009059953192024657,-0.0018392870477990486,-0.06616220756106511,0.3674940027650443,0.42158896774183774,0.9827642276422764,0.5092682926829268,0.28227642276422765,0.0,-0.30184356570243837,-6.689316705887904e-06,0.30183234214782717,-0.30184190571308134,-0.0050047473050653934,0.30183605551719667,-0.10153823271393776,-0.0921231061220169,0.0007393060368485744
dt_0.25_ms,11880,2.97,307461,1.3675,True,0.00017600689898245037,0.0003029748040717095,0.000354517629602924,0.00048108982155099653,0.0005760358180850745,0.003335400717332959,0.00022691621643759527,5.1490969282353583e-08,0.01,3075,0.0008520295616708756,0.0004811264225281775,0.003335400717332959,-0.00039808432210387454,-0.0016863252904605781,-0.06546141430742283,0.3669771465862892,0.4215782634772232,0.9834146341463414,0.5056910569105691,0.29073170731707315,0.0,-0.30184356570243837,-6.258185749175027e-06,0.30183234214782717,-0.30184190571308134,-0.005006280727684498,0.30183605551719667,-0.10154210254549981,-0.09211862832307816,0.000745026167714968
dt_0.25_ms,11920,2.98,307461,1.3775,True,0.00017594585369806737,0.00030333324684761465,0.00035452228621579707,0.0004811613878700897,0.0005752333963755521,0.0033385816495865583,0.00022694955769267738,5.1506101736901896e-08,0.01,3075,0.0008518539532087744,0.00048119868733920157,0.0033385816495865583,-3.354716366430228e-05,-0.0010204043772895734,-0.06481804802810134,0.366412656518313,0.42152746459709034,0.9840650406504065,0.5017886178861789,0.29821138211382114,0.0,-0.30184356570243837,-4.064123004354769e-06,0.30183234214782717,-0.30184190571308134,-0.0050047473050653934,0.30183605551719667,-0.10154605656862259,-0.0920899510383606,0.0007507681031711397
dt_0.25_ms,11960,2.99,307461,1.3875,True,0.00017568786279298365,0.0003035414847545326,0.00035481792292557657,0.00048123951419256885,0.0005741871253121648,0.003338310867547989,0.0002269252441915777,5.149506645140718e-08,0.01,3075,0.0008518199034686374,0.0004813054692931473,0.003338310867547989,0.0009940721024038913,0.00032451674508674323,-0.06411443246982396,0.3659156505027772,0.42152746459709034,0.984390243902439,0.49658536585365853,0.3056910569105691,0.0,-0.30184356570243837,0.004981956444680691,0.30183234214782717,-0.30184190571308134,-0.00495723495259881,0.30183605551719667,-0.10155201703310013,-0.08852452039718628,0.0007565324660390614
dt_0.25_ms,12000,3.0,307461,1.3975,True,0.00017534755170345306,0.0003035494592040777,0.0003547866072040051,0.0004810940474271777,0.0005732189456466592,0.00333786359988153,0.00022680143744592266,5.1438892027536777e-08,0.01,3075,0.0008517286202461436,0.00048110084026120603,0.00333786359988153,0.0011251126087794606,0.0007506435514934435,-0.06365441934119848,0.3655131164929215,0.421532529688996,0.9847154471544716,0.4943089430894309,0.31121951219512195,0.0,-0.30184356570243837,0.004980928730219603,0.30183234214782717,-0.30184190571308134,1.3021069207752589e-05,0.30183605551719667,-0.10155797749757767,-0.08832114934921265,0.0007623045879881828
dt_0.25_ms,12040,3.0100000000000002,307461,1.4075,True,0.00017509888857603073,0.0003035354311577976,0.00035459932405501604,0.0004813041654415455,0.0005720896879211071,0.0033372764009982347,0.00022667476214883596,5.138144779523136e-08,0.01,3075,0.000851643174845059,0.00048137258272618055,0.0033372764009982347,0.0015670358009148499,0.000586555546936184,-0.06328962982125387,0.3652752663934424,0.4215386552646845,0.985040650406504,0.4917073170731707,0.3154471544715447,0.0,-0.30184356570243837,0.004982002079486847,0.30183234214782717,-0.30184190571308134,1.3060654055152554e-05,0.30183605551719667,-0.1015639379620552,-0.0882708802819252,0.0007680950860958545
dt_0.25_ms,12080,3.02,307461,1.4175,True,0.00017487422155681998,0.0003033207030966878,0.0003541464975569397,0.00048121624859049993,0.0005710942961741244,0.003342203563079238,0.00022652827516716286,5.131505945020985e-08,0.01,3075,0.0008516905690369203,0.00048123582382686436,0.003342203563079238,0.0012625901981648828,0.0009420290739087169,-0.0628591728154442,0.3649290878814094,0.42152990050915196,0.9853658536585366,0.48878048780487804,0.3203252032520325,0.0,-0.30184356570243837,0.004981956444680691,0.30183234214782717,-0.30184190571308134,2.1398109311121516e-05,0.30183605551719667,-0.10156969875097274,-0.08817580342292786,0.0007739043387118727
dt_0.25_ms,12120,3.0300000000000002,307461,1.4275,True,0.00017451486201025546,0.0003029780345968902,0.0003536275471560657,0.000481134204892442,0.0005701652495190517,0.003341686213389039,0.0002263154199740641,5.1218669318037e-08,0.01,3075,0.0008514994359101979,0.00048114487435668707,0.003341686213389039,0.0014996388888367967,0.0015643443907919856,-0.062329762731789994,0.364642502810188,0.4215386516459985,0.9853658536585366,0.4842276422764228,0.3261788617886179,0.0,-0.30184356570243837,0.004982002079486847,0.30183234214782717,-0.30184190571308134,4.574464037432335e-05,0.30183605551719667,-0.10157303735613823,-0.08812597393989563,0.0007796463381964713
dt_0.25_ms,12160,3.04,307461,1.4375,True,0.00017426347767468542,0.000302760920021683,0.00035290190135128796,0.00048120989231392904,0.000569332164013759,0.003341153496876359,0.0002261475583953461,5.114271816817648e-08,0.01,3075,0.0008513201830995731,0.00048125232569873333,0.003341153496876359,0.0016134713198620951,0.0015658170162717625,-0.061873047877148285,0.3643252731637522,0.4215474029382871,0.9856910569105691,0.48227642276422766,0.33170731707317075,0.0,-0.30184356570243837,0.0049941265024244785,0.30183234214782717,-0.30184190571308134,4.578439984470606e-05,0.30183605551719667,-0.101576017588377,-0.08810228109359741,0.0007853874936699866
dt_0.25_ms,12200,3.0500000000000003,307461,1.4475,True,0.0001741464075166732,0.0003025955811608583,0.0003523303021211177,0.0004810096230357899,0.0005683276918716732,0.003340592607855797,0.00022603337509268602,5.109108665579089e-08,0.01,3075,0.0008510066452625442,0.00048104554298333824,0.003340592607855797,0.0010736174852783319,0.001480284502118534,-0.06152214223144463,0.3640271370025132,0.4215561543860079,0.9856910569105691,0.48065040650406504,0.3359349593495935,0.0,-0.30184356570243837,0.004981956444680691,0.30183234214782717,-0.30184190571308134,4.662235369323753e-05,0.30183605551719667,-0.10157899782061577,-0.08810338377952576,0.0007911523804068563
dt_0.25_ms,12240,3.06,307461,1.4575,True,0.00017409324937034398,0.0003025238402187824,0.0003521539329085499,0.00048082583816722057,0.000567332428181544,0.003343951189890504,0.00022599414865125572,5.1073355224605875e-08,0.01,3075,0.0008508258814472948,0.0004808316007256508,0.003343951189890504,0.000699827644439802,0.0013665910672373469,-0.06095669052653581,0.3636139508857892,0.4215038048866039,0.9863414634146341,0.47772357723577236,0.34276422764227643,0.0,-0.30184356570243837,0.004981956444680691,0.30183234214782717,-0.30184190571308134,4.494827226153575e-05,0.30183605551719667,-0.10158197805285454,-0.08806076645851135,0.0007969037629663941
dt_0.25_ms,12280,3.0700000000000003,307461,1.4675,True,0.00017388394917361438,0.0003025156620424241,0.0003519547753967345,0.0004810168000403792,0.0005669363541528584,0.0033433125354349613,0.0002259053808493859,5.103324109670609e-08,0.01,3075,0.0008506922394404475,0.00048101734137162566,0.0033433125354349613,0.0006855306708579948,0.0008781822802984237,-0.06043945847324618,0.3633351809189885,0.42150159532607306,0.9866666666666667,0.47447154471544717,0.3489430894308943,0.0,-0.30184356570243837,0.004980928730219603,0.30183234214782717,-0.30184190571308134,2.115244024025742e-05,0.30183605551719667,-0.1015871986746788,-0.08798102289438248,0.0008027286559808996
dt_0.25_ms,12320,3.08,307461,1.4775,True,0.0001737209822749719,0.00030259150662459433,0.00035208900226280093,0.0004814326588530103,0.0005659909103997053,0.0033422738779336214,0.00022585683148222422,5.101130832718983e-08,0.01,3075,0.00085052800792595,0.00048145768232643604,0.0033422738779336214,0.0012691230733609582,0.0004442630647945481,-0.05983071279042506,0.3629643961612172,0.4215038048866039,0.9873170731707317,0.47024390243902436,0.35577235772357724,0.0,-0.30184356570243837,0.004982002079486847,0.30183234214782717,-0.30184190571308134,1.2412723663146608e-05,0.30183605551719667,-0.10159048438072205,-0.08772370219230652,0.00080863808398135
dt_0.25_ms,12360,3.09,307461,1.4875,True,0.00017362346989102662,0.00030265573877841234,0.00035207701148465276,0.0004820847418159261,0.0005652374238707132,0.0033429430332034826,0.00022582267542614007,5.0995880736619804e-08,0.01,3075,0.000850474129116723,0.00048212200636044145,0.0033429430332034826,0.001161166905006589,-0.0001334521194072975,-0.05964893613090651,0.3627985232855244,0.42150159532607306,0.9876422764227643,0.4689430894308943,0.35804878048780486,0.0,-0.30184356570243837,2.754232809820678e-06,0.30183234214782717,-0.30184190571308134,-0.00495723495259881,0.30183605551719667,-0.10159460231661796,-0.08767315000295639,0.0008145620056893676
dt_0.25_ms,12400,3.1,307461,1.4975,True,0.00017344558727927506,0.0003024062607437372,0.00035170247429050505,0.0004822034330572942,0.0005644955672323707,0.003342260839417577,0.00022572270759358464,5.0950740723378916e-08,0.01,3075,0.0008503356827725846,0.00048222625628113747,0.003342260839417577,0.000993341871489309,0.0005791388694460766,-0.05933529424630562,0.36255803384840174,0.4215008213093067,0.9879674796747967,0.46731707317073173,0.3616260162601626,0.0,-0.30184356570243837,2.7582491384237073e-06,0.30183234214782717,-0.30184190571308134,2.105854764522519e-05,0.30183605551719667,-0.1016005627810955,-0.08763483166694641,0.0008204957994166762
dt_0.25_ms,12440,3.11,307461,1.5075,True,0.00017327515524812043,0.00030222805798985064,0.0003513871633913368,0.00048233479610644477,0.0005635950656142087,0.003342887619510293,0.00022557901668912518,5.088589277043262e-08,0.01,3075,0.0008502501729455572,0.000482385978102684,0.003342887619510293,0.0010687659445216197,0.00037992094963171653,-0.05896285631757964,0.3622626341065648,0.4214714787446302,0.9882926829268293,0.46504065040650405,0.36585365853658536,0.0,-0.30184356570243837,2.7580713322095107e-06,0.30183234214782717,-0.30184190571308134,2.1026184185757302e-05,0.30183605551719667,-0.10160652324557304,-0.08761375397443771,0.0008263825089670717
dt_0.25_ms,12480,3.12,307461,1.5175,True,0.00017305313667748123,0.00030197142041288316,0.00035088005824945867,0.0004826444841455688,0.0005625621473882347,0.0033421239349991083,0.00022538994738631604,5.080062838280631e-08,0.01,3075,0.0008500646851669119,0.0004826959630008787,0.0033421239349991083,0.0017124909604410085,0.0005543838840685936,-0.05863805580461495,0.36203324343188176,0.4215008213093067,0.9882926829268293,0.46308943089430893,0.3697560975609756,0.0,-0.30184356570243837,0.004982002079486847,0.30183234214782717,-0.30184190571308134,4.508705751504749e-05,0.30183605551719667,-0.10161248371005058,-0.0875433087348938,0.0008322428562678396
dt_0.25_ms,12520,3.13,307461,1.5275,True,0.00017298455350100994,0.00030182176851667464,0.00035061221569776535,0.0004830256628338251,0.0005614980997052049,0.0033411148469895124,0.0002253041871506515,5.0761976747615804e-08,0.01,3075,0.0008498848778313041,0.0004830343241337687,0.0033411148469895124,0.001268376354310539,-0.00015018745883772807,-0.0582750732299513,0.36174281150157916,0.42150159532607306,0.9882926829268293,0.46016260162601624,0.37365853658536585,0.0,-0.30184356570243837,0.004980928730219603,0.30183234214782717,-0.30184190571308134,1.3580965060100425e-05,0.30183605551719667,-0.10161844417452812,-0.08750806748867035,0.0008381170569919048
dt_0.25_ms,12560,3.14,307461,1.5375,True,0.0001728894712869078,0.0003018372517544776,0.00035057892091572285,0.00048314004088752125,0.0005606878607068211,0.003340013325214386,0.00022527539369861886,5.074900300606773e-08,0.01,3075,0.0008497437031190025,0.0004831799597013742,0.003340013325214386,0.0010039780148210736,0.00017111360782309486,-0.05798495234689592,0.3615428225418718,0.4215008213093067,0.9882926829268293,0.4575609756097561,0.3772357723577236,0.0,-0.30184356570243837,2.586800064818817e-06,0.30183234214782717,-0.30184190571308134,2.0943098206771538e-05,0.30183605551719667,-0.10162440463900566,-0.08750440180301666,0.0008439937024377284
dt_0.25_ms,12600,3.15,307461,1.5475,True,0.0001728087809169665,0.0003019472642336041,0.00035083768307231367,0.0004835741361603141,0.0005602475488558425,0.0033389232121407986,0.00022528560944433322,5.075360582270465e-08,0.01,3075,0.000849641616611431,0.000483574258396402,0.0033389232121407986,0.0019331132886403557,-0.0001886272113498729,-0.05773321065364195,0.36141822616016867,0.4215008213093067,0.9882926829268293,0.4559349593495935,0.3804878048780488,0.0,-0.30184356570243837,0.004982875194400549,0.30183234214782717,-0.30184190571308134,1.2676568076130934e-05,0.30183605551719667,-0.10162891894578933,-0.08750490099191666,0.0008498734387103466
dt_0.25_ms,12640,3.16,307461,1.5575,True,0.0001727458875393495,0.0003019386203959584,0.0003508498484734446,0.00048379309009760624,0.0005595258495304737,0.0033386773429811,0.00022527545414325806,5.074903023945117e-08,0.01,3075,0.0008495376114184567,0.000483794225146994,0.0033386773429811,0.0020719743429063833,1.7160545007718018e-05,-0.05745551630281276,0.3611958487462201,0.4215008213093067,0.9886178861788618,0.45430894308943087,0.38406504065040653,0.0,-0.30184356570243837,0.0049941265024244785,0.30183234214782717,-0.30184190571308134,1.6571444575674832e-05,0.30183605551719667,-0.1016318991780281,-0.08746935427188873,0.0008557709632441399
dt_0.25_ms,12680,3.17,307461,1.5675000000000001,True,0.0001727659982861951,0.0003018856223206967,0.0003507818910293281,0.00048402720713056763,0.0005591720866505058,0.0033375390339642763,0.00022524577828133096,5.07356606335625e-08,0.01,3075,0.000849306410153934,0.0004840631445404142,0.0033375390339642763,0.0019132780656925421,0.0004935983195682047,-0.0572145023971835,0.36103275157822945,0.42150159532607306,0.9886178861788618,0.45235772357723575,0.38634146341463416,0.0,-0.30184356570243837,0.004982875194400549,0.30183234214782717,-0.30184190571308134,4.510959115577862e-05,0.30183605551719667,-0.10163487941026687,-0.08745865523815155,0.0008616829931270328
dt_0.25_ms,12720,3.18,307461,1.5775000000000001,True,0.00017272289551328868,0.0003018445859197527,0.0003506257780827582,0.00048414613702334576,0.0005587772524449977,0.003337290370836854,0.00022518818089773624,5.0709716816031585e-08,0.01,3075,0.0008490622100776167,0.00048417580546811223,0.003337290370836854,0.0016149337474640132,-0.00017691236254046918,-0.056985711098161224,0.3608807416175729,0.42150159532607306,0.9886178861788618,0.4504065040650406,0.3886178861788618,0.0,-0.30184356570243837,0.004981956444680691,0.30183234214782717,-0.30184190571308134,1.3818153092870489e-05,0.30183605551719667,-0.10163772404193878,-0.08744113892316818,0.0008676050871144976
dt_0.25_ms,12760,3.19,307461,1.5875000000000001,True,0.00017260192544199526,0.00030169423553161323,0.00035040953662246466,0.0004845209710765652,0.0005585230072028942,0.003336874768137932,0.00022509246651258887,5.066661848072094e-08,0.01,3075,0.000848804163127547,0.00048457732191309333,0.003336874768137932,0.0011930647758382714,-0.0002012172367741312,-0.0567547123818863,0.36069020547778446,0.42150159532607306,0.9886178861788618,0.4484552845528455,0.39121951219512197,0.0,-0.30184356570243837,2.599542085590656e-06,0.30183234214782717,-0.30184190571308134,1.958012035174761e-05,0.30183605551719667,-0.10164172574877739,-0.08743147552013397,0.0008735439507290717
dt_0.25_ms,12800,3.2,307461,1.5975000000000001,True,0.00017259863670915365,0.00030172677361406386,0.00035034710890613496,0.0004847054893616588,0.0005578733806032687,0.0033363508991897106,0.0002250647264490095,5.065413109156748e-08,0.01,3075,0.0008486684074254359,0.00048470936599187553,0.0033363508991897106,0.0009019751308212691,-0.00011947354663922252,-0.05630100871840291,0.3602684915028191,0.42150159532607306,0.9889430894308943,0.4452032520325203,0.3964227642276423,0.0,-0.30184356570243837,-4.139879820286296e-06,0.30183234214782717,-0.30184190571308134,1.3917117939854506e-05,0.30183605551719667,-0.10164636522531509,-0.08740557730197906,0.0008794859459158029
dt_0.25_ms,12840,3.21,307461,1.6075,True,0.00017256796127185225,0.0003016288101207465,0.0003501869214233011,0.0004844352370128039,0.0005575365910772236,0.003335598623380065,0.00022501210669632256,5.063044815991725e-08,0.01,3075,0.0008484932485252346,0.0004844438808504492,0.003335598623380065,0.0005103518168843726,-0.0002971980906889856,-0.05602406231644296,0.3601199776267756,0.42150159532607306,0.9892682926829268,0.4445528455284553,0.4,0.0,-0.30184356570243837,-7.552904662588844e-06,0.30183234214782717,-0.30184190571308134,1.3966653568786569e-05,0.30183605551719667,-0.10165124386548996,-0.08740682899951935,0.0008854420389980073
dt_0.25_ms,12880,3.22,307461,1.6175,True,0.0001725285401334986,0.0003014214162249118,0.0003498381993267685,0.00048452074406668555,0.0005574156064540153,0.003334959503263235,0.00022493925223141965,5.0597667194430236e-08,0.01,3075,0.0008483104743120238,0.00048452336341142654,0.003334959503263235,0.0006416351687315968,0.0003398254467999611,-0.055703495459975834,0.3598931803639005,0.42150159532607306,0.9895934959349594,0.44227642276422763,0.4032520325203252,0.0,-0.30184356570243837,-7.645968253200408e-06,0.30183234214782717,-0.30184190571308134,2.0871606466243975e-05,0.30183605551719667,-0.1016572043299675,-0.08305403590202332,0.0008914168342016632
dt_0.25_ms,12920,3.23,307461,1.6275,True,0.00017243808542843908,0.0003013774985447526,0.0003496421268209815,0.0004844497307203714,0.0005568112537730488,0.0033348097931593657,0.00022488719487644848,5.057425041939771e-08,0.01,3075,0.0008481722122732156,0.0004844590730499476,0.0033348097931593657,0.000920376988546698,0.0008611707340475651,-0.05550728145693095,0.35974095977825343,0.42150159532607306,0.9895934959349594,0.44065040650406506,0.40520325203252033,0.0,-0.30184356570243837,-4.021507265861146e-06,0.30183234214782717,-0.30184190571308134,4.651231938623823e-05,0.30183605551719667,-0.10166316479444504,-0.08305277675390244,0.0008974065829534078
dt_0.25_ms,12960,3.24,307461,1.6375,True,0.00017240091983694583,0.0003013377427123487,0.00034950149711221457,0.00048488812753930767,0.0005567176092881712,0.0033343860413879156,0.0002248503055468609,5.05576599045167e-08,0.01,3075,0.0008480945227164169,0.00048490887274965644,0.0033343860413879156,0.0014960378387503276,7.468575828125922e-05,-0.05520289987927976,0.3594795514951908,0.4215008213093067,0.9895934959349594,0.43934959349593494,0.4091056910569106,0.0,-0.30184356570243837,0.004982002079486847,0.30183234214782717,-0.30184190571308134,2.099511584674474e-05,0.30183605551719667,-0.10166912525892258,-0.08303697407245636,0.0009034167684148991
dt_0.25_ms,13000,3.25,307461,1.6475,True,0.00017242500325664878,0.0003013952518813312,0.00034954099101014435,0.0004851962381508205,0.0005563972343225037,0.0033340798690915108,0.00022485897155052,5.056155708675757e-08,0.01,3075,0.0008480929332118996,0.0004852055280935019,0.0033340798690915108,0.0013908221899714775,0.0006440751115084963,-0.054984397187834815,0.3592052812532907,0.4215008213093067,0.9895934959349594,0.4383739837398374,0.4117073170731707,0.0,-0.30184356570243837,0.004981956444680691,0.30183234214782717,-0.30184190571308134,4.6561515773646533e-05,0.30183605551719667,-0.10167508572340012,-0.08304067701101303,0.000909428455634042
dt_0.25_ms,13040,3.2600000000000002,307461,1.6575,True,0.00017238703730981797,0.0003014218818861991,0.0003495016717351973,0.0004855347448028625,0.0005567862186580901,0.0033333676401525736,0.0002248434869512997,5.055459362441928e-08,0.01,3075,0.0008480181239499915,0.00048553626402281225,0.0033333676401525736,0.0007907152521335324,0.0005589621431798564,-0.054841594350912536,0.35908809124563923,0.4214714787446302,0.9895934959349594,0.4380487804878049,0.41365853658536583,0.0,-0.30184356570243837,2.6390830498712603e-06,0.30183234214782717,-0.30184190571308134,4.658229590859264e-05,0.30183605551719667,-0.10168104618787766,-0.08304622024297714,0.0009154560510069125
dt_0.25_ms,13080,3.27,307461,1.6675,True,0.00017233887047041208,0.00030145395430736244,0.00034973249421454966,0.0004859616281464705,0.0005574137438088667,0.0033322982490062714,0.00022485166779596453,5.0558272510626794e-08,0.01,3075,0.0008481023967080576,0.0004859860928263515,0.0033322982490062714,0.0006750787114662109,0.000699333600209573,-0.054749794490465034,0.3589897644500798,0.4214714787446302,0.9895934959349594,0.4370731707317073,0.4146341463414634,0.0,-0.30184356570243837,2.644505684656906e-06,0.30183234214782717,-0.30184190571308134,4.699040437117219e-05,0.30183605551719667,-0.10168504565954209,-0.08304990082979202,0.0009214995778165751
dt_0.25_ms,13120,3.2800000000000002,307461,1.6775,True,0.00017227084026671946,0.0003014116082340479,0.0003497845900710672,0.00048580658040009466,0.0005579684220720092,0.003331157611683011,0.00022483535959070733,5.055093892228267e-08,0.01,3075,0.0008483219721990569,0.00048581408918835223,0.003331157611683011,0.0007094197539032852,0.000596089855706207,-0.05456442780603775,0.358819425726803,0.4214714787446302,0.9895934959349594,0.4351219512195122,0.4165853658536585,0.0,-0.30184356570243837,2.6534787593845977e-06,0.30183234214782717,-0.30184190571308134,4.663160507334396e-05,0.30183605551719667,-0.10168802589178086,-0.08305177092552185,0.000927551987115293
dt_0.25_ms,13160,3.29,307461,1.6875,True,0.0001721551816444844,0.0003014160902239382,0.00034975254675373435,0.0004862843023147453,0.0005589890875853599,0.0033301024232059717,0.00022481980336250463,5.054394398395525e-08,0.01,3075,0.0008484806827405786,0.0004863338253926486,0.0033301024232059717,-0.00035903974357563305,0.0006580311495536154,-0.05441850933133567,0.35861858053605705,0.4214714787446302,0.9895934959349594,0.43414634146341463,0.41821138211382114,0.0,-0.30184356570243837,-8.671941941429395e-06,0.30183234214782717,-0.30184190571308134,4.666365930461325e-05,0.30183605551719667,-0.10169100612401963,-0.08305638283491135,0.0009336195536889129
dt_0.25_ms,13200,3.3000000000000003,307461,1.6975,True,0.0001721537410048768,0.00030139173031784594,0.00034987623803317547,0.00048651709803380146,0.0005592466739472019,0.0033289045095443726,0.00022480574892281855,5.053762474874933e-08,0.01,3075,0.0008484271749081771,0.0004865357477683574,0.0033289045095443726,-0.0005009874514317796,0.0006145704872173288,-0.05423069889976513,0.3584267865046573,0.4214714787446302,0.9895934959349594,0.43349593495934957,0.4208130081300813,0.0,-0.30184356570243837,-9.132688319368754e-06,0.30183234214782717,-0.30184190571308134,4.506982077145949e-05,0.30183605551719667,-0.10169502794742584,-0.08305744081735611,0.0009396871202625327
dt_0.25_ms,13240,3.31,307461,1.7075,True,0.0001721854932839051,0.0003014566609635949,0.00035001192009076476,0.00048699972103349875,0.0005597272771410656,0.0033276251051574945,0.00022486264372502661,5.056320854300825e-08,0.01,3075,0.0008485741631555696,0.00048700295155867934,0.0033276251051574945,-0.0005824838720911238,0.0007657038084505438,-0.054047631204611674,0.3582522945746599,0.42141472682362846,0.9895934959349594,0.4321951219512195,0.42341463414634145,0.0,-0.30184356570243837,-1.770002199918963e-05,0.30183234214782717,-0.30184190571308134,4.8078793042805046e-05,0.30183605551719667,-0.10169904902577401,-0.0830497071146965,0.0009457871085032814
dt_0.25_ms,13280,3.3200000000000003,307461,1.7175,True,0.00017209805082529783,0.0003014964750036597,0.00035000703064724803,0.0004869407974183563,0.0005601083859801306,0.003326344070956111,0.00022498317716001504,5.0617430005014714e-08,0.01,3075,0.0008496731920906047,0.00048694893484935164,0.003326344070956111,-0.00033575619020001155,0.0006665436666698064,-0.0537108664234617,0.35797747111207906,0.4214207517826036,0.9895934959349594,0.4302439024390244,0.4276422764227642,0.0,-0.30184356570243837,-9.055729606188834e-06,0.30183234214782717,-0.30184190571308134,4.7092245949897915e-05,0.30183605551719667,-0.10170500949025155,-0.08303649723529816,0.0009519451064988963
dt_0.25_ms,13320,3.33,307461,1.7275,True,0.00017174136883113533,0.00030140148010104895,0.0003500038874335587,0.0004868622636422531,0.0005600933334790173,0.003325012279674411,0.00022508619528222696,5.066379530662881e-08,0.01,3075,0.0008523884072154003,0.0004869047843385488,0.003325012279674411,-0.0006346462995247194,0.0008057751656892426,-0.05352940002583371,0.35782739996692364,0.42139144487087854,0.9895934959349594,0.4292682926829268,0.4305691056910569,0.0,-0.30184356570243837,-1.7667596694082022e-05,0.30183234214782717,-0.30184190571308134,4.715047180070542e-05,0.30183605551719667,-0.10171096995472909,-0.08284104615449905,0.0009581174468621605
dt_0.25_ms,13360,3.34,307461,1.7375,True,0.00017146975733339787,0.0003011410008184612,0.00034988633706234396,0.00048677425947971683,0.0005602441437076779,0.0033240853808820248,0.00022493845523128303,5.059730864183592e-08,0.01,3075,0.0008528304794553394,0.000486785575048998,0.0033240853808820248,-0.00049057163021444,0.001084820960804643,-0.05338099961716358,0.35775695122290696,0.42139132887491393,0.9895934959349594,0.42796747967479676,0.4321951219512195,0.0,-0.30184356570243837,-9.686806151876226e-06,0.30183234214782717,-0.30184190571308134,4.825922951567918e-05,0.30183605551719667,-0.10171693041920662,-0.08282577991485596,0.0009642964461818331
dt_0.25_ms,13400,3.35,307461,1.7475,True,0.00017148720507975668,0.0003010465297847986,0.000349907175404951,0.00048666479997337345,0.0005603417346719653,0.0033230059780180454,0.0002248967731364693,5.057855856719654e-08,0.01,3075,0.0008528071455941422,0.00048678796156309545,0.0033230059780180454,-0.0004932470524574928,0.001538536227203215,-0.05319761321101455,0.3575763132689306,0.4213819747897638,0.9895934959349594,0.4269918699186992,0.4351219512195122,0.0,-0.30184356570243837,-9.834798220254015e-06,0.30183234214782717,-0.30184190571308134,0.00502522150054574,0.30183605551719667,-0.10172289088368416,-0.08282087743282318,0.0009704920696094626
dt_0.25_ms,13440,3.36,307461,1.7575,True,0.00017154250235762447,0.00030112688546068966,0.00034997856710106134,0.0004869136610068391,0.0005602165067102769,0.0033218509051948786,0.00022492533961048546,5.059140839889222e-08,0.01,3075,0.0008528034950651955,0.0004869402037002146,0.0033218509051948786,4.4010973072330876e-05,0.0012515622139835615,-0.05309200210393145,0.3575332429027848,0.4213819747897638,0.9895934959349594,0.42634146341463414,0.43642276422764226,0.0,-0.30184356570243837,-9.392940228281077e-06,0.30183234214782717,-0.30184190571308134,4.740394797408953e-05,0.30183605551719667,-0.1017288513481617,-0.08280997723340988,0.0009766931296326213
dt_0.25_ms,13480,3.37,307461,1.7675,True,0.00017155532259494066,0.0003011983062606305,0.00035020444192923605,0.0004868694755714405,0.0005605783895589418,0.0033206006046384573,0.0002249693305848207,5.061119970378234e-08,0.01,3075,0.0008527823075144817,0.00048691596020944417,0.0033206006046384573,-0.0009065614970957659,0.0012630008607045714,-0.052954581450511004,0.3574098844177466,0.4213819747897638,0.9895934959349594,0.42569105691056913,0.4380487804878049,0.0,-0.30184356570243837,-1.8521624951972626e-05,0.30183234214782717,-0.30184190571308134,4.854750295635313e-05,0.30183605551719667,-0.10173481181263924,-0.0827886089682579,0.000982909207232296
dt_0.25_ms,13520,3.38,307461,1.7775,True,0.00017155615205410868,0.00030132525716908276,0.0003502261242829263,0.00048691279953345717,0.0005617365124635407,0.0033192585688084364,0.00022502391265472564,5.063576126644159e-08,0.01,3075,0.0008528966264235143,0.00048692827112972736,0.0033192585688084364,-0.00014855949363346013,0.0011405133572838892,-0.052788374467667216,0.3572560825904919,0.4213819747897638,0.9895934959349594,0.4240650406504065,0.4396747967479675,0.0,-0.30184356570243837,-1.0203139026998542e-05,0.30183234214782717,-0.30184190571308134,4.7610083129256964e-05,0.30183605551719667,-0.10174077227711678,-0.08276946097612381,0.0009891350986436004
dt_0.25_ms,13560,3.39,307461,1.7875,True,0.0001715153339318931,0.00030123681062832475,0.0003501671308185905,0.00048666316433809725,0.0005621828546281936,0.0033177281729876995,0.00022501126190910663,5.0630067985928585e-08,0.01,3075,0.0008528947646396492,0.00048666971269994974,0.0033177281729876995,-0.0004726857091892027,0.0009596335507130862,-0.0527327887269354,0.3572078357633091,0.4213819747897638,0.9895934959349594,0.4240650406504065,0.4403252032520325,0.0,-0.30184356570243837,-1.809308560041245e-05,0.30183234214782717,-0.30184190571308134,4.764767800224945e-05,0.30183605551719667,-0.10174557864665985,-0.08266185969114304,0.0009953609900549049
dt_0.25_ms,13600,3.4,307461,1.7975,True,0.0001715183607302606,0.00030113643151707947,0.00035012394073419273,0.00048708377871662604,0.0005629342747852211,0.0033164587803184986,0.0002249916698331749,5.062125149432038e-08,0.01,3075,0.0008529009020459512,0.0004871415439993143,0.0033164587803184986,-4.3239649682907e-06,0.0013076866083532714,-0.05256780620903814,0.3570119124668095,0.4213819747897638,0.9895934959349594,0.42341463414634145,0.44227642276422763,0.0,-0.30184356570243837,-1.0050217497337144e-05,0.30183234214782717,-0.30184190571308134,4.8878708184929565e-05,0.30183605551719667,-0.10174791514873505,-0.0825711190700531,0.0010015919804573054
dt_0.25_ms,13640,3.41,307461,1.8075,True,0.00017143496370408684,0.00030095374677330256,0.00035000380012206733,0.0004872170044109228,0.0005630916391965011,0.00331510859541595,0.00022492030075950084,5.0589141693744315e-08,0.01,3075,0.0008528824941429301,0.0004872242861893028,0.00331510859541595,-0.0005343051101542466,0.0014447611237548286,-0.052381025768920106,0.3567852589673139,0.4213819747897638,0.9899186991869918,0.4221138211382114,0.44390243902439025,0.0003252032520325203,-0.30184356570243837,-1.8559683667263016e-05,0.30183234214782717,-0.30184190571308134,4.899184568785131e-05,0.30183605551719667,-0.10175089538097382,-0.08255887776613235,0.0010078318417072291
dt_0.25_ms,13680,3.42,307461,1.8175000000000001,True,0.00017132925859186798,0.00030068904743529856,0.00034986119135282934,0.00048701217747293456,0.0005627007340081062,0.003313574008643627,0.00022480008198806409,5.053507686184034e-08,0.01,3075,0.0008527847176996946,0.0004870239645242691,0.003313574008643627,-0.0007361854796085399,0.0013404472180071586,-0.05214742226453263,0.35641485911580756,0.4213819747897638,0.9895934959349594,0.4208130081300813,0.44650406504065043,0.000975609756097561,-0.30184356570243837,-1.9195214917999692e-05,0.30183234214782717,-0.30184190571308134,4.805087155546062e-05,0.30183605551719667,-0.10175515338778496,-0.08254684507846832,0.0010140717029571528
dt_0.25_ms,13720,3.43,307461,1.8275000000000001,True,0.00017121090786531568,0.0003002983867190778,0.0003487603389658034,0.00048453107592650126,0.000560665334342048,0.00343342125415802,0.00022497111511991674,5.061200263829883e-08,0.01,3075,0.0008550432541812732,0.00048462615814059973,0.00343342125415802,-0.0012971291174661344,0.0012906274044594025,-0.050952431813636755,0.35418590894303237,0.4213777360237844,0.9886178861788618,0.4188617886178862,0.46146341463414636,0.0045528455284552845,-0.30184356570243837,-0.00498946662992239,0.30183234214782717,-0.30184190571308134,2.196029163314961e-05,0.30183605551719667,-0.10175980180501938,-0.07792326807975769,0.0010203171870671207
dt_0.25_ms,13760,3.44,307461,1.8375000000000001,True,0.0001710308133624494,0.00030007705208845437,0.00034834686084650457,0.0004858912318013611,0.0005617805523797872,0.003423608373850584,0.0002248458447855048,5.0555653917307325e-08,0.01,3075,0.0008558269948187488,0.0004858975880779326,0.003423608373850584,-0.0014164358073442903,-3.478964203741344e-05,-0.050757181351844455,0.35428902515874083,0.4213777360237844,0.9892682926829268,0.4172357723577236,0.4634146341463415,0.0045528455284552845,-0.30184356570243837,-0.004990835674107075,0.30183234214782717,-0.30184190571308134,-2.65494463747018e-06,0.30183605551719667,-0.10176576226949692,-0.07789083570241928,0.0010268449899740512
dt_0.25_ms,13800,3.45,307461,1.8475000000000001,True,0.00017093418864533305,0.0003000972210429609,0.00034849258372560143,0.0004868795804213758,0.0005624992540106193,0.0034149885177612305,0.0002247983267228439,5.053428769739047e-08,0.01,3075,0.0008561289301463895,0.0004869450640399009,0.0034149885177612305,-0.0015063907747666619,-0.00010535294270197467,-0.0508180201118476,0.3539593676320465,0.4213819747897638,0.9876422764227643,0.4165853658536585,0.4627642276422764,0.0055284552845528455,-0.30184356570243837,-0.00499360216781497,0.30183234214782717,-0.30184190571308134,-2.0698066691693384e-06,0.30183605551719667,-0.10177172273397446,-0.07789839059114456,0.0010335551691241559
dt_0.25_ms,13840,3.46,307461,1.8575,True,0.0001709313364699483,0.00030026084277778864,0.0003486094356048852,0.0004875203536357734,0.0005632587533909828,0.0034074708819389343,0.000224832919198499,5.054984155531878e-08,0.01,3075,0.0008563193384978193,0.00048752929433248937,0.0034074708819389343,-0.0010696997285462263,-0.00014710303684673486,-0.05108973973238324,0.3545620819766957,0.4213819747897638,0.9879674796747967,0.41788617886178864,0.45983739837398374,0.003902439024390244,-0.30184356570243837,-0.004987962543964386,0.30183234214782717,-0.30184190571308134,-2.084287189063616e-06,0.30183605551719667,-0.101777683198452,-0.08249011635780334,0.0010402658721432089
dt_0.25_ms,13880,3.47,307461,1.8675,True,0.00017079853569157422,0.0002999201533384621,0.0003477314312476665,0.00048570620710961556,0.0005602972232736658,0.00404638797044754,0.00022584751866310522,5.1007101686281655e-08,0.01,3075,0.0008656890223340351,0.00048571586376056075,0.00404638797044754,-0.0007495831045380134,-0.001665680451426637,-0.049253559153871536,0.35228779303179064,0.4202810124053826,0.9866666666666667,0.4139837398373984,0.48227642276422766,0.007804878048780488,-0.30184356570243837,-1.9239641915191896e-05,0.30183234214782717,-0.30184190571308134,-0.004991872236132622,0.30183605551719667,-0.10178364366292954,-0.0775694027543068,0.0010468036169186234
dt_0.25_ms,13920,3.48,307461,1.8775,True,0.0001705986214801669,0.0002987672050949186,0.0003453647077549249,0.0004818923131097122,0.0005580974917393182,0.005627816077321768,0.00022904796423790037,5.246296992152649e-08,0.01,3075,0.0008934128025406593,0.0004819276218768209,0.005627816077321768,-0.0003568546470360099,-0.0012939739622960056,-0.04735817623022533,0.3489247493375289,0.41959630515882584,0.983739837398374,0.4146341463414634,0.5076422764227643,0.012357723577235772,-0.30184356570243837,-1.8480970538803376e-05,0.30183234214782717,-0.30184190571308134,-0.0049600424244999886,0.30183605551719667,-0.10180037692189217,-0.004972245078533888,0.001052973628975451
dt_0.25_ms,13960,3.49,307461,1.8875,True,0.00017026325804181397,0.0002980413846671581,0.0003443178429733962,0.00048752127913758255,0.0005638801259920012,0.0057131340727210045,0.0002298680909199782,5.283933922319537e-08,0.01,3075,0.0009053733561952727,0.00048754570889286697,0.0057131340727210045,-0.00027192088898668937,-0.002272101463040285,-0.047416099918034416,0.3520153168732627,0.4197941220113413,0.9863414634146341,0.41560975609756096,0.5034146341463415,0.007804878048780488,-0.30184356570243837,-1.737709499138873e-05,0.30183234214782717,-0.30184190571308134,-0.004994732793420553,0.30183605551719667,-0.10180526375770568,-0.009523163549602032,0.001059143815655261
dt_0.25_ms,14000,3.5,307461,1.8975,True,0.0001705082249827683,0.0002981402794830501,0.00034419732401147485,0.0004900161758996552,0.0005664563970640311,0.005561955273151398,0.00022964926763108435,5.273878612349341e-08,0.01,3075,0.0009058448140380707,0.0004900305648334324,0.005561955273151398,-0.0012528486749318344,-0.00045229306066223987,-0.04949163196333594,0.35282922748494366,0.419710031618447,0.9824390243902439,0.4224390243902439,0.48227642276422766,0.007154471544715447,-0.30184356570243837,-0.00498946662992239,0.30183234214782717,-0.30184190571308134,-2.129394943040097e-06,0.30183605551719667,-0.10180824398994445,-0.07787777483463287,0.0010653277975507078
dt_0.25_ms,14040,3.5100000000000002,307461,1.9075,True,0.00017080202815122902,0.00029889604775235057,0.00034609026624821126,0.0004925435292534541,0.0005710708966944376,0.005429042503237724,0.00022970258704606928,5.276327849565704e-08,0.01,3075,0.0009063596243409788,0.0004925711546093225,0.005429042503237724,-0.0008976053552072587,4.8267479422073056e-05,-0.05182158499050836,0.35465688128025286,0.42125477692491914,0.9847154471544716,0.42796747967479676,0.4533333333333333,0.004878048780487805,-0.30184356570243837,-2.016174948948901e-05,0.30183234214782717,-0.30184190571308134,1.90018217836041e-05,0.30183605551719667,-0.10181122422218322,-0.08283957839012146,0.0010715179727412757
dt_0.25_ms,14080,3.52,307461,1.9175,True,0.00017085159197449684,0.0002999153221026063,0.0003483243635855615,0.0004923629923723641,0.0005719412351027144,0.005906800739467144,0.00023210253390248736,5.38715862439553e-08,0.01,3075,0.0009235760666111984,0.0004923691740259528,0.005906800739467144,-7.438445322428148e-05,0.0010407876549748184,-0.05246250759415533,0.3537655376216135,0.42125477692491914,0.9824390243902439,0.4321951219512195,0.448130081300813,0.007154471544715447,-0.30184356570243837,-1.1200109838682692e-05,0.30183234214782717,-0.30184190571308134,4.928218913846649e-05,0.30183605551719667,-0.10181525647640229,-0.08293774724006653,0.0010777449584566052
dt_0.25_ms,14120,3.5300000000000002,307461,1.9275,True,0.0001709845382720232,0.0003016073605976999,0.00035170832416042686,0.0004991336259990942,0.0005755428399425,0.005747416988015175,0.00023228670969998425,5.395711550324476e-08,0.01,3075,0.0009259915380829537,0.0004991631722077727,0.005747416988015175,6.285201945733727e-05,0.0017035478690813097,-0.05476982724604413,0.35751417282614234,0.42139144487087854,0.9814634146341463,0.43609756097560975,0.4195121951219512,0.0022764227642276423,-0.30184356570243837,-1.728659844957292e-05,0.30183234214782717,-0.30184190571308134,0.005027966573834419,0.30183605551719667,-0.10182114392518997,-0.08318827301263809,0.0010843950207345184
dt_0.25_ms,14160,3.54,307461,0.0,True,0.00017138166003860533,0.00030349206645041704,0.0003553518617991358,0.0005050179897807541,0.0005806812376249584,0.005607218947261572,0.00023273071572899815,5.4163586043731743e-08,0.01,3075,0.0009283571868445875,0.0005050221807323396,0.005607218947261572,-0.000287507768207951,0.0018249393835207954,-0.05644938077305338,0.3598004622358345,0.4214687956742994,0.9785365853658536,0.4403252032520325,0.400650406504065,0.0,-0.30184356570243837,-1.93341365957167e-05,0.30183234214782717,-0.30184190571308134,0.005028152838349342,0.30183605551719667,-0.10182970687747002,-0.0832359790802002,0.00109105771407485
dt_0.25_ms,14200,3.5500000000000003,307461,0.0,True,0.00017202901653945446,0.0003052908577956259,0.0003584312798921019,0.0005094874300993979,0.0005847848078701645,0.005481209140270948,0.00023330660683961598,5.443197279501515e-08,0.01,3075,0.0009306887230964574,0.0005094879888929427,0.005481209140270948,-0.0002184836850394676,-0.00021668137900381751,-0.05798019297574306,0.36118460514337647,0.4215325097599159,0.9765853658536585,0.44130081300813007,0.3804878048780488,0.0,-0.30184356570243837,-1.8431852367939427e-05,0.30183234214782717,-0.30184190571308134,1.9311817595735192e-05,0.30183605551719667,-0.10184163302183151,-0.087509885430336,0.0010976666235364971
dt_0.25_ms,14240,3.56,307461,0.0,True,0.00017259569722227752,0.00030707052792422473,0.00036110947257839143,0.0005122779752127829,0.0005895193258766093,0.005365145392715931,0.00023383445609674835,5.4678552858062136e-08,0.01,3075,0.0009328328163696196,0.0005122852744534612,0.005365145392715931,0.0007559436760649573,-0.0010391022646992526,-0.05903756711008292,0.362691519165817,0.42158981922761773,0.9720325203252033,0.4373983739837398,0.36357723577235773,0.0,-0.30184356570243837,-7.394929980364395e-06,0.30183234214782717,-0.30184190571308134,-0.004959077574312687,0.30183605551719667,-0.10184759348630905,-0.08325141668319702,0.0011042315047234295
dt_0.25_ms,14280,3.5700000000000003,307461,0.0,True,0.00017297358135692775,0.0003083638148382306,0.0003631480794865638,0.0005129587952978912,0.0005936224595643589,0.005256816744804382,0.0002341623066919701,5.483198587530427e-08,0.01,3075,0.0009344753949728802,0.0005129670025780797,0.005256816744804382,0.00032996499707719265,-0.0010198475176044239,-0.058952644080817095,0.363493195137032,0.4217299062325535,0.9710569105691057,0.4299186991869919,0.36227642276422767,0.0,-0.30184356570243837,-9.109446182264946e-06,0.30183234214782717,-0.30184190571308134,-0.004959077574312687,0.30183605551719667,-0.10185402110219002,-0.08322525024414062,0.0011107833590358494
dt_0.25_ms,14320,3.58,307461,0.0,True,0.00017315502918791026,0.0003090754325967282,0.00036429124884307384,0.0005134543171152475,0.0005975240492261967,0.005155039485543966,0.00023425502544716247,5.487541694725074e-08,0.01,3075,0.0009356916137228954,0.0005134597304277122,0.005155039485543966,-0.0006963530917690195,-0.0009642056046220937,-0.05864622696080412,0.3638842814726712,0.4220141335078808,0.9691056910569106,0.42341463414634145,0.3642276422764228,0.0,-0.30184356570243837,-1.8435404854244553e-05,0.30183234214782717,-0.30184190571308134,-0.004957470577210188,0.30183605551719667,-0.10185998156666756,-0.08320127427577972,0.0011173397884704172
dt_0.25_ms,14360,3.59,307461,0.0,True,0.0001730893418425694,0.0003091193793807179,0.00036459258990362287,0.00051396954804659,0.0006004010559991009,0.005057549104094505,0.00023409114316376976,5.4798663307720547e-08,0.01,3075,0.0009364794566848777,0.0005139957065694034,0.005057549104094505,-0.0007701046414400125,-0.0009630322641293411,-0.05840520233044598,0.36461293717432686,0.4220141335078808,0.9668292682926829,0.4146341463414634,0.3648780487804878,0.0,-0.30184356570243837,-1.944685573107563e-05,0.30183234214782717,-0.30184190571308134,-0.005003665573894978,0.3018385171890259,-0.10186655968427658,-0.08288809657096863,0.0011239056126214563
dt_0.25_ms,14400,3.6,307461,0.0,True,0.00017284246860072017,0.00030832274933345616,0.0003633640590123832,0.0005128218908794231,0.0005971734062768532,0.006894436664879322,0.0002361176494770103,5.57515443945483e-08,0.01,3075,0.0009481763173977473,0.0005128377815708518,0.006894436664879322,-0.0008043074448200266,-0.0010721540046411914,-0.05761116565663246,0.36377071754214024,0.42175447480664513,0.9697560975609756,0.416260162601626,0.37658536585365854,0.0,-0.30184356570243837,-1.845020779001061e-05,0.30183234214782717,-0.30184354782104494,-0.004981187637895346,0.3018455505371094,-0.10187259986996651,-0.08289717137813568,0.0011304186307825148
dt_0.25_ms,14440,3.61,307461,0.0,True,0.00017259872402064502,0.0003078857553191483,0.0003632790467236191,0.0005140736117027701,0.0006023143010679661,0.006551976315677166,0.00023556022137542163,5.5488617894437644e-08,0.01,3075,0.0009495774027134284,0.000514078012201935,0.006551976315677166,-0.002081552830140936,-0.0005394988856970463,-0.05734276580276929,0.36505076455499946,0.42207232516756815,0.9678048780487805,0.4032520325203252,0.3759349593495935,0.0,-0.30184356570243837,-0.005009996704757214,0.30183234214782717,-0.30185294449329375,-0.004957470577210188,0.30185565650463103,-0.10187637582421302,-0.082552470266819,0.0011369221727363765
dt_0.25_ms,14480,3.62,307461,0.0,True,0.00017252686666324735,0.0003080263268202543,0.00036369095323607326,0.000515070266555995,0.0006081304338295035,0.0062531945295631886,0.00023520344520709823,5.532066063728846e-08,0.01,3075,0.0009506986045649624,0.0005150766228325665,0.0062531945295631886,-0.00021819297410330342,-0.00019950033554837356,-0.05712773961050065,0.3661388016309999,0.4220977536738592,0.9655284552845529,0.39186991869918697,0.3749593495934959,0.0,-0.30184356570243837,-1.1694582099153195e-05,0.30183234214782717,-0.30186486542224883,-0.004957470577210188,0.3018675774335861,-0.10187935605645179,-0.08248572051525116,0.001143312989734113
dt_0.25_ms,14520,3.63,307461,0.0,True,0.00017262234177906066,0.0003085700736846775,0.0003648201818577945,0.0005159270484000445,0.0006141682621091635,0.005992436315864325,0.00023504045857171912,5.5244017165604004e-08,0.01,3075,0.0009512717732818933,0.000515928550157696,0.005992436315864325,-0.0002681498661914384,0.0002456188001913067,-0.05707666365591605,0.3671334358950871,0.42213408250035545,0.9635772357723578,0.38308943089430897,0.37170731707317073,0.0,-0.30184356570243837,-1.719439387670718e-05,0.30183234214782717,-0.3018767863512039,-0.00495723495259881,0.3018794983625412,-0.10188233628869056,-0.08243797719478607,0.0011496857623569665
dt_0.25_ms,14560,3.64,307461,0.0,True,0.0001728505449136719,0.00030942351440899074,0.00036616119905374944,0.000516561313997957,0.0006176571187097599,0.005760537460446358,0.00023504202679894151,5.524475436175434e-08,0.01,3075,0.0009514360886816753,0.0005166357732377946,0.005760537460446358,-0.0007800761056640157,0.00043653580671058244,-0.0569278103072855,0.36803045787304545,0.4221647006552863,0.9603252032520325,0.37365853658536585,0.3700813008130081,0.0,-0.30184356570243837,-2.0459003280848265e-05,0.30183234214782717,-0.301888707280159,1.7019270671880804e-05,0.30189141929149627,-0.10188656076788902,-0.0779585912823677,0.001156032725702971
dt_0.25_ms,14600,3.65,307461,0.0,True,0.0001731699740048498,0.0003104458446614444,0.0003674298641271889,0.0005171934026293466,0.0006204046949278565,0.005551283713430166,0.00023509471010192413,5.526952271790774e-08,0.01,3075,0.0009512072991451052,0.0005172183737158775,0.005551283713430166,-0.0013496179192294606,0.0006486407667649857,-0.05673201440490888,0.3684969071202861,0.42220349192991186,0.9590243902439024,0.3678048780487805,0.37073170731707317,0.0,-0.30184356570243837,-0.005007905885577202,0.30183234214782717,-0.30190062820911406,5.043149212724529e-05,0.30190038979053496,-0.10189252123236656,-0.07780437171459198,0.0011623796890489755
dt_0.25_ms,14640,3.66,307461,0.0,True,0.00017344742082059383,0.0003112337435595691,0.00036840912071056664,0.0005174106918275373,0.0006227692938409748,0.005357708316296339,0.00023511277112167497,5.527801514451313e-08,0.01,3075,0.000950625100763651,0.0005174532998353243,0.005357708316296339,-0.0018224183092724257,0.001155379943948805,-0.05636887869931099,0.368762401031023,0.42220349192991186,0.9590243902439024,0.36292682926829267,0.3743089430894309,0.0,-0.30184356570243837,-0.005013994872570038,0.30183234214782717,-0.30190995037555696,0.005028069484978914,0.3019039660692215,-0.1018984816968441,-0.07771658152341843,0.0011687270714901385
dt_0.25_ms,14680,3.67,307461,0.0,True,0.00017366241081617773,0.00031175080221146345,0.0003687861899379641,0.0005179554456844928,0.000623615516815338,0.005179647821933031,0.0002350725842493884,5.525911986568581e-08,0.01,3075,0.0009496338094387779,0.0005179628496989608,0.005179647821933031,-0.0008449632668963182,0.00022816214977850667,-0.05613646184859941,0.3689921713560396,0.4222427838935219,0.95869918699187,0.359349593495935,0.37626016260162604,0.0,-0.30184356570243837,-0.005003701895475388,0.30183234214782717,-0.30191005766391754,5.063820572104305e-05,0.30190454721450805,-0.10190444216132163,-0.07761139422655106,0.0011750880046747622
dt_0.25_ms,14720,3.68,307461,0.0,True,0.00017378215852659196,0.0003118822060059756,0.00036874637589789927,0.0005181344342418019,0.0006243769195862125,0.005014603026211262,0.00023490111952654614,5.5178535954824714e-08,0.01,3075,0.0009483133039883966,0.0005181448068469763,0.005014603026211262,-0.0008474184020486256,0.00010273830804291675,-0.05589472807672185,0.3690264827406009,0.4222427838935219,0.9590243902439024,0.3570731707317073,0.37886178861788616,0.0,-0.30184356570243837,-0.005003701895475388,0.30183234214782717,-0.30191005766391754,2.2957836335990578e-05,0.30190454721450805,-0.10191040262579917,-0.07755735516548157,0.001181448937859386
dt_0.25_ms,14760,3.69,307461,0.0,True,0.00017368265253026038,0.00031154838507063687,0.0003684512048494071,0.0005181151209399104,0.0006246957171242734,0.00485897297039628,0.0002345493441884863,5.5013394859249006e-08,0.01,3075,0.0009466876583817468,0.0005181159940548241,0.00485897297039628,-0.00026023969616763065,-0.00011165834491419639,-0.05565776125332,0.3689385103025814,0.4222427838935219,0.9590243902439024,0.3551219512195122,0.38146341463414635,0.0,-0.30184356570243837,-1.859308576968033e-05,0.30183234214782717,-0.30191005766391754,2.214957021351438e-05,0.30190454721450805,-0.10191636309027671,-0.07753383368253708,0.0011878098710440097
dt_0.25_ms,14800,3.7,307461,0.0,True,0.00017350987764075398,0.0003112599079031497,0.00036812329199165106,0.0005182787077501426,0.0006249732919968667,0.004713122732937336,0.0002341628432305634,5.4832237149821405e-08,0.01,3075,0.0009450053626565429,0.000518304412253201,0.004713122732937336,8.16256552476202e-05,-5.316816961005419e-05,-0.05527289164390763,0.3689257562981259,0.4222427838935219,0.959349593495935,0.35252032520325205,0.3856910569105691,0.0,-0.30184356570243837,-1.8420038031763397e-05,0.30183234214782717,-0.30191005766391754,2.306636633875314e-05,0.30190454721450805,-0.10192232355475425,-0.07751094549894333,0.0011941708042286334
dt_0.25_ms,14840,3.71,307461,0.0,True,0.00017331601702608168,0.0003109115350525826,0.0003676491032820195,0.0005185665097087629,0.0006245495867915462,0.004696174990385771,0.0002338659339775429,5.469327507518846e-08,0.01,3075,0.0009437163694330105,0.0005185847403481603,0.004696174990385771,0.0003451444428906772,0.0002810404791402166,-0.05497945837719116,0.36892071712866187,0.4222427838935219,0.9606504065040651,0.35121951219512193,0.38926829268292684,0.0,-0.30184356570243837,-1.2356218576314859e-05,0.30183234214782717,-0.30191005766391754,5.095474989502691e-05,0.30190454721450805,-0.10192828401923179,-0.07750549912452698,0.001200531737413257
dt_0.25_ms,14880,3.72,307461,0.0,True,0.00017316406592726707,0.00031069634133018553,0.0003672120510600507,0.000518329825717956,0.0006245811877306552,0.004566961899399757,0.0002335459985897105,5.4543733457265065e-08,0.01,3075,0.0009419718699915925,0.0005183357279747725,0.004566961899399757,0.0002115942974518756,0.0007108556110540483,-0.05479183291261107,0.36886970970100086,0.4222427838935219,0.9613008130081301,0.35024390243902437,0.39154471544715447,0.0,-0.30184356570243837,-1.7209467841894366e-05,0.30183234214782717,-0.30191005766391754,5.2070445235585794e-05,0.30190454721450805,-0.10193424448370933,-0.07747670263051987,0.0012069161515682932
dt_0.25_ms,14920,3.73,307461,0.0,True,0.00017291131371166557,0.00031035469146445394,0.0003669089637696743,0.000518199393991382,0.0006236927059944722,0.004441933240741491,0.00023316175809144513,5.436440543629357e-08,0.01,3075,0.000940038702579412,0.0005182260065339506,0.004441933240741491,0.00010380867576558801,0.0010077791324176833,-0.054474304437285244,0.3687047476812954,0.42220349192991186,0.9616260162601626,0.34829268292682924,0.3954471544715447,0.0,-0.30184356570243837,-1.719587089610286e-05,0.30183234214782717,-0.30191005766391754,5.2140243496978655e-05,0.30190454721450805,-0.10194020494818687,-0.07747774571180344,0.0012133236508816477
dt_0.25_ms,14960,3.74,307461,0.0,True,0.00017267347720917314,0.00031017919536679983,0.00036674304283224046,0.0005180636188015376,0.0006233704043552284,0.0043248943984508514,0.00023283117176414424,5.421035454506444e-08,0.01,3075,0.0009380947421039871,0.0005181520828045905,0.0043248943984508514,-0.0002674976822350519,0.0006415774085896958,-0.05417093210218558,0.36855032818454736,0.42220349192991186,0.9629268292682926,0.3473170731707317,0.39934959349593496,0.0,-0.30184356570243837,-1.861736200226005e-05,0.30183234214782717,-0.30191005766391754,5.117203909321688e-05,0.30190454721450805,-0.10194544419646263,-0.07747985422611237,0.0012197311501950022
dt_0.25_ms,15000,3.75,307461,0.0,True,0.00017250690143555403,0.00030995631823316216,0.0003664807300083339,0.0005174621008336559,0.000622941280016677,0.004212662111967802,0.00023252386458307573,5.4067347600648545e-08,0.01,3075,0.0009361124038885582,0.0005174997495487332,0.004212662111967802,-0.0010544349249328188,0.0007925373625311464,-0.05390481631037764,0.3683364922838203,0.42220349192991186,0.9639024390243902,0.3463414634146341,0.40260162601626015,0.0,-0.30184356570243837,-0.0050049712881445885,0.30183234214782717,-0.30191005766391754,2.3236834749695845e-05,0.30190527737140654,-0.10195053666830063,-0.0774703100323677,0.0012261386495083567
dt_0.25_ms,15040,3.7600000000000002,307461,0.0,True,0.00017242242756765336,0.0003099084133282304,0.0003662776725832373,0.0005173413315787917,0.0006221554824151103,0.0041044061072170734,0.0002322884327479494,5.395791598849862e-08,0.01,3075,0.0009340776228043061,0.0005173551617190242,0.0041044061072170734,-0.0008622230216675914,0.0009054253610118143,-0.05364846014199074,0.3682067453868453,0.42220349192991186,0.9648780487804878,0.34471544715447155,0.40552845528455284,0.0,-0.3018453806638718,-0.005003701895475388,0.30183234214782717,-0.3019146233797073,5.130119461682625e-05,0.3019136220216751,-0.10195649713277817,-0.07744970172643661,0.0012325596646405753
dt_0.25_ms,15080,3.77,307461,0.0,True,0.00017237193242181093,0.00030987465288490057,0.0003661747323349118,0.0005171788390725869,0.0006204371922649451,0.004014918580651283,0.00023206198913642968,5.3852766801956406e-08,0.01,3075,0.0009318567710603035,0.0005172248347662389,0.004014918580651283,-0.00027218101688138233,0.00019089289299751644,-0.053115783619507015,0.367936997075818,0.4221873333398577,0.9665040650406505,0.34211382113821137,0.41203252032520327,0.0,-0.30185239017009735,-1.8586662918096408e-05,0.30183234214782717,-0.3019265443086624,2.2291325876722112e-05,0.30191823542118074,-0.10196245759725571,-0.07738941162824631,0.001238981133792549
dt_0.25_ms,15120,3.7800000000000002,307461,0.0,True,0.00017220804875250906,0.0003096041618846357,0.0003657418128568679,0.0005164264701306827,0.0006183336139656607,0.0039770398288965225,0.00023178654974129875,5.372500464097557e-08,0.01,3075,0.0009295915352650047,0.0005164459580555558,0.0039770398288965225,-0.0007812894184403339,0.0006164169374214981,-0.05270675613911164,0.3675654519592139,0.4221647006552863,0.9684552845528456,0.34146341463414637,0.4175609756097561,0.0,-0.30185239017009735,-2.0184163076919504e-05,0.30183234214782717,-0.30193846523761747,5.187011629459448e-05,0.30191928148269653,-0.10196841806173325,-0.07247256487607956,0.0012454026029445225
dt_0.25_ms,15160,3.79,307461,0.0,True,0.00017208770441357046,0.00030924315797165036,0.0003653218154795468,0.0005159832304343584,0.0006165685539599509,0.0039344849064946175,0.0002315026107243962,5.359345877221132e-08,0.01,3075,0.0009274413333486433,0.0005159881548024714,0.0039344849064946175,-0.0006525848086788371,0.0005257661710809741,-0.052328146894469976,0.36736750234259324,0.4221647006552863,0.968780487804878,0.33951219512195124,0.4224390243902439,0.0,-0.30185239017009735,-2.0249683075235225e-05,0.30183234214782717,-0.30194421112537384,5.194679761189036e-05,0.30191928148269653,-0.1019667588174343,-0.07247249037027359,0.0012518240720964962
dt_0.25_ms,15200,3.8000000000000003,307461,0.0,True,0.00017196555563714355,0.00030890636844560504,0.0003648226847872138,0.0005153824575245398,0.0006156159332022095,0.004012778401374817,0.0002313101357911963,5.3504378919741675e-08,0.01,3075,0.0009262323601936118,0.0005154286627657712,0.004012778401374817,-0.0002740944279035992,0.0007009932600295742,-0.05192783157934616,0.3670066663877257,0.4221542378740122,0.9697560975609756,0.3385365853658537,0.42796747967479676,0.0,-0.30185239017009735,-1.7319616745226085e-05,0.30183234214782717,-0.30194713473320006,5.2575618610717356e-05,0.30191928148269653,-0.10197271928191184,-0.07246735692024231,0.0012583981733769174
dt_0.25_ms,15240,3.81,307461,0.0,True,0.00017177492554765195,0.0003085281641688198,0.0003643271920736879,0.0005148494383320222,0.0006152865011245025,0.003976381383836269,0.0002310590473815996,5.338828337689229e-08,0.01,3075,0.0009248377677484802,0.0005148740601725876,0.003976381383836269,-4.5903299308897326e-05,0.0005572351779515678,-0.05167000504580659,0.3667642754357241,0.4221542378740122,0.9697560975609756,0.33723577235772356,0.43121951219512195,0.0,-0.30185239017009735,-1.3166180906409863e-05,0.30183234214782717,-0.30194713473320006,5.263928323984146e-05,0.30191928148269653,-0.10197853147983552,-0.0724668949842453,0.0012650939635932442
dt_0.25_ms,15280,3.8200000000000003,307461,0.0,True,0.00017155207751784474,0.00030817106016911566,0.0003639774222392589,0.0005146450130268953,0.0006138704775366976,0.00393342413008213,0.00023075681517078955,5.3248707747765925e-08,0.01,3075,0.0009230365999217138,0.0005147008923813701,0.00393342413008213,0.001779986237761921,3.575499509339367e-05,-0.05129209877504793,0.36655392685906946,0.4221542378740122,0.9710569105691057,0.336260162601626,0.43609756097560975,0.0,-0.30185239017009735,0.004982741549611092,0.30183234214782717,-0.30194713473320006,2.344803033338394e-05,0.30191928148269653,-0.10198448970913887,-0.07246524840593338,0.0012717901729047295
dt_0.25_ms,15320,3.83,307461,0.0,True,0.00017136716633103788,0.00030787623836658895,0.00036370387533679605,0.0005144303315319123,0.0006133231916464871,0.0038933102041482925,0.00023046975751334927,5.311630912826201e-08,0.01,3075,0.0009213352273218334,0.0005144372116774321,0.0038933102041482925,0.0015287380249440954,0.00035454062619124684,-0.05093837906548761,0.36619543734849425,0.4220977536738592,0.9707317073170731,0.33528455284552844,0.44130081300813007,0.0003252032520325203,-0.30185239017009735,0.004982741549611092,0.30183234214782717,-0.30194713473320006,5.178173159947619e-05,0.30191928148269653,-0.10198858827352524,-0.07245764881372452,0.0012784863822162147
dt_0.25_ms,15360,3.84,307461,0.0,True,0.00017126923194155097,0.00030762937967665493,0.0003633502929005772,0.0005139811430126432,0.0006131403089966626,0.0038778430316597223,0.0002302778847883748,5.302790422260801e-08,0.01,3075,0.0009198370735100433,0.0005139918648637831,0.0038778430316597223,0.001325029828418426,0.0007566309152538289,-0.05056692135412382,0.36537678323393696,0.4220977536738592,0.9694308943089431,0.3343089430894309,0.4461788617886179,0.001951219512195122,-0.30185239017009735,0.004982002079486847,0.30183234214782717,-0.30194713473320006,5.23199669260066e-05,0.30191928148269653,-0.10199255347251893,-0.07245326042175293,0.0012851825915277
dt_0.25_ms,15400,3.85,307461,0.0,True,0.00017120459233410656,0.0003074816195294261,0.000362915190635249,0.0005138372885994613,0.0006130003195721659,0.0038524207193404436,0.00023014013514577057,5.296448180491354e-08,0.01,3075,0.0009188593656952849,0.0005138380220159888,0.0038524207193404436,0.00018661258545607114,0.0006140979407809493,-0.050094833230917776,0.3650578081531283,0.4220977536738592,0.9700813008130081,0.33170731707317075,0.45203252032520325,0.001951219512195122,-0.30185239017009735,-7.604137408634415e-06,0.30183234214782717,-0.30194713473320006,5.238262747297995e-05,0.30191928148269653,-0.10199535116553307,-0.072445809841156,0.0012918788008391855
dt_0.25_ms,15440,3.86,307461,0.0,True,0.00017102913989219815,0.00030732896993868053,0.00036271120188757777,0.0005136193591170016,0.0006124343257397413,0.0038202027790248394,0.00022994011189734977,5.2872455059365735e-08,0.01,3075,0.0009175322104502863,0.0005136276013217866,0.0038202027790248394,0.00037017359942138884,0.0010551874669064956,-0.049749991086006876,0.36477603440809286,0.4220977536738592,0.9700813008130081,0.3307317073170732,0.45658536585365855,0.001951219512195122,-0.30185239017009735,2.9343577807594556e-06,0.30183234214782717,-0.30194713473320006,0.005032463930547237,0.30191928148269653,-0.1019994117319584,-0.07243815064430237,0.0012986134155653416
dt_0.25_ms,15480,3.87,307461,0.0,True,0.0001709253410808742,0.00030709136626683176,0.00036241437192074955,0.0005135410930961398,0.0006121639336925001,0.0038181303534656763,0.0002298189665189567,5.2816757371841344e-08,0.01,3075,0.0009169885597373473,0.0005136117106303573,0.0038181303534656763,0.0016964603017169896,0.0012213617034859726,-0.04930718844077868,0.36412866202984606,0.4220977536738592,0.9704065040650407,0.328130081300813,0.46178861788617886,0.002926829268292683,-0.30185239017009735,0.004982002079486847,0.30183234214782717,-0.30194713473320006,0.005032689310610294,0.30191928148269653,-0.10200239196419716,-0.07241597026586533,0.0013053561910055576
dt_0.25_ms,15520,3.88,307461,0.0,True,0.00017080253746826202,0.0003070063248742372,0.0003621914074756205,0.0005134583218023184,0.0006112724484410142,0.0037837389390915632,0.00022962042418258572,5.272553920179059e-08,0.01,3075,0.000915591627060307,0.0005134643288329244,0.0037837389390915632,0.0016675431356386655,0.001110921816945766,-0.04904426971175973,0.363860726706642,0.4220977536738592,0.9700813008130081,0.3265040650406504,0.46471544715447155,0.0032520325203252032,-0.30185239017009735,0.004981956444680691,0.30183234214782717,-0.30194713473320006,0.005032463930547237,0.30191928148269653,-0.10200669541954994,-0.06737371534109116,0.0013120989664457737
dt_0.25_ms,15560,3.89,307461,0.0,True,0.00017079876852221787,0.0003068188962060958,0.0003618085174821317,0.0005126680829562253,0.0006111123133450765,0.0043402244336903095,0.00022985388284217122,5.283280745762257e-08,0.01,3075,0.0009168955235651172,0.0005126839387230575,0.0043402244336903095,-0.0014095261402879379,0.002132331245582064,-0.04836159407508529,0.36318902103429596,0.4220141335078808,0.9717073170731707,0.3252032520325203,0.4734959349593496,0.0035772357723577236,-0.30185239017009735,-2.097746437357273e-05,0.30183234214782717,-0.30194713473320006,0.00506167346611619,0.30191928148269653,-0.10201265588402748,-0.06734313815832138,0.001318868389353156
dt_0.25_ms,15600,3.9,307461,0.0,True,0.00017076342192012817,0.00030667922692373395,0.00036139454459771514,0.0005129703553393497,0.0006113829032983645,0.004269656725227833,0.00022969732585756227,5.276086150611515e-08,0.01,3075,0.0009158999695843919,0.0005130068166181445,0.004269656725227833,-0.0007754884118543767,0.0008948660718017085,-0.04788172681309563,0.36316846157022287,0.4220141335078808,0.9733333333333334,0.32227642276422763,0.479349593495935,0.0032520325203252032,-0.30185239017009735,-1.9245944713475183e-05,0.30183234214782717,-0.30194713473320006,0.004983068443834782,0.30191928148269653,-0.10201861634850502,-0.06733490526676178,0.0013256229925900699
dt_0.25_ms,15640,3.91,307461,0.0,True,0.0001706701295915991,0.0003065903438255191,0.00036124687176197767,0.0005133248516358443,0.0006116512755397742,0.004256865940988064,0.0002295919600976777,5.271246814149363e-08,0.01,3075,0.0009156136347995541,0.0005133465747348964,0.004256865940988064,4.6893808670633955e-05,-0.0005386842854481133,-0.04770298977255655,0.3634642041407488,0.4220141335078808,0.9752845528455285,0.3203252032520325,0.48065040650406504,0.0022764227642276423,-0.30185239017009735,-1.3711260180571117e-05,0.30183234214782717,-0.30194713473320006,2.1956042473902926e-05,0.30191928148269653,-0.10202457681298256,-0.06732165813446045,0.0013323058024980127
dt_0.25_ms,15680,3.92,307461,0.0,True,0.00017047618166543543,0.00030647905077785254,0.000361083511961624,0.0005136047257110487,0.000611999520333489,0.004193741362541914,0.0002294285897165249,5.2637477779313523e-08,0.01,3075,0.0009150540424942425,0.0005136337131261826,0.004193741362541914,0.0016049268285356758,-0.001177258244270866,-0.047608624188242694,0.36339428814325303,0.4220141335078808,0.9752845528455285,0.31869918699186994,0.4819512195121951,0.0022764227642276423,-0.30185239017009735,0.004981613717973232,0.30183234214782717,-0.30194713473320006,-1.90931859833654e-06,0.30191928148269653,-0.1020305372774601,-0.06732559204101562,0.001339033246040344
dt_0.25_ms,15720,3.93,307461,0.0,True,0.00017037057841662318,0.00030648265965282917,0.00036100720171816647,0.0005137263447977606,0.0006119898927863704,0.004135445225983858,0.0002293405923448327,5.259710729707874e-08,0.01,3075,0.0009147283316181019,0.0005137340631335974,0.004135445225983858,0.0018962309569405618,-0.0006251443903151884,-0.04746233253142554,0.36316791412545546,0.4220141335078808,0.975609756097561,0.3177235772357724,0.4835772357723577,0.0026016260162601626,-0.30185239017009735,0.004981956444680691,0.30183234214782717,-0.30194713473320006,2.1664911400876008e-05,0.30191928148269653,-0.10203649774193764,-0.0673295333981514,0.0013457620516419409
dt_0.25_ms,15760,3.94,307461,0.0,True,0.0001703736197669059,0.0003065098717343062,0.0003610268759075552,0.000514239980839193,0.0006126942927949148,0.004138796590268612,0.0002293135956062133,5.2584725129849925e-08,0.01,3075,0.0009142972759682897,0.0005142413428984582,0.004138796590268612,0.0020629304565109047,-0.0015060898632434211,-0.047383669214607106,0.3631498973568196,0.42207232516756815,0.9759349593495935,0.3167479674796748,0.4845528455284553,0.0026016260162601626,-0.30185239017009735,0.004981956444680691,0.30183234214782717,-0.30194713473320006,-4.852772235608427e-06,0.30191928148269653,-0.10204245820641518,-0.06732930988073349,0.0013526573427952823
dt_0.25_ms,15800,3.95,307461,0.0,True,0.00017033520271070302,0.0003064476477447897,0.0003607585094869137,0.0005132985883392437,0.000611042894888671,0.004210524260997772,0.00022951861504196978,5.2678794650783915e-08,0.01,3075,0.0009156863940728268,0.0005134099628776312,0.004210524260997772,0.004795959072351112,-0.0008891419880685904,-0.046789799227665095,0.36230362541852973,0.4219877400505001,0.9772357723577236,0.3151219512195122,0.4920325203252032,0.0035772357723577236,-0.30185239017009735,0.009986638091504574,0.30183234214782717,-0.30194713473320006,1.192845229525119e-05,0.30191928148269653,-0.10204841867089272,-0.06222615763545036,0.0013595817261375484
dt_0.25_ms,15840,3.96,307461,0.0,True,0.00017022396787069738,0.000306506670312956,0.00036051671486347914,0.0005141687463037677,0.0006118461373262113,0.004185532219707966,0.0002294109433613366,5.262938093393839e-08,0.01,3075,0.0009153003918908051,0.0005141852307133377,0.004185532219707966,0.003931894212100889,-0.001994405531369359,-0.04652991317412286,0.36242309474545176,0.4219786633808623,0.9782113821138212,0.31414634146341464,0.49560975609756097,0.0032520325203252032,-0.30185239017009735,0.004999442957341671,0.30183234214782717,-0.30194713473320006,-0.004983051680028439,0.30191928148269653,-0.10205437913537026,-0.06221022829413414,0.0013665070524439215
dt_0.25_ms,15880,3.97,307461,0.0,True,0.00017023061809595674,0.0003064519842155278,0.00036016490776091814,0.0005144575145095587,0.0006118904275354006,0.004127101972699165,0.00022936848111402685,5.2609900128555686e-08,0.01,3075,0.0009150992002247311,0.0005144589813426137,0.004127101972699165,0.002087343131827329,-0.003553345115009713,-0.046418536863653215,0.36227788499079927,0.4220141335078808,0.9769105691056911,0.312520325203252,0.49691056910569104,0.003902439024390244,-0.30185239017009735,0.004982346203178167,0.30182566642761227,-0.30194713473320006,-0.009982976131141186,0.30191928148269653,-0.1020603395998478,-0.0622098483145237,0.001373436953872442
dt_0.25_ms,15920,3.98,307461,0.0,True,0.0001702270528767258,0.0003063865297008306,0.0003599857445806265,0.0005147137213498373,0.0006127111439127492,0.0040726326406002045,0.0002292810640264562,5.256980632110391e-08,0.01,3075,0.0009145754515534131,0.0005147605552338064,0.0040726326406002045,0.0014937024576160021,-0.004490967562893881,-0.046336549218380596,0.36225413108808485,0.42201897373197417,0.9775609756097561,0.312520325203252,0.4978861788617886,0.0035772357723577236,-0.30185239017009735,0.004980928730219603,0.30182566642761227,-0.30194713473320006,-0.01000739075243473,0.30191928148269653,-0.10206630006432534,-0.06221417710185051,0.0013802635483443737
dt_0.25_ms,15960,3.99,307461,0.0,True,0.00017024135740939528,0.0003065032360609621,0.00036006959271617234,0.0005151257733814432,0.0006128718610852982,0.004020114429295063,0.0002291967431289835,5.2531147060933254e-08,0.01,3075,0.0009136567383292851,0.0005151589866727591,0.004020114429295063,0.0010853297220258288,-0.004601753797211072,-0.046298028511303754,0.36230771796202765,0.42202490582054397,0.9778861788617886,0.31154471544715445,0.49853658536585366,0.0032520325203252032,-0.30185239017009735,4.482332769839559e-06,0.30182566642761227,-0.30194713473320006,-0.01497795432806015,0.30191928148269653,-0.10207226052880287,-0.06217895820736885,0.001387040875852108
dt_0.25_ms,16000,4.0,307461,0.0,True,0.0001701909932307899,0.00030652846908196807,0.00036033804644830525,0.0005157023901119832,0.000613014138070867,0.004011353477835655,0.000229150833740279,5.251010460386499e-08,0.01,3075,0.0009132216432192401,0.000515712657943368,0.004011353477835655,0.00013420119870020947,-0.004905640955991798,-0.0462275836969881,0.3620558723878866,0.4220308380257097,0.9772357723577236,0.3105691056910569,0.4991869918699187,0.003902439024390244,-0.30185239017009735,-8.68796541908523e-06,0.30182566642761227,-0.30194713473320006,-0.01497795432806015,0.30191928148269653,-0.10207822099328041,-0.05710035189986229,0.0013937293202616273
dt_0.125_ms,1,0.000125,307461,0.0,False,0.0001905184908537194,0.0019031261326745152,0.001942005823366344,0.0027694300748407844,0.002850366570055485,0.003879314288496971,0.0009719855127707578,9.44755837036233e-07,0.01,3075,0.0029182168542278733,0.0027694376185536385,0.003879314288496971,-9.437423548202728e-05,9.435463768823399e-05,-0.09240617764916846,0.3452615694613004,0.41401636510163253,0.8312195121951219,0.7466666666666667,0.0,0.0,-0.30015724897384644,-2.656861624927842e-06,0.30015728771686556,-0.3001557379961014,4.967679956280335e-07,0.3001555293798447,-0.10008462741971016,-0.0901283398270607,-0.0850851871073246
dt_0.125_ms,80,0.01,307461,0.0,False,0.016669094562530518,0.019477950409054756,0.0198801402002573,0.020344698429107667,0.020459911786019802,0.020995361730456352,0.01649863597546861,0.000272204989051027,0.01,3075,0.0205138470268831,0.02034471184015274,0.020995361730456352,0.00018067763133281116,-0.00044915291473148313,-0.06172184703674743,0.34058943180857515,0.38213380992708945,0.0,0.0,0.0,0.0,-0.27017532885074613,-1.1015126801794395e-06,0.2701752930879593,-0.27017456889152525,-0.07500666379928589,0.2701748698949814,-0.07016014009714126,-0.060149576514959335,-0.055080321803689006
dt_0.125_ms,160,0.02,307461,0.0,False,0.024273956194519997,0.033534128218889236,0.03543499857187271,0.03721876889467239,0.037444538995623604,0.037873927503824234,0.024928865471181044,0.0006214483336802424,0.01,3075,0.03747498944522889,0.037218786776065826,0.037873927503824234,0.0014867521498686666,-0.0002189083476134432,-0.00031820980725976507,0.20826183383631056,0.26883625173316766,0.0,0.0,1.0,0.0,-0.19508523643016815,0.014983518980443478,0.19508535116910936,-0.19507814645767213,-0.024996323511004448,0.19507945477962493,-0.0003369817975908518,-0.00031727756140753627,-0.0003055598383070901
dt_0.125_ms,240,0.03,307461,0.0,False,0.025740109384059906,0.03578770533204079,0.03735388442873955,0.039029120653867724,0.039281060174107554,0.039721470326185226,0.026345911021686506,0.0006941070275626224,0.01,3075,0.03930969479970816,0.03902921453118324,0.039721470326185226,0.0015456667680900235,-0.0005231145024299622,-0.0007178959258021863,0.18604683178842674,0.24618317093259431,0.0,0.0,1.0,0.0,-0.17512165158987045,0.014982557855546474,0.17512207180261613,-0.18011874854564666,-0.024992359802126884,0.18011940270662308,-0.0007325052400119602,-0.0007173424819484353,-0.0007063923287205399
dt_0.125_ms,320,0.04,307461,0.0,False,0.019415050745010376,0.023759102448821068,0.024213474243879318,0.024611946195364,0.02471830565482378,0.024925224483013153,0.018837638923595124,0.0003548566402157461,0.01,3075,0.024734831409362272,0.024611985310912132,0.024925224483013153,0.001599716530219326,-0.001226261064289062,-0.0016757681392648113,0.16560119507143342,0.2238454057019756,0.0,0.0,1.0,0.0,-0.16014904379844666,0.029992561787366867,0.16015063226222992,-0.1601546213030815,-0.04501192644238472,0.16015522927045822,-0.006018848018720746,-0.0010388087248429656,-0.0010280048940330745
dt_0.125_ms,400,0.05,307461,0.0,False,0.00589817063882947,0.007283570244908333,0.007632596883922815,0.008326352573931224,0.008467739075422288,0.008989251218736172,0.0060530771234784675,3.663974266277836e-05,0.01,3075,0.00849601738215462,0.008326509036123753,0.008989251218736172,0.00010435963549265047,0.000633152912302715,-0.05309725493132099,0.3904106223873616,0.41087468327339605,0.3795121951219512,0.005203252032520325,0.0,0.0,-0.2905118465423584,0.24528510868549347,0.29051198363304137,-0.29050072729587556,0.24528434872627258,0.29050027430057523,-0.08070598766207696,-0.050787974148988724,-0.030753905326128005
dt_0.125_ms,480,0.06,307461,0.0,False,0.007665479555726051,0.014980479143559933,0.016416797414422035,0.018070696294307707,0.01839677449315787,0.0186600498855114,0.009309802449110647,8.667242164146661e-05,0.01,3075,0.01837816281653032,0.018070705235004425,0.0186600498855114,-1.1672637870482618e-05,9.357406703012578e-06,-0.002151101829514392,0.08332617839108421,0.13480082595372983,0.0,0.0,1.0,0.41983739837398376,-0.1051300548017025,-1.69878092037834e-06,0.10513054057955742,-0.1051286742091179,4.64730902649535e-07,0.10513469949364662,-0.006059366278350353,-0.0010880400659516454,-0.0010695441626012326
dt_0.125_ms,560,0.07,307461,0.0,False,0.016783805564045906,0.027147075161337852,0.02914377860724926,0.03153494447469712,0.03208516091108323,0.033158961683511734,0.018177602311411904,0.0003304252257918474,0.01,3075,0.03214772206981008,0.03153500705957413,0.033158961683511734,-5.412269685699936e-05,-0.00014694156088993868,-0.0032820487980223527,0.06946968488043033,0.11524369851896721,0.0,0.0,0.9180487804878049,0.5196747967479675,-0.09010353833436965,-1.292041588385473e-06,0.09010554626584052,-0.0851113848388195,6.615855454583652e-07,0.08511289432644845,-0.010787806659936904,-0.0008292607381008565,-0.0008015597239136695
dt_0.125_ms,640,0.08,307461,0.0,False,0.01893102191388607,0.028410479426383972,0.030230773612856865,0.032444635033607484,0.032929742336273195,0.03389258310198784,0.019721245063633756,0.00038892750685989884,0.01,3075,0.03299856759304923,0.03244465962052345,0.03389258310198784,-8.507284486021192e-05,-3.1360162025570726e-05,-0.003690381418436584,0.06480843109026392,0.10605183528137475,0.0,0.0,0.8478048780487805,0.5899186991869919,-0.08007850721478463,-1.2719499409286072e-06,0.08007901012897492,-0.08008477315306664,7.616924904141342e-07,0.08008581027388573,-0.01046153586357832,-0.0005009532324038446,-0.00045622776669915763
dt_0.125_ms,720,0.09,307461,0.0,False,0.013812241144478321,0.019132956862449646,0.020035970956087112,0.021063781157135964,0.0212626526132226,0.021634628996253014,0.013812876327014657,0.0001907955524254019,0.01,3075,0.021295488404670382,0.021063804626464844,0.021634628996253014,-0.00010948266725207868,-0.00018266578177299884,-0.004054729023577297,0.06219939185209145,0.09715975286614745,0.0,0.0,0.7866666666666666,0.6426016260162601,-0.07504846900701523,-1.2662590052059386e-06,0.07504856809973717,-0.07505501732230187,7.071775485201215e-07,0.07505614832043647,-0.010191395040601492,-0.0051730903796851635,-0.00017108263564296068
dt_0.125_ms,800,0.1,307461,0.0,False,0.0035455587785691023,0.004194475244730711,0.00428166426718235,0.004393337480723858,0.00441779806278646,0.0045138169080019,0.0033429397504440303,1.1175246175098795e-05,0.01,3075,0.004423003805937563,0.004393341951072216,0.0045138169080019,-0.0005291318505760131,-0.0031540651243876635,-0.018062308851972117,0.30810459998587303,0.33988208049439317,0.0,0.0,0.2461788617886179,0.0,-0.24029884189367295,-0.17015254497528076,0.24029338955879212,-0.2402810722589493,-0.1751721054315567,0.24028256982564927,-0.03535578697919846,-0.020353978499770164,-0.00039164626796264204
dt_0.125_ms,880,0.11,307461,0.0,False,0.006869329605251551,0.012760655954480171,0.014232377521693707,0.016333188861608505,0.01686301548033956,0.017915034666657448,0.0082323853455658,6.777216847788655e-05,0.01,3075,0.016940120828103245,0.016333194449543953,0.017915034666657448,1.7422341965849603e-05,-4.9166388938698864e-05,-0.0032484894914446565,0.06538818124626539,0.10752561286562168,0.0,0.0,0.8565853658536585,0.5811382113821139,-0.08004169538617134,-9.794208608582267e-07,0.08004233166575432,-0.08005129247903824,8.129113098220841e-07,0.08005290478467941,-0.010139541141688824,-0.00018293353787157685,-0.00013728913036175074
dt_0.125_ms,960,0.12,307461,0.0,False,0.014458331279456615,0.023034263402223587,0.024968048557639122,0.027419691160321245,0.027989269234240062,0.029129300266504288,0.015715262526235823,0.0002469694762685119,0.01,3075,0.028082130055844298,0.027419907972216606,0.029129300266504288,-0.00016811293061964793,-3.2890395463108615e-05,-0.003805850154769463,0.06381441708187842,0.10411345897809085,0.0,0.0,0.8247154471544715,0.6130081300813008,-0.08005169555544853,-1.5306803788917023e-06,0.08005189672112464,-0.08006253838539124,8.083940770120535e-07,0.08006417453289032,-0.010370507556945085,-0.0053661479614675045,-0.00037955063744448124
dt_0.125_ms,1040,0.13,307461,0.0,False,0.016533654183149338,0.02412400394678116,0.025717029348015785,0.027539713680744173,0.027919520996511,0.02860390767455101,0.017148685646640474,0.000294077419407293,0.01,3075,0.02796263175282052,0.027539778500795364,0.02860390767455101,6.289428203799606e-05,-0.00016148805453815478,-0.004669249014099833,0.06079251802022578,0.09870455438944224,0.0,0.0,0.7775609756097561,0.6578861788617886,-0.07506054937839508,-5.5604152748856e-07,0.07506174817681313,-0.07507241442799568,7.543579840785242e-07,0.07507389187812805,-0.010658694244921208,-0.005662053823471069,-0.0006765104713849724
dt_0.125_ms,1120,0.14,307461,0.0,False,0.012809943407773972,0.01620139367878437,0.016786426305770874,0.017257367074489594,0.017306300438940526,0.017357848584651947,0.012429313909225616,0.00015448784425406935,0.01,3075,0.017304442373475407,0.017257384955883026,0.017357848584651947,0.000956353125147947,-0.0004009104003356811,-0.009538002328576172,0.05418786337974424,0.08507843614123012,0.0,0.0,0.40195121951219515,0.8003252032520325,-0.06004684567451477,9.232032880390761e-07,0.06505082771182061,-0.07006328329443931,6.643369943049038e-07,0.06506141349673271,-0.015881970524787903,-0.010887367650866508,-0.0009126836957875639
dt_0.125_ms,1200,0.15,307461,0.0,False,0.004027002025395632,0.005477729719132185,0.0057787043042480946,0.006154657807201148,0.0062380516435951,0.006399311125278473,0.0041493562637401026,1.7217157403439225e-05,0.01,3075,0.006246615531967908,0.00615467457100749,0.006399311125278473,0.0015517472154725858,0.0023462131934437326,-0.0324083438046216,0.36474280241220425,0.3864188540775413,0.0,0.0,0.0,0.0,-0.27543761730194094,0.22531059384346008,0.275469645857811,-0.27542770504951475,0.2253178507089615,0.27542881965637206,-0.04592672884464264,-0.030931370332837105,-0.015888628736138343
dt_0.125_ms,1280,0.16,307461,0.0,False,0.004044588655233383,0.010105098597705364,0.011669029481709003,0.013761000521481038,0.014249730948358776,0.015133770182728767,0.0059292128835650715,3.515556541863403e-05,0.01,3075,0.014299889601221898,0.013761026784777641,0.015133770182728767,-0.0002234238845005944,2.5679674333232692e-05,-0.003992075669594352,0.06563373010284988,0.10745351913942121,0.0,0.0,0.863739837398374,0.5739837398373984,-0.08006541356444359,-1.854161041592306e-06,0.08006520271301269,-0.08507654815912247,7.790858376210963e-07,0.0850779727101326,-0.010915799345821143,-0.0009480768349021673,-0.0009256439167074859
dt_0.125_ms,1360,0.17,307461,0.0,False,0.01046673208475113,0.018536094576120377,0.02031050994992256,0.022504164651036267,0.022984521836042406,0.023860720917582512,0.011999248392913787,0.0001439819619948441,0.01,3075,0.02304116998806717,0.02250429429113865,0.023860720917582512,-0.0001290243431489927,-1.0107844135452607e-05,-0.003981913432452404,0.06467070903175998,0.10555828866771187,0.0,0.0,0.8461788617886179,0.5915447154471545,-0.0800556130707264,-1.33142225422489e-06,0.08005572333931923,-0.08006645292043686,7.848364020901499e-07,0.0800681583583355,-0.01072762394323945,-0.0007621888653375208,-0.0007249651302117854
dt_0.125_ms,1440,0.18,307461,0.0,False,0.012557928450405598,0.019686372950673103,0.021069210022687912,0.022616746649146084,0.02292731385678053,0.023437820374965668,0.013406738783316465,0.00017974064480408186,0.01,3075,0.022949911121551585,0.022616853937506676,0.023437820374965668,-0.00010131436508072234,-8.659859063443048e-05,-0.0036082004941621324,0.06541957916592456,0.10656516255105884,0.0,0.0,0.8630894308943089,0.5746341463414634,-0.0800560936331749,-1.3112913848090102e-06,0.0800563007593155,-0.08006531223654748,7.957534648994624e-07,0.0800662875175476,-0.010492341965436936,-0.0005267029046081007,-0.00048174697731155906
dt_0.125_ms,1520,0.19,307461,0.0,False,0.009858847595751286,0.013834075070917606,0.014325526542961597,0.014647804573178292,0.014677048381417989,0.014729768969118595,0.009915173984833221,9.831067514951351e-05,0.01,3075,0.014679032916400006,0.014647810719907284,0.014729768969118595,7.810901037191151e-05,-0.0011426620714184664,-0.0019707275828634335,0.09523400569368606,0.13298153229967588,0.0,0.0,1.0,0.19317073170731708,-0.115104591101408,-7.417894494210486e-07,0.1116082184016691,-0.09509554207324981,-7.935093435662566e-07,0.09509188681840897,-0.0053290519397705795,-0.0003409061173442751,-0.0002939951518783346
dt_0.125_ms,1600,0.2,307461,0.0,False,0.003405059454962611,0.004651202820241451,0.0048791952431201935,0.005225169472396375,0.00531489751301706,0.00551560940220952,0.0034493826740997955,1.1898240832379855e-05,0.01,3075,0.005331027157665268,0.005225183442234993,0.00551560940220952,-0.0010163780101915686,-0.0023574699037443333,-0.004061579588030245,0.2991936556560173,0.33405230308681055,0.0,0.0,0.817560975609756,0.0,-0.2403949275612831,-0.15021370351314545,0.24039386659860612,-0.24039706736803054,-0.15022550523281097,0.24537523686885834,-0.010535920225083827,-0.005458764731884003,-0.0004609789233654738
dt_0.125_ms,1680,0.21,307461,0.0,False,0.0038320142775774,0.007757820188999176,0.00877684447914362,0.01025444567203522,0.010616519208997489,0.011313209310173988,0.0048745586890509025,2.376132241300165e-05,0.01,3075,0.010662506773340992,0.010254508815705776,0.011313209310173988,-0.00013719122778582698,-1.009774169890416e-05,-0.003211109711300218,0.06634849678854135,0.10978961440648051,0.0,0.0,0.8747967479674796,0.5629268292682926,-0.08008803427219391,-1.5505962664974504e-06,0.08008880764245987,-0.08510395362973214,8.215308753278805e-07,0.0851052850484848,-0.01025983076542616,-0.0002927405876107514,-0.0002562305104220286
dt_0.125_ms,1760,0.22,307461,0.0,False,0.00886753760278225,0.014690130017697811,0.01598336547613144,0.017619722709059715,0.017993206530809405,0.018713828176259995,0.009850635517077861,9.703502009031584e-05,0.01,3075,0.018044744229050187,0.017619743943214417,0.018713828176259995,2.7611135060609506e-06,-0.00010939499342941802,-0.003594939049628631,0.06502414382145053,0.10643676144375552,0.0,0.0,0.8494308943089431,0.5882926829268292,-0.08009341806173324,-1.0497924449737184e-06,0.08009432032704353,-0.08011096194386483,8.023990289984795e-07,0.08011205196380615,-0.010406990069895983,-0.0004386469954624772,-0.00041091304738074543
dt_0.125_ms,1840,0.23,307461,0.0,False,0.010580084286630154,0.015818752348423004,0.01686841808259487,0.0180348102003336,0.018269273079931737,0.018720855936408043,0.011107997268496494,0.00012338760331692558,0.01,3075,0.018307769901263034,0.018034877255558968,0.018720855936408043,5.3199430754369026e-05,-0.0003161528568436624,-0.00406015552264237,0.06371854477673397,0.10321236034278418,0.0,0.0,0.8211382113821138,0.6165853658536585,-0.08009035289287567,-6.334323074952408e-07,0.08009195178747178,-0.08010377809405327,6.708030468871584e-07,0.08010464757680893,-0.01059318073093891,-0.005591023713350296,-0.000603453756775707
dt_0.125_ms,1920,0.24,307461,0.0,False,0.008466811850667,0.01113602239638567,0.011543176136910915,0.011847775243222714,0.011882150452584029,0.011939490213990211,0.008348252843435077,6.969332553792185e-05,0.01,3075,0.011884078671171413,0.011847776360809803,0.011939490213990211,0.0007284989014682251,-0.0007768825197828434,-0.008909995141874514,0.05077855531029836,0.07834620325769652,0.0,0.0,0.45235772357723575,0.8816260162601626,-0.06005040854215622,2.6676275410864037e-07,0.06005336157977581,-0.0650667518377304,6.543388053614763e-07,0.06006483100354672,-0.015749222226440908,-0.01074481476098299,-0.0007605305523611605
dt_0.125_ms,2000,0.25,307461,0.0,False,0.0032580129336565733,0.0038983121048659086,0.004037721082568169,0.0042286048643291,0.004265686497092247,0.0043345228768885136,0.003157099428808352,9.967276803382022e-06,0.01,3075,0.004269379530011154,0.004228617995977402,0.0043345228768885136,-0.0022557462134012362,0.00668621304073954,-0.02077962823015282,0.3576742515723444,0.37928081428511856,0.0,0.0,0.12975609756097561,0.0,-0.2704078584909439,-0.22036373615264893,0.2704062551259995,-0.2704130858182907,0.22538506984710693,0.270415386557579,-0.035929860547184944,-0.02089913748204708,-0.005851417174562812
dt_0.125_ms,2080,0.26,307461,0.0,False,0.0026274637784808874,0.006420585792511702,0.007330476772040129,0.008521058410406122,0.008723681792616846,0.009015671908855438,0.0037625514088511234,1.4156793104247573e-05,0.01,3075,0.008764031229889006,0.008521291427314281,0.009015671908855438,1.9171398342138222e-05,-0.00022965918308367957,-0.002464096309916245,0.07738165504624625,0.12520300224140749,0.0,0.0,1.0,0.4377235772357724,-0.09507151469588279,-1.1375969961591181e-06,0.09507212042808533,-0.09508145675063133,4.862340574618429e-07,0.09508583098649978,-0.00578777096234262,-0.0008028634474612772,-0.0007869362249039114
dt_0.125_ms,2160,0.27,307461,0.0,False,0.006933264434337616,0.012006618082523346,0.013102473691105843,0.01442663334310055,0.014727763552218677,0.015186969190835953,0.007836040355400822,6.140352845147024e-05,0.01,3075,0.014746546009025438,0.014426683075726032,0.015186969190835953,-2.159251382507347e-05,-5.8756983361443575e-05,-0.0032105729362086914,0.0692393796727446,0.11288622033878085,0.0,0.0,0.9245528455284553,0.5131707317073171,-0.08504895344376565,-1.3404978744802065e-06,0.08504927009344102,-0.08506010919809341,8.103525601654837e-07,0.08506199195981026,-0.010661529563367366,-0.0006840864662081003,-0.0006621059670578689
dt_0.125_ms,2240,0.28,307461,0.0,False,0.008512747474014759,0.013168519362807274,0.01403009332716465,0.014979735948145391,0.015172649547457695,0.01547529548406601,0.009028751936099876,8.151836152362725e-05,0.01,3075,0.015186493936168954,0.0149797722697258,0.01547529548406601,-6.552920153031975e-05,-0.000203553636318019,-0.003276719197676313,0.06763250389788747,0.11085939180268953,0.0,0.0,0.9001626016260162,0.5375609756097561,-0.08504942432045937,-1.654902803238656e-06,0.08504969105124474,-0.08005905002355576,8.424458428635262e-07,0.08006006702780724,-0.010510953515768051,-0.000531689147464931,-0.0005041155556682498
dt_0.125_ms,2320,0.29,307461,0.0,False,0.0069773378781974316,0.009847051464021206,0.01018376462161541,0.010393394529819489,0.010422719083726406,0.010470891371369362,0.007038727720322092,4.9543687920830634e-05,0.01,3075,0.010424791120477324,0.010393395088613033,0.010470891371369362,0.0008758527092040397,-0.0017351493893650188,-0.0012674381418108214,0.12405825126601855,0.16401175477658497,0.0,0.0,1.0,0.006829268292682927,-0.14016970247030258,0.004997215233743191,0.1401714563369751,-0.12013000771403312,-0.004997794050723314,0.12013139501214028,-0.005405679205432534,-0.00041673300438560545,-0.0003850965265883133
dt_0.125_ms,2400,0.3,307461,0.0,False,0.003096882486715913,0.004271445795893669,0.0045084222219884396,0.004881591536104682,0.004980145581066611,0.005167115014046431,0.003130589352637271,9.800589694845847e-06,0.01,3075,0.004990255450905581,0.004881662782281637,0.005167115014046431,-0.000698892566246715,-0.0013774082185776253,-0.003008703991356192,0.27308071488357305,0.3137208977605646,0.0,0.0,0.927479674796748,0.0,-0.22545017153024674,-0.13019666075706482,0.2254491090774536,-0.22545777708292009,-0.1302088052034378,0.23043202459812165,-0.010513243544846774,-0.0005954534281045198,-0.00044866498501505703
dt_0.125_ms,2480,0.31,307461,0.0,False,0.002602239605039358,0.004719248972833157,0.005161869805306196,0.005756651796400549,0.005907444376498462,0.006055581849068403,0.003067592102661651,9.410121308312128e-06,0.01,3075,0.005904202537717131,0.005756697617471218,0.006055581849068403,0.00016572972285964753,-0.0015127940293130652,-0.0014178055371214613,0.08419309355926928,0.13813258391725214,0.0,0.0,1.0,0.3986991869918699,-0.10012728422880172,-2.1421615201688837e-06,0.10013100430369377,-0.11016994714736938,4.506586748220798e-08,0.11015358790755272,-0.005333536490797997,-0.0003545681247487664,-0.00032935827039182186
dt_0.125_ms,2560,0.32,307461,0.0,False,0.0056624822318553925,0.009020189754664898,0.009714423678815365,0.010582348331809044,0.010792570840567351,0.011152476072311401,0.006150261262235374,3.7825713593753055e-05,0.01,3075,0.01081449404994889,0.010582362301647663,0.011152476072311401,-8.030831123216708e-05,-0.0008256051769863132,-0.002667149229948144,0.0715446720880875,0.11656463420110591,0.0,0.0,0.9495934959349593,0.48813008130081303,-0.08511164933443069,-1.7920634718393558e-06,0.08511079177260399,-0.0901273436844349,6.109854098212963e-07,0.0901280663907528,-0.010411313548684121,-0.0004391115508042276,-0.0004183290438959375
dt_0.125_ms,2640,0.33,307461,0.0,False,0.00686677498742938,0.010050457902252674,0.010650986805558205,0.011309978738427163,0.011447724606841804,0.011690900661051273,0.0071123582305652995,5.0585639599889955e-05,0.01,3075,0.011461554069405164,0.011310022324323654,0.011690900661051273,0.00030875033838535874,-0.0008305230961747422,-0.0034165301923337202,0.06683276726187272,0.11018880801794645,0.0,0.0,0.8829268292682927,0.5547967479674797,-0.08510307744145393,-4.069646024618123e-07,0.08510746285319329,-0.08512098416686058,6.109462447057012e-07,0.08011901006102562,-0.010530389100313186,-0.0005538827390410006,-0.0005360694078262896
dt_0.125_ms,2720,0.34,307461,0.0,False,0.0055863200686872005,0.007454871200025082,0.007735013961791992,0.007908104360103608,0.007916618883609772,0.007948487997055054,0.005537670024664616,3.066578930206901e-05,0.01,3075,0.00791817027954309,0.007908104918897152,0.007948487997055054,0.00388830384842556,-0.0044237042610132124,-0.004985603576950062,0.07086590498125989,0.10643862396537282,0.0,0.0,0.688130081300813,0.519349593495935,-0.07007352411746978,0.004998023621737957,0.08008751496672631,-0.0901177741587162,-0.010003737173974514,0.08010668009519577,-0.010636144503951072,-0.005629397463053465,-0.0006374983815476299
dt_0.125_ms,2800,0.35000000000000003,307461,0.0,False,0.0024730784352868795,0.002991963177919388,0.0031120001804083586,0.0033097008708864455,0.0033647740026935945,0.0034954287111759186,0.002401203688478256,5.765779153561581e-06,0.01,3075,0.0033752090628523896,0.003309716237708926,0.0034954287111759186,0.001953398078922334,0.008645189908461842,-0.003823903304396,0.20895961209068661,0.2495845713820817,0.0,0.0,0.8504065040650407,0.0,-0.18034441620111466,0.09510339051485062,0.1803491473197937,-0.1753537878394127,0.10515116155147552,0.18034726083278657,-0.010709918942302466,-0.0007715170504525304,-0.0007086708210408688
dt_0.125_ms,2880,0.36,307461,0.0,False,0.0018494892865419388,0.004098174162209034,0.004603060428053141,0.0051591439172625556,0.005250831414014102,0.005437646992504597,0.002461194803099438,6.057479858803682e-06,0.01,3075,0.005267768524193425,0.005159169901162386,0.005437646992504597,-0.00026526761127681266,-0.001754982751586479,-0.0013372347379534892,0.12697980351613666,0.17828992753559927,0.0,0.0,1.0,0.05170731707317073,-0.13015515655279158,0.0050010643899440765,0.13015220016241075,-0.13016028553247452,-0.0050038788467645645,0.1301606371998787,-0.005676727695390582,-0.0006846542819403112,-0.0006693654286209494
dt_0.125_ms,2960,0.37,307461,0.0,False,0.004591755103319883,0.007644557394087315,0.008246498182415962,0.008978271670639516,0.009104713797569275,0.00927730556577444,0.0050613643396725345,2.561740897890879e-05,0.01,3075,0.009120317283502924,0.00897830631583929,0.00927730556577444,0.0005089644290033453,-0.0017899457857253412,-0.0021226560386707932,0.07931590106648329,0.13048875539284457,0.0,0.0,1.0,0.42634146341463414,-0.10007771551609039,6.462258284045674e-07,0.10008142814040184,-0.0950835295021534,-0.004995367955416441,0.09508400335907936,-0.0055945160333067175,-0.0006076539284549654,-0.0005922860174905509
dt_0.125_ms,3040,0.38,307461,0.0,False,0.005716677755117416,0.008588479831814766,0.009095304645597935,0.00967395454645157,0.00979278925806284,0.009980043396353722,0.005959925991571667,3.552071782501152e-05,0.01,3075,0.009812779535607594,0.00967398751527071,0.009980043396353722,0.0003966145147312573,-0.001581540834317683,-0.0022959777874667652,0.07658635972793199,0.12194556988465201,0.0,0.0,1.0,0.4377235772357724,-0.09506143108010293,-7.559994230632583e-08,0.09506442621350289,-0.09006582200527191,-2.2930761645056918e-07,0.08657272607087953,-0.005500569567084312,-0.0005108717596158385,-0.0004931339353788644
dt_0.125_ms,3120,0.39,307461,0.0,False,0.004791829269379377,0.006764847785234451,0.006994768977165222,0.007193879131227732,0.007217493699863553,0.007247643545269966,0.0048399647681008915,2.3425258956457918e-05,0.01,3075,0.007217179293161243,0.0071938964538276196,0.007247643545269966,0.001537080654152712,-0.002143505703883373,-0.0004360258938721949,0.13106909773610267,0.1749747239885188,0.0,0.0,1.0,0.03186991869918699,-0.15019556134939194,0.004996989853680134,0.15020496696233748,-0.13516917675733567,-0.0049971723929047585,0.1351701319217682,-0.0004671709088142961,-0.00043463881593197584,-0.00041027123806998135
dt_0.125_ms,3200,0.4,307461,0.0,False,0.002457000780850649,0.0034123705700039864,0.0035973552148789167,0.0038800043519586326,0.003959760442376137,0.004096698947250843,0.0024775866752687592,6.138435733469304e-06,0.01,3075,0.003967266906567705,0.0038800123147666454,0.004096698947250843,-0.0004234584536009688,-0.00025648796946052614,-0.0023891555142827423,0.2604663724643333,0.30501464502050846,0.0,0.0,0.9947967479674796,0.0,-0.22047494649887084,-0.11513794213533401,0.22047260105609895,-0.22048145681619644,-0.11516298353672028,0.22048651576042175,-0.005574462423101068,-0.0005726441158913076,-0.00044308651704341175
dt_0.125_ms,3280,0.41000000000000003,307461,0.0,False,0.0018158192979171872,0.003081141272559762,0.003296410199254751,0.0035457549616694476,0.003606595611199739,0.0037035467103123665,0.002054072999616516,4.219215887753591e-06,0.01,3075,0.00361216683902331,0.0035458162892609835,0.0037035467103123665,-0.001027248907622283,0.0014277893765185907,-0.0013045998723851895,0.20083775405758403,0.25866925580342703,0.0,0.0,1.0,0.0,-0.18538270741701127,-0.05503557622432709,0.1853821098804474,-0.18540243208408355,0.08510772138834,0.1854059189558029,-0.0054281530901789665,-0.00043541149352677166,-0.0003899815317708999
dt_0.125_ms,3360,0.42,307461,0.0,False,0.003621055278927088,0.005582790356129408,0.00592731824144721,0.00629941625520587,0.00641194311901927,0.00648627569898963,0.0038685889611997123,1.4965980550716271e-05,0.01,3075,0.0064002547413110735,0.006299416534602642,0.00648627569898963,0.0001964603222977321,-0.005109217638261302,-0.0010193275105268732,0.09373820146999276,0.14555972881805065,0.0,0.0,1.0,0.3073170731707317,-0.11016247719526291,-1.9265835362602957e-06,0.11514851376414299,-0.12018375098705292,-0.010006021708250046,0.11516939103603363,-0.005414423812180757,-0.00042892081546597183,-0.0004126538289710879
dt_0.125_ms,3440,0.43,307461,0.0,False,0.004404865670949221,0.0062832399271428585,0.0066109877079725266,0.006957838591188193,0.007017720537260176,0.007130555342882872,0.00450998469692684,2.033996196651428e-05,0.01,3075,0.007036341520374626,0.00695784529671073,0.007130555342882872,0.0005821684628737826,-0.0028411933443650735,-0.0021544227530191674,0.07728232825534896,0.12436406596422335,0.0,0.0,1.0,0.4377235772357724,-0.09512069001793862,-6.96674987921142e-07,0.09512431249022484,-0.09514063820242882,-0.004999076947569847,0.09013035595417022,-0.0054862767457962034,-0.000498481560498476,-0.0004829609009902924
dt_0.125_ms,3520,0.44,307461,0.0,False,0.0035963330883532763,0.004732413683086634,0.004897992126643658,0.005017022043466568,0.005027334438636899,0.00506491307169199,0.003548689029371346,1.2593193827180544e-05,0.01,3075,0.005029549092296662,0.005017029587179422,0.00506491307169199,0.004790129209213575,-0.008534729633099309,-0.003703397472873633,0.08159927979951322,0.11783451470858974,0.0,0.0,0.8143089430894309,0.36292682926829267,-0.08008099719882011,0.005000502802431583,0.09010735750198365,-0.10014049783349037,-0.02002224698662758,0.08511523902416229,-0.010554084833711386,-0.0005661261384375393,-0.0005461156368255615
dt_0.125_ms,3600,0.45,307461,0.0,False,0.0016227558953687549,0.002059266436845064,0.0021653464064002037,0.0023252449929714214,0.0023693401133641602,0.0024796626530587673,0.001612141298696592,2.598999566963135e-06,0.01,3075,0.002378157198398821,0.0023252719547599554,0.0024796626530587673,0.002865430349256934,0.011610038508244646,-0.0037847486326879846,0.1923134718742481,0.23161080207883836,0.0013008130081300813,0.0013008130081300813,0.8530081300813008,0.0,-0.17032828480005263,0.08008268475532532,0.1703336477279663,-0.16532390266656877,0.0951419547200203,0.16534334570169448,-0.010604333225637674,-0.0006505094934254885,-0.0005980941001325846
dt_0.125_ms,3680,0.46,307461,0.0,False,0.0012806341983377934,0.0027648776303976774,0.0030763247050344944,0.0034517749678343547,0.0035471661482006315,0.0037251790054142475,0.0016753576580312186,2.80682328232385e-06,0.01,3075,0.0035606463408718505,0.0034518041647970676,0.0037251790054142475,-0.001059779556301551,-0.0003402245923028729,-0.002119474434312736,0.16198195152841763,0.20552687172357187,0.0,0.0,1.0,0.0,-0.15024968832731248,-0.04503481835126877,0.1502479299902916,-0.1502655863761902,-0.04003920778632164,0.1502748593688011,-0.005589297506958246,-0.0005986266187392175,-0.0005780534236691892
dt_0.125_ms,3760,0.47000000000000003,307461,0.0,False,0.00302662025205791,0.004941627848893404,0.00530638312920928,0.005694862268865109,0.005768854357302189,0.0058853947557508945,0.0033047856107647072,1.092160793311746e-05,0.01,3075,0.005772056473888517,0.005694874562323093,0.0058853947557508945,-0.000750483221154872,-0.0023370891568386285,-0.0010738881245800636,0.12269520869865946,0.17517028448267638,0.0,0.0,1.0,0.09235772357723578,-0.13516385853290558,-0.015003176406025887,0.13016499876976012,-0.1251668378710747,-0.005002089776098728,0.12516749054193496,-0.005532330414280295,-0.0005387667915783823,-0.0005243046500254423
dt_0.125_ms,3840,0.48,307461,0.0,False,0.0037645448464900255,0.005544197745621204,0.005847176071256399,0.006177855748683216,0.006249478133395315,0.006296985782682896,0.0038815578264220045,1.5066491159857915e-05,0.01,3075,0.0062443411403252345,0.006177898496389389,0.006296985782682896,-8.500599532136144e-06,-0.0009141294862555922,-0.00047490508381724055,0.10620200329845526,0.16298567110629877,0.0,0.0,1.0,0.2188617886178862,-0.13015355318784713,-1.6345802578143775e-06,0.1301513522863388,-0.11514882743358612,4.436319045453274e-07,0.1151476688683033,-0.0004923730331938714,-0.0004736255796160549,-0.0004619306622771546
dt_0.125_ms,3920,0.49,307461,0.0,False,0.003157702973112464,0.004382968880236149,0.0045384569093585014,0.0046776171773672106,0.0047038758639246225,0.004743180703371763,0.003167336848529447,1.003202271205245e-05,0.01,3075,0.0047040824817751,0.004677631426602602,0.004743180703371763,0.00239054416715742,-0.001889274469095853,-0.0004592653414011153,0.17311210638548993,0.21353729347238193,0.0,0.0,1.0,0.0,-0.18032762855291368,0.009999933652579784,0.18033385574817656,-0.1652758687734604,-0.009993025101721287,0.1652988836169243,-0.0004855721374042332,-0.000445208337623626,-0.00041942706448026
dt_0.125_ms,4000,0.5,307461,0.0,False,0.001665435847826302,0.002331905299797654,0.0024657368194311857,0.002668331004679203,0.002726107533089817,0.0028431445825845003,0.0016915363060319166,2.861295074624102e-06,0.01,3075,0.0027326655795237398,0.002668332541361451,0.0028431445825845003,0.002887571524313795,0.0041739981276233025,-0.002680636218377972,0.27462816062555745,0.3181090087862323,0.0,0.0,0.9642276422764228,0.0,-0.2305131033062935,0.13020117580890656,0.2305159091949463,-0.23052427619695665,0.13525766134262085,0.23053915649652482,-0.00563995549455285,-0.0006088942755013704,-0.0004641921783331782
dt_0.125_ms,4080,0.51,307461,0.0,False,0.0012786854058504105,0.0020813969895243645,0.0022212110925465822,0.002405365323647857,0.0024474704638123516,0.0025279505643993616,0.0014169732220698531,2.0078131120630216e-06,0.01,3075,0.0024548045638191508,0.002405366161838174,0.0025279505643993616,-0.0008354543185815579,0.009352432050840642,-0.0017274066053209751,0.23490019603334264,0.2877686852514833,0.0,0.0,1.0,0.0,-0.20047672986984252,-0.08009054511785507,0.20047597885131835,-0.20549133718013762,0.12019900232553482,0.21049622744321822,-0.005506702093407511,-0.00048952701035887,-0.0004039984487462789
dt_0.125_ms,4160,0.52,307461,0.0,False,0.002350753406062722,0.00353354774415493,0.0037104198709130287,0.0038945764303207416,0.003935219533741475,0.003962201997637749,0.0024863535226639067,6.1819538396632185e-06,0.01,3075,0.003931746701066329,0.0038946205750107765,0.003962201997637749,0.0001303571402257091,-0.0031097365538367903,-0.0004270468920382209,0.1416754642097983,0.19460853695345962,0.0,0.0,1.0,0.004878048780487805,-0.1402198225259781,-1.8438854567648377e-06,0.14023312628269197,-0.15528049618005751,-0.014998441562056541,0.15026749074459075,-0.0004474906309042126,-0.0004256929678376764,-0.00041185124136973174
dt_0.125_ms,4240,0.53,307461,0.0,False,0.0027959991712123156,0.003894324181601405,0.004054740536957979,0.00419142134487629,0.004222011100500822,0.0042664953507483006,0.0028377640071175023,8.052904560091585e-06,0.01,3075,0.004222091958381054,0.004191423300653696,0.0042664953507483006,-0.000664660672717852,-0.014614000434434405,-0.0008089819133122702,0.11915851322693644,0.165790916878795,0.0,0.0,1.0,0.0767479674796748,-0.13018581122159958,-2.806773181873723e-06,0.13018874526023866,-0.13523402512073518,-0.03002949431538582,0.12520094811916352,-0.005455928109586239,-0.000461677263956517,-0.000448693658108823
dt_0.125_ms,4320,0.54,307461,0.0,False,0.002220167312771082,0.0028368434868752956,0.0029078044462949038,0.0029531428124755623,0.002960478467866778,0.002982821548357606,0.0021807182273248953,4.755531986987033e-06,0.01,3075,0.0029614187623336306,0.0029531472828239202,0.002982821548357606,-0.0005382812229194448,-0.03474397967629039,-0.006615768884747796,0.11878123914587337,0.15006189304643905,0.0,0.0,0.5645528455284553,0.0013008130081300813,-0.12015460953116416,-0.005002920050173998,0.12668668478727205,-0.12018909081816673,-0.07509376853704453,0.10013839155435562,-0.015510404668748378,-0.005497078876942396,-0.0004941349441651254
dt_0.125_ms,4400,0.55,307461,0.0,False,0.0009485037880949676,0.001191733404994011,0.0012576512526720762,0.0013679059920832515,0.0014022015850059695,0.002177632413804531,0.0009435870929624396,8.903566020053075e-07,0.01,3075,0.001426015368594629,0.0013679066905751824,0.002177632413804531,-0.0033579604388252506,0.005407191032801217,-0.027275323596521756,0.2484958809245031,0.41838715755543787,0.24390243902439024,0.10894308943089431,0.6269918699186992,0.0,-0.2959167093038559,-0.0901017114520073,0.2959189355373383,-0.2911793887615204,0.08511998504400253,0.2911841064691544,-0.0959972083568573,-0.005518093705177307,-0.000517270399723202
dt_0.125_ms,4480,0.56,307461,0.0,False,0.0008831574232317507,0.001886997721157968,0.0020969032775610685,0.0023538549896329657,0.0024271990871056917,0.0025647711008787155,0.0011507937367672926,1.3243262245828286e-06,0.01,3075,0.002435786398354827,0.0023538924288004637,0.0025647711008787155,0.0010795231078698383,0.002680421911361741,-0.0022394260785133556,0.16703358354300632,0.2092350909483392,0.0,0.0,0.9925203252032521,0.0,-0.15526799112558365,0.050029855221509933,0.15527110695838928,-0.150298173725605,0.055053360760211945,0.1552802711725235,-0.005517189437523484,-0.0005248980014584959,-0.0005019735777750612
dt_0.125_ms,4560,0.5700000000000001,307461,0.0,False,0.002007054165005684,0.003269556211307645,0.0035100991372019053,0.003766172844916583,0.003810718865133822,0.0039298986084759235,0.0021886888212904795,4.790358756441908e-06,0.01,3075,0.0038239009355808175,0.0037661900278180838,0.0039298986084759235,0.000420087283340896,0.0007316478722841418,-0.0014106914914512204,0.150280488408664,0.1956732458709485,0.0,0.0,1.0,0.0,-0.15021783262491226,0.035016775131225586,0.15021849423646927,-0.14021284133195877,9.441178576707898e-07,0.14023557901382447,-0.0054812152869999405,-0.00048594808322377503,-0.00047020670317579063
dt_0.125_ms,4640,0.58,307461,0.0,False,0.0024503853637725115,0.003598147537559271,0.003792145289480686,0.0039851292967796334,0.004019035911187531,0.004104972817003727,0.0025244632497814818,6.372914699497281e-06,0.01,3075,0.00402780052319896,0.003985154442489147,0.004104972817003727,5.054866395345549e-06,-0.0005409905734851103,-0.0011338995618753256,0.15529674075321784,0.20020421961662485,0.0,0.0,1.0,0.0,-0.16025546342134475,0.04001293331384659,0.1602552279829979,-0.1402116447687149,-0.004991903435438871,0.1402411311864853,-0.005442551244050265,-0.0004477417387533933,-0.0004305587353883311
dt_0.125_ms,4720,0.59,307461,0.0,False,0.0020419165957719088,0.0028051885310560465,0.0029056326020509005,0.0030137524474412214,0.003038953663781285,0.0030796444043517113,0.0020393834208672153,4.159084737308065e-06,0.01,3075,0.003039449422006927,0.0030137787107378244,0.0030796444043517113,0.00024095955902967995,-0.006856017655615874,-0.001164547646440929,0.19937570496328894,0.24011970227027632,0.0,0.0,1.0,0.0,-0.2004477173089981,0.08006783574819565,0.2004471778869629,-0.16182818412780753,-0.025014163926243782,0.16532708555459977,-0.005432295426726341,-0.00045026131556369364,-0.0004066659661475569
dt_0.125_ms,4800,0.6,307461,0.0,False,0.001066408702172339,0.0015297431964427233,0.0016226088628172874,0.001762897521257402,0.0018082407186739149,0.002004212699830532,0.0011008596687263057,1.2118920102281918e-06,0.01,3075,0.0018141835572849203,0.001762937055900693,0.002004212699830532,-0.0007383784336772391,0.0022486378458457263,-0.003195115821805169,0.2927793911740351,0.33672195601046123,0.0013008130081300813,0.0013008130081300813,0.9248780487804878,0.0,-0.2405875504016876,-0.130217507481575,0.24058276861906053,-0.24060000777244567,0.1402912735939026,0.24060902148485183,-0.010579544212669134,-0.0006625009118579328,-0.0004901027597952635
dt_0.125_ms,4880,0.61,307461,0.0,False,0.0008872763719409704,0.0013441686751320958,0.0014322318602353334,0.0015582591528072957,0.0015931650530546916,0.0020179268904030323,0.0009455705963290365,8.941037526420496e-07,0.01,3075,0.0015989638188081544,0.0015582670457661152,0.0020179268904030323,-0.004099990548641701,0.004906125858547242,-0.0025439674645279936,0.2695488077937773,0.32304762353417277,0.003902439024390244,0.003902439024390244,0.9954471544715447,0.0,-0.22559033781290055,-0.08510255813598633,0.2255899578332901,-0.23060427755117416,0.16034303605556488,0.23060456216335296,-0.005612859549000859,-0.000565959548112005,-0.00042711120913736523
dt_0.125_ms,4960,0.62,307461,0.0,False,0.0015047891065478325,0.002203115029260516,0.002293699886649847,0.0023905531037598862,0.002411556476727128,0.002448665676638484,0.001578119987715394,2.4904626956268357e-06,0.01,3075,0.0024128482454433674,0.0023905839771032333,0.002448665676638484,0.0010297806559022545,-0.005024197976298133,-0.00041423744940373105,0.16049799129187625,0.2130063719083066,0.0,0.0,1.0,0.0,-0.1452597424387932,-5.028197847423144e-06,0.15025038570165633,-0.1753557339310646,-0.010008858516812325,0.1703672766685486,-0.0004454930836800486,-0.00041048642015084624,-0.00039360456285066905
dt_0.125_ms,5040,0.63,307461,0.0,False,0.0017258253647014499,0.0023541103582829237,0.002431462751701474,0.0024990996811538936,0.0025135643314570188,0.002565832110121846,0.0017495085266007885,3.0607800846488617e-06,0.01,3075,0.0025171019783531263,0.0024991033133119345,0.002565832110121846,0.004553850434422408,-0.005117962234954377,-0.0013409071291865008,0.13715657703305043,0.17268205224940308,0.0,0.0,0.9801626016260162,0.0,-0.1502487152814865,0.005000964738428593,0.15025435239076615,-0.14024601727724076,-0.005002553109079599,0.1352240338921547,-0.005437355581670999,-0.0004319314903113991,-0.000417366178589873
dt_0.125_ms,5120,0.64,307461,0.0,False,0.0013373336987569928,0.001619158429093659,0.00165914639364928,0.0016915051965042949,0.0016991726472042501,0.002067460445687175,0.0012948558463743208,1.676651662889759e-06,0.01,3075,0.001701688387135907,0.0016915055457502604,0.002067460445687175,-0.003074393990805479,-0.00617375529771205,-0.012913724293362546,0.13307877377006114,0.16373041046458245,0.003902439024390244,0.003902439024390244,0.1873170731707317,0.0,-0.15026001185178756,-0.055031027644872665,0.15527195185422898,-0.09010351151227951,-0.005003334488719702,0.07509180307388305,-0.020494254492223262,-0.015463265590369701,-0.00045700123882852495
dt_0.125_ms,5200,0.65,307461,0.0,False,0.00047936171176843345,0.0006796730449423194,0.0007655025692656636,0.000983471074141564,0.0010613341932184995,0.0020529914181679487,0.0005134953021355775,2.6367742531530803e-07,0.01,3075,0.0011071954497582908,0.0009835222736001015,0.0020529914181679487,0.0011976595225671256,-0.0007215834530837598,-0.08336205491084393,0.3908562599581118,0.4187180308548148,0.7323577235772357,0.3749593495934959,0.0,0.0,-0.30090802907943726,0.020003704354166985,0.30090801417827606,-0.3008538603782654,-0.010002554394304752,0.30083137154579165,-0.10066090896725655,-0.08619265258312225,-0.060954397171735765
dt_0.125_ms,5280,0.66,307461,0.0,False,0.0006403084262274206,0.0013020556652918458,0.0014490523608401418,0.0016273845452815295,0.001678113266825676,0.0020269162487238646,0.0008087751064371425,6.541171727924112e-07,0.01,3075,0.0016841971551681436,0.0016273860819637775,0.0020269162487238646,-0.00027276490519686445,0.005841560018498723,-0.002582305260229765,0.17041344659478166,0.2097942995231909,0.003902439024390244,0.003902439024390244,0.9863414634146341,0.0,-0.15527924299240112,0.0450284481048584,0.15527620613574983,-0.1553209438920021,0.06506972014904022,0.16030430644750596,-0.00545652499422431,-0.0004637019301299006,-0.0004414671304402873
dt_0.125_ms,5360,0.67,307461,0.0,False,0.0013230202021077275,0.0021945687476545572,0.0023526353761553764,0.002520150039345026,0.002558001317083836,0.002647689078003168,0.0014629055546887919,2.140092661939322e-06,0.01,3075,0.002565328254084277,0.002520150737836957,0.002647689078003168,0.001573482515608392,0.0034172922221383426,-0.001722136176980623,0.16512031246556053,0.2092414591388541,0.0,0.0,1.0,0.0,-0.16027094274759293,0.06002383679151535,0.1602679193019867,-0.15026822984218596,0.030025655403733253,0.15029713958501817,-0.005433007562533021,-0.0004380951286293566,-0.0004205563076538965
dt_0.125_ms,5440,0.68,307461,0.0,False,0.001574137480929494,0.00234404974617064,0.0024605379439890385,0.002580184163525701,0.0026044203434139493,0.0026683195028454065,0.0016370026649445407,2.6797777250355277e-06,0.01,3075,0.002610162588941857,0.0025801951996982098,0.0026683195028454065,0.0025387664611746627,0.002755302925685083,-0.0014903086833693692,0.17049604953126982,0.21828119794742434,0.0,0.0,1.0,0.0,-0.1653196930885315,0.08004768192768097,0.16531067341566086,-0.15028998255729675,0.005019402597099543,0.15528716742992402,-0.005411337176337838,-0.00041438001790083945,-0.00039433489728253336
dt_0.125_ms,5520,0.6900000000000001,307461,0.0,False,0.0012712820898741484,0.001820473582483828,0.0018895820248872042,0.001968144625425339,0.001982167479582131,0.0020199597347527742,0.001297124434021321,1.6825317973351322e-06,0.01,3075,0.0019854542031520752,0.001968148397281766,0.0020199597347527742,-0.0067385210593541465,-0.0035058646988019096,-0.0010302189750998182,0.2332628212566127,0.2959864184393254,0.05495934959349594,0.0,1.0,0.0,-0.2255741611123085,-0.1301783323287964,0.22057498395442962,-0.19046715497970582,-0.02001163922250271,0.19549769759178162,-0.005437626363709569,-0.00046147630200721323,-0.00016960704087978242
dt_0.125_ms,5600,0.7000000000000001,307461,0.0,False,0.0006409174529835582,0.0010088980197906494,0.001077332766726613,0.0011886691907420756,0.001226841274183244,0.00194846885278821,0.0006969885360681627,4.857930194104405e-07,0.01,3075,0.0012361479073959758,0.0011886722641065717,0.00194846885278821,-0.005017086979819507,-0.004270120292175107,-0.005927790252559149,0.32600893910289125,0.41189312998525357,0.11772357723577236,0.032520325203252036,0.911219512195122,0.0,-0.29033003449440004,-0.15532362461090088,0.2903223842382431,-0.26560778319835665,-0.17546017467975616,0.2656070441007614,-0.010666866973042487,-0.000671694811899215,-0.00037317037640605127
dt_0.125_ms,5680,0.71,307461,0.0,False,0.0006143011851236224,0.0008594029932282865,0.0009162257774733007,0.0010166352847591049,0.0010532825137488557,0.0019543622620403767,0.0006316778133115395,3.990168598300481e-07,0.01,3075,0.001072236672081659,0.0010166537249460816,0.0019543622620403767,-0.010368670242104104,0.00323821958487596,-0.016773571873744345,0.3318199256179295,0.41522891000455187,0.1375609756097561,0.09365853658536585,0.6754471544715447,0.0,-0.2909734159708023,-0.1553274244070053,0.290974885225296,-0.2859236627817154,0.19053930044174194,0.2859231114387512,-0.09610905647277831,-0.005597184412181377,-0.0005065429082605988
dt_0.125_ms,5760,0.72,307461,0.0,False,0.0009772056946530938,0.0013450229307636619,0.0013935597380623221,0.0014460089616477492,0.0014590095262974503,0.001966160722076893,0.0009994336521641305,9.98867625078132e-07,0.01,3075,0.001463188186393884,0.0014460163656622171,0.001966160722076893,0.0020862812567571764,-0.019961462439056294,-0.003243339710085221,0.1568792409524593,0.19271038625581832,0.00975609756097561,0.00975609756097561,0.9226016260162602,0.0,-0.14521141797304155,-6.546360054926481e-06,0.15023567527532578,-0.17537104338407516,-0.025022566318511963,0.1703528195619583,-0.010420343279838562,-0.00040563539369031787,-0.00037433034449350087
dt_0.125_ms,5840,0.73,307461,0.0,False,0.001052156905643642,0.0013798583531752229,0.0014260833850130439,0.0014591149985790255,0.0014672892284579577,0.0019754276145249605,0.001052860353817473,1.1085149246406544e-06,0.01,3075,0.001470680977104277,0.0014591192593798041,0.0019754276145249605,0.010682159261658561,-0.0288129917717271,-0.006509190819120201,0.14101111032862312,0.16576717463079466,0.015284552845528456,0.015284552845528456,0.6780487804878049,0.0,-0.14522374868392945,0.020012928172945976,0.15023653209209442,-0.1552802011370659,-0.025018325075507164,0.13018973618745805,-0.015439346432685852,-0.005393585655838251,-0.0003884994686814025
dt_0.125_ms,5920,0.74,307461,0.0,False,0.0007455949089489877,0.0008665521163493395,0.0008975988603197038,0.0009989809244871145,0.0010461264988407518,0.0019766518380492926,0.0007191973071529478,5.172447666160516e-07,0.01,3075,0.0010850327538810974,0.0009989960817620158,0.0019766518380492926,-0.006730024814605713,-0.0005565895685335485,-0.07342592051479875,0.3951222224794679,0.4186708042728883,0.5427642276422764,0.18601626016260162,0.0,0.0,-0.29621297121047974,-0.25528594851493835,0.2962082505226135,-0.29604703187942505,-0.23009717464447021,0.29605086147785187,-0.09625000730156899,-0.07113039493560791,-0.05085686817765236
dt_0.125_ms,6000,0.75,307461,0.0,False,0.0002070577029371634,0.00047583680134266615,0.0005989137571305037,0.0008155240095220509,0.0009129247395321727,0.0019676650408655405,0.0003059816119297539,9.362474683913052e-08,0.01,3075,0.000951090509382387,0.0008155301911756396,0.0019676650408655405,-0.0004170452117798634,-0.0012127691202600038,-0.08396139885836501,0.3904695745257286,0.41889680531891105,0.7691056910569106,0.42276422764227645,0.0,0.0,-0.3009415715932846,-0.005001015495508909,0.300941464304924,-0.30093295574188234,-0.015005861409008503,0.30093287527561186,-0.10070916339755058,-0.08629772067070007,-0.06085862033069134
dt_0.125_ms,6080,0.76,307461,0.0,False,0.0005642914911732078,0.0010071774013340473,0.00111483468208462,0.0012412126408889892,0.0012691001989878715,0.0019527508411556482,0.0006540113957132608,4.2773090572280745e-07,0.01,3075,0.0012763373972090885,0.0012412186479195952,0.0019527508411556482,0.0008034972858622792,0.0029258186658649298,-0.0042872371665311874,0.1524017140572906,0.2014769881164458,0.026991869918699188,0.026991869918699188,0.9730081300813008,0.0,-0.15024677366018296,0.06501217931509018,0.15023567527532578,-0.13521665930747986,0.0050033703446388245,0.14022417962551117,-0.005399603210389614,-0.0004010001721326262,-0.0003893538843840361
dt_0.125_ms,6160,0.77,307461,0.0,False,0.000917250697966665,0.001534382812678814,0.0016609076410531998,0.0018080356530845167,0.0018305915640667082,0.0019376574782654643,0.0010230453786615845,1.0466218468008247e-06,0.01,3075,0.0018360140524819736,0.0018080394947901368,0.0019376574782654643,0.0037751215942765015,0.0062358772850601265,-0.0012374837114381022,0.1325340431271784,0.19239911350873679,0.0013008130081300813,0.0013008130081300813,0.9986991869918699,0.10048780487804879,-0.1402164101600647,0.034984517842531204,0.14021736532449722,-0.13020196706056594,0.005013792309910059,0.13521843850612641,-0.0053811184596270325,-0.00038286784547381103,-0.00037287803133949636
dt_0.125_ms,6240,0.78,307461,0.0,False,0.0009991256520152092,0.001576123177073896,0.0016852749977260828,0.0018150261370465167,0.0018342045135796073,0.0019237437518313527,0.0010778393417000347,1.161737646516364e-06,0.01,3075,0.0018390235113267734,0.0018150444375351071,0.0019237437518313527,0.0015382576784965225,0.005075786129610105,-0.0010254360990015776,0.12952899700932483,0.19634228509453303,0.0013008130081300813,0.0013008130081300813,0.9986991869918699,0.14991869918699188,-0.1452318787574768,0.009992660954594612,0.14521165788173676,-0.13021535128355027,0.005003280937671661,0.13522188514471054,-0.005362393520772457,-0.00036352730239741504,-0.0003540941746905446
dt_0.125_ms,6320,0.79,307461,0.0,False,0.0007950738654471934,0.0011647589271888137,0.0012205513194203377,0.0012792284367606046,0.0013010716298595072,0.0019132691668346524,0.0008234002493421838,6.779879706167704e-07,0.01,3075,0.001313749654256413,0.001279231859371066,0.0019132691668346524,-0.0034729039358105964,0.0074775062078670336,-0.0025196151383931826,0.22426301443832106,0.3218497995750897,0.3203252032520325,0.011707317073170732,0.9882926829268293,0.05951219512195122,-0.29041195213794707,-0.004998133052140474,0.2952136039733887,-0.29531762301921843,0.010030392557382584,0.2953215420246124,-0.005356706120073796,-0.00034946351661346853,-6.311395336524591e-05
dt_0.125_ms,6400,0.8,307461,0.0,False,0.0003922252799384296,0.0006694216863252223,0.0007247420726343989,0.000830822810530663,0.0008632306358776991,0.0019090041751042008,0.0004493134097358168,2.01882540168426e-07,0.01,3075,0.0008961342369410687,0.000830834440421313,0.0019090041751042008,-0.0008308605446841266,-0.007839417740345342,-0.03276287341651938,0.3722176207012537,0.41894016725530203,0.6910569105691057,0.2445528455284553,0.5886178861788618,0.0,-0.30084283351898194,2.0717482129839482e-07,0.30084294378757476,-0.3000758200883865,-0.11501945555210114,0.30007833540439605,-0.1006793089210987,-0.005474145989865065,-7.337503848248178e-05
dt_0.125_ms,6480,0.81,307461,0.0,False,0.00041510691517032683,0.0005854025366716087,0.000653246883302927,0.0007761502056382596,0.0008203420322388418,0.001910224324092269,0.00043385834277385457,1.882330615944755e-07,0.01,3075,0.0008634725232926629,0.0007761503802612424,0.001910224324092269,-0.011347882791861072,-0.011195650790631218,-0.05800576844654467,0.383846858673222,0.4201135737034422,0.631219512195122,0.32747967479674794,0.1873170731707317,0.0,-0.3009040355682373,-0.17003530263900757,0.3009041577577591,-0.3009038299322128,-0.16002880036830902,0.30090377032756804,-0.10069152787327766,-0.07613049447536469,-0.0006625749985687435
dt_0.125_ms,6560,0.8200000000000001,307461,0.0,False,0.0006282567046582699,0.0008005970739759505,0.0008457383373752236,0.0008907976211048662,0.000902474590111524,0.0019135840702801943,0.0006175964784439087,3.8142541018631736e-07,0.01,3075,0.000941498638282159,0.0008907982846722007,0.0019135840702801943,0.0011957249408814964,-0.002717729709579012,-0.036099362578110514,0.23155025848394145,0.4185280180247699,0.3177235772357724,0.1616260162601626,0.32943089430894307,0.002926829268292683,-0.2960182070732117,0.08003374189138412,0.2960167497396469,-0.2960003614425659,-0.0049877287819981575,0.2959908485412598,-0.10067088305950164,-0.015390397980809212,-0.0003484686661977321
dt_0.125_ms,6640,0.8300000000000001,307461,0.0,False,0.0006072437972761691,0.0007848166860640049,0.0008341736393049359,0.0008860358153469862,0.0008985137450508773,0.0019150028238072991,0.0006061901671502235,3.6746651874961597e-07,0.01,3075,0.000946005970444076,0.0008860398666001856,0.0019150028238072991,0.0005358869724510234,-0.0018985529637893868,-0.0504132715376412,0.2298400735080383,0.4185806666187945,0.41235772357723577,0.19902439024390245,0.0,0.4653658536585366,-0.2962529957294464,0.004990619607269764,0.2962522506713867,-0.2960250437259674,2.3181589767773403e-06,0.29602224230766294,-0.10067271962761878,-0.05581403151154518,-0.010377028398215771
dt_0.125_ms,6720,0.84,307461,0.0,False,0.0003698312502820045,0.0005334601155482233,0.000635285978205502,0.0007912570727057765,0.000861827668268236,0.0019123884849250317,0.0004021044494491384,1.616879882667947e-07,0.01,3075,0.0008991620638142756,0.0007912829169072211,0.0019123884849250317,-0.00024266406141616864,-0.007396924903945647,-0.07956164657039856,0.39234118597103135,0.4189711294213739,0.7482926829268293,0.3652032520325203,0.0,0.0,-0.30090802907943726,-0.005000979173928499,0.30090801417827606,-0.3009125620126724,-0.10001392662525177,0.300912418961525,-0.10069152787327766,-0.0813005194067955,-0.045765477791428574
dt_0.125_ms,6800,0.85,307461,0.0,False,0.0002539919805712998,0.000476063578389585,0.0005682142800651491,0.0007234697462990885,0.0008147133921738756,0.001906295190565288,0.00031552719925262895,9.955741346820821e-08,0.01,3075,0.0008460309586252987,0.0007234824588522315,0.001906295190565288,0.0010427732083367785,-0.00545892945577319,-0.0764506570131552,0.39420292048100974,0.42169252542394753,0.8247154471544715,0.3931707317073171,0.03414634146341464,0.0,-0.3009415715932846,0.015005235560238361,0.300941464304924,-0.30093295574188234,-0.07500718533992767,0.30093287527561186,-0.10072675943374634,-0.08626653254032135,-0.0204378729686141
dt_0.125_ms,6880,0.86,307461,0.0,False,0.0005090914783068001,0.000798382272478193,0.0008763737860135734,0.0009838207392022017,0.0010065505979582668,0.0018989271484315395,0.000548031811632486,3.003388665611846e-07,0.01,3075,0.001016905771500272,0.0009838303085416555,0.0018989271484315395,-0.004654110394571492,-0.0006826439913189477,-0.009006609244553088,0.15190951886349888,0.41516689971808407,0.15252032520325204,0.0656910569105691,0.9134959349593496,0.1821138211382114,-0.2859078228473663,-0.0099960220977664,0.26673413515090805,-0.29115770757198334,-1.354626874672249e-06,0.29119435846805575,-0.09147214218974113,-0.0003521656326483935,-4.7151935359579595e-05
dt_0.125_ms,6960,0.87,307461,0.0,False,0.0006575440638698637,0.001026273355819285,0.0011059618555009365,0.0012167400447651749,0.001240326196420938,0.001891534891910851,0.0007062477923677246,4.987859442242846e-07,0.01,3075,0.0012529264160666645,0.001216750591993332,0.001891534891910851,-0.00023083569640699737,-0.0009205192793026448,-0.003124939042949913,0.09077728657414746,0.15321381898237604,0.014308943089430894,0.014308943089430894,0.9856910569105691,0.3798373983739837,-0.11510256156325341,-3.6246424315322656e-06,0.11509769260883332,-0.10011268183588981,-3.0794100780440203e-07,0.09510825276374817,-0.00534979640506208,-0.0003461243468336761,-0.00033211117261089385
dt_0.125_ms,7040,0.88,307461,0.0,False,0.0006456253468059003,0.000962533988058567,0.0010223645949736238,0.0011263255262747413,0.0011667231214232748,0.0018843529978767037,0.000677780728711367,4.593867162125116e-07,0.01,3075,0.0011799015308071564,0.0011263387277722359,0.0018843529978767037,-0.001367564439916259,0.000746875678588681,-0.00430958084877538,0.1165680260525885,0.31477870236451105,0.1954471544715447,0.024715447154471545,0.9499186991869919,0.4513821138211382,-0.29041195213794707,-3.3593555599509273e-06,0.29041107594966886,-0.29039469063282014,2.3632007923879428e-06,0.2903952687978745,-0.006852053245529448,-0.00033408906892873347,-1.0415499400551399e-05
dt_0.125_ms,7120,0.89,307461,0.0,False,0.0004956299089826643,0.0006987735978327692,0.0007372723193839192,0.0008424437954090537,0.000903704192023725,0.0018802197882905602,0.0005082549057252918,2.583230491938253e-07,0.01,3075,0.0009233208130893668,0.0008424479165114462,0.0018802197882905602,-0.008470894794339785,0.0002540974744201739,-0.017850960616592252,0.32362853839328276,0.4185806666187945,0.8123577235772358,0.12032520325203253,0.7528455284552845,0.030894308943089432,-0.300089168548584,-0.005001696292310953,0.3000782400369644,-0.3000557392835617,-0.004979062359780073,0.3000543862581253,-0.10067088305950164,-0.005053910426795483,2.9566875582531307e-06
dt_0.125_ms,7200,0.9,307461,0.0,False,0.0002636642020661384,0.0005433575715869665,0.0006025198381394148,0.0007293687667697669,0.0007826555520296104,0.0018790176836773753,0.0003421741131891365,1.1708312373677198e-07,0.01,3075,0.000814399249147533,0.0007293719099834561,0.0018790176836773753,-0.005327230784881484,-0.010239480190511838,-0.051930422452051116,0.38839299720229487,0.421607402759944,0.7967479674796748,0.31089430894308945,0.27447154471544716,0.0,-0.3009040355682373,-0.030020197853446007,0.3009041577577591,-0.3009038299322128,-0.14501674473285675,0.30090377032756804,-0.10069152787327766,-0.06092529743909836,-1.7083273633034094e-05
dt_0.125_ms,7280,0.91,307461,0.0,False,0.00028369331266731024,0.0005027695442549884,0.0005907668964937329,0.000728037243243307,0.0007876901887357236,0.0018797630909830332,0.00034416569720819125,1.1845002713480037e-07,0.01,3075,0.0008196922933788803,0.0007280400022864342,0.0018797630909830332,-0.008796989495729251,-0.011577718367441377,-0.06416827667865449,0.39391630613864637,0.4216185665033506,0.7573983739837399,0.33040650406504063,0.07772357723577236,0.0,-0.30090802907943726,-0.1250029057264328,0.3009041577577591,-0.3009125620126724,-0.1600288599729538,0.300912418961525,-0.10069152787327766,-0.0762103796005249,-0.005022918479517103
dt_0.125_ms,7360,0.92,307461,0.0,False,0.00036015300429426134,0.0005020404350943863,0.0006000890280120075,0.0007354364381171768,0.0007982903509400786,0.0018806803273037076,0.0003811194318499794,1.452520213336511e-07,0.01,3075,0.0008308706379389557,0.0007354499539360404,0.0018806803273037076,-0.003502967906992222,-0.010205739889248597,-0.07043358001522415,0.39460399293275117,0.4215404636318296,0.76,0.3408130081300813,0.02796747967479675,0.0,-0.30090802907943726,-0.050008248537778854,0.30090801417827606,-0.3009125620126724,-0.14001017808914185,0.300912418961525,-0.10069152787327766,-0.08123794198036194,-0.020467979647219182
dt_0.125_ms,7440,0.93,307461,0.0,False,0.000303872162476182,0.0004806958604604006,0.0005825592088513076,0.0007252150098793213,0.0007940620766021316,0.0018806454027071595,0.0003444347012904037,1.1863526345300964e-07,0.01,3075,0.0008260574347029129,0.0007252261857502162,0.0018806454027071595,9.06261977453267e-05,-0.007413349449557504,-0.07206701220531983,0.3950353565231626,0.4216640276386866,0.7856910569105691,0.3460162601626016,0.02991869918699187,0.0,-0.30090802907943726,-1.0414362350275042e-06,0.30090801417827606,-0.3009159445762634,-0.10001392662525177,0.300912418961525,-0.10069152787327766,-0.08128094673156738,-0.020512096770107745
dt_0.125_ms,7520,0.9400000000000001,307461,0.0,False,0.00021087857021484524,0.00046072190161794424,0.0005574373062700033,0.0007017077878117567,0.0007771659235004343,0.0018794782226905227,0.0002926961239003677,8.567102094629942e-08,0.01,3075,0.0008084893636821913,0.0007017217576503754,0.0018794782226905227,0.002141866909401589,-0.0076629028212376145,-0.07096852804929435,0.3957711286865982,0.42176738755301585,0.8217886178861789,0.3570731707317073,0.05138211382113821,0.0,-0.30091646015644075,0.030008777976036072,0.300916451215744,-0.30092549324035645,-0.10501525551080704,0.3009234189987183,-0.10070987194776534,-0.08130639046430588,-0.005233534565195441
dt_0.125_ms,7600,0.9500000000000001,307461,0.0,False,0.000310422939946875,0.0005136808613315225,0.0005696037551388144,0.0007002514204941695,0.0007719061279203743,0.001877073897048831,0.00035036113835262985,1.2275292726775062e-07,0.01,3075,0.0007998453332981988,0.0007002644124440849,0.001877073897048831,0.002527917520968464,-0.004315099498341358,-0.058175310916488386,0.38149326654628735,0.42174083009074664,0.9099186991869919,0.33040650406504063,0.2445528455284553,0.0,-0.30090802907943726,0.00999748520553112,0.30090801417827606,-0.3009125620126724,-0.025012830272316933,0.300912418961525,-0.10069152787327766,-0.0761929377913475,3.720984059327732e-05
dt_0.125_ms,7680,0.96,307461,0.0,False,0.00042713063885457814,0.0006458042189478874,0.0007075011963024735,0.000809394975658507,0.0008446743013337265,0.0018730524461716413,0.0004562871867460384,2.081979967886141e-07,0.01,3075,0.0008689179389199953,0.0008094154763966799,0.0018730524461716413,0.0012431550600313945,-0.0015902317708618699,-0.01944416492217775,0.19627058343437684,0.4185332953506302,0.4032520325203252,0.1378861788617886,0.7941463414634147,0.26439024390243904,-0.3000458061695099,-1.6815379240142647e-06,0.30004775524139404,-0.29625820815563203,-1.2124446584493853e-06,0.2962627738714218,-0.10067088305950164,-0.00031365672475658357,4.501069633988651e-05
dt_0.125_ms,7760,0.97,307461,0.0,False,0.0004543312534224242,0.0006741718389093876,0.0007324077887460589,0.0008483430603519085,0.0008899894542992115,0.0018686525290831923,0.00048158993511053164,2.3192886559976608e-07,0.01,3075,0.0009092158658763137,0.0008483506389893591,0.0018686525290831923,0.0010313503159951195,-0.001954032372833874,-0.014142152838991373,0.16787915495281439,0.4176960183292296,0.34536585365853656,0.09626016260162602,0.8601626016260162,0.39154471544715447,-0.29620833694934845,2.82551951613641e-07,0.29620790779590606,-0.2961311638355255,-1.0962148735416122e-06,0.29612481594085693,-0.09635056108236313,-0.00030829361639916897,5.3748838763567534e-05
dt_0.125_ms,7840,0.98,307461,0.0,False,0.00038985745050013065,0.0005941838026046753,0.0006449440261349082,0.0007597961812280123,0.000804574665380642,0.001865070778876543,0.0004197505176428416,1.7619049706143347e-07,0.01,3075,0.0008307406784421424,0.0007598071824759245,0.001865070778876543,-0.001227791961429693,-0.004563312231370929,-0.0329465721936725,0.2833476376850015,0.4189275482945179,0.7248780487804878,0.24097560975609755,0.6159349593495935,0.23252032520325203,-0.30084283351898194,-4.4300845729594585e-06,0.30084294378757476,-0.3000801235437393,-0.004990820307284594,0.30007908642292025,-0.1006745643913746,-0.000299356528557837,6.232284358702595e-05
dt_0.125_ms,7920,0.99,307461,0.0,False,0.0002934923395514488,0.0005278082680888474,0.0005860392702743411,0.0007107107550837102,0.0007613833819050343,0.0018624135991558433,0.0003451231110201661,1.191099617602379e-07,0.01,3075,0.0007910865078854367,0.0007107178098522127,0.0018624135991558433,-0.007954710538312358,-0.0023254640652395926,-0.04644287306024205,0.3797508671122416,0.4214543495032845,0.8777235772357723,0.28747967479674796,0.37365853658536585,0.0,-0.3008711725473404,-0.02502717636525631,0.30087119042873384,-0.3009026706218719,-0.015004809945821762,0.3009023904800415,-0.100684754550457,-0.03565484285354614,6.980797261348922e-05
dt_0.125_ms,8000,1.0,307461,0.0,False,0.00024200872576329857,0.0005097897374071181,0.0005724254297092557,0.0007035706192255021,0.0007554776442702893,0.001860370859503746,0.0003168273769815006,1.003795868049779e-07,0.01,3075,0.0007853032538773326,0.0007035719463601708,0.001860370859503746,-0.010436697329514338,0.004240847514603025,-0.053275649149400084,0.39001994707560106,0.42166902729892336,0.8042276422764227,0.3024390243902439,0.2370731707317073,0.0,-0.30090067684650423,-0.05500999465584755,0.30090063214302065,-0.30090303122997286,0.060013968497514725,0.3009023904800415,-0.100684754550457,-0.06098610907793045,4.6636932165711135e-05
dt_0.125_ms,8080,1.01,307461,0.0,False,0.00023387826513499022,0.0004985619452781975,0.0005670568789355457,0.0007001933059655134,0.0007542621693573893,0.0018587278900668025,0.0003111444992903036,9.681089943861375e-08,0.01,3075,0.000784285297651389,0.0007002053898759186,0.0018587278900668025,-0.004137047523112992,0.0032129665549788795,-0.05711692351097983,0.3933193020885798,0.4217050185999746,0.7889430894308943,0.3076422764227642,0.1648780487804878,0.0,-0.30090067684650423,-0.040033984929323196,0.30090063214302065,-0.3009038299322128,0.04500596970319748,0.30090377032756804,-0.100684754550457,-0.06609934568405151,-0.0001777778903488074
dt_0.125_ms,8160,1.02,307461,0.0,False,0.0002434867637930438,0.000492039427626878,0.0005627248319797218,0.0006963096559047699,0.0007515835750382394,0.0018572723492980003,0.0003118840125346595,9.727163727471966e-08,0.01,3075,0.0007820068246200377,0.0006963109481148422,0.0018572723492980003,-0.0012562472171410862,-0.0018689568250177704,-0.057917777911197454,0.3909919609193534,0.4217050185999746,0.8292682926829268,0.3105691056910569,0.17235772357723578,0.0,-0.30090067684650423,-0.005000979173928499,0.30090063214302065,-0.3009038299322128,-0.025007035583257675,0.30090377032756804,-0.1006849892437458,-0.07109866291284561,6.49656998575665e-05
dt_0.125_ms,8240,1.03,307461,0.0,False,0.0002779840142466128,0.000495593179948628,0.0005612504319287837,0.0006908175069838768,0.0007513262447901072,0.0018555998103693128,0.0003278815107632588,1.07506285100397e-07,0.01,3075,0.0007799887497023475,0.0006908327341079712,0.0018555998103693128,0.0028558615839022966,-0.0033103560847453487,-0.055935181696046735,0.3875427171806301,0.42176169274361014,0.8728455284552845,0.30829268292682926,0.22308943089430894,0.0,-0.30090067684650423,0.01000185590237379,0.30090063214302065,-0.3009038299322128,-0.04500594735145569,0.30090377032756804,-0.1006849892437458,-0.06609725952148438,7.537575002061199e-05
dt_0.125_ms,8320,1.04,307461,0.0,False,0.0003218566707801074,0.0005260664038360119,0.0005792260635644197,0.0006986689637415113,0.000754601001972333,0.0018533864058554173,0.0003599047523147548,1.29531430738745e-07,0.01,3075,0.0007829122416622089,0.0006986763328313828,0.0018533864058554173,0.0025593457535001015,0.0017782617888333445,-0.04854290035984035,0.37415325807995076,0.4216021186622616,0.9235772357723577,0.2910569105691057,0.36552845528455286,0.0,-0.3008711725473404,0.009994872845709324,0.30087119042873384,-0.3009026706218719,0.005035127513110638,0.3009023904800415,-0.100684754550457,-0.05078931525349617,0.00010257074172841384
dt_0.125_ms,8400,1.05,307461,0.0,False,0.0003496802819427103,0.0005522386636584997,0.0006056480342522264,0.0007233695709146562,0.0007659505063202234,0.0018507493659853935,0.0003839514287998701,1.4741869967746174e-07,0.01,3075,0.0007959860345969598,0.0007233761716634035,0.0018507493659853935,0.0005064154818777383,0.0006770008698055143,-0.03891448980308112,0.31597314532397175,0.4203367618635233,0.8052032520325203,0.2656910569105691,0.528130081300813,0.15186991869918698,-0.3008502572774887,-1.4442459814745234e-06,0.3008543848991394,-0.3008767366409302,2.4756707261985866e-06,0.30087666511535643,-0.1006793089210987,-0.005068833939731121,0.00010979529251926578
dt_0.125_ms,8480,1.06,307461,0.0,False,0.00034088545362465084,0.0005457356455735862,0.0005976612446829677,0.000721087155397982,0.0007649605337064715,0.0018478481797501445,0.0003769675734705844,1.4210455144830047e-07,0.01,3075,0.0007941192170090186,0.0007211019983515143,0.0018478481797501445,-0.0009609000534814457,0.0008377260253556928,-0.038015214668423024,0.3326080196656312,0.4208142438029441,0.8585365853658536,0.2601626016260163,0.5333333333333333,0.09365853658536585,-0.30084283351898194,-2.9976145015098155e-06,0.30084294378757476,-0.30087548196315766,3.6871010706818197e-06,0.30087538063526154,-0.1006793089210987,-0.005065606907010078,0.00011732532730093224
dt_0.125_ms,8560,1.07,307461,0.0,False,0.0003235573531128466,0.0005347664700821042,0.0005878339288756251,0.0007104201824404304,0.0007580300502013418,0.0018451084615662694,0.00036341684716046513,1.3207180480005287e-07,0.01,3075,0.0007861941230930085,0.0007104312535375357,0.0018451084615662694,-0.004595869382435071,0.0003804118281821103,-0.04025536053341721,0.3670072074723249,0.42112297945158034,0.9164227642276422,0.2656910569105691,0.487479674796748,0.0,-0.300862917304039,-0.005002459045499563,0.30085018277168274,-0.3008767366409302,2.9773134428978665e-06,0.30087666511535643,-0.1006793089210987,-0.01020789984613657,0.00012479969300329685
dt_0.125_ms,8640,1.08,307461,0.0,False,0.0003214729076717049,0.0005310851847752929,0.000584544672165066,0.0007062291260808706,0.0007519864768255502,0.0018428429029881954,0.0003614868039373608,1.3067270942084795e-07,0.01,3075,0.0007809149604896462,0.0007062303484417498,0.0018428429029881954,-0.006874812787933808,0.0016107875673267743,-0.041250622363278484,0.3707624150062689,0.42116519389638724,0.8943089430894309,0.2673170731707317,0.46634146341463417,0.0,-0.300862917304039,-0.015005616471171379,0.30086289942264555,-0.3008767366409302,2.849536576832179e-05,0.30087666511535643,-0.1006793089210987,-0.015318483114242554,0.00013195923675084486
dt_0.125_ms,8720,1.09,307461,0.0,False,0.00032804085640236735,0.0005340537172742188,0.0005858786171302199,0.0007051362772472213,0.0007481690379790966,0.0018409090116620064,0.00036593433213266376,1.3390793543337868e-07,0.01,3075,0.0007783165832648311,0.0007051619468256831,0.0018409090116620064,-0.007843587856769727,0.0022848006857845863,-0.04190651247527227,0.3727639793416316,0.42116589917726577,0.8757723577235772,0.26699186991869917,0.44943089430894306,0.0,-0.300862917304039,-0.02001759596168995,0.30086289942264555,-0.3008767366409302,0.005036907270550728,0.30087666511535643,-0.1006793089210987,-0.02040042355656624,0.00013895766605855897
dt_0.125_ms,8800,1.1,307461,0.0,False,0.0003336917725391686,0.000539362954441458,0.0005912989727221429,0.0007062479504384103,0.0007473723671864719,0.0018393340287730098,0.0003706760979630263,1.374007696010951e-07,0.01,3075,0.0007775916302258649,0.000706254446413368,0.0018393340287730098,-0.007573959030030461,0.0018818471608718886,-0.0411544910164564,0.3657584527438748,0.42112297945158034,0.8640650406504065,0.26439024390243904,0.46178861788617886,0.01788617886178862,-0.300862917304039,-0.01497734896838665,0.3008451372385025,-0.3008767366409302,0.004996599163860083,0.30087666511535643,-0.1006793089210987,-0.015364491380751133,0.00014593798550777135
dt_0.125_ms,8880,1.11,307461,0.0,False,0.0003336888912599534,0.0005397815839387476,0.0005931587074883282,0.000708256324287504,0.0007486176502425225,0.00183769129216671,0.0003711486016484531,1.377512845056021e-07,0.01,3075,0.0007780589912715179,0.000708256324287504,0.00183769129216671,-0.006402972600367778,0.0024729808918169597,-0.039668704954514605,0.3528879413657538,0.421098975930303,0.8442276422764228,0.2575609756097561,0.4868292682926829,0.05268292682926829,-0.30084283351898194,-0.009995031170547009,0.30084294378757476,-0.30087548196315766,0.004996861796826124,0.30087538063526154,-0.1006745643913746,-0.010202654637396336,0.00015304722910514101
dt_0.125_ms,8960,1.12,307461,0.0,False,0.00033351240563206375,0.0005397946806624532,0.0005922844866290689,0.0007073701824992903,0.0007479673018679037,0.0018362747505307198,0.0003710918104019859,1.3770913174742347e-07,0.01,3075,0.0007770909034510756,0.0007073922897689044,0.0018362747505307198,-0.005392483179183265,0.0034156406442544664,-0.03922403425758499,0.3537070414234534,0.42107048324363744,0.8533333333333334,0.2575609756097561,0.49528455284552847,0.047479674796747966,-0.30084283351898194,-0.009989764541387558,0.30084294378757476,-0.30087548196315766,0.004997916519641876,0.30087538063526154,-0.1006745643913746,-0.010074817575514317,0.0001603569515282288
dt_0.125_ms,9040,1.1300000000000001,307461,0.0,False,0.0003337197413202375,0.0005393344908952713,0.000591267307754606,0.0007069665938615804,0.0007465458242222672,0.0018355182837694883,0.0003710952928120538,1.3771171634726393e-07,0.01,3075,0.0007760776258906637,0.0007069801795296371,0.0018355182837694883,-0.005038607243922975,0.004537797876953761,-0.03860291442410299,0.3502563231967622,0.42103747055343405,0.856260162601626,0.25691056910569104,0.5076422764227643,0.05495934959349594,-0.30084283351898194,-0.005002459045499563,0.30084294378757476,-0.30086843967437743,0.005001455545425415,0.3008683413267136,-0.1006745643913746,-0.00536821223795414,0.00016772708331700412
dt_0.125_ms,9120,1.1400000000000001,307461,0.0,False,0.00033374433405697346,0.0005388585850596428,0.0005906968144699931,0.0007063406985253111,0.0007462452573236079,0.0018349409801885486,0.00037107890048756505,1.376995503870602e-07,0.01,3075,0.0007751989131414794,0.0007063812809064984,0.0018349409801885486,-0.0043174320960585235,0.004558950633813072,-0.03737594022571335,0.345672775886692,0.4210277190622951,0.848130081300813,0.25073170731707317,0.5239024390243903,0.06666666666666667,-0.30084283351898194,-0.00499931862577796,0.30084294378757476,-0.30085154473781583,0.00499871838837862,0.30085149109363557,-0.10067271962761878,-0.0052161626517772675,0.00017512668564449992
dt_0.125_ms,9200,1.1500000000000001,307461,0.0,False,0.0003336709341965616,0.0005385763943195343,0.0005904510617256165,0.0007059896481223405,0.0007454608101397752,0.0018344649579375982,0.0003710694625892051,1.3769254606624148e-07,0.01,3075,0.0007744755298732136,0.0007059911149553955,0.0018344649579375982,-0.0051411994505419474,0.005637152713678743,-0.03612929516463992,0.34261961461556234,0.4210150834457417,0.8383739837398374,0.2416260162601626,0.5391869918699187,0.07577235772357724,-0.30084283351898194,-0.005000583827495575,0.30084294378757476,-0.30028922259807583,0.005013174843043089,0.3007835209369659,-0.10067271962761878,-0.0050874026492238045,0.00018253806192660698
dt_0.125_ms,9280,1.16,307461,0.0,False,0.00033344433177262545,0.0005386125994846225,0.0005904101999476552,0.0007061645505018532,0.0007445046969223771,0.0018341452814638615,0.0003710941503415777,1.3771086841773746e-07,0.01,3075,0.0007739423978430166,0.0007061650394462049,0.0018341452814638615,-0.004571771312250618,0.005269690506081828,-0.03486903527006474,0.33826779179345534,0.42090657384798763,0.8289430894308943,0.23382113821138212,0.5551219512195122,0.08878048780487804,-0.30084283351898194,-0.0049977730959653854,0.30084294378757476,-0.3000885397195816,0.00499871838837862,0.3001001954078674,-0.10067088305950164,-0.004939220380038023,0.00019013597484445198
dt_0.125_ms,9360,1.17,307461,0.0,False,0.00033322954550385475,0.0005385771510191262,0.0005906790611334145,0.0007063280208967628,0.0007446511881425978,0.0018337615765631199,0.0003710971451065019,1.377130911061961e-07,0.01,3075,0.0007736669457138978,0.000706333783455193,0.0018337615765631199,-0.004537251827938102,0.0035865242566665797,-0.03392109280083408,0.3353923707339848,0.42090657384798763,0.8217886178861789,0.22764227642276422,0.5668292682926829,0.0975609756097561,-0.30084283351898194,-0.0049977730959653854,0.3008368104696274,-0.30007372200489046,0.004996861796826124,0.30009821653366087,-0.10067088305950164,-0.004922857508063316,0.00019772913219640026
dt_0.125_ms,9440,1.18,307461,0.0,False,0.000332953903125599,0.0005386210978031158,0.0005908702732995152,0.0007066781632602218,0.0007442865055054427,0.0018334166379645467,0.00037106728091866815,1.3769092696837379e-07,0.01,3075,0.0007735719361978515,0.0007066858815960586,0.0018334166379645467,-0.0032586055538738824,0.0035573946961573333,-0.03285507895822546,0.3310941994596295,0.4208142438029441,0.8113821138211382,0.22178861788617887,0.5824390243902439,0.11024390243902439,-0.30083368718624115,-0.004995258059352636,0.3008338540792465,-0.3000675141811371,0.004996861796826124,0.3000954031944275,-0.10067088305950164,-0.004873798694461584,0.00020519887766567985
dt_0.125_ms,9520,1.19,307461,0.0,False,0.00033284162054769695,0.0005388574791140854,0.0005912035703659058,0.0007072573760524393,0.0007446240226272496,0.0018331587780267,0.0003711339377673895,1.3774039976272856e-07,0.01,3075,0.0007736036498137424,0.0007072590524330735,0.0018331587780267,-0.003955076182063466,0.003965611045968822,-0.032119092970394815,0.32868304153464967,0.4205180260466854,0.8055284552845529,0.21658536585365853,0.5915447154471545,0.1183739837398374,-0.30083368718624115,-0.004995258059352636,0.3008338540792465,-0.300065216422081,0.00499695772305131,0.3000903189182281,-0.10067088305950164,-0.0005648441147059202,0.00021263529197312891
dt_0.125_ms,9600,1.2,307461,0.0,False,0.00033271400025114417,0.0005391820450313389,0.0005915321526117623,0.000707437482196838,0.0007462956127710648,0.001833164831623435,0.0003712056568921249,1.3779363970871396e-07,0.01,3075,0.0007738968207334297,0.000707445724401623,0.001833164831623435,-0.003770124098700448,0.004370129939059449,-0.03038045671032365,0.32522886670172374,0.4202485134021245,0.7944715447154471,0.20097560975609757,0.6107317073170732,0.13008130081300814,-0.30012471675872804,-0.0049948315136134624,0.3006937503814697,-0.3000627636909485,0.004996861796826124,0.3000785231590271,-0.10067088305950164,-0.0003698882646858692,0.00022001773322699586
dt_0.125_ms,9680,1.21,307461,0.0,False,0.0003324229910504073,0.0005394155741669238,0.0005918023525737226,0.0007078158319927757,0.0007473125238902868,0.001833225367590785,0.0003711772164406862,1.3777252600465603e-07,0.01,3075,0.0007742211008936591,0.0007078275666572154,0.001833225367590785,-0.0036307886287439152,0.004487861046650453,-0.028965092232947576,0.3219766052341635,0.4196297894374053,0.7850406504065041,0.18764227642276424,0.6269918699186992,0.14113821138211383,-0.30009556710720064,-0.0049948315136134624,0.30009558498859407,-0.3000598162412643,0.004997042939066887,0.30007416307926177,-0.10067088305950164,-0.0002527556789573282,0.00022741429856978345
dt_0.125_ms,9760,1.22,307461,0.0,False,0.0003321336698718369,0.0005394937470555305,0.0005918351816944778,0.0007077652495354417,0.0007487885188311339,0.001833718386478722,0.0003710834485710786,1.377029258034043e-07,0.01,3075,0.0007744973702204785,0.0007077731424942613,0.001833718386478722,-0.004366072463687212,0.005015426374699495,-0.0275450859730135,0.3193405407005686,0.4196297894374053,0.776910569105691,0.17528455284552846,0.6432520325203253,0.14959349593495935,-0.30009240210056304,-0.004995205905288458,0.30009241998195646,-0.3000576823949814,0.004997077398002148,0.3000680595636368,-0.10067088305950164,-0.00021664520318154246,0.00023480610834667446
dt_0.125_ms,9840,1.23,307461,0.0,False,0.0003318040689919144,0.0005395897314883769,0.0005917091621086001,0.0007079461007379005,0.0007493520679418001,0.0018342308467254043,0.0003709351075921479,1.3759285404439832e-07,0.01,3075,0.0007747881730253679,0.0007079714559949934,0.0018342308467254043,-0.003378589049424964,0.005386516072759461,-0.026366731394097485,0.31536296800100344,0.4196297894374053,0.7652032520325204,0.16520325203252031,0.656910569105691,0.16260162601626016,-0.30008700788021087,-5.761843112850329e-06,0.30008683204650877,-0.3000549852848053,0.004997077398002148,0.3000630408525467,-0.10067088305950164,-0.00015177960449364036,0.00024221753410529328
dt_0.125_ms,9920,1.24,307461,0.0,False,0.00033141832682304084,0.0005396839114837348,0.0005916999652981758,0.0007083538454025984,0.0007505088229663675,0.0018346236320212483,0.0003707929457530644,1.3748740862023494e-07,0.01,3075,0.0007753015434127149,0.0007083552773110569,0.0018346236320212483,-0.0032033690231114457,0.004143116500698985,-0.02533650053960611,0.31233529558442036,0.4196297894374053,0.7547967479674796,0.1586991869918699,0.6695934959349593,0.17138211382113822,-0.30008329451084137,-4.64727008875343e-06,0.30008396208286287,-0.30005299746990205,0.004996861796826124,0.3000593900680542,-0.10067088305950164,-0.0001435341837350279,0.00024968337675090863
dt_0.125_ms,10000,1.25,307461,0.0,False,0.00033094777609221637,0.0005396855995059013,0.0005918479873798788,0.0007084561628289521,0.0007520867337007082,0.001835289062000811,0.0003705575291047991,1.3731288237625402e-07,0.01,3075,0.0007757664683683798,0.0007084590615704656,0.001835289062000811,-0.0035875060185173555,0.003411122457147655,-0.024257135139788517,0.30974925053557356,0.41918145341956065,0.7469918699186991,0.1538211382113821,0.6845528455284553,0.17788617886178862,-0.3000755041837692,-6.085703262215247e-06,0.3000753551721573,-0.30005197823047636,3.3496293326606974e-05,0.30005537867546084,-0.10067088305950164,-0.00013520735956262797,0.00025722090504132195
dt_0.125_ms,10080,1.26,307461,0.0,False,0.00033036479726433754,0.0005396396736614406,0.0005918871611356735,0.0007085366640239975,0.0007535807730164394,0.0018366670701652765,0.00037028795767399025,1.3711317159837478e-07,0.01,3075,0.0007763586168715019,0.0007085914257913828,0.0018366670701652765,-0.003899158147950683,0.003036862976696432,-0.022738089255833774,0.3053964611356605,0.4189487613883528,0.7336585365853658,0.1456910569105691,0.703739837398374,0.18829268292682927,-0.30006919503211976,-0.004995258059352636,0.30006963312625884,-0.3000455111265182,8.08573986432748e-06,0.3000521808862686,-0.10067088305950164,-0.00012775931099895388,0.0002647812099894507
dt_0.125_ms,10160,1.27,307461,0.0,False,0.00032987326267175376,0.0005396055639721453,0.0005920741241425276,0.000708622147794813,0.0007544428692199306,0.0018389063188806176,0.0003700476018281497,1.369352276187648e-07,0.01,3075,0.0007769782394662924,0.0007086244877427816,0.0018389063188806176,-0.0026713892023424177,0.0037781881818044695,-0.021874279853444648,0.3023159886145792,0.4189275482945179,0.7261788617886179,0.14146341463414633,0.7151219512195122,0.19317073170731708,-0.30006763339042664,-5.327458438841859e-06,0.30006660521030426,-0.3000451534986496,3.417349944356829e-05,0.3000536561012268,-0.10067088305950164,-0.00012037370470352471,0.00027236927999183517
dt_0.125_ms,10240,1.28,307461,0.0,False,0.00032949313754215837,0.0005396622000262141,0.0005922159762121737,0.0007090777857229123,0.0007560696452856072,0.0018409815384075046,0.00036986710604026307,1.3680167613059922e-07,0.01,3075,0.000777947941389904,0.0007091013249009848,0.0018409815384075046,-0.0019805893272621766,0.005189186714381384,-0.020688751209331703,0.2988274119352356,0.4189228988706082,0.7164227642276423,0.13398373983739836,0.7300813008130081,0.19772357723577236,-0.30006526708602904,-4.238351266394602e-06,0.300065353512764,-0.30004280507564546,0.004996935836970806,0.3000543862581253,-0.10067088305950164,-0.00011298862227704376,0.0002799888839945195
dt_0.125_ms,10320,1.29,307461,0.0,False,0.00032900820951908827,0.0005395576590672135,0.0005918890237808228,0.0007095659268088648,0.0007567205931991345,0.0018431912176311016,0.0003695778220281721,1.3658776653508726e-07,0.01,3075,0.0007787853906809436,0.0007095886976458132,0.0018431912176311016,-0.0012443152134946455,0.005950553120247287,-0.01984780408626582,0.2954636558365146,0.4189093354131102,0.7069918699186992,0.12845528455284552,0.7414634146341463,0.20357723577235773,-0.300063419342041,-3.4501554182497784e-06,0.3000629901885986,-0.3000399827957153,0.004997693467885256,0.3000536561012268,-0.10067088305950164,-0.00010542314703343436,0.00028764162270817885
dt_0.125_ms,10400,1.3,307461,0.0,False,0.0003284269478172064,0.0005393760511651635,0.0005914689390920103,0.0007096283370628956,0.0007580888457596322,0.0018457676051184535,0.0003692670985962321,1.363581901056794e-07,0.01,3075,0.0007797166700020614,0.0007096367189660668,0.0018457676051184535,3.9328962164016206e-05,0.005569101575141558,-0.01896507946513987,0.29248467971688125,0.41890151430372474,0.7008130081300813,0.12455284552845529,0.7534959349593496,0.20552845528455285,-0.3000605046749115,-1.173256123365718e-06,0.30006034970283507,-0.3000371247529984,0.00499695772305131,0.30005398094654084,-0.10067088305950164,-9.745697752805427e-05,0.00029532059852499493
dt_0.125_ms,10480,1.31,307461,0.0,False,0.00032795534934848547,0.0005394147010520101,0.000591264630202204,0.0007100453716702766,0.0007597649586386987,0.0018483548192307353,0.0003690785583766354,1.3621898225337545e-07,0.01,3075,0.0007808340948105343,0.0007100614020600915,0.0018483548192307353,-0.00036729522642302737,0.004375092102053883,-0.01772015902530992,0.28927382472499097,0.4188537636649087,0.6926829268292682,0.11772357723577236,0.7700813008130082,0.20715447154471545,-0.30005833208560945,-2.349645228605368e-06,0.3000515580177307,-0.3000399827957153,0.00499630905687809,0.30005398094654084,-0.10067088305950164,-9.005181345855817e-05,0.00030316063493955863
dt_0.125_ms,10560,1.32,307461,0.0,False,0.00032747277873568237,0.0005393395549617708,0.0005909876781515777,0.000710932584479452,0.0007603938167449097,0.0018511128146201372,0.0003688534147047916,1.3605284153938496e-07,0.01,3075,0.000781979334211295,0.0007109541329555213,0.0018511128146201372,0.0008596032090153159,0.004183269654819805,-0.0166959759838394,0.2859292842675095,0.41875878815062245,0.6845528455284553,0.10991869918699188,0.7834146341463415,0.2094308943089431,-0.3000503420829773,-1.4471032727669808e-06,0.30004994869232177,-0.30003871619701383,3.587784158298746e-05,0.30005398094654084,-0.10066655427217483,-8.233976404881105e-05,0.00031105286616366345
dt_0.125_ms,10640,1.33,307461,0.0,False,0.00032695147092454135,0.0005392907187342644,0.000590997573453933,0.0007123000454157604,0.0007621938479132951,0.0018544179620221257,0.0003686375842064934,1.3589366848959952e-07,0.01,3075,0.000783433979225716,0.0007123323157429695,0.0018544179620221257,0.00025820924993825696,0.0034780310710650483,-0.01607158105271211,0.2834863519895603,0.41875878815062245,0.6770731707317074,0.10634146341463414,0.791869918699187,0.21203252032520326,-0.3000486373901367,-2.8391164050844964e-06,0.3000481933355331,-0.30003871619701383,3.582331191864796e-05,0.3000536561012268,-0.09660595655441284,-7.440322224283591e-05,0.00031899110472295424
dt_0.125_ms,10720,1.34,307461,0.0,False,0.0003263110702391714,0.0005390497972257435,0.0005911553744226694,0.0007140005473047495,0.0007648719474673303,0.0018574955174699426,0.0003683651698190665,1.3569289833582971e-07,0.01,3075,0.0007850838036511124,0.0007140019442886114,0.0018574955174699426,9.86916285521357e-05,0.003579553933669721,-0.015731514080221644,0.28120822603255646,0.418742725620256,0.6728455284552846,0.10439024390243902,0.7967479674796748,0.2126829268292683,-0.3000480204820633,-3.549502935129567e-06,0.3000481933355331,-0.30003871619701383,0.0049958317540585995,0.3000532954931259,-0.09660794362425804,-6.713667244184762e-05,0.0003269823966547846
dt_0.125_ms,10800,1.35,307461,0.0,False,0.0003257838834542781,0.0005391286103986204,0.0005916066002100706,0.0007156339823268355,0.0007669836631976088,0.0018608254613354802,0.00036822720702619306,1.3559127599431086e-07,0.01,3075,0.0007867517636717881,0.0007156367064453661,0.0018608254613354802,0.0011076772292004258,0.002232691309584406,-0.015350705356715006,0.27916500616736806,0.4186853352936442,0.6686178861788618,0.1024390243902439,0.8026016260162602,0.21300813008130082,-0.30004707872867586,-1.5116351050892263e-06,0.300048965215683,-0.3000376045703888,9.152064194495324e-06,0.3000521808862686,-0.0966120220720768,-5.969606354483403e-05,0.00033499281271360816
dt_0.125_ms,10880,1.36,307461,0.0,False,0.0003252391761634499,0.0005389912985265255,0.0005916980444453657,0.0007169889635406435,0.0007694326748605818,0.0018643020885065198,0.0003680430638183355,1.354556968247874e-07,0.01,3075,0.0007884315283953901,0.0007169920718297362,0.0018643020885065198,0.002441916852417238,0.00162272919690049,-0.014911312202707286,0.27619003192712094,0.41868041474555423,0.6624390243902439,0.10048780487804879,0.8100813008130081,0.21658536585365853,-0.30004599392414094,-1.2510243152519251e-07,0.30004783570766447,-0.3000368595123291,9.1229649115121e-06,0.3000508576631546,-0.09660190045833587,-5.212247197050601e-05,0.00034294314682483675
dt_0.125_ms,10960,1.37,307461,0.0,False,0.00032480363734066486,0.0005387825076468289,0.0005913719651289284,0.0007184414076618855,0.0007719994580838836,0.0018677777843549848,0.00036786883484547854,1.3532747965056995e-07,0.01,3075,0.0007900937282427297,0.0007184529677033424,0.0018677777843549848,0.0028502394287930493,0.0017404288515571005,-0.014774240572174626,0.2727203063168066,0.4186708042728883,0.6552845528455284,0.10016260162601626,0.8139837398373984,0.2208130081300813,-0.3000457793474197,-1.329063366029004e-06,0.30004783570766447,-0.30003316700458527,8.31101988296723e-06,0.3000473201274872,-0.09660719260573387,-4.4371859985403717e-05,0.00035093774786219
dt_0.125_ms,11040,1.3800000000000001,307461,0.0,False,0.00032444228418171406,0.0005386184784583747,0.0005913269123993814,0.00071996517945081,0.0007753659854643062,0.0018712332239374518,0.00036772844560984167,1.352242097106303e-07,0.01,3075,0.0007921076818308755,0.0007199668907560408,0.0018712332239374518,0.001740670735397136,0.001263780738588575,-0.014238145191829995,0.26777802037054993,0.4186379738682211,0.6419512195121951,0.09626016260162602,0.823089430894309,0.22666666666666666,-0.30004473924636843,-3.1052902613737388e-06,0.3000462859869003,-0.3000319689512253,6.5969775278063025e-06,0.3000419497489929,-0.09660522937774658,-3.6924473533872515e-05,0.00035897502093575897
dt_0.125_ms,11120,1.3900000000000001,307461,0.0,False,0.00032389978878200054,0.0005383298848755658,0.0005912345368415117,0.0007212383556179709,0.0007770243450067946,0.0018747044960036874,0.0003675295817455154,1.3507799345803345e-07,0.01,3075,0.0007940173330073191,0.0007212540367618203,0.0018747044960036874,0.0017046762461743546,0.0008746406247519189,-0.013679560398299559,0.26374500343031354,0.4186379738682211,0.6344715447154472,0.09170731707317073,0.8312195121951219,0.23414634146341465,-0.3000443011522293,-2.9595244086522143e-06,0.30004575848579407,-0.3000308841466904,6.713914899592055e-06,0.3000376224517822,-0.09661063179373741,-2.9728151275776327e-05,0.0003670519479783252
dt_0.125_ms,11200,1.4000000000000001,307461,0.0,False,0.00032335397554561496,0.0005380657967180014,0.0005911453627049923,0.000722734606824816,0.0007795334677211945,0.0018780267564579844,0.00036735176781874606,1.3494732131955792e-07,0.01,3075,0.0007962363594347929,0.0007227543392218649,0.0018780267564579844,0.002164324394264739,0.0009735331490934349,-0.012957106829478288,0.26020062950475825,0.418629119892747,0.6253658536585366,0.08780487804878048,0.8416260162601626,0.24,-0.30004318952560427,-2.9916479888925096e-06,0.30004542171955106,-0.300030505657196,7.461047516699182e-06,0.30003638863563536,-0.09660492464900017,-2.178115573769901e-05,0.0003751733544049784
dt_0.125_ms,11280,1.41,307461,0.0,False,0.0003228941059205681,0.0005379228969104588,0.000591400486882776,0.0007241116836667065,0.0007822084706276662,0.0018815287621691823,0.0003672228074937427,1.3485259034358644e-07,0.01,3075,0.0007985305410953678,0.0007241230341605842,0.0018815287621691823,0.0018769594443977151,0.0011101076181030034,-0.01239560836127521,0.2556313500673539,0.418629119892747,0.6146341463414634,0.08585365853658537,0.8517073170731707,0.24682926829268292,-0.30004318952560427,-3.4379359021841083e-06,0.3000456541776657,-0.3000302404165268,6.316175131360069e-06,0.3000349074602127,-0.09660945758223534,-1.4718383681611158e-05,0.00038334405689965934
dt_0.125_ms,11360,1.42,307461,0.0,False,0.0003224472748115659,0.0005378476926125586,0.0005916273221373558,0.0007257924880832436,0.0007850612222682695,0.0018853211076930165,0.00036716350112252666,1.3480903655655165e-07,0.01,3075,0.00080095166906457,0.0007257966790348291,0.0018853211076930165,0.0017183013095952292,0.0017416363724625655,-0.011904884581399034,0.2520459160424032,0.418629119892747,0.6055284552845528,0.08422764227642277,0.8598373983739838,0.25138211382113823,-0.30004318952560427,-3.7749405237264e-06,0.3000456541776657,-0.3000302404165268,9.025002327689435e-06,0.3000349074602127,-0.09660466462373733,-7.1712120188749395e-06,0.0003915511479135602
dt_0.125_ms,11440,1.43,307461,0.0,False,0.0003220807120669633,0.0005378295900300145,0.0005920148105360568,0.0007279190933331851,0.0007880365708842882,0.001888998318463564,0.00036713866408350177,1.3479079866501834e-07,0.01,3075,0.0008035665956075963,0.0007279275450855494,0.001888998318463564,0.0022220019815327443,0.0018298640342333037,-0.011322611482413394,0.2477425954749254,0.418629119892747,0.5934959349593496,0.08065040650406505,0.8676422764227643,0.2604878048780488,-0.3000428855419159,-3.4918605251732515e-06,0.30004542171955106,-0.3000296950340271,9.834158845478669e-06,0.30003292560577394,-0.09653820991516113,5.104822093926487e-07,0.0003997878229711204
dt_0.125_ms,11520,1.44,307461,0.0,False,0.0003216089680790901,0.0005377913475967944,0.0005925578880123794,0.0007294990005902947,0.000790254841558636,0.001893041655421257,0.0003670692523567904,1.3473983602577306e-07,0.01,3075,0.0008062878391342011,0.0007295030518434942,0.001893041655421257,0.0004988938451948358,0.0018650689856042114,-0.010709289339525613,0.24443824890526747,0.4185829063012215,0.5850406504065041,0.07772357723577236,0.8751219512195122,0.2656910569105691,-0.30004356503486634,-5.4926231314311735e-06,0.30004542171955106,-0.3000294595956802,1.0006562661146745e-05,0.3000310868024826,-0.09653526023030282,8.01929763838416e-06,0.00040805112803354854
dt_0.125_ms,11600,1.45,307461,0.0,False,0.00032110759639181197,0.0005376450717449188,0.000592600554227829,0.0007316549192182729,0.0007924793346319352,0.0018972224788740277,0.00036693924197879615,1.3464440730397351e-07,0.01,3075,0.0008088911051400067,0.000731678563170135,0.0018972224788740277,0.0008897449370866577,0.00266090821037551,-0.010228257247534405,0.2406288944257406,0.41849931778218746,0.5736585365853658,0.07544715447154472,0.8819512195121951,0.271869918699187,-0.30004318952560427,-4.71028079118696e-06,0.3000441908836365,-0.30002892911434176,1.1959289622609504e-05,0.30003062784671786,-0.09652914628386497,1.5787371012265794e-05,0.00041636363894212983
dt_0.125_ms,11680,1.46,307461,0.0,False,0.00032070951419882476,0.0005373316816985607,0.000592519121710211,0.0007335886475630107,0.0007948569487780337,0.001901366631500423,0.00036681543591573156,1.3455356402604818e-07,0.01,3075,0.0008114832976446828,0.0007335935370065272,0.001901366631500423,0.000834556402575792,0.0032364532514301335,-0.009842047902072566,0.2376344192256896,0.41847449019454086,0.5661788617886179,0.07284552845528455,0.8868292682926829,0.2780487804878049,-0.30004181563854215,-4.285577688278863e-06,0.3000431418418884,-0.30002859234809875,4.081668157596141e-05,0.30003045201301576,-0.09653380066156388,2.3710144887445495e-05,0.000424841939820908
dt_0.125_ms,11760,1.47,307461,0.0,False,0.0003203502274118364,0.0005372395971789956,0.0005929425242356956,0.0007355634239502254,0.0007974469684995716,0.0019056655000895262,0.0003667500556957178,1.345056033528121e-07,0.01,3075,0.0008139243717986817,0.0007355692214332521,0.0019056655000895262,0.000966667225682103,0.0037510368290069773,-0.009608347799037362,0.23462098259097094,0.4177873731837993,0.5593495934959349,0.07154471544715447,0.8897560975609756,0.28292682926829266,-0.3000406056642532,-4.132983576710103e-06,0.3000421315431595,-0.30002859234809875,4.114386683795601e-05,0.3000301092863083,-0.09653976112604142,3.105774158029817e-05,0.00043318441894371065
dt_0.125_ms,11840,1.48,307461,0.0,False,0.0003199207712896168,0.0005372250452637672,0.0005934599903412163,0.0007379541988484564,0.0007991087681148206,0.001910043298266828,0.0003666706111349264,1.344473370700604e-07,0.01,3075,0.0008164079934812901,0.0007379630696959794,0.001910043298266828,0.00039207180968606567,0.0035911844644541764,-0.009420477522214513,0.23139067033150526,0.4177352173687916,0.5499186991869919,0.07056910569105691,0.8923577235772358,0.28747967479674796,-0.30004006028175356,-4.695566985901678e-06,0.30004135966300965,-0.3000284880399704,0.004990768618881702,0.30002914667129515,-0.0964599721133709,3.7930487451376393e-05,0.0004415281058754772
dt_0.125_ms,11920,1.49,307461,0.0,False,0.00031938188476487994,0.0005370579310692847,0.0005939900875091553,0.0007400010363198834,0.0008018758846446882,0.0019144605612382293,0.00036655326723639045,1.3436129772167267e-07,0.01,3075,0.0008192231948676754,0.0007400448666885495,0.0019144605612382293,-0.0001533263207909663,0.001831053014324757,-0.009249148800574456,0.22815314246060173,0.41772680592114286,0.5434146341463415,0.0689430894308943,0.8952845528455284,0.29365853658536584,-0.30003897547721864,-6.177810973895248e-06,0.30004020035266876,-0.3000283807516098,3.954995554522611e-05,0.30002889335155486,-0.0918707624077797,4.474055458558723e-05,0.00044988581503275783
dt_0.125_ms,12000,1.5,307461,0.0,False,0.00031908502569422126,0.0005369345308281481,0.0005946905585005879,0.0007425953052006665,0.0008051709330175082,0.0019189362647011876,0.0003665287730610928,1.343433414816701e-07,0.01,3075,0.0008221188104310172,0.0007426027441397309,0.0019189362647011876,-0.00020222452616042397,0.0014486831639641934,-0.009239824195900945,0.22634694509889824,0.41771460757833284,0.5385365853658537,0.0689430894308943,0.8959349593495934,0.2988617886178862,-0.30003864467144015,-5.573570433625719e-06,0.3000398755073547,-0.3000283807516098,1.1929766515095253e-05,0.30002889335155486,-0.09187672287225723,5.253389826975763e-05,0.0004582707828376442
dt_0.125_ms,12080,1.51,307461,0.0,False,0.0003187767288181931,0.0005367433768697083,0.0005952680949121714,0.000745445885695519,0.0008075748395640403,0.0019233247730880976,0.00036649369334794667,1.3431762726381876e-07,0.01,3075,0.0008248198596094319,0.0007454948499798775,0.0019233247730880976,0.00043782622899907143,0.0006508852029276229,-0.009143407295447523,0.22456247473719693,0.41771460757833284,0.5336585365853659,0.06796747967479674,0.8972357723577236,0.30341463414634146,-0.30003814697265624,-4.855355655308813e-06,0.3000393778085709,-0.30002835392951965,1.0653869139787275e-05,0.3000284910202026,-0.09188070893287659,6.039162690285593e-05,0.00046668147551827134
dt_0.125_ms,12160,1.52,307461,0.0,False,0.000318333477480337,0.0005366640980355442,0.0005957061075605452,0.0007483303314074875,0.0008107987872790552,0.0019280104897916317,0.0003664068396050248,1.3425397210934235e-07,0.01,3075,0.0008278544785311006,0.000748331833165139,0.0019280104897916317,-2.785999295932614e-05,0.00043151529133280363,-0.00879533204633118,0.22191235741201837,0.41770783969495306,0.5258536585365854,0.06439024390243903,0.9014634146341464,0.30861788617886177,-0.30003781914711,-6.111078619142063e-06,0.30003843903541566,-0.3000281721353531,1.0202945304627065e-05,0.3000283032655716,-0.0918659046292305,6.748167652403936e-05,0.00047511458105873314
dt_0.125_ms,12240,1.53,307461,0.0,False,0.00031795428367331624,0.0005365273682400584,0.0005964029696770012,0.0007505581714212902,0.0008139369194395856,0.0019329783972352743,0.0003663536884282588,1.3421502502498975e-07,0.01,3075,0.0008306467643469512,0.0007505766116082668,0.0019329783972352743,-0.00043335227235866483,0.0009055697966482535,-0.008349416686021394,0.21884055755480492,0.41766386880856965,0.5173983739837399,0.061138211382113825,0.9063414634146342,0.3131707317073171,-0.30003575086593626,-6.087575457058847e-06,0.30003769099712374,-0.30002800524234774,1.0827582627825905e-05,0.30002784430980683,-0.09186592996120453,7.496344187529758e-05,0.0004835675499634817
dt_0.125_ms,12320,1.54,307461,0.0,False,0.0003176397585775703,0.0005366408731788397,0.0005970310885459185,0.0007531689363531772,0.0008168953470885763,0.0019380073063075542,0.00036638537249943196,1.342382411815475e-07,0.01,3075,0.0008336969983680704,0.0007531775627285242,0.0019380073063075542,-0.0008913874301907061,0.0008285442669922065,-0.008031290158675906,0.21649095108485053,0.41766386880856965,0.5115447154471545,0.06016260162601626,0.9099186991869919,0.3173983739837398,-0.30003575086593626,-6.0687084442179184e-06,0.30003693103790285,-0.3000279366970062,1.0716219549067318e-05,0.30002774596214293,-0.091851095110178,8.287902892334387e-05,0.0004920494044199586
dt_0.125_ms,12400,1.55,307461,0.0,False,0.00031720005790703,0.0005366179393604398,0.0005976495449431241,0.00075616124086082,0.000820294581353665,0.0019429493695497513,0.00036633939402738524,1.3420455161635182e-07,0.01,3075,0.0008365848654979552,0.0007561660604551435,0.0019429493695497513,-0.0010431211347836657,0.0016777629036103811,-0.00784189736877035,0.2144270260030509,0.4176505518861303,0.5060162601626016,0.05983739837398374,0.9121951219512195,0.32195121951219513,-0.30003575086593626,-6.057793143554591e-06,0.300036296248436,-0.3000278532505035,1.216547934745904e-05,0.30002774596214293,-0.0918561726808548,9.058407886186615e-05,0.0005006362334825099
dt_0.125_ms,12480,1.56,307461,0.0,False,0.00031678169034421444,0.0005365628167055547,0.0005982489674352109,0.0007587248226627707,0.0008230117324274034,0.0019480568589642644,0.0003662287642948237,1.3412350779691353e-07,0.01,3075,0.0008395341489032456,0.0007587249274365604,0.0019480568589642644,-0.0022768805018934407,0.002004980293573534,-0.007490955769604122,0.21150139084710015,0.4175992426127784,0.49821138211382116,0.05853658536585366,0.9164227642276422,0.32878048780487806,-0.30003556311130525,-7.57636144044227e-06,0.30003616213798523,-0.30002760887145996,1.2088717994629405e-05,0.300027796626091,-0.09183406606316566,9.818987018661574e-05,0.0005091900529805571
dt_0.125_ms,12560,1.57,307461,0.0,False,0.0003162679495289922,0.0005364967510104179,0.0005987114855088294,0.0007608442334458233,0.0008265324227977544,0.0019533857703208923,0.00036612309834999594,1.340461231454008e-07,0.01,3075,0.0008426930638582908,0.0007608484593220055,0.0019533857703208923,-0.0026894732468094214,0.0022469356681603806,-0.007064176953622891,0.2084609030389307,0.4175671792117917,0.4900813008130081,0.055284552845528454,0.92130081300813,0.33495934959349594,-0.300035348534584,-8.39721724332776e-06,0.3000346750020981,-0.3000275045633316,1.2464765859476756e-05,0.30002768635749816,-0.09183525443077087,0.00010606300929794088,0.0005177642102353275
dt_0.125_ms,12640,1.58,307461,0.0,False,0.0003157437895424664,0.0005364189855754375,0.0005991060752421618,0.0007635921589098881,0.0008298434433527296,0.001958727603778243,0.000366000006219719,1.3395600455283432e-07,0.01,3075,0.000845805163820827,0.0007636182126589119,0.001958727603778243,-0.003015045731317218,0.0023786776363283733,-0.0067105364289770965,0.20618675823730687,0.4175218947337261,0.4832520325203252,0.052357723577235775,0.9252032520325203,0.3404878048780488,-0.3000346213579178,-9.237193808075972e-06,0.3000341445207596,-0.300027397274971,1.2899852663394995e-05,0.30002758502960203,-0.09182039871811867,0.00011438850197009742,0.0005263566563371569
dt_0.125_ms,12720,1.59,307461,0.0,False,0.0003153365687467158,0.0005365432007238269,0.0005996361142024398,0.0007661300711333761,0.000832809903658927,0.001964185619726777,0.00036594618246642914,1.3391660846175305e-07,0.01,3075,0.0008486236558992385,0.0007661535055376589,0.001964185619726777,-0.0027558764124108247,0.002054922247157535,-0.006658638963129493,0.20444143352927868,0.4175218947337261,0.4790243902439024,0.05203252032520325,0.9258536585365854,0.343739837398374,-0.3000346213579178,-9.637251423555426e-06,0.3000341445207596,-0.30002737045288086,1.2466595762816723e-05,0.30002758502960203,-0.0918261744081974,0.00012120696919737384,0.0005349843646399677
dt_0.125_ms,12800,1.6,307461,0.0,False,0.0003148804826196283,0.0005367443663999438,0.0006002419395372272,0.0007691404432989668,0.0008367228496354087,0.0019699102267622948,0.0003659029200812709,1.3388494692400093e-07,0.01,3075,0.0008521289114908474,0.0007691705832257867,0.0019699102267622948,-0.0028310271594003695,0.002450621761932862,-0.0064536892095298426,0.20228049875877768,0.4175218947337261,0.4738211382113821,0.04975609756097561,0.928130081300813,0.34959349593495936,-0.30003452897071836,-1.005153353617061e-05,0.3000341445207596,-0.30002737045288086,1.2915877050545532e-05,0.30002758502960203,-0.08690741509199143,0.0001290902291657403,0.0005436217528767884
dt_0.125_ms,12880,1.61,307461,0.0,False,0.00031443245825357735,0.0005366771365515888,0.0006006626645103097,0.0007717887056060141,0.000840094638988377,0.00197555567137897,0.0003657845034750871,1.33798302982516e-07,0.01,3075,0.0008552363855817272,0.0007718035485595465,0.00197555567137897,-0.0030745817062074634,0.0020389138549484556,-0.006435048165433014,0.2001166837651953,0.4175218947337261,0.4682926829268293,0.04943089430894309,0.9284552845528455,0.3547967479674797,-0.30003452897071836,-1.0603866940073203e-05,0.3000331580638885,-0.30002737045288086,1.3092607332509942e-05,0.3000274866819382,-0.08691238611936569,0.00013599504018202424,0.0005523379310034215
dt_0.125_ms,12960,1.62,307461,0.0,False,0.0003139550390187651,0.0005366314435377717,0.0006008202326484025,0.0007749416516162456,0.0008434847346507025,0.0019811750389635563,0.0003656672320535431,1.3371252459769977e-07,0.01,3075,0.0008584509478367077,0.0007749421056360006,0.0019811750389635563,-0.0032084659340395915,0.0019416591462294356,-0.006299878891963232,0.19826785375880582,0.41748514736859405,0.4624390243902439,0.04878048780487805,0.9304065040650407,0.36,-0.3000344932079315,-1.0814127563207876e-05,0.3000314563512802,-0.3000269174575806,1.3286204193718731e-05,0.30002735555171967,-0.08690403029322624,0.00014387333067134023,0.000561089813709259
dt_0.125_ms,13040,1.6300000000000001,307461,0.0,False,0.00031360978027805686,0.0005367391859181225,0.0006010034121572971,0.0007777109392918652,0.0008462899830192328,0.0019869625102728605,0.0003656391968830837,1.3369202229730642e-07,0.01,3075,0.0008615318174299792,0.0007777251885272563,0.0019869625102728605,-0.0035266492215672274,0.0019222179023638704,-0.0061097646062302745,0.19610519590709483,0.41748514736859405,0.456260162601626,0.04682926829268293,0.9333333333333333,0.36552845528455286,-0.3000344932079315,-1.136982609750703e-05,0.29650958478450773,-0.3000269174575806,1.3499182387022302e-05,0.30002728998661043,-0.08690175339579582,0.00015142200572881848,0.000569870078470558
dt_0.125_ms,13120,1.6400000000000001,307461,0.0,False,0.0003130912082269788,0.0005366652039811015,0.0006010390352457762,0.0007801496190950327,0.0008489604282658549,0.0019929208792746067,0.0003655018398098306,1.3359159490437105e-07,0.01,3075,0.0008642886128329589,0.0007802841137163341,0.0019929208792746067,-0.004209443692228864,0.0017334169662433536,-0.005898173935444081,0.19408532664041445,0.4174466331070462,0.4504065040650406,0.04552845528455285,0.9372357723577236,0.37073170731707317,-0.3000344097614288,-0.00499389972537756,0.2962531507015228,-0.30002577900886535,1.392825197399361e-05,0.300027072429657,-0.0868852861225605,0.00015929545043036342,0.0005786688590887933
dt_0.125_ms,13200,1.6500000000000001,307461,0.0,False,0.00031248776940628886,0.0005362996598705649,0.000601201259996742,0.0007823777035810068,0.0008518592861946682,0.001998747931793332,0.0003653045672876354,1.3344742688120652e-07,0.01,3075,0.0008673328033466709,0.0007824150379747152,0.001998747931793332,-0.004057416707383072,0.0012031586832329908,-0.005689762206928918,0.19249221056459137,0.41742831491815097,0.4458536585365854,0.044227642276422764,0.9395121951219512,0.3743089430894309,-0.30003373324871063,-0.004992176312953234,0.29625244736671447,-0.30002441108226774,1.3924192899139598e-05,0.30002697110176085,-0.08684921637177467,0.0001674734812695533,0.0005875410453882069
dt_0.125_ms,13280,1.6600000000000001,307461,0.0,False,0.00031205479172058403,0.0005361810326576233,0.000601285370066762,0.0007851748378016106,0.0008549604797735819,0.002004688372835517,0.00036523194157073,1.3339437114352513e-07,0.01,3075,0.0008704409122701765,0.0007853049319237471,0.002004688372835517,-0.004117410253641231,0.0014928855890110572,-0.005540838386887487,0.19145495143294514,0.4173981501618369,0.4429268292682927,0.0432520325203252,0.9411382113821138,0.37626016260162604,-0.30003373324871063,-0.004993154667317867,0.29625244736671447,-0.3000239640474319,1.4659149201179389e-05,0.3000269323587418,-0.009847747907042504,0.0001757464779075235,0.0005964347277767956
dt_0.125_ms,13360,1.67,307461,0.0,False,0.00031156864133663476,0.0005359727656468749,0.0006013961392454803,0.0007884029066190128,0.0008585490053519628,0.002481016330420971,0.00036515900344073673,1.3334109779383198e-07,0.01,3075,0.0008747092336681255,0.0007884146762080491,0.002481016330420971,-0.00432397986195335,0.0015060136903863016,-0.0054334925552082984,0.1901277117399438,0.41734663028632213,0.43869918699186994,0.042926829268292686,0.9424390243902439,0.37886178861788616,-0.3000335991382599,-0.004990536253899336,0.296212363243103,-0.3000239640474319,1.4533324247167911e-05,0.3000269323587418,-0.009835904277861119,0.00018347526201978326,0.0006053713674191386
dt_0.125_ms,13440,1.68,307461,0.0,False,0.00031113289878703654,0.0005357070476748049,0.0006013569072820246,0.0007917509181424976,0.0008618257590569567,0.002453996567055583,0.0003650503744338377,1.332617758742851e-07,0.01,3075,0.0008779740540076017,0.0007917524199001491,0.002453996567055583,-0.004151859425291329,0.0018952836276039805,-0.005352458077741028,0.18882250353593216,0.41653635815025997,0.4354471544715447,0.042926829268292686,0.9434146341463414,0.38146341463414635,-0.30003308653831484,-1.1803060260717757e-05,0.29620751142501833,-0.3000239640474319,4.5634333218913525e-05,0.3000269323587418,-0.009803725592792033,0.00019123131642118096,0.0006142599449958651
dt_0.125_ms,13520,1.69,307461,0.0,False,0.00031079401378519833,0.000535700295586139,0.0006016648840159178,0.0007950299885123976,0.0008649205090478074,0.0024290920700877905,0.0003650472844174405,1.332595198605477e-07,0.01,3075,0.0008811583826356242,0.0007950505241751671,0.0024290920700877905,-0.004264936355878174,0.001997814140251037,-0.005183670559698196,0.18670513312004797,0.4159815977749016,0.4289430894308943,0.0416260162601626,0.9479674796747968,0.3856910569105691,-0.3000328242778778,-1.1959061339439359e-05,0.2962020993232727,-0.3000232756137848,0.004982793238013983,0.30002683997154234,-0.009757700003683567,0.00019927136600017548,0.0006232325860764831
dt_0.125_ms,13600,1.7,307461,0.0,False,0.00031064951326698065,0.0005359294591471553,0.0006020084256306291,0.0007981182308867589,0.0008677522360812885,0.0024072052910923958,0.00036520686016000835,1.3337605070793189e-07,0.01,3075,0.000884322580234034,0.0007981577655300498,0.0024072052910923958,-0.0030142484145944688,0.0017601564736799938,-0.00507031748383765,0.18460796494574433,0.4157435923832279,0.4224390243902439,0.040325203252032524,0.9502439024390243,0.38991869918699185,-0.3000307321548462,-1.0550536899245344e-05,0.2962020993232727,-0.3000227212905884,4.4648237235378474e-05,0.3000251889228821,-0.009700138028711081,0.00020662162569351494,0.0006323083827737718
dt_0.125_ms,13680,1.71,307461,0.0,False,0.00031051947735249996,0.0005361646763049066,0.0006026060436852276,0.0008013343554921456,0.0008704719133675105,0.0023878838401287794,0.00036538197349385597,1.3350398655426488e-07,0.01,3075,0.0008871953103244607,0.000801354122813791,0.0023878838401287794,-0.0029982040838867244,0.0015569512477509122,-0.005067490702820326,0.18400861584041403,0.4157435923832279,0.42048780487804877,0.040325203252032524,0.9508943089430895,0.39154471544715447,-0.29651239812374114,-9.741088433656842e-06,0.2962020993232727,-0.3000227212905884,1.5506755516980775e-05,0.3000244677066803,-0.00969233876094222,0.0002153631066903472,0.00064143919153139
dt_0.125_ms,13760,1.72,307461,0.0,False,0.00031036115251481533,0.0005362480878829956,0.0006030384683981538,0.0008041323395445958,0.0008733556140214211,0.0023703426122665405,0.00036548163889311134,1.3357682836799462e-07,0.01,3075,0.0008901726864126882,0.0008041709661483765,0.0023703426122665405,-0.0032060865963744506,0.0020106618743142303,-0.004922790694341766,0.18242741395249473,0.4157109028027406,0.41560975609756096,0.03934959349593496,0.952520325203252,0.3938211382113821,-0.29642000794410706,-1.081782829714939e-05,0.29605297148227694,-0.3000227212905884,0.004981675650924444,0.3000257611274719,-0.009660504106432198,0.0002225888310931623,0.0006504404067527503
dt_0.125_ms,13840,1.73,307461,0.0,False,0.00031017762375995517,0.0005362140364013612,0.0006032913224771619,0.0008065770380198958,0.0008758659649174661,0.0023550232872366905,0.0003655251879624576,1.3360866303498996e-07,0.01,3075,0.0008927606145010853,0.0008065838483162224,0.0023550232872366905,-0.0028067982742783445,0.002082483918505401,-0.004708075506945814,0.18095714281618944,0.41545726218587675,0.4110569105691057,0.0383739837398374,0.9557723577235773,0.3960975609756098,-0.296253302693367,-8.969000191427767e-06,0.2953092843294144,-0.30002238750457766,0.004981303121894598,0.3000251889228821,-0.004871450457721948,0.00023090033209882677,0.0006594442122150212
dt_0.125_ms,13920,1.74,307461,0.0,False,0.0003099615569226444,0.0005363059462979436,0.0006040749722160399,0.0008094524266198288,0.0008784382080193614,0.0023410154972225428,0.00036566066081891735,1.3370771887052732e-07,0.01,3075,0.00089573131391506,0.0008094776421785355,0.0023410154972225428,-0.0023944452828371554,0.0022682864767120453,-0.004589385734326812,0.17982915380568726,0.4154557361645134,0.40715447154471546,0.03772357723577236,0.9570731707317073,0.39739837398373984,-0.296253302693367,-8.421663551416714e-06,0.2953092843294144,-0.3000222235918045,0.004980930592864752,0.3000244677066803,-0.00486192530952394,0.00023925155983306468,0.000668470753589645
dt_0.125_ms,14000,1.75,307461,0.0,False,0.0003097752633038908,0.0005364411044865847,0.0006048131035640836,0.0008123052655719228,0.000881568220211194,0.002327315043658018,0.0003658093157794703,1.3381645551104422e-07,0.01,3075,0.0008988755383733206,0.0008123240550048649,0.002327315043658018,-0.0021135505839803836,0.002077837361832921,-0.004553468353458116,0.1786626616022266,0.415405171032483,0.4032520325203252,0.03739837398373984,0.9590243902439024,0.4,-0.29625216126441956,-7.069422736094566e-06,0.295309254527092,-0.3000222235918045,0.004980558063834906,0.3000239938497543,-0.004853029828518629,0.00024763878900557756,0.0006776787457056342
dt_0.125_ms,14080,1.76,307461,0.0,False,0.0003096486034337431,0.000536501407623291,0.0006056568236090243,0.000815018999855966,0.0008844660304021092,0.0023138816468417645,0.00036597444046082366,1.3393729107061297e-07,0.01,3075,0.0009018123508961038,0.0008150351350195706,0.0023138816468417645,-0.0015723464252612653,0.002280103764814272,-0.004525301806180079,0.1776739622687366,0.4153841237760635,0.4,0.037073170731707315,0.9603252032520325,0.400650406504065,-0.2962122201919556,-6.376013516273815e-06,0.2953092843294144,-0.3000222235918045,4.7050853027030826e-05,0.3000244677066803,-0.004845162853598595,0.00025639295927248895,0.0006867746240459381
dt_0.125_ms,14160,1.77,307461,0.0,False,0.00030949650681577623,0.0005366567056626081,0.0006063570035621524,0.0008171687717549508,0.0008867071417625995,0.002302088076248765,0.00036610813083595223,1.340351634641947e-07,0.01,3075,0.0009041910070161207,0.000817182706668973,0.002302088076248765,-0.0018729173493738926,0.0018468940295492153,-0.0044238335716659275,0.17710314299384575,0.41531241651338313,0.3983739837398374,0.036422764227642276,0.9622764227642276,0.4009756097560976,-0.29622261226177216,-7.011899469944183e-06,0.2953092247247696,-0.3000222235918045,1.6923198927543126e-05,0.3000239938497543,-0.004836115567013621,0.00026565694133751094,0.0006958932557608931
dt_0.125_ms,14240,1.78,307461,0.0,False,0.0003093696723226458,0.0005366881377995014,0.0006069221417419612,0.0008191945962607862,0.0008882655936758967,0.00229024444706738,0.0003661849048275624,1.3409138452357094e-07,0.01,3075,0.0009059653309083022,0.0008191972156055272,0.00229024444706738,-0.0016473624801487008,0.0019949614204231247,-0.0043320849963972095,0.1766127872557509,0.4152277251259721,0.39707317073170734,0.03609756097560975,0.9632520325203252,0.4016260162601626,-0.2962073892354965,-6.4343375925091095e-06,0.2953091949224472,-0.3000222235918045,4.7262656153179705e-05,0.3000235378742218,-0.004827138967812061,0.000274856312898919,0.0007050459680613129
dt_0.125_ms,14320,1.79,307461,0.0,False,0.00030912880902178586,0.0005366583936847746,0.0006073105614632368,0.0008213070686906588,0.0008902716392185544,0.002278949599713087,0.00036621147462537657,1.3411084414729283e-07,0.01,3075,0.0009080247212072637,0.000821337103843689,0.002278949599713087,-0.0015494542595532157,0.0018487248849210715,-0.00423570966035245,0.1760377646584239,0.41456288363884547,0.3951219512195122,0.035447154471544715,0.9645528455284553,0.40195121951219515,-0.2962073892354965,-6.005975137668429e-06,0.2953091949224472,-0.3000215858221054,4.736403570859693e-05,0.3000232517719269,-0.004818793479353189,0.000283806468360126,0.0007142151938751339
dt_0.125_ms,14400,1.8,307461,0.0,False,0.00030882805003784597,0.0005364808603189886,0.0006077965372242033,0.0008236294495873156,0.0008921415486838673,0.0022676594089716673,0.000366177137507152,1.3408569603293172e-07,0.01,3075,0.0009100549437325235,0.0008236374123953283,0.0022676594089716673,-0.0017395242813027442,0.0018171748312000536,-0.004206930816493459,0.17567038053727,0.4143440661033869,0.39414634146341465,0.0351219512195122,0.9648780487804878,0.4029268292682927,-0.2962073892354965,-7.358150014624698e-06,0.2953091949224472,-0.3000215858221054,0.004978695418685675,0.3000235378742218,-0.004810790438205004,0.00029304990312084556,0.000723421317525208
dt_0.125_ms,14480,1.81,307461,0.0,False,0.0003085946082137525,0.000536368228495121,0.0006081453175283968,0.0008257520268671268,0.0008946761139668527,0.002256215550005436,0.0003661568196341688,1.3407081656460924e-07,0.01,3075,0.0009123080660687472,0.0008258891757577658,0.002256215550005436,-0.001507016431115162,0.001698144642982353,-0.004171822711307654,0.17548250881039426,0.41432190202062585,0.3934959349593496,0.034796747967479676,0.9652032520325203,0.40260162601626015,-0.2962073892354965,-6.494395620393334e-06,0.2953091949224472,-0.3000215858221054,1.75780169229256e-05,0.3000235378742218,-0.00480312742292881,0.00030199214234016836,0.0007326483551878481
dt_0.125_ms,14560,1.82,307461,0.0,False,0.000308325223159045,0.0005362313240766525,0.0006084224442020059,0.0008277418441139198,0.000896337174344808,0.00224503967911005,0.0003661358988782801,1.3405549644740616e-07,0.01,3075,0.0009141680468593126,0.0008278354071080685,0.00224503967911005,-0.0016475070004660635,0.0017057425369769337,-0.0040122381741146945,0.17491610899797397,0.41423814825072736,0.39186991869918697,0.033170731707317075,0.9668292682926829,0.4029268292682927,-0.2962019771337509,-5.894323749089381e-06,0.2953090757131577,-0.3000215858221054,4.550783341983333e-05,0.3000239938497543,-0.004793565301224589,0.0003113882848992944,0.0007419297297019511
dt_0.125_ms,14640,1.83,307461,0.0,False,0.00030820866231806576,0.0005361470975913107,0.0006089668022468686,0.0008297743741422912,0.0008986332570202662,0.0022354363463819027,0.00036620918499242653,1.341091671728173e-07,0.01,3075,0.0009161036916841882,0.0008298266911879182,0.0022354363463819027,-0.0017314556320284246,0.0019943241008547738,-0.0038102264156587786,0.17469105725390507,0.4141946892263949,0.39154471544715447,0.03121951219512195,0.968780487804878,0.4029268292682927,-0.2962019771337509,-5.869337201147573e-06,0.2953089624643326,-0.3000215858221054,4.7752833779668435e-05,0.3000244677066803,-0.004783502826467156,0.0003211228467989713,0.0007512484036851674
dt_0.125_ms,14720,1.84,307461,0.0,False,0.00030793112819083035,0.0005360393552109599,0.0006093160482123494,0.0008317636209540078,0.0009002578677609564,0.002225931966677308,0.0003662048995779295,1.341060284748814e-07,0.01,3075,0.0009177096251292321,0.0008317878236994147,0.002225931966677308,-0.0017585258515627788,0.002495653927921433,-0.0038033488820916482,0.17427700968219725,0.4141946892263949,0.3902439024390244,0.03121951219512195,0.968780487804878,0.4035772357723577,-0.2962037980556488,-6.821494935138617e-06,0.2953089624643326,-0.29668634831905366,0.004977403208613396,0.3000239938497543,-0.00477530718781054,0.0003303662524558604,0.0007605892140418291
dt_0.125_ms,14800,1.85,307461,0.0,False,0.0003077140136156231,0.0005360553623177111,0.0006097894511185586,0.000833571597468109,0.0009016820462420586,0.002216966822743416,0.0003662133439931246,1.3411221331862662e-07,0.01,3075,0.0009190961597600907,0.0008335983147844672,0.002216966822743416,-0.0017785687051972917,0.002078753046891587,-0.0037661908683272426,0.17446144797045576,0.4141872719580899,0.3908943089430894,0.030894308943089432,0.9691056910569106,0.4029268292682927,-0.2962037980556488,-7.524274224124383e-06,0.2953089624643326,-0.3000215858221054,0.004976925905793905,0.3000239938497543,-0.004766881698742509,0.00033986178459599614,0.0007699872716329992
dt_0.125_ms,14880,1.86,307461,0.0,False,0.0003075718123000115,0.0005361822550185025,0.0006102919578552246,0.0008354653720743958,0.0009036096162162733,0.002208073390647769,0.0003663339173553279,1.342005390049002e-07,0.01,3075,0.0009209765026504856,0.0008354757446795702,0.002208073390647769,-0.0024654481918444772,0.0017581934720372887,-0.0035398951586670946,0.17417430057300046,0.4141511070908047,0.3905691056910569,0.02861788617886179,0.9713821138211383,0.4029268292682927,-0.2962073892354965,-7.81113158154767e-06,0.29530876874923706,-0.29769294261932366,4.803513002116233e-05,0.3000244677066803,-0.004756778432056308,0.0003495771379675716,0.0007796533755026758
dt_0.125_ms,14960,1.87,307461,0.0,False,0.0003073475381825119,0.0005360842915251851,0.0006106850341893733,0.0008368986309506016,0.0009056934388354424,0.0021997035946696997,0.00036634023856932146,1.3420517039502738e-07,0.01,3075,0.0009228436917452733,0.0008369433344341815,0.0021997035946696997,-0.0019859551969948815,0.0019051906668728932,-0.0031362075704183976,0.17294656360498598,0.41409432566493964,0.38699186991869916,0.024390243902439025,0.975609756097561,0.4032520325203252,-0.2961385935544968,-6.789935014239745e-06,0.2953084886074066,-0.29657346606254575,4.576438732328825e-05,0.3000239938497543,-0.00474764104001224,0.00035896460758522153,0.0007892788562458007
dt_0.125_ms,15040,1.8800000000000001,307461,0.0,False,0.0003071886603720486,0.0005362210795283318,0.0006114813149906695,0.0008386342437006539,0.0009075175679754467,0.0021909999195486307,0.00036645889148608375,1.342921191492093e-07,0.01,3075,0.0009246797227997302,0.0008386511472053826,0.0021909999195486307,-0.0020044334689300297,0.0018802757560470534,-0.0029128937777065543,0.17248489024668143,0.41407000172362896,0.3856910569105691,0.022113821138211382,0.9778861788617886,0.4035772357723577,-0.29611030519008635,-6.798630693083396e-06,0.2953080028295517,-0.2965254604816437,4.581820758176036e-05,0.3000232517719269,-0.004738002875819802,0.0003687810094561428,0.0007987289165612308
dt_0.125_ms,15120,1.8900000000000001,307461,0.0,False,0.00030697809415869415,0.0005363771342672408,0.0006120407488197088,0.0008405170287005613,0.0009091362531762593,0.0021822559647262096,0.00036654174793628757,1.34352852980189e-07,0.01,3075,0.0009264301924352965,0.0008405412663705647,0.0021822559647262096,-0.0018598639805994883,0.0018103986862921075,-0.002905864589327068,0.17219752152117285,0.41407000172362896,0.38471544715447153,0.022113821138211382,0.9778861788617886,0.40390243902439027,-0.29611030519008635,-6.719338216498727e-06,0.2953081578016281,-0.2965254604816437,1.9206447177566588e-05,0.30002290606498716,-0.004729807237163186,0.00037808125489391387,0.0008082098036538808
dt_0.125_ms,15200,1.9000000000000001,307461,0.0,False,0.0003068799851462245,0.0005366402911022305,0.0006126679945737123,0.0008422287879511722,0.0009104334341827783,0.0021745425183326006,0.0003666622912893675,1.3444123585356896e-07,0.01,3075,0.0009276598709923162,0.0008422501268796623,0.0021745425183326006,-0.0018130818532133377,0.0013397375403827497,-0.0028937982910689406,0.1722949411464238,0.41407000172362896,0.3850406504065041,0.022113821138211382,0.9778861788617886,0.4032520325203252,-0.29611030519008635,-5.780929313914385e-06,0.2953084886074066,-0.2965254604816437,1.90745631698519e-05,0.30002290606498716,-0.0047223425004631284,0.0003878688730765134,0.0008177264942787586
dt_0.125_ms,15280,1.9100000000000001,307461,0.0,False,0.0003067379293497652,0.0005365864490158856,0.0006131968693807721,0.00084365833317861,0.0009113228530623029,0.0021667724940925837,0.0003666873987684592,1.3445964841557903e-07,0.01,3075,0.0009285240160770775,0.000843667658045888,0.0021667724940925837,-0.0018978883549846622,0.0010612066527551085,-0.0028548310876717956,0.17244010969478885,0.4140602812788804,0.3856910569105691,0.021788617886178863,0.9782113821138212,0.4032520325203252,-0.29611030519008635,-6.1505488702096045e-06,0.2953081578016281,-0.2965254604816437,1.9209775928175077e-05,0.30002263486385344,-0.0047137031331658365,0.00039734566234983504,0.0008272816252429037
dt_0.125_ms,15360,1.92,307461,0.0,False,0.0003065365890506655,0.0005366164841689169,0.0006136599695309997,0.0008453226066194499,0.0009128176199737938,0.0021593794226646423,0.0003667015971896261,1.344700613814228e-07,0.01,3075,0.0009298223419667683,0.0008453864138573408,0.0021593794226646423,-0.0020232638663425333,0.000818676473237303,-0.002844328922560302,0.17246049521404117,0.4140602812788804,0.3856910569105691,0.021788617886178863,0.9782113821138212,0.40260162601626015,-0.2961385935544968,-6.196606591402087e-06,0.2953084886074066,-0.2965254604816437,1.9191187675460242e-05,0.3000224053859711,-0.004705246724188328,0.00040715449722483754,0.0008368742477614431
dt_0.125_ms,15440,1.93,307461,0.0,False,0.0003064482589252293,0.0005365163087844849,0.0006140356417745352,0.0008468378102406882,0.0009145483199972675,0.0021521581802517176,0.0003667082088440875,1.344749104336389e-07,0.01,3075,0.0009310278579274693,0.0008468934101983905,0.0021521581802517176,-0.00209955127393767,0.0009180730119902314,-0.002743566791863915,0.17246242799714664,0.41398258112612196,0.3860162601626016,0.0208130081300813,0.9791869918699186,0.40260162601626015,-0.2962019771337509,-6.232198757061269e-06,0.2953081578016281,-0.29631891250610354,1.9362185412319377e-05,0.30002220869064333,-0.0046954193152487275,0.0004166820435784757,0.0008465027611237018
dt_0.125_ms,15520,1.94,307461,0.0,False,0.00030627375235781074,0.0005364568205550313,0.0006143968785181642,0.00084834733279422,0.0009157559426967062,0.0021450703497976065,0.00036670247291437997,1.3447070364152157e-07,0.01,3075,0.000932036430397018,0.0008483657729811966,0.0021450703497976065,-0.0021110353103236273,0.0006976969792627158,-0.0026974991250241828,0.17296380534296163,0.4139630963996227,0.3879674796747967,0.02048780487804878,0.9795121951219512,0.4013008130081301,-0.29622261226177216,-6.963967280171346e-06,0.2953086018562317,-0.29631891250610354,1.9531722500687465e-05,0.3000224053859711,-0.004686385486274957,0.0004266235337127,0.0008561713271774351
dt_0.125_ms,15600,1.95,307461,0.0,False,0.0003061139432247728,0.0005364254466257989,0.0006146664964035153,0.0008498917799443015,0.0009178446431178618,0.0021380602847784758,0.00036672751319131845,1.3448906893148866e-07,0.01,3075,0.0009335026164289292,0.0008499125251546502,0.0021380602847784758,-0.0020410417473259975,0.00042258238446162347,-0.0026853654018321217,0.1730797607484898,0.4139630963996227,0.3882926829268293,0.02048780487804878,0.9795121951219512,0.400650406504065,-0.2962315231561661,-6.994126124482136e-06,0.29530876874923706,-0.29631891250610354,1.826434163376689e-05,0.3000224053859711,-0.004677867237478495,0.00043614429887384176,0.0008658847073093056
dt_0.125_ms,15680,1.96,307461,0.0,False,0.00030602625338360667,0.0005365475080907345,0.0006150697008706629,0.0008511204971000569,0.0009194515412673361,0.0021309321746230125,0.0003667806814739133,1.3452806830246825e-07,0.01,3075,0.0009343428859615896,0.0008511626510880888,0.0021309321746230125,-0.0018260046828325032,0.0008717513559562131,-0.0025857790076075408,0.17321569407372167,0.4139354879835704,0.38926829268292684,0.01951219512195122,0.9804878048780488,0.400650406504065,-0.2962084025144577,-7.027805168036139e-06,0.29530876874923706,-0.29631891250610354,1.9866300135618076e-05,0.30002290606498716,-0.004667849512770772,0.0004458960029296577,0.00087562293629162
dt_0.125_ms,15760,1.97,307461,0.0,False,0.0003059043374378234,0.0005366573459468782,0.0006157538155093789,0.0008526190882548692,0.0009209714247845115,0.0021242634393274784,0.00036686044850256104,1.3458658867550025e-07,0.01,3075,0.000935254885201774,0.0008526257588528097,0.0021242634393274784,-0.0016959873875786679,0.0008877013188228604,-0.002578215133635388,0.17347644283895539,0.4139354879835704,0.3902439024390244,0.01951219512195122,0.9804878048780488,0.39967479674796746,-0.2962084025144577,-8.223629265557975e-06,0.29530881345272064,-0.29631891250610354,1.883525874291081e-05,0.3000239938497543,-0.0046593387145549055,0.00045549278729595244,0.0008857918961439281
dt_0.125_ms,15840,1.98,307461,0.0,False,0.0003057485446333885,0.0005368568818084896,0.0006165021914057434,0.0008542808354832233,0.0009230193390976645,0.0021178610622882843,0.0003669165587661642,1.3462776109680402e-07,0.01,3075,0.0009363873577222409,0.0008542824070900679,0.0021178610622882843,-0.0017351570091405234,0.0010714623825320146,-0.00256728873832333,0.17391570392951033,0.4139354879835704,0.39186991869918697,0.01951219512195122,0.9804878048780488,0.39902439024390246,-0.29622261226177216,-7.113894753274508e-06,0.2953089624643326,-0.29631891250610354,2.0175093595753424e-05,0.3000251889228821,-0.004650331242009998,0.00046508715604431927,0.0008960488077718764
dt_0.125_ms,15920,1.99,307461,0.0,False,0.0003055972629226744,0.0005368590936996043,0.000617132754996419,0.000856264051981271,0.00092483563348651,0.0021113331895321608,0.0003669596006125417,1.3465934848171611e-07,0.01,3075,0.0009376542170236751,0.0008562817238271236,0.0021113331895321608,-0.0016237708673678553,0.0006526381843390105,-0.0024946637625419877,0.17404455417061954,0.4127949568685916,0.39252032520325203,0.01886178861788618,0.9811382113821138,0.3986991869918699,-0.29622261226177216,-6.3991592469392344e-06,0.2953090757131577,-0.29631891250610354,1.7873137039714493e-05,0.3000244677066803,-0.004641343932598829,0.0004751397354993969,0.000905847136164084
dt_0.125_ms,16000,2.0,307461,0.0,False,0.0003053545078728348,0.0005367472185753286,0.0006175700691528618,0.0008574370760470654,0.0009262044972274486,0.002104350831359625,0.00036688819864452195,1.346069503046222e-07,0.01,3075,0.0009388469329777711,0.0008575019310228527,0.002104350831359625,-0.0016009388479599923,0.00041615014830494315,-0.0024491123872812898,0.1741485716787349,0.41231008707530387,0.39284552845528453,0.018536585365853658,0.9814634146341463,0.3980487804878049,-0.2962315231561661,-5.5329410315607674e-06,0.2953090757131577,-0.29631891250610354,1.4551428648701403e-05,0.3000239938497543,-0.004632451198995113,0.00048460104153491557,0.0009155886946246028
dt_0.125_ms,16080,2.0100000000000002,307461,0.0,False,0.00030521026928909123,0.0005368266138248146,0.0006181405624374747,0.0008590909070335335,0.0009279472287744286,0.002097624121233821,0.00036692475114900777,1.346337730057613e-07,0.01,3075,0.0009404572203179927,0.000859108055010438,0.002097624121233821,-0.0015035369911664213,0.0007748879644101379,-0.0022613507798755527,0.17372861457119687,0.4107954135357449,0.39186991869918697,0.016585365853658537,0.9834146341463414,0.3986991869918699,-0.2962315231561661,-4.798696409125114e-06,0.29530881345272064,-0.29627141952514646,1.564610101922881e-05,0.3000239938497543,-0.004623108124360442,0.0004943053354509175,0.000925362209090963
dt_0.125_ms,16160,2.02,307461,0.0,False,0.00030518329003825784,0.0005368986749090254,0.0006188093684613705,0.0008606922463513913,0.000929178617661819,0.0020908096339553595,0.0003670401984820653,1.3471850730175391e-07,0.01,3075,0.0009422116675149134,0.0008606975898146629,0.0020908096339553595,-0.0019207241602928076,0.00013029547065441624,-0.0022522090282196526,0.17349996330392112,0.4107954135357449,0.39154471544715447,0.016585365853658537,0.9834146341463414,0.3986991869918699,-0.29622261226177216,-6.0981433307460975e-06,0.2953089624643326,-0.29627141952514646,1.2393234101182315e-05,0.3000239938497543,-0.00461453995667398,0.0005035693175159395,0.0009351389249786734
dt_0.125_ms,16240,2.0300000000000002,307461,0.0,False,0.00030508998315781355,0.0005370374419726431,0.0006195554742589593,0.0008625050541013488,0.0009308776934631174,0.002084837993606925,0.00036718657804631023,1.3482598309735906e-07,0.01,3075,0.0009440752753526033,0.0008625261834822595,0.002084837993606925,-0.0014809528826868344,-0.00011543150090810888,-0.002153216905445163,0.17307450853353887,0.4107300198303549,0.3905691056910569,0.015609756097560976,0.984390243902439,0.39902439024390246,-0.29530906677246094,-5.216498720983509e-06,0.29530881345272064,-0.29627141952514646,8.855989108269569e-06,0.3000239938497543,-0.004605544311925769,0.000512676197104156,0.0009450020792428403
dt_0.125_ms,16320,2.04,307461,0.0,False,0.00030508017516694963,0.0005372948362492025,0.000620446284301579,0.0008643576176837087,0.0009331452834885593,0.002079150639474392,0.00036735163487127087,1.349472236425955e-07,0.01,3075,0.0009459661430966988,0.0008643594337627292,0.002079150639474392,-0.0013604330445738326,-2.9302187261632716e-05,-0.002144172520687183,0.17277757380620642,0.4107300198303549,0.38959349593495934,0.015609756097560976,0.984390243902439,0.39902439024390246,-0.29530906677246094,-5.621947821055073e-06,0.29530881345272064,-0.29627141952514646,1.1341828212607652e-05,0.3000244677066803,-0.004596976144239306,0.0005221259780228138,0.0009549471724312751
dt_0.125_ms,16400,2.05,307461,0.0,False,0.0003050298837479204,0.0005374784232117236,0.0006211755098775029,0.0008664496592246005,0.0009352819004561766,0.002074034884572029,0.0003674835265759248,1.350441423046784e-07,0.01,3075,0.0009479958576536397,0.0008664719061926007,0.002074034884572029,-0.0013945741742708475,-0.00051087853761953,-0.0021381832468342337,0.1730052484801443,0.4107300198303549,0.3905691056910569,0.015609756097560976,0.984390243902439,0.39902439024390246,-0.29530906677246094,-6.236822628125083e-06,0.29530881345272064,-0.29631891250610354,3.3244702990486985e-06,0.3000239938497543,-0.004588407976552844,0.0005315577727742493,0.0009649277839343994
dt_0.125_ms,16480,2.06,307461,0.0,False,0.0003048484504688531,0.0005377979250624776,0.0006221862859092653,0.0008686078479513527,0.0009371557331178355,0.0020698204170912504,0.000367573458333815,1.3511024727148086e-07,0.01,3075,0.0009499357322541376,0.0008686095243319869,0.0020698204170912504,-0.0012822006938898536,-0.0004539379469111012,-0.0021340846112830854,0.172651612316333,0.4107300198303549,0.38926829268292684,0.015609756097560976,0.984390243902439,0.39934959349593496,-0.29530906677246094,-6.271712209127145e-06,0.29530881345272064,-0.2962857723236084,3.230546099075582e-06,0.3000239938497543,-0.00458026728592813,0.0005411240854300559,0.0009749407647177575
dt_0.125_ms,16560,2.07,307461,0.0,False,0.0003047407662961632,0.0005382482195273042,0.0006232462474144995,0.0008706904482096448,0.0009397425979841507,0.0020650015212595463,0.000367770014560878,1.3525478361010842e-07,0.01,3075,0.0009519844092769412,0.0008707255474291742,0.0020650015212595463,-0.0013489275851632711,-0.00033690113229611847,-0.002121809949346901,0.17259384879988102,0.4107300198303549,0.3889430894308943,0.015609756097560976,0.984390243902439,0.39934959349593496,-0.29530906677246094,-6.65587776893517e-06,0.29530881345272064,-0.29627141952514646,4.6591485443059355e-06,0.3000239938497543,-0.004571271641179919,0.0005505973822437227,0.0009849972440861164
dt_0.125_ms,16640,2.08,307461,0.0,False,0.00030467743636108935,0.0005386463599279523,0.0006241673836484551,0.0008731072070077093,0.0009419087087735537,0.0020603914745151997,0.00036797400644115867,1.3540486941635787e-07,0.01,3075,0.000954441014540995,0.0008731888956390321,0.0020603914745151997,-0.0006669110839791616,-0.0006836677180849037,-0.0021191792386939857,0.17205576893290808,0.4107300198303549,0.3886178861788618,0.015609756097560976,0.984390243902439,0.400650406504065,-0.29530906677246094,-4.965712378179887e-06,0.29530881345272064,-0.29627141952514646,4.2420751356075925e-08,0.3000239938497543,-0.00456295576877892,0.0005600554868578911,0.0009950555278919635
dt_0.125_ms,16720,2.09,307461,0.0,False,0.00030459603294730186,0.0005389063735492527,0.0006250294391065836,0.0008750539156608286,0.0009432766993995757,0.002055904595181346,0.00036816046729812074,1.3554212968117064e-07,0.01,3075,0.0009565562808250145,0.0008750614942982793,0.002055904595181346,-0.0004815313551136931,-0.0009374236577941743,-0.0021149367970183523,0.1719299552948706,0.4107300198303549,0.3882926829268293,0.015609756097560976,0.984390243902439,0.4009756097560976,-0.29530906677246094,-4.590699518303154e-06,0.29530881345272064,-0.29627141952514646,-2.721926193771651e-06,0.3000239938497543,-0.004554478544741869,0.0005695532890968025,0.0010051493649370967
dt_0.125_ms,16800,2.1,307461,0.0,False,0.00030452891951426864,0.0005390545702539384,0.0006257452187128365,0.0008764332975260926,0.0009445859468542045,0.0020521630067378283,0.00036827689092881776,1.3562786839219632e-07,0.01,3075,0.0009583044894289498,0.0008764633676037192,0.0020521630067378283,-0.0005793389411544227,-0.0011119747146752649,-0.00208265727289339,0.17144005718615613,0.41070286443640075,0.38666666666666666,0.015284552845528456,0.9847154471544716,0.40195121951219515,-0.29530906677246094,-4.68226107841474e-06,0.29530881345272064,-0.29627141952514646,-3.8255657273111865e-06,0.3000235378742218,-0.004546360624954104,0.0005790690192952752,0.0010153007810004054
dt_0.125_ms,16880,2.11,307461,0.0,False,0.00030447571771219373,0.000539312488399446,0.0006266013369895518,0.0008783253724686805,0.0009467517607845377,0.0020490046590566635,0.00036848225964178875,1.357791756707186e-07,0.01,3075,0.0009604309992940445,0.0008783349767327309,0.0020490046590566635,-0.0012082054014746337,-0.001315161100285783,-0.0019144415340719488,0.17102857682699615,0.4106749751834597,0.3856910569105691,0.013658536585365854,0.9863414634146341,0.40260162601626015,-0.29558313786983487,-6.459314136009198e-06,0.2953084886074066,-0.2955954074859619,-4.51899177278392e-06,0.3000232517719269,-0.004536761390045285,0.0005887459265068173,0.0010254521970637141
dt_0.125_ms,16960,2.12,307461,0.0,False,0.00030452359351329505,0.0005396713386289775,0.0006276208441704512,0.000880478252656762,0.0009488648676779128,0.002044648164883256,0.00036874134494301297,1.3597017947038207e-07,0.01,3075,0.000962581548714874,0.0008805850520730019,0.002044648164883256,-0.0010281404257412258,-0.0015168669702863805,-0.0017506638247277435,0.17044080916228008,0.41064333409579995,0.38406504065040653,0.012032520325203253,0.9879674796747967,0.4029268292682927,-0.29530900716781616,-5.668739504471887e-06,0.2953081578016281,-0.2962857723236084,-5.508711183210835e-06,0.3000235378742218,-0.004527653660625219,0.0005981658468954265,0.0010356006445363163
dt_0.125_ms,17040,2.13,307461,0.0,False,0.00030458997935056686,0.0005402882234193385,0.0006287311553023756,0.0008825032389722767,0.0009509563853498555,0.002042603911831975,0.00036905645669112403,1.3620266822540752e-07,0.01,3075,0.0009643950052672951,0.0008825117256492376,0.002042603911831975,-0.0013377423280456508,-0.0013602643860220942,-0.001707565704676724,0.17073393789334407,0.4106410112120321,0.3853658536585366,0.011707317073170732,0.9882926829268293,0.40260162601626015,-0.2953090250492096,-8.735213668842334e-06,0.2953081578016281,-0.29560935497283936,-5.095837423141347e-06,0.3000239938497543,-0.004518372053280473,0.0006082385079935193,0.0010457498021423817
dt_0.125_ms,17120,2.14,307461,0.0,False,0.00030459649860858917,0.0005407939315773547,0.0006298543885350227,0.0008844025083817575,0.0009527317830361433,0.0020407552365213633,0.00036933093930495946,1.3640534272788363e-07,0.01,3075,0.000966213907349885,0.0008844898547977209,0.0020407552365213633,-0.0013280840778080213,-0.0015163512861194272,-0.0016995778861095961,0.171055103990583,0.4106410112120321,0.38666666666666666,0.011707317073170732,0.9882926829268293,0.40227642276422765,-0.2953090250492096,-8.76344165590126e-06,0.2953081578016281,-0.29638285338878634,-5.219893864705227e-06,0.3000239938497543,-0.0045095850247889755,0.0006176716415211558,0.0010559241170994937
dt_0.125_ms,17200,2.15,307461,0.0,False,0.0003046909114345908,0.0005412989412434399,0.0006309983436949551,0.0008862287737429147,0.0009547268040478231,0.002039177343249321,0.00036964855394687305,1.366400534350143e-07,0.01,3075,0.0009680064179275821,0.0008862410322763026,0.002039177343249321,-0.0011196493984951717,-0.0012559464839066606,-0.0016886206962380226,0.17105812806919501,0.4106410112120321,0.38666666666666666,0.011707317073170732,0.9882926829268293,0.40195121951219515,-0.2953090250492096,-7.4156328082608525e-06,0.2953081578016281,-0.29638285338878634,-4.525167696556309e-06,0.3000239938497543,-0.004500537738204002,0.0006272040191106498,0.0010660382802598178
dt_0.125_ms,17280,2.16,307461,0.0,False,0.0003046751953661442,0.0005417182692326605,0.0006319102831184864,0.0008882326539605865,0.00095664216205478,0.0030828348826617002,0.0003699622027533012,1.3687203146607473e-07,0.01,3075,0.0009707647623736563,0.0008882552501745522,0.0030828348826617002,-0.0010644110581893259,-0.0012882239632703632,-0.001677583812062091,0.17071213511257613,0.4106179033306194,0.3856910569105691,0.011707317073170732,0.9882926829268293,0.40227642276422765,-0.2953090250492096,-7.449843451468041e-06,0.2953081578016281,-0.2965254604816437,-5.3810031204193365e-06,0.3000239938497543,-0.004491416504606605,0.0006364567088894546,0.0010762605001218616
dt_0.125_ms,17360,2.17,307461,0.0,False,0.0003046689089387655,0.0005418570945039392,0.0006328037125058472,0.0008900146814994516,0.0009585487539879998,0.00310323154553771,0.0003701867165969284,1.370382051448146e-07,0.01,3075,0.0009730044804036436,0.0008900196407921612,0.00310323154553771,-0.001243522617477782,-0.001218139391733519,-0.0016697995659774093,0.17049975432185838,0.41060912769872226,0.3850406504065041,0.011707317073170732,0.9882926829268293,0.40260162601626015,-0.2953090250492096,-8.126948159770109e-06,0.2953081578016281,-0.2965254604816437,-5.633348337141797e-06,0.3000239938497543,-0.004482656344771385,0.0006456569535657763,0.0010866076219826937
dt_0.125_ms,17440,2.18,307461,0.0,False,0.0003045584016945213,0.0005420133238658309,0.0006337764789350331,0.000892246363218874,0.0009606225648894915,0.003102455288171768,0.00037036888779926926,1.371731130496677e-07,0.01,3075,0.0009754649968628537,0.0008922541164793074,0.003102455288171768,-0.001351265012958794,-0.0015256809326728016,-0.0016651219289231197,0.17026536864564726,0.41060912769872226,0.38439024390243903,0.011707317073170732,0.9882926829268293,0.4035772357723577,-0.2953090250492096,-8.18729222373804e-06,0.2953081578016281,-0.29668634831905366,-6.48153309157351e-06,0.3000239938497543,-0.004473535111173987,0.0006553097628057003,0.0010970104951411486
dt_0.125_ms,17520,2.19,307461,0.0,False,0.0003045206831302494,0.0005421992391347885,0.0006349407485686243,0.0008946070214733495,0.0009626960614696159,0.00310164294205606,0.00037056781197460244,1.3732050327164433e-07,0.01,3075,0.0009775175708459645,0.0008946419111452997,0.00310164294205606,-0.001518943300890057,-0.001584320451514926,-0.001652408239471431,0.17015581069705674,0.41060912769872226,0.38439024390243903,0.011707317073170732,0.9882926829268293,0.4029268292682927,-0.2953090250492096,-8.905582944862545e-06,0.2953080028295517,-0.29668634831905366,-6.859545919724042e-06,0.3000239938497543,-0.004464594414457679,0.0006650362047366798,0.0011074133682996035
dt_0.125_ms,17600,2.2,307461,0.0,False,0.00030460424022749066,0.0005426768329925835,0.0006362721906043589,0.000896797573659569,0.000965026993071661,0.0031006038188934326,0.00037090340770125764,1.3756933784440533e-07,0.01,3075,0.0009798712208034183,0.0008967982721515,0.0031006038188934326,-0.0020381574483325847,-0.0015094243581662836,-0.0016426899732181395,0.1701488840816678,0.4106042804130401,0.3850406504065041,0.011707317073170732,0.9882926829268293,0.40390243902439027,-0.2953090250492096,-1.2571436855068896e-05,0.2953080028295517,-0.29668634831905366,-6.6284992499276996e-06,0.3000239938497543,-0.004455514764413237,0.0006753993802703917,0.0011178437271155417
dt_0.125_ms,17680,2.21,307461,0.0,False,0.0003045382909476757,0.0005430096061900258,0.000637468823697418,0.0008987584616988908,0.0009668888815213006,0.0030995935667306185,0.0003711623570774017,1.3776149531125264e-07,0.01,3075,0.000981739328670641,0.0008987842011265457,0.0030995935667306185,-0.0024270174741799033,-0.0017113458296229532,-0.0016331565937943513,0.1700267827972062,0.4105854047184743,0.38471544715447153,0.011707317073170732,0.9882926829268293,0.40390243902439027,-0.2953090250492096,-1.5613211871823296e-05,0.2953080028295517,-0.29668634831905366,-7.146292318793712e-06,0.3000239938497543,-0.004446574067696929,0.0006854750099591911,0.0011283018975518644
dt_0.125_ms,17760,2.22,307461,0.0,False,0.0003046046767849475,0.0005436505889520049,0.0006388186011463404,0.000900974986143412,0.0009691432467661804,0.0030987984500825405,0.00037151691333704137,1.3802481689548272e-07,0.01,3075,0.0009837992014401268,0.0009010192006826401,0.0030987984500825405,-0.002399355292637107,-0.0017113516780780007,-0.0016220453883543974,0.17004090849280448,0.4105854047184743,0.38471544715447153,0.011707317073170732,0.9882926829268293,0.4035772357723577,-0.2953090250492096,-1.5660258213756606e-05,0.2953080028295517,-0.29668634831905366,-7.190376436483348e-06,0.3000239938497543,-0.0044374569784849886,0.0006952912663109601,0.0011387606500647962
dt_0.125_ms,17840,2.23,307461,0.0,False,0.0003045703051611781,0.0005442805122584105,0.0006400043494068086,0.0009030345128849162,0.00097110266215168,0.00309799425303936,0.00037182105548082544,1.3825089729887505e-07,0.01,3075,0.0009856802287011794,0.0009030698565766215,0.00309799425303936,-0.0024958127298877176,-0.0016672726673918877,-0.001605799492596217,0.1703261953609163,0.4105854047184743,0.3856910569105691,0.011707317073170732,0.9882926829268293,0.40260162601626015,-0.2953090250492096,-1.5310017261072062e-05,0.2953081578016281,-0.29668634831905366,-7.22764616511995e-06,0.3000239938497543,-0.004427652806043625,0.0007053701556287706,0.0011492443387396633
dt_0.125_ms,17920,2.24,307461,0.0,False,0.000304618472000584,0.000544953509233892,0.0006413934170268476,0.000905393913853915,0.0009728238102979963,0.003097143955528736,0.00037218452556120584,1.385213210672199e-07,0.01,3075,0.0009878803450402206,0.0009054297115653753,0.003097143955528736,-0.0026583915516398167,-0.0017375470401901193,-0.0015962377473961835,0.1702151941885234,0.4105854047184743,0.3853658536585366,0.011707317073170732,0.9882926829268293,0.40260162601626015,-0.2953090250492096,-1.5748408259241842e-05,0.2953080028295517,-0.29668634831905366,-7.364617886196356e-06,0.3000239938497543,-0.004418712109327316,0.0007152147591114044,0.0011597846285440027
dt_0.125_ms,18000,2.25,307461,0.0,False,0.00030479664565064013,0.0005455019418150187,0.0006424078601412475,0.0009074437082745137,0.0009749485936481524,0.0030959679279476404,0.00037256643367280774,1.3880574749967465e-07,0.01,3075,0.0009900532493829666,0.0009074480039998889,0.0030959679279476404,-0.002547612524010452,-0.0018053863607791186,-0.0015911104146777311,0.1699716812303816,0.41057535664507233,0.3850406504065041,0.011707317073170732,0.9882926829268293,0.40390243902439027,-0.2953090250492096,-1.5797559171915054e-05,0.2953080028295517,-0.3000215858221054,-7.582661510241451e-06,0.3000244677066803,-0.004408585233613848,0.0007250847993418574,0.001170336513314396
dt_0.125_ms,18080,2.2600000000000002,307461,0.0,False,0.0003048548533115536,0.0005459672538563609,0.0006435084505937994,0.0009090660489164295,0.0009767217445187293,0.0030948976054787636,0.0003728847241937947,1.3904301753708233e-07,0.01,3075,0.0009915157416418982,0.0009090720559470356,0.0030948976054787636,-0.002454824289964977,-0.0016883139936119112,-0.001574889882524475,0.17005711585430425,0.41057535664507233,0.3853658536585366,0.011707317073170732,0.9882926829268293,0.4029268292682927,-0.2953090250492096,-1.4667383766209241e-05,0.2953076809644699,-0.3000215858221054,-7.679248483327683e-06,0.3000244677066803,-0.0043996133841574196,0.0007355185225605965,0.001180925068911165
dt_0.125_ms,18160,2.27,307461,0.0,False,0.0003049297083634883,0.0005463649868033826,0.0006447252235375345,0.0009110340848565115,0.000977927655912936,0.003093698062002659,0.000373196812409795,1.392758607928317e-07,0.01,3075,0.0009931807740159878,0.0009110686951316893,0.003093698062002659,-0.002772988289848658,-0.0017145346750130114,-0.0015285479873456667,0.17025811632805862,0.4105667277656414,0.38634146341463416,0.011382113821138212,0.9886178861788618,0.40260162601626015,-0.2953090250492096,-1.4737248420715332e-05,0.29530746340751646,-0.3000215858221054,-7.777490282023791e-06,0.3000244677066803,-0.004390309611335397,0.0007465085363946855,0.0011918042437173426
dt_0.125_ms,18240,2.2800000000000002,307461,0.0,False,0.0003050226951017976,0.0005467058508656919,0.0006457857671193779,0.0009123354102484885,0.0009794552926905456,0.0030927842017263174,0.0003734942710340608,1.3949797049526447e-07,0.01,3075,0.000994638413043193,0.0009123441413976252,0.0030927842017263174,-0.0024596909107827366,-0.0018127387203894687,-0.0013905026802861291,0.17005817061774947,0.41048650584882745,0.3860162601626016,0.010081300813008131,0.9899186991869918,0.4029268292682927,-0.2953089863061905,-1.326514484389918e-05,0.29530746340751646,-0.3000215858221054,-7.864015060476959e-06,0.3000235378742218,-0.004379600612446665,0.0007566090207546949,0.0012024547788314522
dt_0.125_ms,18320,2.29,307461,0.0,False,0.00030510075157508254,0.0005470089381560683,0.0006469185464084148,0.0009138349327258771,0.0009809646289795637,0.003091762075200677,0.00037379004611585027,1.3971899857528948e-07,0.01,3075,0.0009958952934693212,0.0009138474706560373,0.003091762075200677,-0.002486014351507278,-0.0016189532518394313,-0.001288231460934096,0.17039542688869272,0.4104500278569782,0.3879674796747967,0.009105691056910569,0.9908943089430894,0.40195121951219515,-0.2953089565038681,-1.6091693396447226e-05,0.29530746340751646,-0.3000215858221054,-7.936630026961211e-06,0.3000257611274719,-0.004368802299723029,0.000766721845138818,0.001213152485433966
dt_0.125_ms,18400,2.3000000000000003,307461,0.0,False,0.00030504539608955383,0.000547385832760483,0.0006479497533291578,0.0009160504792816948,0.0009829895338043606,0.0030904936138540506,0.0003740434275204401,1.3990848567123875e-07,0.01,3075,0.000997721259538993,0.0009160802001133561,0.0030904936138540506,-0.0024223174239891778,-0.0011355468500317087,-0.001184238768485564,0.1704981247178684,0.40748355866018415,0.3889430894308943,0.008130081300813009,0.991869918699187,0.4013008130081301,-0.2953089565038681,-1.3380165910348296e-05,0.29530746340751646,-0.29668634831905366,-7.576452844659798e-06,0.30002697110176085,-0.00435755280777812,0.0007769365329295397,0.0012238381081260742
dt_0.125_ms,18480,2.31,307461,0.0,False,0.0003050266532227397,0.0005478225066326559,0.0006493684486486018,0.0009179679094813773,0.0009850009111687557,0.0030893010552972555,0.00037431028187526574,1.401081871175409e-07,0.01,3075,0.0009995187713189157,0.000917988654691726,0.0030893010552972555,-0.002523427132487687,-0.0015289877061557668,-0.0011488104369339904,0.1705803353555162,0.407402672771795,0.38959349593495934,0.007804878048780488,0.9921951219512195,0.4009756097560976,-0.29530900716781616,-1.3429144019028172e-05,0.2953073650598526,-0.3000222235918045,-7.64853393775411e-06,0.30002697110176085,-0.004347630124539137,0.0007862519705668092,0.0012345844763331116
dt_0.125_ms,18560,2.32,307461,0.0,False,0.00030514609534293413,0.0005485133733600378,0.0006506757345050573,0.0009195734746754171,0.0009864168474450715,0.003088114783167839,0.0003746970837177132,1.4039790454655897e-07,0.01,3075,0.001001015748427348,0.0009195757447741926,0.003088114783167839,-0.0024098383276430937,-0.0014949595265860306,-0.0011384242560290466,0.17089420901608934,0.407402672771795,0.39121951219512197,0.007804878048780488,0.9921951219512195,0.400650406504065,-0.29530900716781616,-1.053561663866276e-05,0.29530746340751646,-0.30002238750457766,-7.471381650248077e-06,0.30002703070640563,-0.00433745994232595,0.0007965535041876137,0.0012454678188078105
dt_0.125_ms,18640,2.33,307461,0.0,False,0.00030522781889885664,0.0005490356707014143,0.0006517408764921129,0.0009210559539496909,0.0009879268473014257,0.0030868705362081528,0.0003749867313265651,1.4061504867098152e-07,0.01,3075,0.0010022343879913895,0.0009210818680003285,0.0030868705362081528,-0.0022845280477553557,-0.0015405202259690736,-0.0011268614334947755,0.17097310954034559,0.407402672771795,0.39154471544715447,0.007804878048780488,0.9921951219512195,0.4,-0.29530900716781616,-9.32110742724035e-06,0.2953076809644699,-0.30002238750457766,-7.5150232987653e-06,0.30002703070640563,-0.004328035283833742,0.0008063390851020813,0.00125627116067335
dt_0.125_ms,18720,2.34,307461,0.0,False,0.00030537560814991593,0.000549656804651022,0.0006529676029458642,0.0009230530471540988,0.0009893525275401773,0.00308576924726367,0.0003753763077732667,1.4090737243749022e-07,0.01,3075,0.0010039358899353178,0.0009230542345903814,0.00308576924726367,-0.0023415052054013533,-0.002056026927849223,-0.0011230566863129597,0.17120032460455833,0.4073492187683091,0.39284552845528453,0.007804878048780488,0.9921951219512195,0.4,-0.2953090250492096,-9.228190720023122e-06,0.2953081578016281,-0.3000232756137848,-7.993240615178365e-06,0.30002697110176085,-0.004318258818238973,0.0008165370672941208,0.0012671567150391637
dt_0.125_ms,18800,2.35,307461,0.0,False,0.0003055074776057154,0.0005502080311998725,0.0006541811162605882,0.0009246638277545571,0.0009909366490319378,0.003084526862949133,0.0003757381388354846,1.411791489755539e-07,0.01,3075,0.0010052487809339736,0.0009246643166989088,0.003084526862949133,-0.0025630012359434432,-0.0019715893334365285,-0.0011130514912632847,0.17114800305085026,0.4073492187683091,0.39284552845528453,0.007804878048780488,0.9921951219512195,0.4003252032520325,-0.2953090250492096,-9.361097909277305e-06,0.2953081578016281,-0.3000232756137848,-7.928639206511434e-06,0.30002703070640563,-0.004308021999895573,0.0008267541415989399,0.0012780040851794183
dt_0.125_ms,18880,2.36,307461,0.0,False,0.0003055264533031732,0.0005505370208993554,0.0006552259437739849,0.0009256154298782352,0.0009916436043567957,0.0030831967014819384,0.0003759560883497053,1.4134298036721142e-07,0.01,3075,0.0010061161078860968,0.0009256225894205272,0.0030831967014819384,-0.0022213514253052644,-0.00234851203788001,-0.0010993043755226563,0.17170162670087605,0.4073241518854891,0.3951219512195122,0.007804878048780488,0.9921951219512195,0.3983739837398374,-0.2953090250492096,-7.258845471369568e-06,0.2953084886074066,-0.30002441108226774,-8.130254173011053e-06,0.300027072429657,-0.004297917056828737,0.0008370031719096005,0.0012887759949080646
dt_0.125_ms,18960,2.37,307461,0.0,False,0.0003055014822166413,0.0005510033806785941,0.0006564173381775618,0.0009271621354855598,0.0009927241946570576,0.0030816937796771526,0.00037617975537876944,1.4151120835683083e-07,0.01,3075,0.0010070046111259883,0.0009271632879972458,0.0030816937796771526,-0.0022066123147254156,-0.0021919392563353357,-0.0010869019313117232,0.17240485610232173,0.4073241518854891,0.3980487804878049,0.007804878048780488,0.9921951219512195,0.3964227642276423,-0.2953090757131577,-4.840941528527765e-06,0.2953084886074066,-0.3000269174575806,-8.038738997129258e-06,0.30002735555171967,-0.004287222400307655,0.0008470498723909259,0.0012995629338547587
dt_0.125_ms,19040,2.38,307461,0.0,False,0.00030555398552678525,0.0005514338845387101,0.0006575575098395348,0.0009291832451708631,0.0009944853372871876,0.003079986199736595,0.0003764490667926834,1.4171389988908223e-07,0.01,3075,0.0010083660499639506,0.0009292244212701917,0.003079986199736595,-0.0022000869241110732,-0.0024867520792065073,-0.0010768174119975145,0.17250183263565785,0.4073004601579839,0.3986991869918699,0.007804878048780488,0.9921951219512195,0.3964227642276423,-0.2953090757131577,-4.479237304622075e-06,0.2953081578016281,-0.300027397274971,-8.03992043074686e-06,0.30002728998661043,-0.004277588799595833,0.0008568920311518013,0.0013105312711559234
dt_0.125_ms,19120,2.39,307461,0.0,False,0.00030554330442100763,0.0005519383121281862,0.0006587362149730325,0.000931192713323981,0.0009960611234419048,0.003078305395320058,0.0003767394979280997,1.4193264929911664e-07,0.01,3075,0.0010099714245018739,0.0009312033653259277,0.003078305395320058,-0.002035520216770951,-0.0021678060692222026,-0.0010731355422100703,0.17249448043577037,0.4073004601579839,0.39902439024390246,0.007804878048780488,0.9921951219512195,0.3967479674796748,-0.2953090757131577,-3.934483174816705e-06,0.2953081578016281,-0.3000275045633316,-8.033103767957073e-06,0.30002758502960203,-0.004268008936196566,0.000866508751641959,0.001321520877536386
dt_0.125_ms,19200,2.4,307461,0.0,False,0.00030549129587598145,0.0005523851723410189,0.0006599281914532185,0.0009327986510470512,0.000997163075953726,0.0030762096866965294,0.0003769886907883722,1.4212047298233095e-07,0.01,3075,0.00101116320426856,0.000932804134208709,0.0030762096866965294,-0.0022359431776821565,-0.002167588029258726,-0.0010660395281942093,0.1728776955643182,0.4073004601579839,0.400650406504065,0.007804878048780488,0.9921951219512195,0.3957723577235772,-0.29756878018379207,-3.0868018257024232e-06,0.2953081578016281,-0.30002767145633696,-8.050762517086696e-06,0.30002766847610474,-0.004258448770269751,0.0008760670316405594,0.0013325104839168487
dt_0.125_ms,19280,2.41,307461,0.0,False,0.00030539362342096865,0.0005527090397663414,0.0006609843694604933,0.0009343974175862977,0.0009986733086407213,0.0030741619411855936,0.0003771826245924339,1.4226673229443693e-07,0.01,3075,0.0010124440569377587,0.0009344206773675978,0.0030741619411855936,-0.00258913527682055,-0.0023121791769051517,-0.001056990837072575,0.17326542929902408,0.4072726516826985,0.40260162601626015,0.007804878048780488,0.9921951219512195,0.39447154471544715,-0.3000322461128235,-2.543113623687532e-06,0.2953084886074066,-0.30002795457839965,-8.101611456368119e-06,0.30002768635749816,-0.004248181451112032,0.000886653084307909,0.0013435215456411242
dt_0.125_ms,19360,2.42,307461,0.0,False,0.00030528829665854573,0.0005531246424652636,0.0006623505614697933,0.000936047988943756,0.0010003442177549007,0.0030719388741999865,0.00037743434632286346,1.4245668578416723e-07,0.01,3075,0.0010138030376709332,0.0009360575932078063,0.0030719388741999865,-0.002649445940820822,-0.0029610672860762243,-0.000985173424289418,0.1734722060638891,0.4072463601141593,0.40390243902439027,0.007154471544715447,0.9928455284552845,0.3934959349593496,-0.30003232359886167,-1.8676893205338274e-06,0.2953084886074066,-0.30002806186676023,-8.736330528336111e-06,0.30002766847610474,-0.00423758733086288,0.0008965213783085346,0.0013546042842790484
dt_0.125_ms,19440,2.43,307461,0.0,False,0.00030525040347129107,0.0005534366937354207,0.0006633989978581667,0.0009373411536216736,0.001001927116885782,0.0030695877503603697,0.0003776262971345382,1.4260162028754253e-07,0.01,3075,0.001014923691329342,0.0009373422362841666,0.0030695877503603697,-0.0024832778478829716,-0.002839560218231325,-0.0009068890788963413,0.17358796900909443,0.407189236866538,0.40487804878048783,0.0065040650406504065,0.9934959349593496,0.3931707317073171,-0.30003232359886167,-1.93484993360471e-06,0.2953086018562317,-0.30002800524234774,-8.312207683047745e-06,0.30002768635749816,-0.004226925224065781,0.0009068627841770649,0.0013656870229169726
dt_0.125_ms,19520,2.44,307461,0.0,False,0.000305246765492484,0.0005539656267501414,0.0006644217064604163,0.000938193174079062,0.0010027534677647062,0.003067358396947384,0.00037785707692170837,1.4277597057981783e-07,0.01,3075,0.0010155159039271435,0.0009382286225445569,0.003067358396947384,-0.002346359451370097,-0.0027477918782389636,-0.0008945617025218358,0.17433187939062633,0.407189236866538,0.40780487804878046,0.0065040650406504065,0.9934959349593496,0.39121951219512197,-0.3000324159860611,-1.4316690339910565e-06,0.2953086018562317,-0.30002800524234774,-8.332097422680818e-06,0.3000280439853668,-0.004216961376368999,0.0009171967394649982,0.0013767697615548967
dt_0.125_ms,19600,2.45,307461,0.0,False,0.00030524382600560784,0.0005543859442695975,0.0006653021555393934,0.0009387692436575904,0.0010036934167146684,0.003064702032133937,0.00037805158908088326,1.42923004006581e-07,0.01,3075,0.00101612510430301,0.0009388068574480712,0.003064702032133937,-0.002240615062272612,-0.0029518072091361423,-0.0008212785850793911,0.17454539909974848,0.40718664662539883,0.408780487804878,0.005853658536585366,0.9941463414634146,0.3905691056910569,-0.30003232359886167,-1.2578879022839828e-06,0.2953086018562317,-0.30002806186676023,-8.356872058357112e-06,0.3000283032655716,-0.0042068053036928175,0.0009275344200432301,0.001387852500192821
dt_0.125_ms,19680,2.46,307461,0.0,False,0.0003052409447263926,0.0005547047476284206,0.0006665160181000829,0.0009397462825290865,0.001003978995140642,0.003062003757804632,0.00037824982310476706,1.430729286787876e-07,0.01,3075,0.0010163450254339391,0.0009397607063874602,0.003062003757804632,-0.0022203578058496917,-0.0032529666222838134,-0.0007707873917737506,0.17530975832371545,0.40715438778013413,0.41203252032520327,0.0055284552845528455,0.9944715447154472,0.3876422764227642,-0.3000324159860611,-1.2084449281246634e-06,0.29530876874923706,-0.30002835392951965,-8.36771050671814e-06,0.3000283032655716,-0.004195464588701725,0.0009378721006214619,0.0013989686733111737
dt_0.125_ms,19760,2.47,307461,0.0,False,0.00030519108986482024,0.0005551290814764798,0.0006677046767435968,0.0009406039491295821,0.0010049478849396113,0.0030592752154916525,0.00037845839053538406,1.4323075336663329e-07,0.01,3075,0.001017188009506894,0.0009406220051459968,0.0030592752154916525,-0.002588507128924689,-0.0034035003412790543,-0.0007303893645634738,0.1757939253947379,0.40715438778013413,0.4139837398373984,0.005203252032520325,0.9947967479674796,0.38634146341463416,-0.3000324726104736,-2.5864753752102843e-06,0.2953086018562317,-0.3000284880399704,-8.562067705497611e-06,0.3000283420085907,-0.004185435734689236,0.0009482097811996937,0.0014101445442065595
dt_0.125_ms,19840,2.48,307461,0.0,False,0.00030507889459840953,0.0005555320531129837,0.0006688569555990398,0.0009410207741893836,0.0010058858781121674,0.003056228393688798,0.0003786137019805384,1.4334833532740795e-07,0.01,3075,0.0010179457918937675,0.000941042322665453,0.003056228393688798,-0.0024746128695042314,-0.003769206564697185,-0.0007182923708360915,0.17617882659412767,0.40715438778013413,0.41560975609756096,0.005203252032520325,0.9947967479674796,0.3853658536585366,-0.3000326007604599,-1.7211795011462527e-06,0.29530876874923706,-0.30002859234809875,-8.983607585832942e-06,0.3000283420085907,-0.004175015119835734,0.0009592038113623857,0.0014214362134225666
dt_0.125_ms,19920,2.49,307461,0.0,False,0.00030502601293846965,0.0005559210549108684,0.0006698960205540061,0.00094190783565864,0.0010068651521578454,0.0030533140525221825,0.00037881596241662503,1.4350153338163388e-07,0.01,3075,0.0010187326744955972,0.0009419159032404423,0.0030533140525221825,-0.002223950576303864,-0.003946052497623454,-0.0007109870678343908,0.1765278018147532,0.40715438778013413,0.4172357723577236,0.005203252032520325,0.9947967479674796,0.38439024390243903,-0.300032714009285,-1.647428575779486e-06,0.2953090757131577,-0.30002859234809875,-0.004944543354213238,0.3000284910202026,-0.0041650271974504,0.0009693842148408294,0.0014328197808936237
dt_0.125_ms,20000,2.5,307461,0.0,False,0.00030501073342747986,0.0005564833991229534,0.0006710386951453984,0.000942829763516785,0.001007921772543341,0.0030503941234201193,0.0003790648237649316,1.4369014061593866e-07,0.01,3075,0.0010198619740454829,0.0009428620687685907,0.0030503941234201193,-0.002094299130104602,-0.0037005923567234116,-0.0006960982108125236,0.17673891064029962,0.40715438778013413,0.41788617886178864,0.005203252032520325,0.9947967479674796,0.383739837398374,-0.300032714009285,-1.0349253898311872e-06,0.2953091233968735,-0.30002859234809875,-8.96948404260911e-06,0.3000284910202026,-0.004154562065377831,0.0009794755605980754,0.0014441453153267501
dt_0.125_ms,20080,2.5100000000000002,307461,0.0,False,0.0003049996739719063,0.0005570515058934689,0.0006722365505993366,0.0009437341126613332,0.0010087796952575458,0.003047587350010872,0.00037934231660635475,1.439005931682759e-07,0.01,3075,0.0010206988163867859,0.0009437674307264388,0.003047587350010872,-0.0020696796920589436,-0.0036075243710421254,-0.000679238877728642,0.17707005774964846,0.40715438778013413,0.4191869918699187,0.005203252032520325,0.9947967479674796,0.3824390243902439,-0.3000328242778778,-1.6213776916629286e-06,0.2953091233968735,-0.30002859234809875,-8.991184586193413e-06,0.30002875030040743,-0.00414276453666389,0.000990015920251608,0.001455435378011316
dt_0.125_ms,20160,2.52,307461,0.0,False,0.00030507106566801667,0.0005575512768700719,0.0006733312620781362,0.0009442477487027659,0.0010091168456710876,0.0030441945418715477,0.0003795685094639631,1.4407225337669465e-07,0.01,3075,0.0010211819210241178,0.0009442830923944712,0.0030441945418715477,-0.0020695676518312114,-0.003490358040114883,-0.0006671072927500477,0.17753248835742114,0.40715438778013413,0.4211382113821138,0.005203252032520325,0.9947967479674796,0.38146341463414635,-0.30003308653831484,-2.500036316632759e-06,0.2953092247247696,-0.30002859234809875,-8.70339590619551e-06,0.30002875030040743,-0.004133213823661208,0.0010006254306063056,0.0014666485018096863
dt_0.125_ms,20240,2.5300000000000002,307461,0.0,False,0.0003050472296308726,0.0005580770666711032,0.0006742487312294543,0.0009449862525798383,0.0010100936051458123,0.0030406361911445856,0.0003797662448462015,1.4422240072458504e-07,0.01,3075,0.001022073572342534,0.0009449943900108337,0.0030406361911445856,-0.001878954507698688,-0.0032078663206738848,-0.0006535549895133732,0.17784343481872192,0.40715438778013413,0.4224390243902439,0.005203252032520325,0.9947967479674796,0.38178861788617885,-0.30003308653831484,-1.6254152797046117e-06,0.295309254527092,-0.30002859234809875,-8.205850463127717e-06,0.30002875030040743,-0.004123634053394198,0.001011362997815013,0.0014778275741264223
dt_0.125_ms,20320,2.54,307461,0.0,False,0.0003050707164220512,0.0005585030885413289,0.0006752302288077772,0.0009457409032620498,0.0010106702684424818,0.003037052694708109,0.0003799774246371152,1.443828432338546e-07,0.01,3075,0.0010228166181775855,0.0009457641281187534,0.003037052694708109,-0.0014033945381731812,-0.003669679724378223,-0.0006477229986756253,0.17859332430921623,0.40715438778013413,0.42569105691056913,0.005203252032520325,0.9947967479674796,0.3804878048780488,-0.30003332793712617,-5.948701868874195e-07,0.29534204602241515,-0.30002869069576266,-8.265134965768084e-06,0.30002875030040743,-0.004112740745767951,0.0010209368774667382,0.001488994131796062
dt_0.125_ms,20400,2.5500000000000003,307461,0.0,False,0.000305039226077497,0.0005588531494140625,0.000676042924169451,0.000946507428307087,0.0010114481556229296,0.0030335308983922005,0.0003801149637863549,1.4448738569430188e-07,0.01,3075,0.001023662795608,0.000946527230553329,0.0030335308983922005,-0.0010810670683498744,-0.003463351706203981,-0.0006417740257721909,0.17951628591172392,0.4071837520618853,0.4295934959349593,0.005203252032520325,0.9947967479674796,0.37886178861788616,-0.3000335991382599,-4.2850524550885893e-07,0.2956933319568631,-0.30002869069576266,-8.213078217522707e-06,0.30002875030040743,-0.00410234397277236,0.0010311948135495186,0.001500337361358106
dt_0.125_ms,20480,2.56,307461,0.0,False,0.0003050313680432737,0.0005591954104602337,0.0006771362386643887,0.0009473893675021839,0.0010122904088348153,0.0030298333149403334,0.0003803098707565096,1.4463559779483303e-07,0.01,3075,0.0010249740041307802,0.0009474215330556035,0.0030298333149403334,-0.0007734157187876554,-0.0032737515105870215,-0.0006390560131588178,0.18012025898299466,0.4071837520618853,0.432520325203252,0.005203252032520325,0.9947967479674796,0.3791869918699187,-0.3000335991382599,-1.2600892773662054e-07,0.2965129643678665,-0.30002892911434176,-7.591337180201663e-06,0.3000287890434265,-0.004091505380347371,0.0010415412252768874,0.0015116994967684148
dt_0.125_ms,20560,2.57,307461,0.0,False,0.0003049506340175867,0.0005596530972979963,0.0006781835691072047,0.0009488685638643804,0.0010135654709301912,0.0030262209475040436,0.0003805286428512417,1.4480204803020783e-07,0.01,3075,0.0010263285173928531,0.0009488764917477965,0.0030262209475040436,-0.0005655638065307409,-0.003348946348410671,-0.0005969443717570142,0.18022461175150484,0.40715438778013413,0.43317073170731707,0.004878048780487805,0.9951219512195122,0.3791869918699187,-0.3000335991382599,-1.9391340089214282e-08,0.2965129643678665,-0.30002892911434176,-7.458218078681966e-06,0.30002875030040743,-0.004081713547930121,0.0010519686620682478,0.0015230616321787237
dt_0.125_ms,20640,2.58,307461,0.0,False,0.0003049751103390008,0.0005600736476480961,0.0006791247869841754,0.0009497393621131797,0.0010143192950636153,0.0030223303474485874,0.0003807117519143924,1.4494143804572586e-07,0.01,3075,0.0010274129701452709,0.0009497907012701035,0.0030223303474485874,6.493356947123578e-05,-0.003361291778283216,-0.0005305994873131981,0.18021894358000248,0.407136013874594,0.43414634146341463,0.004227642276422764,0.9957723577235772,0.3801626016260163,-0.30003308653831484,-1.5736286229639518e-07,0.3000316172838211,-0.30002869069576266,-8.182940291590057e-06,0.3000284910202026,-0.00407177684828639,0.0010624872520565987,0.0015344426617957651
dt_0.125_ms,20720,2.59,307461,0.0,False,0.00030492397490888834,0.0005606161430478096,0.0006800750270485878,0.0009508388466201725,0.0010145979700610047,0.0030187421943992376,0.00038090159433775496,1.4508602456904363e-07,0.01,3075,0.0010284450988860695,0.0009508433868177235,0.0030187421943992376,-0.0003647600914102741,-0.003493521795333314,-0.0004964731301832187,0.18036014053275315,0.40712389842487196,0.4351219512195122,0.003902439024390244,0.9960975609756098,0.3791869918699187,-0.3000335991382599,-6.498743800875673e-07,0.30003120601177213,-0.30002859234809875,-8.360314495803323e-06,0.3000283420085907,-0.004061638936400413,0.0010722714941948652,0.00154589629964903
dt_0.125_ms,20800,2.6,307461,0.0,False,0.0003049562219530344,0.000561065855436027,0.0006808438920415938,0.0009515624609775844,0.0010155463824048638,0.003014802001416683,0.0003811135289189248,1.4524752192503612e-07,0.01,3075,0.0010294407370265543,0.0009515702840872109,0.003014802001416683,-1.2847806398483891e-05,-0.00323925334427983,-0.0004908317969392652,0.18052618366109985,0.4071188828211001,0.43642276422764226,0.003902439024390244,0.9960975609756098,0.3808130081300813,-0.3000335991382599,-6.305744477685948e-07,0.30003120601177213,-0.30002859234809875,-7.3654541665746365e-06,0.3000284910202026,-0.004051953181624412,0.0010827750666067004,0.0015573515673168003
dt_0.125_ms,20880,2.61,307461,0.0,False,0.00030502426670864224,0.00056156498612836,0.000681772013194859,0.0009520871448330583,0.0010162021848373118,0.003010675311088562,0.00038132801728706713,1.4541105676808577e-07,0.01,3075,0.0010300684694344617,0.0009520926978439093,0.003010675311088562,0.00011279770921173095,-0.0031949488435897943,-0.000489313523644748,0.18164007712960306,0.40712389842487196,0.44130081300813007,0.003902439024390244,0.9960975609756098,0.37886178861788616,-0.3000335991382599,-6.847469649073901e-07,0.3000324457883835,-0.30002859234809875,-7.720709618297406e-06,0.3000284910202026,-0.004040308250114322,0.0010935404570773244,0.0015688068349845707
dt_0.125_ms,20960,2.62,307461,0.0,False,0.00030502380104735494,0.0005620511365123093,0.0006825974560342729,0.0009531718911603094,0.0010174734750762584,0.0030068070627748966,0.0003815756005298358,1.4559993891970482e-07,0.01,3075,0.0010313366808194092,0.000953174545429647,0.0030068070627748966,5.7768074849345736e-05,-0.0031739434987992175,-0.00048380947647222537,0.18168680639481774,0.4071188828211001,0.4419512195121951,0.003902439024390244,0.9960975609756098,0.3791869918699187,-0.30003373324871063,-1.017466388475441e-06,0.30003222823143005,-0.30002859234809875,-7.783349246892612e-06,0.3000284910202026,-0.004030568106099963,0.0011030907044187188,0.001580262102652341
dt_0.125_ms,21040,2.63,307461,0.0,False,0.00030503293965011835,0.0005625818157568574,0.0006836368120275438,0.0009547087596729402,0.0010187034378759585,0.0030024542938917875,0.00038181920872332046,1.4578590815010257e-07,0.01,3075,0.0010330050419523889,0.0009547193767502904,0.0030024542938917875,0.0001669471919956305,-0.003143058359094879,-0.00047678754509737094,0.18168667750865483,0.4071174868751228,0.44227642276422763,0.003902439024390244,0.9960975609756098,0.3795121951219512,-0.3000341266393661,-8.023307032090088e-07,0.30003222823143005,-0.30002859234809875,-7.848259883758146e-06,0.3000283420085907,-0.004020882351323962,0.0011133684311062098,0.0015917942160740494
dt_0.125_ms,21120,2.64,307461,0.0,False,0.00030504309688694775,0.0005632059765048325,0.0006845917669124901,0.0009554492542520178,0.0010193243622779857,0.003014317015185952,0.00038201194878834566,1.4593312901706962e-07,0.01,3075,0.0010341502086834875,0.000955480441916734,0.003014317015185952,3.190179275837475e-05,-0.0032188521249199914,-0.0004745386415956224,0.18197042917296935,0.4071174868751228,0.44357723577235775,0.003902439024390244,0.9960975609756098,0.3798373983739837,-0.3000341266393661,-1.6400277900174842e-06,0.3000324457883835,-0.30002859234809875,-7.962028576002922e-06,0.3000283420085907,-0.004012035299092531,0.0011242912150919437,0.0016033426159992813
dt_0.125_ms,21200,2.65,307461,0.0,False,0.00030511271324940026,0.0005637919530272484,0.0006856252439320087,0.0009568662499077621,0.0010202953009866183,0.003014446934685111,0.00038226102279135464,1.4612348954549254e-07,0.01,3075,0.001035833599318455,0.0009568737586960196,0.003014446934685111,7.892194285867534e-05,-0.003562510779328148,-0.00047436753710035264,0.1813731155731148,0.4071174868751228,0.4416260162601626,0.003902439024390244,0.9960975609756098,0.3821138211382114,-0.3000343322753906,-1.6280569070659112e-06,0.3000326186418533,-0.30002859234809875,-8.34797538118437e-06,0.3000283032655716,-0.004004135821014642,0.0011340701021254063,0.0016148910159245133
dt_0.125_ms,21280,2.66,307461,0.0,False,0.000305253139231354,0.0005643773474730551,0.0006865400937385857,0.0009580718702636672,0.0010213391506113116,0.0030107488855719566,0.0003825511390014738,1.4634537395132495e-07,0.01,3075,0.0010374674067181362,0.0009581059566698968,0.0030107488855719566,3.644268595943375e-05,-0.0034549526082391304,-0.00047244757733769656,0.18071546263818725,0.40709163209431876,0.4396747967479675,0.003902439024390244,0.9960975609756098,0.38439024390243903,-0.3000341266393661,-1.9956544292654144e-06,0.3000326186418533,-0.30002859234809875,-8.340961358044297e-06,0.3000283032655716,-0.003995787724852562,0.0011438489891588688,0.0016264394158497452
dt_0.125_ms,21360,2.67,307461,0.0,False,0.00030536885606124997,0.0005649522063322365,0.0006877692067064345,0.0009591178852133466,0.0010226100450381637,0.003007088787853718,0.0003828341772027072,1.465620072344738e-07,0.01,3075,0.0010388814511602912,0.0009591516572982073,0.003007088787853718,0.00021712983587303085,-0.003103159785376052,-0.0004588192950070995,0.18078498632230663,0.407057833938193,0.4403252032520325,0.003902439024390244,0.9960975609756098,0.38471544715447153,-0.30003373324871063,-2.0113002392463386e-06,0.3000324457883835,-0.30002859234809875,-8.078885002760217e-06,0.3000280439853668,-0.0039858207106590274,0.001154481084086001,0.0016379878157749771
dt_0.125_ms,21440,2.68,307461,0.0,False,0.0003054290427826345,0.0005655354470945895,0.0006885596667416394,0.0009600322926417004,0.0010233685839921237,0.0030034570954740047,0.0003830419597408048,1.4672114292207635e-07,0.01,3075,0.0010396946366399344,0.0009600585908629,0.0030034570954740047,3.642843366755764e-05,-0.003098760773163088,-0.0004532749077108333,0.18077284089200066,0.40704804749887064,0.44065040650406506,0.003902439024390244,0.9960975609756098,0.3850406504065041,-0.3000341266393661,-2.7594890070758993e-06,0.3000326186418533,-0.3000284880399704,-7.471237950085197e-06,0.3000280439853668,-0.0039761349558830265,0.001164593850262463,0.0016495444229803979
dt_0.125_ms,21520,2.69,307461,0.0,False,0.0003053645486943424,0.0005660057067871094,0.0006892445962876081,0.000961175153497607,0.0010239469003863635,0.0029996982775628567,0.0003831854295865831,1.468310734474542e-07,0.01,3075,0.0010406093732113154,0.0009611858404241502,0.0029996982775628567,-0.00017353674055200133,-0.003108492888952068,-0.00044476228050615,0.1807752889059858,0.40704804749887064,0.44065040650406506,0.003902439024390244,0.9960975609756098,0.3853658536585366,-0.3000341266393661,-3.6400306271389127e-06,0.3000326186418533,-0.3000284880399704,-7.4844242590188514e-06,0.3000280439853668,-0.003966730460524559,0.0011747449170798063,0.001661071355920285
dt_0.125_ms,21600,2.7,307461,0.0,False,0.00030530086951330304,0.0005666272481903434,0.000690165557898581,0.0009619661490432936,0.001024881575722248,0.0029960956890136003,0.0003833722379771381,1.469742728515994e-07,0.01,3075,0.0010418874267640152,0.0009620125638321042,0.0029960956890136003,-0.00040958141606984655,-0.002797336198023965,-0.00044070725404937575,0.18089118814511865,0.40701873006188377,0.4416260162601626,0.003902439024390244,0.9960975609756098,0.3860162601626016,-0.3000341266393661,-4.8201663958025165e-06,0.3000326186418533,-0.3000284880399704,-7.083810942276614e-06,0.3000280439853668,-0.003957703476771712,0.001185546163469553,0.0016725071240216492
dt_0.125_ms,21680,2.71,307461,0.0,False,0.0003051790699828416,0.0005670984974130988,0.0006911781383678317,0.0009632099070586271,0.0010262563591822986,0.0029925017151981592,0.0003835935870762847,1.4714404004605122e-07,0.01,3075,0.0010434523899093028,0.0009632278233766556,0.0029925017151981592,-0.0006862746352609006,-0.003168924991557745,-0.00043873369769473387,0.18058788871165765,0.40701873006188377,0.44065040650406506,0.003902439024390244,0.9960975609756098,0.3873170731707317,-0.3000341266393661,-5.95439951212029e-06,0.3000326186418533,-0.3000284880399704,-7.588198968733195e-06,0.3000280439853668,-0.003948902990669012,0.0011955430964007974,0.0016839530784636735
dt_0.125_ms,21760,2.72,307461,0.0,False,0.0003050945815630257,0.0005675195134244859,0.0006920332671143115,0.0009644215926527987,0.0010273095220327396,0.002988857217133045,0.0003837544745324987,1.4726749672371418e-07,0.01,3075,0.001044669419856424,0.0009644466335885227,0.002988857217133045,-0.000749817946405129,-0.0033299682418258428,-0.0004334364243881489,0.18049472935768146,0.40701873006188377,0.4403252032520325,0.003902439024390244,0.9960975609756098,0.3882926829268293,-0.3000341266393661,-6.005708200973459e-06,0.3000326186418533,-0.3000284880399704,-8.02958857093472e-06,0.3000280439853668,-0.003939495189115405,0.0012054353719577193,0.0016955064376816152
dt_0.125_ms,21840,2.73,307461,0.0,False,0.0003049229853786528,0.0005680232425220311,0.0006927716312929988,0.0009655315196141602,0.0010276724817231315,0.002985178492963314,0.0003838536662387,1.4734363708489126e-07,0.01,3075,0.0010458278504192709,0.0009655368630774319,0.002985178492963314,-0.0005578132763634781,-0.0028467837753455793,-0.00042971660613983387,0.1801140606580516,0.4070052882834083,0.43934959349593494,0.003902439024390244,0.9960975609756098,0.3902439024390244,-0.3000343322753906,-5.527845587494085e-06,0.3000326186418533,-0.3000283807516098,-6.90974138706224e-06,0.3000280439853668,-0.003930493723601103,0.0012155522126704454,0.0017071479698643087
dt_0.125_ms,21920,2.74,307461,0.0,False,0.00030486821196973324,0.0005684897187165916,0.0006935229757800698,0.0009663566714152699,0.0010280299233272673,0.0029813877772539854,0.0003840220713951237,1.4747295131860146e-07,0.01,3075,0.0010470132599963344,0.0009663696982897818,0.0029813877772539854,-0.0004423227473143111,-0.002619064763736743,-0.00042441971876423773,0.17988459271202883,0.4070003140090632,0.43869918699186994,0.003902439024390244,0.9960975609756098,0.39154471544715447,-0.3000341266393661,-5.164521553524537e-06,0.3000326186418533,-0.3000283807516098,-6.595107606699457e-06,0.3000280439853668,-0.003921390417963267,0.0012256692862138152,0.0017187895020470021
dt_0.125_ms,22000,2.75,307461,0.0,False,0.0003047723730560392,0.0005689209792762995,0.0006941095925867558,0.0009672947577200835,0.0010285563301295057,0.002977752359583974,0.0003841456507552292,1.4756788099415852e-07,0.01,3075,0.0010479761092408704,0.0009673071908764541,0.002977752359583974,-0.00017526587712699977,-0.002345155753299752,-0.0004204489088927706,0.1798655332997393,0.4069966828057088,0.43902439024390244,0.003902439024390244,0.9960975609756098,0.3921951219512195,-0.3000341266393661,-5.230343958828598e-06,0.3000330179929733,-0.30002835392951965,-6.6354728005535435e-06,0.3000280439853668,-0.003912228764966131,0.0012361932313069701,0.0017304546083323656
dt_0.125_ms,22080,2.7600000000000002,307461,0.0,False,0.00030470913043245673,0.0005693087005056441,0.0006946093053556979,0.0009679653798229992,0.0010292386868968615,0.002974018221721053,0.000384288756862831,1.4767784865118007e-07,0.01,3075,0.0010492646575307215,0.0009679655195213854,0.002974018221721053,-0.0006503449590308434,-0.0023388631530940804,-0.00041827489784729434,0.17971133285664018,0.4069966828057088,0.43869918699186994,0.003902439024390244,0.9960975609756098,0.39284552845528453,-0.3000341266393661,-6.5510243985045236e-06,0.3000330179929733,-0.30002835392951965,-6.370994469762081e-06,0.3000280439853668,-0.003903214680030942,0.0012464610626921058,0.0017421892727725206
dt_0.125_ms,22160,2.77,307461,0.0,False,0.00030462033464573324,0.0005698456661775708,0.0006953424890525639,0.0009688583086244772,0.0010311064892448488,0.002970257308334112,0.0003844476280702196,1.477999787288179e-07,0.01,3075,0.001050689809471066,0.0009688822319731116,0.002970257308334112,-0.0004566469237897024,-0.0022604218186134356,-0.0004079756144873374,0.17959598400773313,0.4043869445031348,0.43869918699186994,0.003902439024390244,0.9960975609756098,0.39414634146341465,-0.3000335991382599,-7.266218744916841e-06,0.3000330179929733,-0.30002835392951965,-3.6893493415846024e-06,0.3000279158353806,-0.0038938534678891303,0.0012573010753840208,0.0017539239372126756
dt_0.125_ms,22240,2.7800000000000002,307461,0.0,False,0.00030438785324804485,0.0005703978822566569,0.0006962149636819959,0.0009701222414150849,0.001033331360667944,0.00296669639647007,0.0003846253542708869,1.4793666314800525e-07,0.01,3075,0.0010524860390734563,0.0009701607632450759,0.00296669639647007,-0.00042684184565180516,-0.0020175899788942636,-0.00040435840247002075,0.17900492430047585,0.4043869445031348,0.4367479674796748,0.003902439024390244,0.9960975609756098,0.3957723577235772,-0.3000335991382599,-8.729328328627162e-06,0.3000330179929733,-0.30002835392951965,4.791991159436293e-07,0.3000279158353806,-0.0038865532260388136,0.0012673246674239635,0.0017656586016528307
dt_0.125_ms,22320,2.79,307461,0.0,False,0.0003042335156351328,0.0005709047545678914,0.0006970558315515518,0.0009716177126392748,0.001035580248571933,0.0029629524797201157,0.00038480819133358173,1.4807734411742244e-07,0.01,3075,0.0010542875143502483,0.000971682951785624,0.0029629524797201157,-0.0004671661295751397,-0.0018756710332522985,-0.0004028125414321941,0.17806303713932284,0.4041671923099293,0.43349593495934957,0.003902439024390244,0.9960975609756098,0.3983739837398374,-0.3000335991382599,-9.410226994077675e-06,0.3000326186418533,-0.3000281721353531,-4.807708592124982e-06,0.3000279158353806,-0.003879438014701009,0.001277603441849351,0.0017773932660929857
dt_0.125_ms,22400,2.8000000000000003,307461,0.0,False,0.0003040980373043567,0.0005713996361009777,0.000697891809977591,0.0009725599316880121,0.001036977919284255,0.0029595112428069115,0.0003849618065112658,1.4819559247241724e-07,0.01,3075,0.0010553016663127678,0.0009725980344228446,0.0029595112428069115,-0.00024099696298479813,-0.0015877375042467664,-0.000397506024862632,0.17784750832832572,0.4041671923099293,0.43284552845528457,0.003902439024390244,0.9960975609756098,0.3986991869918699,-0.3000335991382599,-9.405225682712626e-06,0.3000326186418533,-0.30002806186676023,-1.8200183831140748e-06,0.3000279158353806,-0.0038708077976480127,0.0012881607981398702,0.0017891279305331407
dt_0.125_ms,22480,2.81,307461,0.0,False,0.000303917215205729,0.0005718179745599627,0.0006986051448620856,0.0009738491731695867,0.0010388690861873333,0.0029558157548308372,0.0003850760738842848,1.4828358267813516e-07,0.01,3075,0.0010568506725707916,0.0009739415836520493,0.0029558157548308372,-0.00046882217052089854,-0.0015145515329587078,-0.0003873097641787272,0.1773854922521034,0.40400989579687213,0.43154471544715445,0.003902439024390244,0.9960975609756098,0.39934959349593496,-0.3000335991382599,-9.51826496020658e-06,0.3000324457883835,-0.30002795457839965,4.4884700400871225e-07,0.30002784430980683,-0.0038611602038145067,0.0012982533080503345,0.0018008826416917143
dt_0.125_ms,22560,2.82,307461,0.0,False,0.00030366392456926405,0.0005723756039515138,0.0006996989250183105,0.0009751401492394518,0.0010402908315882088,0.0029522806871682405,0.00038523089233864695,1.4840284041203021e-07,0.01,3075,0.0010583969763654276,0.000975169416051358,0.0029522806871682405,-0.0006122283190223805,-0.000940140694393741,-0.0003820280538402437,0.17691108896486932,0.40400989579687213,0.4299186991869919,0.003902439024390244,0.9960975609756098,0.400650406504065,-0.3000335991382599,-9.906715604302008e-06,0.3000324457883835,-0.30002795457839965,7.93895833339775e-06,0.30002784430980683,-0.003852136107161641,0.001308391452766955,0.0018126415205188093
dt_0.125_ms,22640,2.83,307461,0.0,False,0.0003035182016901672,0.0005728830583393574,0.0007006144733168185,0.0009764859569258989,0.001041884697042406,0.002948532346636057,0.0003854245538807279,1.4855208673415812e-07,0.01,3075,0.0010597804299464857,0.0009764884016476572,0.002948532346636057,-0.0005809395094812369,-0.0004734707007627811,-0.0003768123403509579,0.17654089392894737,0.40400989579687213,0.42861788617886176,0.003902439024390244,0.9960975609756098,0.40227642276422765,-0.3000335991382599,-1.0016103260568343e-05,0.3000324457883835,-0.3000279366970062,1.3425040378933772e-05,0.30002784430980683,-0.0038432310335338115,0.0013180257519707084,0.0018243296188302338
dt_0.125_ms,22720,2.84,307461,0.0,False,0.0003033674438484013,0.0005735025042667985,0.0007017221651040018,0.000978177343495192,0.001043859159108252,0.0029447979759424925,0.0003856314451184528,1.4871161146414624e-07,0.01,3075,0.0010615113535063054,0.0009782224660739303,0.0029447979759424925,-0.0010869242329317784,3.427160816932528e-06,-0.0003735634516470316,0.17572568521405246,0.40400989579687213,0.42569105691056913,0.003902439024390244,0.9960975609756098,0.4045528455284553,-0.3000335991382599,-1.1175286999787204e-05,0.30003120601177213,-0.3000279366970062,1.7766195014701225e-05,0.300027796626091,-0.0038349958369508384,0.0013276311801746488,0.0018359402776695788
dt_0.125_ms,22800,2.85,307461,0.0,False,0.00030319002689793706,0.0005739368498325348,0.0007026080274954438,0.0009793044300749902,0.0010454590781591837,0.0029410875868052244,0.0003857798790403691,1.4882611507240181e-07,0.01,3075,0.0010627999973702963,0.0009793149074539542,0.0029410875868052244,-0.0009763317840780821,-9.594637279809003e-05,-0.0003599081315266771,0.17567099784325038,0.40400989579687213,0.4253658536585366,0.003902439024390244,0.9960975609756098,0.40390243902439027,-0.3000335991382599,-1.1200801964150742e-05,0.3000316172838211,-0.3000278532505035,1.5759402231196873e-05,0.300027796626091,-0.0038251238176599143,0.0013386261416599154,0.0018474421114660798
dt_0.125_ms,22880,2.86,307461,0.0,False,0.0003030553925782442,0.0005746426177211106,0.0007033544825389981,0.000980397709645332,0.0010465189465321601,0.0029376507736742496,0.00038596662956980824,1.4897023914147757e-07,0.01,3075,0.0010639216959839914,0.0009804255096241832,0.0029376507736742496,-0.0010361888112981055,0.00018413098402224082,-0.0003561683204327899,0.1753542450128332,0.40400989579687213,0.424390243902439,0.003902439024390244,0.9960975609756098,0.40487804878048783,-0.30003373324871063,-1.1221699423913378e-05,0.30003120601177213,-0.3000278532505035,1.7820217180997133e-05,0.300027796626091,-0.0038152860244736074,0.0013486059615388513,0.0018589439452625807
dt_0.125_ms,22960,2.87,307461,0.0,False,0.0003028913924936205,0.0005752380820922554,0.0007040635100565851,0.0009810748975724016,0.0010474030859768395,0.0029342633206397295,0.000386126441046189,1.4909362847499606e-07,0.01,3075,0.0010647785582208657,0.0009811634663492441,0.0029342633206397295,-0.001115917585397093,0.0004346912966557709,-0.00035017411803781257,0.17569032116171682,0.40400989579687213,0.42601626016260163,0.003902439024390244,0.9960975609756098,0.40487804878048783,-0.3000341266393661,-1.1052497029595543e-05,0.30003120601177213,-0.3000278532505035,1.9694505681400187e-05,0.300027796626091,-0.003805197076871991,0.0013589877635240555,0.0018705629627220328
dt_0.125_ms,23040,2.88,307461,0.0,False,0.0003027161583304405,0.0005756881437264383,0.0007045910460874438,0.000981992599554362,0.0010481122531928123,0.002930641872808337,0.00038620200473758103,1.4915198846332657e-07,0.01,3075,0.0010655493819631818,0.0009820455452427268,0.002930641872808337,-0.000804740919937887,0.0005910866109974546,-0.00033481444220808223,0.17562144076182082,0.40400989579687213,0.42569105691056913,0.003902439024390244,0.9960975609756098,0.40422764227642277,-0.3000341266393661,-1.1134858141303994e-05,0.30003120601177213,-0.3000278532505035,1.9472276107990183e-05,0.300027796626091,-0.003795020678080618,0.0013692432548850775,0.0018823560792952773
dt_0.125_ms,23120,2.89,307461,0.0,False,0.0003025768673978746,0.0005763783701695502,0.0007055792957544327,0.0009833292802795771,0.001049602881539613,0.0029273368418216705,0.00038641813520972604,1.4931897521896212e-07,0.01,3075,0.0010670654079687548,0.0009833364747464657,0.0029273368418216705,-0.0004844645343004734,0.0007293644595590724,-0.00032603336172556973,0.1754522116081768,0.40400989579687213,0.4250406504065041,0.003902439024390244,0.9960975609756098,0.40487804878048783,-0.3000341266393661,-9.466600204177666e-06,0.30003222823143005,-0.3000278532505035,2.128872620232869e-05,0.300027796626091,-0.003785121371038258,0.001380007597617805,0.001894127996638417
dt_0.125_ms,23200,2.9,307461,0.0,False,0.00030243012588471174,0.0005770589923486114,0.0007065305835567415,0.0009842710336670293,0.0010510024265386168,0.002923936117440462,0.00038662699466772817,1.4948043300579952e-07,0.01,3075,0.001068398386724596,0.0009843064472079277,0.002923936117440462,-0.0007626618442664335,0.0007197102342442625,-0.00031582552966154443,0.17492420922999785,0.40398210641935645,0.42341463414634145,0.003902439024390244,0.9960975609756098,0.40552845528455284,-0.3000341266393661,-1.1099555194959976e-05,0.3000316172838211,-0.3000278532505035,1.947367491084151e-05,0.300027796626091,-0.003775987750850618,0.0013902861392125487,0.0019058999139815566
dt_0.125_ms,23280,2.91,307461,0.0,False,0.0003022422606591135,0.0005775494500994682,0.0007071834406815469,0.0009854980278760199,0.0010521236807107927,0.0029204925522208214,0.0003867392712326507,1.4956726391356175e-07,0.01,3075,0.0010693098717119273,0.0009855080861598253,0.0029204925522208214,-0.0007350162133531658,0.0008433420163575696,-0.00031035957509666925,0.17473142152806767,0.40398210641935645,0.42276422764227645,0.003902439024390244,0.9960975609756098,0.4068292682926829,-0.3000343322753906,-1.0646494047250599e-05,0.3000316172838211,-0.30002767145633696,2.131153451045975e-05,0.300027796626091,-0.003767241537570953,0.0014006701530888677,0.0019177296897396443
dt_0.125_ms,23360,2.92,307461,0.0,False,0.00030216548475436866,0.0005781136569567025,0.0007079793722368777,0.0009862128878012307,0.001052943605463952,0.002916701603680849,0.00038690884884051794,1.4969845731109478e-07,0.01,3075,0.0010701083625871235,0.0009862337028607726,0.002916701603680849,-0.0009240805421351861,0.0011313432798431592,-0.00030002475738888834,0.1744899152185622,0.40398210641935645,0.4217886178861789,0.003902439024390244,0.9960975609756098,0.408130081300813,-0.3000343322753906,-1.048277408699505e-05,0.3000316172838211,-0.30002767145633696,2.5308641852461733e-05,0.300027796626091,-0.0037574578542262315,0.001411325647495687,0.0019295667996630072
dt_0.125_ms,23440,2.93,307461,0.0,False,0.00030204333597794175,0.0005785755929537117,0.0007087101112119853,0.000986857106909156,0.001053390733432025,0.002912858733907342,0.00038700784806852836,1.4977507446663313e-07,0.01,3075,0.0010706327314965608,0.0009868605993688107,0.002912858733907342,-0.0007124669208913962,0.0011914713024351032,-0.00029579500769969164,0.17459374197243527,0.40398210641935645,0.4224390243902439,0.003902439024390244,0.9960975609756098,0.408780487804878,-0.3000343322753906,-9.976193723559845e-06,0.30003222823143005,-0.30002767145633696,2.6030886147054844e-05,0.300027796626091,-0.0037474663695320487,0.001421889173798263,0.00194140390958637
dt_0.125_ms,23520,2.94,307461,0.0,False,0.0003018125134985894,0.0005791014991700649,0.000709276064299047,0.0009875740157440306,0.0010540609480813154,0.002909038681536913,0.00038707396890580095,1.4982625740448898e-07,0.01,3075,0.0010712402326819616,0.0009875766700133681,0.002909038681536913,-0.0008673328164741548,0.0012468123835959262,-0.0002869251467348114,0.17442272382385343,0.40398210641935645,0.4217886178861789,0.003902439024390244,0.9960975609756098,0.4091056910569106,-0.3000343322753906,-1.0173740520258434e-05,0.30003222823143005,-0.30002767145633696,2.950531052192673e-05,0.300027796626091,-0.0037377707893028857,0.001432458870112896,0.0019531721947714685
dt_0.125_ms,23600,2.95,307461,0.0,False,0.0003016422560904175,0.0005797717603854835,0.0007102905074134469,0.0009888258762657646,0.0010556905879639093,0.002905324101448059,0.0003872371505308158,1.4995261075122572e-07,0.01,3075,0.0010727946137691416,0.0009888348868116736,0.002905324101448059,-0.001103396326463139,0.001692699039636971,-0.0002782871756263501,0.17359130253893026,0.4037399653356816,0.4195121951219512,0.003902439024390244,0.9960975609756098,0.4097560975609756,-0.3000343322753906,-1.1552272553672083e-05,0.3000316172838211,-0.30002767145633696,7.75937078287825e-05,0.300027796626091,-0.0037288224091753365,0.0014429206494241953,0.001965071610175073
dt_0.125_ms,23680,2.96,307461,0.0,False,0.0003013733366969973,0.0005803745007142425,0.000711078813765198,0.0009896632051095368,0.0010567974764853717,0.002901689615100622,0.00038732334652463935,1.5001937476304584e-07,0.01,3075,0.001073747498316433,0.0009896672563627362,0.002901689615100622,-0.0007062327246059454,0.001957831538339121,-0.00026943166872743914,0.17330855039454887,0.4037178821522851,0.41853658536585364,0.003902439024390244,0.9960975609756098,0.41040650406504064,-0.3000343322753906,-9.519597369944677e-06,0.30003222823143005,-0.30002767145633696,0.00495798559859395,0.300027796626091,-0.0037193302996456623,0.0014535360969603062,0.001976992539130151
dt_0.125_ms,23760,2.97,307461,0.0,False,0.00030130421509966254,0.0005811581504531205,0.0007122629904188216,0.0009906891500577341,0.0010583027964457877,0.0028979764319956303,0.00038755169767016445,1.5019631836702654e-07,0.01,3075,0.0010751972193791856,0.000990716041997075,0.0028979764319956303,-0.0007063415376317762,0.0025457780263256676,-0.0002642875773135603,0.17257661831326515,0.40361046109979665,0.416260162601626,0.003902439024390244,0.9960975609756098,0.4110569105691057,-0.3000344097614288,-1.040598999679787e-05,0.30003222823143005,-0.30002767145633696,0.0049588182009756565,0.300027796626091,-0.003710004035383463,0.0014640067238360643,0.001988913468085229
dt_0.125_ms,23840,2.98,307461,0.0,False,0.0003013460082001984,0.0005819961661472917,0.0007134200423024595,0.0009921059943735603,0.001059979666024447,0.0028944171499460936,0.0003878570158196593,1.5043306472053146e-07,0.01,3075,0.0010766588336205095,0.0009921143064275384,0.0028944171499460936,-0.0008949547721689063,0.0023454929178981588,-0.0002556415266410364,0.17221326388193095,0.40361046109979665,0.41528455284552845,0.003902439024390244,0.9960975609756098,0.4117073170731707,-0.3000344097614288,-1.1728815479727928e-05,0.3000316172838211,-0.30002767145633696,0.0049594007432460785,0.300027796626091,-0.00370007639285177,0.0014745022635906935,0.0020008343970403073
dt_0.125_ms,23920,2.99,307461,0.0,False,0.0003012551460415125,0.0005826619453728199,0.0007141538662835956,0.0009931419743225002,0.0010608854820020508,0.0028906879015266895,0.00038804565201086517,1.5057942804453745e-07,0.01,3075,0.0010776545304986762,0.0009932019747793674,0.0028906879015266895,-0.0009310339074465624,0.0023294229040798256,-0.0002515505844484863,0.17227049771453853,0.40361046109979665,0.41560975609756096,0.003902439024390244,0.9960975609756098,0.41203252032520327,-0.3000344097614288,-1.1464189810794778e-05,0.30003120601177213,-0.30002767145633696,0.0049588182009756565,0.300027796626091,-0.003690086165443063,0.0014845383120700717,0.0020124708767980336
dt_0.125_ms,24000,3.0,307461,0.0,False,0.0003012017987202853,0.0005832224269397557,0.0007150439778342843,0.0009940448217093945,0.0010616913205012688,0.0028867130167782307,0.0003882293164148622,1.5072200212395123e-07,0.01,3075,0.001078417428799458,0.0009940476156771183,0.0028867130167782307,-0.0007846944047733126,0.00238626048217065,-0.0002377617937641415,0.17220527558114385,0.40361046109979665,0.41528455284552845,0.003902439024390244,0.9960975609756098,0.41268292682926827,-0.3000344097614288,-1.144340967584867e-05,0.30003222823143005,-0.30002760887145996,0.004958823788911104,0.30002774596214293,-0.0036799598252400755,0.0014950493350625038,0.002024098276160657
dt_0.125_ms,24080,3.0100000000000002,307461,0.0,False,0.0003010892542079091,0.0005838438519276679,0.0007159945671446621,0.0009957263944670562,0.0010636514634825296,0.002882742788642645,0.0003884372205186366,1.5088347428424392e-07,0.01,3075,0.0010798753587135334,0.0009957354050129652,0.002882742788642645,-0.0007080836654197966,0.0022710849643907734,-0.000232575299914896,0.17148943209567952,0.40360972590127003,0.41268292682926827,0.003902439024390244,0.9960975609756098,0.4143089430894309,-0.3000344097614288,-1.1192035344720352e-05,0.3000316172838211,-0.30002760887145996,0.0049594007432460785,0.30002774596214293,-0.003670714609324932,0.0015056715346872807,0.002035758434794843
dt_0.125_ms,24160,3.02,307461,0.0,False,0.00030091049848124385,0.0005845600389875472,0.0007169087766669691,0.000996861560270192,0.001064889901317657,0.0028787837363779545,0.00038862008485452776,1.5102557035234037e-07,0.01,3075,0.0010811234788393707,0.0009969054954126477,0.0028787837363779545,-0.0004640785898430376,0.0023067040204703855,-0.00022052317176286768,0.17105556683530937,0.40360972590127003,0.4110569105691057,0.003902439024390244,0.9960975609756098,0.41495934959349595,-0.3000341266393661,-1.1019067642337177e-05,0.30003222823143005,-0.30002760887145996,0.0049594007432460785,0.30002774596214293,-0.003660636814311147,0.0015160227194428444,0.002047435706481337
dt_0.125_ms,24240,3.0300000000000002,307461,0.0,False,0.0003008401836268604,0.0005851992755196989,0.0007178037194535136,0.0009984185919165633,0.001065563631709665,0.002874466823413968,0.00038880158852340127,1.5116667523832022e-07,0.01,3075,0.0010821831389898208,0.000998477335087955,0.002874466823413968,-0.0007634425959842953,0.0023146121871179563,-0.00021029094510477005,0.17043218716247757,0.40360972590127003,0.408780487804878,0.003902439024390244,0.9960975609756098,0.4159349593495935,-0.3000341266393661,-1.1520129191922024e-05,0.2975685149431219,-0.30002760887145996,0.0049613360315561295,0.30002774596214293,-0.003650843328796327,0.0015266648260876536,0.002059226250275969
dt_0.125_ms,24320,3.04,307461,0.0,False,0.000300693471217528,0.0005859562079422176,0.0007189356838352978,0.0009996521519497052,0.0010671763564460007,0.0028704272117465734,0.0003889993708910328,1.513205105536193e-07,0.01,3075,0.0010836020296409242,0.0009996884036809206,0.0028704272117465734,-0.000299782488382482,0.002672941471855536,-0.00020187450512274493,0.16980796291234343,0.40360972590127003,0.4061788617886179,0.003902439024390244,0.9960975609756098,0.416260162601626,-0.3000335991382599,-1.0690228009480052e-05,0.30003120601177213,-0.30002760887145996,0.0049621001817286015,0.30002774596214293,-0.003641189099289477,0.0015348911983892322,0.002070984803140163
dt_0.125_ms,24400,3.0500000000000003,307461,0.0,False,0.00030062400037422776,0.0005866403807885945,0.000720042095053941,0.0010015041334554564,0.0010687706992030149,0.0028663575649261475,0.00038925986018049653,1.515232387477397e-07,0.01,3075,0.0010852136656763108,0.0010015331208705902,0.0028663575649261475,-0.00044431406780090103,0.002897554815342019,-0.0001936434380846416,0.16891929364714317,0.40360972590127003,0.40260162601626015,0.003902439024390244,0.9960975609756098,0.4169105691056911,-0.3000335991382599,-1.0792846296681091e-05,0.2956940621137616,-0.30002760887145996,0.0049623348750174046,0.30002768635749816,-0.0036318841855973007,0.0015439975541085005,0.002082719467580318
dt_0.125_ms,24480,3.06,307461,0.0,False,0.00030050898203626275,0.0005872008041478693,0.0007207145681604743,0.00100222737528384,0.0010695354314520964,0.002862315159291029,0.00038937742909369585,1.5161478228761615e-07,0.01,3075,0.0010858522187842706,0.0010023006470873952,0.002862315159291029,-0.0003321867124789169,0.002920408186970675,-0.0001877248508673979,0.1688772119729998,0.40360972590127003,0.40260162601626015,0.003902439024390244,0.9960975609756098,0.4175609756097561,-0.3000335991382599,-9.656127986090723e-06,0.2965129643678665,-0.30002760887145996,0.0049623348750174046,0.30002768635749816,-0.0036236873827874662,0.0015547440852969885,0.002094454132020473
dt_0.125_ms,24560,3.0700000000000003,307461,0.0,False,0.00030048011103644967,0.00058799481485039,0.0007215709192678332,0.0010034582344815137,0.0010701551218517127,0.002858094871044159,0.0003896164031387881,1.5180094159480665e-07,0.01,3075,0.001086605909863502,0.0010034599108621478,0.002858094871044159,-0.0003565358241883779,0.003156948081964882,-0.0001755626979321847,0.1684305398868645,0.40360972590127003,0.4009756097560976,0.003902439024390244,0.9960975609756098,0.41788617886178864,-0.3000335991382599,-9.80752975010546e-06,0.2956940621137616,-0.30002760887145996,0.0049623348750174046,0.30002768635749816,-0.003613629098981619,0.0015651995781809092,0.002106188796460628
dt_0.125_ms,24640,3.08,307461,0.0,False,0.000300488987704739,0.0005887976731173694,0.00072245899355039,0.0010045417118817574,0.0010708877933211626,0.002853832906112075,0.00038985528508143284,1.5198714330592528e-07,0.01,3075,0.001087437539959584,0.0010045563103631139,0.002853832906112075,-0.0006739185473280834,0.0031633031479571297,-0.00016663622675175833,0.16816480185285168,0.40360972590127003,0.4,0.003902439024390244,0.9960975609756098,0.41821138211382114,-0.3000335991382599,-1.1363246812834404e-05,0.2956940621137616,-0.30002760887145996,0.0049623348750174046,0.30002768635749816,-0.0036046500550583004,0.0015751777682453394,0.002118031028658151
dt_0.125_ms,24720,3.09,307461,0.0,False,0.00030047650216147304,0.0005897723603993654,0.0007234691292978823,0.0010053264675661932,0.0010719145881012088,0.0028495024889707565,0.00039012589070377404,1.5219821059741304e-07,0.01,3075,0.0010882455549710165,0.001005353988148272,0.0028495024889707565,-0.0006203026475542891,0.003050955840028878,-0.00015925484088559946,0.16806488315082171,0.40360972590127003,0.39967479674796746,0.003902439024390244,0.9960975609756098,0.41821138211382114,-0.3000335991382599,-1.1170536708959844e-05,0.2965129643678665,-0.30002760887145996,0.004962364211678505,0.30002766847610474,-0.003595009166747332,0.0015856886748224497,0.0021300214109942314
dt_0.125_ms,24800,3.1,307461,0.0,False,0.00030048404005356133,0.0005904515273869038,0.0007240109844133258,0.001005799020640557,0.0010724521125666801,0.0028455292340368032,0.0003902813864990374,1.52319560647611e-07,0.01,3075,0.001088535514342167,0.0010059252381324768,0.0028455292340368032,-0.0008464116023069954,0.0034349741381267296,-0.00014991516020239852,0.16820801326810123,0.40360972590127003,0.4003252032520325,0.003902439024390244,0.9960975609756098,0.4175609756097561,-0.3000341266393661,-1.1356566574249882e-05,0.2965129643678665,-0.30002760887145996,0.00496391486376524,0.30002766847610474,-0.003584313043393195,0.0015963712939992547,0.002142016845755279
dt_0.125_ms,24880,3.11,307461,0.0,False,0.0003004133468493819,0.000591316435020417,0.0007248669280670583,0.0010064131580293186,0.0010728169349022213,0.002841589506715536,0.00039046736657305075,1.524647643584932e-07,0.01,3075,0.0010888970426730508,0.0010064353700727224,0.002841589506715536,-0.0008008785384642054,0.0033463871774799515,-0.0001359464523829217,0.168247427893596,0.40360972590127003,0.4003252032520325,0.003902439024390244,0.9960975609756098,0.4172357723577236,-0.3000341266393661,-1.1865987289638724e-05,0.2975685149431219,-0.30002760887145996,0.004964057356119156,0.30002766847610474,-0.0035719663836061956,0.0016072677681222558,0.002154012280516326
dt_0.125_ms,24960,3.12,307461,0.0,False,0.00030044731101952493,0.0005922473501414061,0.0007259499398060143,0.0010072270641103395,0.0010738965705968443,0.0031502663623541594,0.0003907939951716628,1.5271994666222962e-07,0.01,3075,0.001090232912276879,0.0010072486475110054,0.0031502663623541594,-0.0007033464861641976,0.0035159682232784595,-0.0001255399530480911,0.16790061973610707,0.4036076221831958,0.39902439024390246,0.003902439024390244,0.9960975609756098,0.4175609756097561,-0.30003373324871063,-1.1493188139866106e-05,0.2975685149431219,-0.3000275045633316,0.004964057356119156,0.30002766847610474,-0.0035638239467516543,0.001617605914361775,0.002166007715277374
dt_0.125_ms,25040,3.13,307461,0.0,False,0.0003004272875841707,0.0005930167972110212,0.0007268998306244612,0.001008072495460511,0.0010748563217930496,0.0032277938444167376,0.0003910232011521754,1.528991438392946e-07,0.01,3075,0.0010910546835663356,0.001008089049719274,0.0032277938444167376,-0.0006056897851144233,0.0037500767839052295,-0.0001148003004718481,0.1677190796658004,0.4036076221831958,0.3983739837398374,0.003902439024390244,0.9960975609756098,0.4175609756097561,-0.30003373324871063,-1.1119841474283021e-05,0.2975685149431219,-0.3000275045633316,0.004964730236679316,0.30002766847610474,-0.003553579398430884,0.001628502388484776,0.0021779860369861128
dt_0.125_ms,25120,3.14,307461,0.0,False,0.00030040377168916166,0.0005936374072916806,0.0007276313845068216,0.001008391589857639,0.0010745799518190326,0.0032263854518532753,0.00039117863020334437,1.5302072072776485e-07,0.01,3075,0.0010908878513998012,0.0010084203677251935,0.0032263854518532753,-0.0006562604873794576,0.003775915714570287,-0.00010089332188623465,0.16758486968725675,0.4036076221831958,0.39772357723577234,0.003902439024390244,0.9960975609756098,0.4175609756097561,-0.30003373324871063,-1.1099319635832217e-05,0.2975685149431219,-0.3000275045633316,0.004964495077729225,0.30002766847610474,-0.0035436813719570636,0.00163934042211622,0.0021897340193390846
dt_0.125_ms,25200,3.15,307461,0.0,False,0.00030046477331779897,0.0005943503929302096,0.0007281783036887646,0.0010085677262395632,0.0010742471553385259,0.003224862040951848,0.00039136412538497525,1.5316587863834662e-07,0.01,3075,0.001090713120519933,0.0010085965041071177,0.003224862040951848,-0.00045455558125394145,0.0035864181331781374,-1.809559652687815e-05,0.16778476263803332,0.4035439269540671,0.3986991869918699,0.0032520325203252032,0.9967479674796748,0.4175609756097561,-0.3000335991382599,-1.0768641004688106e-05,0.30003120601177213,-0.30002760887145996,0.004964730236679316,0.30002766847610474,-0.0035296611255034803,0.0016509891720488667,0.002201580442488193
dt_0.125_ms,25280,3.16,307461,0.0,False,0.0003003809251822531,0.0005952176870778203,0.0007289312197826803,0.0010090130846947445,0.0010743652470409874,0.003223314182832837,0.00039155094491232385,1.5331214246173365e-07,0.01,3075,0.0010908929073077634,0.0010090477298945189,0.003223314182832837,-0.00013657477480348196,0.004090280380251468,3.235966217045377e-05,0.16754195593707635,0.40352624195057724,0.39772357723577234,0.002926829268292683,0.9970731707317073,0.4169105691056911,-0.30003332793712617,-1.0146181921300013e-05,0.30003170669078827,-0.30002760887145996,0.004965938162058592,0.30002766847610474,-0.00351911592297256,0.0016618856461718678,0.002213426865637302
dt_0.125_ms,25360,3.17,307461,0.0,False,0.00030033753137104213,0.000596070836763829,0.0007297158590517938,0.0010093763470649729,0.001074382418300957,0.003221722086891532,0.0003917543774438336,1.5347149224640564e-07,0.01,3075,0.0010909244870176403,0.0010094019817188382,0.003221722086891532,-0.00019445187403691557,0.004251172389789593,8.1750938699134e-05,0.16787041490272445,0.4018598715218106,0.39902439024390246,0.0026016260162601626,0.9973983739837399,0.4159349593495935,-0.3000335991382599,-9.52831487666117e-06,0.30003259778022767,-0.30002760887145996,0.004967769142240286,0.30002766847610474,-0.003507102490402758,0.001673109014518559,0.0022251282818615435
dt_0.125_ms,25440,3.18,307461,0.0,False,0.00030026910826563835,0.0005968384793959558,0.0007304984028451145,0.0010100395185872924,0.001074484549462796,0.0032201381400227547,0.0003919277736835755,1.53607379784564e-07,0.01,3075,0.0010911064485193995,0.0010100692743435502,0.0032201381400227547,5.7769178824966684e-05,0.00394628636352279,9.258866143541607e-05,0.16785818744482991,0.4018598715218106,0.39902439024390246,0.0026016260162601626,0.9973983739837399,0.41560975609756096,-0.3000335991382599,-9.145175681624096e-06,0.30003259778022767,-0.30002760887145996,0.004967558663338423,0.30002766847610474,-0.0034965013852342962,0.001683726324699819,0.0022368070669472216
dt_0.125_ms,25520,3.19,307461,0.0,False,0.0003002166049554944,0.000597645528614521,0.0007313954411074519,0.0010109430411830566,0.001074705109931529,0.0032182135619223118,0.00039209798973215,1.5374083355199322e-07,0.01,3075,0.0010914970116265785,0.0010110002476722002,0.0032182135619223118,4.641490433368005e-05,0.0040893812301109065,0.00010820393306695349,0.1677892771162293,0.4018598715218106,0.3986991869918699,0.0026016260162601626,0.9973983739837399,0.4146341463414634,-0.3000335991382599,-9.68967106018681e-06,0.30003305375576017,-0.30002760887145996,0.004967769142240286,0.30002766847610474,-0.003485919418744743,0.0016941968351602554,0.0022484858520328997
dt_0.125_ms,25600,3.2,307461,0.0,False,0.0003001868608407676,0.0005983261507935822,0.0007319833966903389,0.0010114317527040852,0.001073691982310266,0.0032166007440537214,0.00039221144028283347,1.5382981388873463e-07,0.01,3075,0.0010912892137601123,0.001011464511975646,0.0032166007440537214,-7.230242918441532e-05,0.00449083421295267,0.00011892027656994457,0.1677206847598155,0.40352624195057724,0.3983739837398374,0.0026016260162601626,0.9973983739837399,0.4143089430894309,-0.3000335991382599,-1.0159158591704909e-05,0.30003305375576017,-0.30002760887145996,0.004975904244929552,0.30002766847610474,-0.0034756748704239727,0.0017047777073457837,0.002260164637118578
dt_0.125_ms,25680,3.21,307461,0.0,False,0.0003000991709996015,0.0005988794146105647,0.0007326805498450994,0.0010113347554579397,0.001072700181975961,0.0032149895559996367,0.0003922765169904391,1.538808657821503e-07,0.01,3075,0.001090555117594275,0.0010113840689882636,0.0032149895559996367,0.00016868813234255438,0.004650027646238343,0.00013476405459327426,0.1680835188695374,0.40352624195057724,0.39967479674796746,0.0026016260162601626,0.9973983739837399,0.41333333333333333,-0.3000335991382599,-1.009147490549367e-05,0.300033313035965,-0.30002760887145996,0.004980280064046383,0.30002766847610474,-0.003465300193056464,0.001715859747491777,0.002271843422204256
dt_0.125_ms,25760,3.22,307461,0.0,False,0.0002999409625772387,0.0005994780221953988,0.0007333335233852267,0.001011135033331812,0.0010713433730416002,0.003212935058400035,0.0003923028778098401,1.539015479378823e-07,0.01,3075,0.0010895586374965382,0.001011146348901093,0.003212935058400035,0.0005202291477270983,0.0044918170104472025,0.00015437810049521002,0.16889794003357178,0.40353258422780514,0.40260162601626015,0.0026016260162601626,0.9973983739837399,0.41073170731707315,-0.3000335991382599,-9.866645086731296e-06,0.3000335872173309,-0.30002760887145996,0.004980280064046383,0.30002766847610474,-0.0034534110920503734,0.0017276847502216697,0.0022835504030808804
dt_0.125_ms,25840,3.23,307461,0.0,False,0.00029991622432135046,0.0005999485729262233,0.00073399388929829,0.001010466762818397,0.0010694890515878799,0.00321137229911983,0.0003923635076083536,1.5394912210273053e-07,0.01,3075,0.0010883145275472747,0.0010104902321472764,0.00321137229911983,0.0001768989625114829,0.004741281994831854,0.0001755921418089571,0.16958111217275315,0.40353258422780514,0.40520325203252033,0.0026016260162601626,0.9973983739837399,0.40747967479674796,-0.30003373324871063,-1.0748546628747135e-05,0.300033837556839,-0.30002760887145996,0.005000348202884197,0.30002768635749816,-0.003442155756056309,0.0017386756371706724,0.002295346069149673
dt_0.125_ms,25920,3.24,307461,0.0,False,0.00029980752151459455,0.0006004002061672509,0.000734764791559428,0.0010103315114974982,0.0010679383645765485,0.003209922928363085,0.0003924352380783385,1.5400541608560222e-07,0.01,3075,0.0010877363143746203,0.0010103457607328892,0.003209922928363085,0.0004618393602292296,0.004724606926736834,0.0001966565750478729,0.17031900328921165,0.40353258422780514,0.40780487804878046,0.0026016260162601626,0.9973983739837399,0.4045528455284553,-0.30003373324871063,-1.0665134141163435e-05,0.300033837556839,-0.30002760887145996,0.005000348202884197,0.30002774596214293,-0.0034310086630284786,0.001749471528455615,0.0023072586627677083
dt_0.125_ms,26000,3.25,307461,0.0,False,0.00029967958107590675,0.0006008420023135841,0.0007354675908572972,0.001010079798288644,0.001066805317532272,0.0032084048725664616,0.0003924555999429451,1.5402139792657695e-07,0.01,3075,0.0010868131683957648,0.001010098378174007,0.0032084048725664616,0.00015916956470276986,0.004773898887381119,0.00025089100393186497,0.1707880562584841,0.40352624195057724,0.4094308943089431,0.0022764227642276423,0.9977235772357723,0.4035772357723577,-0.3000341266393661,-1.1337673640809953e-05,0.300033837556839,-0.30002760887145996,0.005000348202884197,0.30002768635749816,-0.003419967647641897,0.00176058744546026,0.0023192354710772634
dt_0.125_ms,26080,3.2600000000000002,307461,0.0,False,0.00029955722857266665,0.0006011697114445269,0.0007359414012171328,0.0010094460565596818,0.0010659394669346519,0.0032068623695522547,0.0003924315756310029,1.5400254155223153e-07,0.01,3075,0.0010858996328329895,0.0010094463359564543,0.0032068623695522547,-4.713682225524909e-05,0.005047122633689301,0.00027521676751141386,0.17170447390380955,0.40352624195057724,0.41268292682926827,0.0022764227642276423,0.9977235772357723,0.400650406504065,-0.3000343680381775,-1.3998667782288976e-05,0.300033837556839,-0.30002767145633696,0.005001492332667112,0.30002774596214293,-0.003408037289045751,0.0017720871837809682,0.0023312122793868184
dt_0.125_ms,26160,3.27,307461,0.0,False,0.0002994622627738863,0.0006015310646034777,0.0007364267366938293,0.0010087499627843505,0.0010650431620888414,0.0032051652669906616,0.0003923613372738536,1.5394741898732667e-07,0.01,3075,0.0010844245415968382,0.0010087648406624794,0.0032051652669906616,-8.748887496518749e-05,0.004746909995709973,0.00030282205296301744,0.17284068939852762,0.40352624195057724,0.4165853658536585,0.0022764227642276423,0.9977235772357723,0.3964227642276423,-0.30003452897071836,-1.4603630916099064e-05,0.30003387331962583,-0.30002767145633696,0.005001489073038101,0.30002774596214293,-0.003394733788445592,0.0017845986876636744,0.0023431144189089534
dt_0.125_ms,26240,3.2800000000000002,307461,0.0,False,0.00029933537007309496,0.0006019539432600141,0.0007369816885329783,0.0010078936815261848,0.0010643183602951469,0.0032035140320658684,0.00039234538583001784,1.5393490178210556e-07,0.01,3075,0.0010833758116904192,0.0010079109342768788,0.0032035140320658684,-1.2357991410618428e-05,0.004247164219304465,0.00032233733339310903,0.17371267391835846,0.40352624195057724,0.41983739837398376,0.0022764227642276423,0.9977235772357723,0.3938211382113821,-0.30003452897071836,-1.4693478078697808e-05,0.30003387331962583,-0.3000279366970062,0.005000348202884197,0.30002774596214293,-0.0033833930036053063,0.0017974689835682511,0.0023549794685095546
dt_0.125_ms,26320,3.29,307461,0.0,False,0.00029929052107036114,0.0006025130278430879,0.0007374812848865986,0.001007422828115524,0.0010640417924150825,0.0032018725760281086,0.000392424573219278,1.5399704566633245e-07,0.01,3075,0.001082237300319158,0.0010074555175378919,0.0032018725760281086,-0.00020895906013803563,0.004201187475654732,0.0004112420457119985,0.17425155931537012,0.40114525592633354,0.4214634146341463,0.0016260162601626016,0.9983739837398374,0.3908943089430894,-0.3000346213579178,-1.8168244423577562e-05,0.30003387331962583,-0.3000278532505035,0.005000348202884197,0.30002768635749816,-0.0033726626075804233,0.001809441833756864,0.002366844518110156
dt_0.125_ms,26400,3.3000000000000003,307461,0.0,False,0.00029918726067990065,0.0006029698415659368,0.0007379520684480667,0.0010072662960737956,0.0010637390310876084,0.0032001633662730455,0.0003924574585173938,1.5402285674593185e-07,0.01,3075,0.001081607471394345,0.001007300103083253,0.0032001633662730455,-0.0005590879498782203,0.0036458920618862634,0.00043391466780558105,0.17487683354789368,0.40114525592633354,0.423739837398374,0.0016260162601626016,0.9983739837398374,0.3882926829268293,-0.3000346213579178,-1.902771145978477e-05,0.30003387331962583,-0.3000279366970062,0.004999394528567791,0.30002774596214293,-0.003359947237186134,0.0018212869763374329,0.0023787095677107574
dt_0.125_ms,26480,3.31,307461,0.0,False,0.0002989850763697177,0.0006033973186276853,0.0007384247146546841,0.0010070165153592844,0.001063326618168503,0.0031982348300516605,0.0003924865186640041,1.5404566733298963e-07,0.01,3075,0.0010808914934656,0.0010070682037621737,0.0031982348300516605,-0.000513438233370461,0.003554358363549898,0.0004512149044804699,0.1757616106705839,0.40352624195057724,0.42634146341463414,0.0016260162601626016,0.9983739837398374,0.3850406504065041,-0.3000346213579178,-2.1527643184526823e-05,0.3000341445207596,-0.3000281721353531,0.005001489073038101,0.300027796626091,-0.0033498889533802867,0.0018321946263313293,0.0023905500303953884
dt_0.125_ms,26560,3.3200000000000003,307461,0.0,False,0.00029889660072512925,0.0006039257859811187,0.000738863367587328,0.001006032782606782,0.0010625327471643687,0.0031963493674993515,0.0003925165335884917,1.5406922914032552e-07,0.01,3075,0.00107972071422794,0.0010060685453936458,0.0031963493674993515,-0.00021252322459503552,0.0035634457024151015,0.00047190889973587136,0.17659470532332255,0.40352624195057724,0.4292682926829268,0.0016260162601626016,0.9983739837398374,0.3824390243902439,-0.3000346213579178,-2.0953782950527966e-05,0.3000345915555954,-0.3000281721353531,0.005004388280212879,0.300027796626091,-0.0033390081021934747,0.0018440011190250516,0.0024023405741900204
dt_0.125_ms,26640,3.33,307461,0.0,False,0.0002987791667692363,0.0006044831243343651,0.0007394088315777481,0.001005770405754447,0.0010622399160638452,0.0031945861410349607,0.0003925581212265569,1.5410187854092413e-07,0.01,3075,0.001079189072408509,0.0010057731997221708,0.0031945861410349607,-0.0004383849026383884,0.003467190822654712,0.0004890977560610669,0.17721900913799246,0.40352624195057724,0.43121951219512195,0.0016260162601626016,0.9983739837398374,0.3795121951219512,-0.30003474950790404,-0.004958613310009241,0.3000345915555954,-0.30002827048301695,0.005008276551961899,0.300027796626091,-0.003329121647402644,0.0018550262320786715,0.0024140767054632306
dt_0.125_ms,26720,3.34,307461,0.0,False,0.0002986650506500155,0.000605071778409183,0.0007400764734484255,0.0010061219101771715,0.0010618628584779801,0.003192835720255971,0.0003926569685709319,1.5417949496731384e-07,0.01,3075,0.0010789094730923937,0.001006126869469881,0.003192835720255971,-0.0002979422342529939,0.003556047090269187,0.0005444273170901508,0.17749219582189635,0.4018598715218106,0.431869918699187,0.0013008130081300813,0.9986991869918699,0.37626016260162604,-0.30003474950790404,-0.004957737401127815,0.3000346750020981,-0.3000281721353531,0.005008181557059288,0.300027796626091,-0.0033177376724779608,0.0018659227062016726,0.0024258113699033856
dt_0.125_ms,26800,3.35,307461,0.0,False,0.0002985880128107965,0.0006056157290004194,0.0007406605291180313,0.0010052126133814462,0.0010612785816192627,0.0031915162689983845,0.00039271411232685806,1.542243740206721e-07,0.01,3075,0.0010781098412334677,0.0010052345460280776,0.0031915162689983845,-0.0007534835326490113,0.0031593380034770804,0.0005617883141205563,0.17877653453796413,0.4035439269540671,0.43577235772357725,0.0013008130081300813,0.9986991869918699,0.37105691056910567,-0.3000351220369339,-0.004995988681912422,0.3000346750020981,-0.30002835392951965,0.005005766171962023,0.3000279158353806,-0.0033068220131099225,0.0018768191803246737,0.0024375460343435407
dt_0.125_ms,26880,3.36,307461,0.0,False,0.00029844741220586,0.0006062699831090868,0.0007411590195260942,0.0010049816220998773,0.0010605925461277367,0.003189950017258525,0.0003927503482308751,1.5425283603547367e-07,0.01,3075,0.0010776146037912951,0.0010050029959529638,0.003189950017258525,-0.0006121179106772741,0.003104315959670335,0.0005759766009613508,0.17966529167886797,0.4036076221831958,0.43869918699186994,0.0013008130081300813,0.9986991869918699,0.36910569105691055,-0.3000351220369339,-0.004995593801140785,0.3000348597764969,-0.3000283807516098,0.005005766171962023,0.3000279158353806,-0.0032954133581370114,0.0018877857364714146,0.0024493101984262465
dt_0.125_ms,26960,3.37,307461,0.0,False,0.0002982156875077635,0.000606384826824069,0.0007414193241856992,0.0010038777720183137,0.0010599227971397353,0.003188213799148798,0.0003926607616410523,1.541824737325313e-07,0.01,3075,0.0010767553572929123,0.0010038848267868161,0.003188213799148798,-0.0005421626945771118,0.0024209707819902154,0.0005903943329368059,0.18090974804023424,0.40360972590127003,0.4429268292682927,0.0013008130081300813,0.9986991869918699,0.36617886178861786,-0.3000351220369339,-0.004996087867766619,0.30003498792648314,-0.3000283807516098,0.005000348202884197,0.3000280439853668,-0.0032874986296519636,0.0018992337863892317,0.0024611752480268477
dt_0.125_ms,27040,3.38,307461,0.0,False,0.0002980389108415693,0.0006067108479328454,0.0007417756714858115,0.0010028501506894846,0.001059086830355227,0.0031863157637417316,0.0003926160523107312,1.5414736453206283e-07,0.01,3075,0.0010757232334358785,0.0010028975084424019,0.0031863157637417316,-0.00015468724729130113,0.0019785247668232192,0.0006142695822063985,0.18236666862832918,0.4037178821522851,0.447479674796748,0.0013008130081300813,0.9986991869918699,0.36097560975609755,-0.3000351220369339,-0.004995988681912422,0.30003526508808137,-0.3000283807516098,0.004999394528567791,0.3000283032655716,-0.0032739533577114343,0.0019101437646895647,0.0024731278885155917
dt_0.125_ms,27120,3.39,307461,0.0,False,0.0002979359414894134,0.0006072912365198135,0.0007423667702823877,0.0010026431409642122,0.001058975467458368,0.0031844056211411953,0.00039271118052729213,1.5422207131113943e-07,0.01,3075,0.0010755514816903487,0.0010026986710727215,0.0031844056211411953,-0.00018695584133741997,0.0020586477474097593,0.0006229737609609719,0.18273230543047123,0.4037399653356816,0.4484552845528455,0.0013008130081300813,0.9986991869918699,0.3590243902439024,-0.3000351220369339,-0.0049967714585363865,0.30003526508808137,-0.3000284880399704,0.004999394528567791,0.3000283420085907,-0.003267296263948083,0.0019206072902306914,0.0024851046968251468
dt_0.125_ms,27200,3.4,307461,0.0,False,0.00029780526529066265,0.0006078878650441766,0.0007429968100041151,0.0010023877955973157,0.0010588288772851236,0.0031825576443225145,0.0003927744911548191,1.5427180090192707e-07,0.01,3075,0.0010751653623547618,0.0010024076327681541,0.0031825576443225145,-0.00034611419388722156,0.002335180569700706,0.0006412729631155366,0.18363386391977848,0.40392758252069927,0.4500813008130081,0.0013008130081300813,0.9986991869918699,0.3538211382113821,-0.3000351220369339,-0.005000252742320299,0.3000353455543518,-0.3000284880399704,0.0050004590302705765,0.3000284910202026,-0.003259114921092987,0.0019313015509396791,0.0024970815051347014
dt_0.125_ms,27280,3.41,307461,0.0,False,0.0002976749383378774,0.0006083219777792692,0.000743446871638298,0.0010019061388447897,0.001058243901934475,0.003180708969011903,0.0003927684595851783,1.5426706284491383e-07,0.01,3075,0.001074379401894786,0.001001947559416294,0.003180708969011903,-0.0008245155853116402,0.002035615891723667,0.0006659865758677082,0.1848753959495205,0.40392758252069927,0.45365853658536587,0.0013008130081300813,0.9986991869918699,0.34829268292682924,-0.300035348534584,-0.00500711752101779,0.3000353455543518,-0.30002859234809875,0.0050004590302705765,0.3000284910202026,-0.0032480300404131414,0.0019421298056840897,0.0025090583134442564
dt_0.125_ms,27360,3.42,307461,0.0,False,0.00029750127578154206,0.0006088154623284936,0.0007438553730025887,0.0010009059682488442,0.0010569000733084977,0.0031791890505701303,0.0003927124051548223,1.542230331624853e-07,0.01,3075,0.0010735183465105246,0.0010009061079472303,0.0031791890505701303,-0.0010454304162814834,0.0020151670629406744,0.0006844019801620909,0.18595200024098166,0.40400989579687213,0.45658536585365855,0.0013008130081300813,0.9986991869918699,0.34308943089430893,-0.30003556311130525,-0.005011451430618763,0.30003561079502106,-0.30002859234809875,0.0050004590302705765,0.3000284910202026,-0.003240882442332804,0.0019529331475496292,0.0025210351217538115
dt_0.125_ms,27440,3.43,307461,0.0,False,0.00029733916744589806,0.0006093463744036853,0.0007442700443789363,0.0009995003696531065,0.0010557830682955684,0.003177640028297901,0.00039269834345379907,1.5421198895135793e-07,0.01,3075,0.0010724649152423188,0.0009995190193876624,0.003177640028297901,-0.0011395327477447706,0.0020267247954331756,0.0007109755543401328,0.18784011207701748,0.4041671923099293,0.46211382113821137,0.0013008130081300813,0.9986991869918699,0.33691056910569106,-0.30003575086593626,-0.005015867296606302,0.30003561079502106,-0.30002892911434176,0.004984576255083084,0.30002875030040743,-0.0032311436254531143,0.0019637602381408215,0.002533064899034798
dt_0.125_ms,27520,3.44,307461,0.0,False,0.00029724041814915836,0.0006097083096392453,0.0007444423390552402,0.0009977681562304505,0.0010541175724938516,0.0031759077683091164,0.000392618120417212,1.541489884799444e-07,0.01,3075,0.0010710744815689277,0.0009977886220440269,0.0031759077683091164,-0.0012145288189001405,0.0017633887998551576,0.0007388179844654188,0.19078547224453876,0.4070003140090632,0.4708943089430894,0.0013008130081300813,0.9986991869918699,0.3261788617886179,-0.30003575086593626,-0.009959530085325241,0.300036296248436,-0.300028994679451,0.004980280064046383,0.30002889335155486,-0.0032223152928054334,0.0019744597375392914,0.002544985827989876
dt_0.125_ms,27600,3.45,307461,0.0,False,0.00029712318792007864,0.0006103054038248956,0.0007448649848811328,0.0009963534306734803,0.0010531215230003,0.0031740283593535423,0.0003926005870132009,1.5413522092310993e-07,0.01,3075,0.001070103338139692,0.0009963612537831068,0.0031740283593535423,-0.002040951477870331,0.002069491231631518,0.0007315342002586136,0.1927072324937268,0.40701577038468906,0.47609756097560973,0.0016260162601626016,0.9983739837398374,0.3173983739837398,-0.30003646314144133,-0.009993208572268486,0.300036296248436,-0.3000291883945465,0.004980806261301041,0.30002889335155486,-0.003214000817388296,0.001984737580642104,0.002556906756944954
dt_0.125_ms,27680,3.46,307461,0.0,False,0.0002970593923237175,0.0006106799701228738,0.000745252997148782,0.0009949604514986287,0.0010516038280911745,0.003172402735799551,0.00039258879717821057,1.5412596366983414e-07,0.01,3075,0.0010691234687858118,0.000994986854493618,0.003172402735799551,-0.0023564467492254086,0.002474651271589873,0.0007413831698836955,0.1937595320123669,0.40701577038468906,0.479349593495935,0.0016260162601626016,0.9983739837398374,0.312520325203252,-0.30003646314144133,-0.009996597655117512,0.300036296248436,-0.3000291883945465,0.0049994164146482944,0.30002914667129515,-0.003204655647277832,0.0019949094858020544,0.002568827685900032
dt_0.125_ms,27760,3.47,307461,0.0,False,0.00029695581179112196,0.0006112205446697772,0.0007456288440153003,0.0009935834677889947,0.0010498158982954926,0.003170335665345192,0.0003925845715949496,1.5412264585439014e-07,0.01,3075,0.0010679925734374096,0.0009935935959219933,0.003170335665345192,-0.003003988772174406,0.0024113245581960695,0.0007513238235974942,0.19566717437070102,0.40704155832167715,0.48552845528455285,0.0016260162601626016,0.9983739837398374,0.304390243902439,-0.30003675222396853,-0.01000006590038538,0.300036296248436,-0.3000294595956802,0.0049994164146482944,0.30002914667129515,-0.0031956095481291413,0.0020043973345309496,0.0025807486148551103
dt_0.125_ms,27840,3.48,307461,0.0,False,0.00029690019437111914,0.0006117306766100228,0.0007460532360710204,0.000992542225867511,0.0010482464800588792,0.003168488619849086,0.0003925884737007602,1.5412570968269248e-07,0.01,3075,0.00106695258910427,0.0009925741469487548,0.003168488619849086,-0.003559004096498872,0.002455703397068527,0.0007648560843937765,0.19736703715389892,0.40704155832167715,0.4913821138211382,0.0016260162601626016,0.9983739837398374,0.2975609756097561,-0.30003675222396853,-0.010007299482822418,0.30003693103790285,-0.3000296950340271,0.004999394528567791,0.3000293970108032,-0.0031854953849688172,0.0020146311726421118,0.0025926695438101884
dt_0.125_ms,27920,3.49,307461,0.0,False,0.0002966385509353131,0.0006120777106843889,0.0007462394423782825,0.00099155241623521,0.0010472071706317371,0.0031665076967328787,0.0003924851690244002,1.54044607904112e-07,0.01,3075,0.0010662351022815196,0.000991589855402708,0.0031665076967328787,-0.0034807233768751906,0.002449829553899967,0.0007668201317177798,0.19849600891036878,0.40704155832167715,0.49528455284552847,0.0016260162601626016,0.9983739837398374,0.29365853658536584,-0.3000372737646103,-0.014906642027199268,0.30003693103790285,-0.3000296950340271,0.004994835238903761,0.3000293970108032,-0.003177783056162298,0.002023414010182023,0.0026045904727652665
dt_0.125_ms,28000,3.5,307461,0.0,False,0.0002964815648738295,0.0006128076929599047,0.0007466699462383986,0.000991276069544256,0.0010467558749951424,0.00316479685716331,0.0003925173393352555,1.540698616788281e-07,0.01,3075,0.0010660457048504576,0.0009912829846143723,0.00316479685716331,-0.003601178300263481,0.002412340352865829,0.0007783725651783672,0.19892707359670056,0.40704155832167715,0.49626016260162603,0.0016260162601626016,0.9983739837398374,0.2913821138211382,-0.3000372737646103,-0.014906642027199268,0.30003693103790285,-0.3000296950340271,0.004988627042621374,0.3000293970108032,-0.0031688546761870382,0.0020317265298217535,0.0026165114017203447
dt_0.125_ms,28080,3.5100000000000002,307461,0.0,False,0.0002964349405374378,0.0006134009454399347,0.0007468900876119733,0.0009905597660690565,0.001046068663708866,0.0031631537713110447,0.000392545849368865,1.5409224385672367e-07,0.01,3075,0.0010656015853193113,0.0009906092891469598,0.0031631537713110447,-0.003944761863901617,0.0026793503338530637,0.0007895787932902453,0.20005456264771998,0.40704804749887064,0.49886178861788616,0.0016260162601626016,0.9983739837398374,0.288780487804878,-0.3000372737646103,-0.014932346530258656,0.30003693103790285,-0.3000296950340271,0.005001489073038101,0.3000293970108032,-0.003158210637047887,0.0020404222887009382,0.002628432330675423
dt_0.125_ms,28160,3.52,307461,0.0,False,0.00029628671472892165,0.0006136883748695254,0.000747126352507621,0.000990047329105437,0.001045283942949027,0.0031615342013537884,0.00039252035495016793,1.5407222905020583e-07,0.01,3075,0.0010650574501482695,0.000990055501461029,0.0031615342013537884,-0.003937132405373735,0.0028586439983318422,0.0008030037970350283,0.2013830232273167,0.40707881154151937,0.5027642276422765,0.0016260162601626016,0.9983739837398374,0.2839024390243902,-0.3000372737646103,-0.014920009300112724,0.30003769099712374,-0.3000296950340271,0.005000348202884197,0.3000293970108032,-0.003149575646966696,0.002050026087090373,0.002640353259630501
dt_0.125_ms,28240,3.5300000000000002,307461,0.0,False,0.0002961830759886652,0.0006142009515315294,0.0007474633166566491,0.0009894553106278186,0.001044630911201239,0.0031600636430084705,0.00039252210019904044,1.5407359914466553e-07,0.01,3075,0.0010645722843918616,0.0009894655086100101,0.0031600636430084705,-0.003645733057261035,0.002492596684492895,0.0008141183870564389,0.20204373341017828,0.40707881154151937,0.5040650406504065,0.0016260162601626016,0.9983739837398374,0.28065040650406503,-0.3000372737646103,-0.0149065051227808,0.30003769099712374,-0.3000296950340271,0.004984576255083084,0.30002947747707365,-0.0031411540228873493,0.0020575211383402348,0.002652274188585579
dt_0.125_ms,28320,3.54,307461,0.0,False,0.00029610973433591425,0.0006144263315945864,0.0007476930040866137,0.0009883885039016617,0.0010435612639412284,0.0031584720127284527,0.000392503784942109,1.5405922119388137e-07,0.01,3075,0.0010637583480996452,0.0009884219616651535,0.0031584720127284527,-0.003416039870800473,0.0019637685494615477,0.0008228326779676647,0.2036704080809687,0.40709163209431876,0.5095934959349594,0.0016260162601626016,0.9983739837398374,0.2767479674796748,-0.30003781914711,-0.0149065051227808,0.3000377118587494,-0.3000296950340271,0.004975904244929552,0.30002947747707365,-0.00313225700519979,0.0020674706902354956,0.002664197841659188
dt_0.125_ms,28400,3.5500000000000003,307461,0.0,False,0.0002959476551041007,0.0006149878608994186,0.0007481158245354891,0.000987874274142087,0.0010429994319565595,0.0031568182166665792,0.00039248760034890965,1.5404651642764544e-07,0.01,3075,0.0010634221227430716,0.000987886916846037,0.0031568182166665792,-0.00382619722863142,0.002307520192379319,0.0008312561690080457,0.20450485418937062,0.40709163209431876,0.5121951219512195,0.0016260162601626016,0.9983739837398374,0.2731707317073171,-0.30003781914711,-0.014932346530258656,0.3000377118587494,-0.3000296950340271,0.004980806261301041,0.30002970099449155,-0.003126191534101963,0.002077193930745125,0.0026761746499687432
dt_0.125_ms,28480,3.56,307461,0.0,False,0.0002957427641376853,0.0006154823349788785,0.000748250400647521,0.0009872514754533778,0.0010427964036352935,0.003155333921313286,0.0003924346041361202,1.5400491852347338e-07,0.01,3075,0.0010629218257206484,0.0009872758528217673,0.003155333921313286,-0.0038503888582120016,0.0019882461718444717,0.0008356554983410893,0.20592932522303997,0.40709163209431876,0.5160975609756098,0.0016260162601626016,0.9983739837398374,0.2676422764227642,-0.30003781914711,-0.014938983134925365,0.3000377118587494,-0.30002982914447784,0.004981284029781818,0.30002970099449155,-0.0031205912120640276,0.0020843001548200846,0.002688151458278298
dt_0.125_ms,28560,3.5700000000000003,307461,0.0,False,0.0002955103700514883,0.0006159251788631082,0.0007484277593903244,0.0009866219945251944,0.001042709010653198,0.00315379467792809,0.0003923460391464261,1.5393541443388892e-07,0.01,3075,0.001062599821584072,0.0009866259060800076,0.00315379467792809,-0.003999641050209696,0.0024823423189218236,0.0008721691578232902,0.20671303275913666,0.40709163209431876,0.5183739837398375,0.0013008130081300813,0.9986991869918699,0.263739837398374,-0.30003808736801146,-0.014958303421735764,0.3000377118587494,-0.30002982914447784,0.0049994164146482944,0.30002970099449155,-0.003113732161000371,0.00209248554892838,0.002700128266587853
dt_0.125_ms,28640,3.58,307461,0.0,False,0.00029525699210353196,0.0006165807717479765,0.0007491398719139397,0.0009865249507129213,0.0010430600726976996,0.0031523858197033405,0.00039239260068033477,1.5397195306867665e-07,0.01,3075,0.0010629020987941724,0.000986579922027886,0.0031523858197033405,-0.003875966700911297,0.002240876026835205,0.0008733122837086155,0.20716747217148807,0.4071161770047643,0.5186991869918699,0.0013008130081300813,0.9986991869918699,0.2604878048780488,-0.30003781914711,-0.014961964450776577,0.3000377118587494,-0.30002982914447784,0.005000348202884197,0.30002970099449155,-0.0031054885359480975,0.002100093988701701,0.002712105074897408
dt_0.125_ms,28720,3.59,307461,0.0,False,0.00029510026797652245,0.0006172754801809788,0.0007497385959140956,0.0009869427420198932,0.0010434386320412159,0.003150632604956627,0.000392562224194159,1.5410509986426518e-07,0.01,3075,0.0010633277638656337,0.0009869779460132122,0.003150632604956627,-0.0036481424344295865,0.0020701089047879735,0.0008798950484279937,0.20682523790430493,0.4071161770047643,0.5170731707317073,0.0013008130081300813,0.9986991869918699,0.2591869918699187,-0.30003781914711,-0.014964615926146507,0.3000377118587494,-0.30002982914447784,0.005000348202884197,0.30002970099449155,-0.0030974498949944973,0.002110125496983528,0.002724081883206963
dt_0.125_ms,28800,3.6,307461,0.0,False,0.00029500212986022234,0.000617862562648952,0.0007502486696466804,0.000986867491155863,0.0010438234312459829,0.0031485476065427065,0.00039267469273441034,1.5419341431406357e-07,0.01,3075,0.001063546385479773,0.0009868687484413385,0.0031485476065427065,-0.003410458829314634,0.0016563827714198634,0.0008830736121314207,0.20751158138507686,0.4071161770047643,0.5190243902439025,0.0013008130081300813,0.9986991869918699,0.2559349593495935,-0.30003808736801146,-0.014961964450776577,0.3000377118587494,-0.30002982914447784,0.004988627042621374,0.30002970099449155,-0.0030881298007443547,0.002119984943419695,0.002736058691516518
dt_0.125_ms,28880,3.61,307461,0.0,False,0.0002949056797660887,0.0006183568621054292,0.0007506124093197286,0.0009869075845927004,0.001043679029680789,0.0031469909008592367,0.00039274382693070244,1.5424771359217356e-07,0.01,3075,0.0010636460970390618,0.0009869151981547475,0.0031469909008592367,-0.003500225043007071,0.0011239892157538904,0.0008929544462769376,0.2081759680263947,0.4071161770047643,0.5203252032520326,0.0013008130081300813,0.9986991869918699,0.25333333333333335,-0.30003808736801146,-0.014964811503887177,0.3000377297401428,-0.30002982914447784,0.004980280064046383,0.30002970099449155,-0.00307852968107909,0.0021302809473127127,0.002748035499826073
dt_0.125_ms,28960,3.62,307461,0.0,False,0.00029475323390215635,0.0006187405087985098,0.0007508996641263366,0.0009866233682259923,0.0010434849187731753,0.003706660121679306,0.00039280563652223035,1.5429626808363456e-07,0.01,3075,0.0010637852035053983,0.0009866396430879831,0.003706660121679306,-0.0033233763878980256,0.0011022166384030282,0.0008675606864905818,0.2091382556883573,0.4071188828211001,0.5232520325203251,0.0016260162601626016,0.9983739837398374,0.24943089430894308,-0.30003814697265624,-0.014961964450776577,0.3000377297401428,-0.3000302404165268,0.004977826960384846,0.30002970099449155,-0.003068891610018909,0.0021403394639492035,0.002760012308135628
dt_0.125_ms,29040,3.63,307461,0.0,False,0.00029471408925019205,0.0006194135057739913,0.0007513830787502229,0.0009866814129054554,0.0010436228825710721,0.003711472963914275,0.0003929773015625171,1.5443115954335754e-07,0.01,3075,0.001064105132306979,0.0009866990149021149,0.003711472963914275,-0.002792544747521825,0.00132810816520989,0.0009092402323792742,0.2092255098434346,0.4071174868751228,0.5229268292682927,0.0013008130081300813,0.9986991869918699,0.24715447154471545,-0.30003814697265624,-0.014920009300112724,0.3000377297401428,-0.30002982914447784,0.004977826960384846,0.30002984702587127,-0.003060083766467869,0.0021502519957721233,0.0027719891164451832
dt_0.125_ms,29120,3.64,307461,0.0,False,0.0002945669984910637,0.0006198582123033702,0.0007514221360906959,0.0009861663449555636,0.0010433094576001167,0.0037285625003278255,0.000393029035986117,1.5447182312817647e-07,0.01,3075,0.0010642999448487913,0.000986167462542653,0.0037285625003278255,-0.0030857948091147776,0.0010967510215137216,0.000912301672274262,0.20979601704534576,0.4071174868751228,0.5245528455284553,0.0013008130081300813,0.9986991869918699,0.24422764227642277,-0.30003814697265624,-0.0149065051227808,0.3000377297401428,-0.30002982914447784,0.0049750623293221,0.30002984702587127,-0.003052169713191688,0.0021593295969069004,0.0027839659247547383
dt_0.125_ms,29200,3.65,307461,0.0,False,0.00029433859162963927,0.0006201792857609689,0.0007515113102272153,0.0009853860363364221,0.0010430827853269878,0.0037335027009248734,0.00039297690682050276,1.5443084929421011e-07,0.01,3075,0.0010638418643379478,0.0009853905066847801,0.0037335027009248734,-0.0027197049372217606,0.0015105872666183666,0.0009202263443314326,0.21136425465190317,0.4071174868751228,0.5284552845528455,0.0013008130081300813,0.9986991869918699,0.23804878048780487,-0.30003814697265624,-0.01000286266207695,0.3000378251075745,-0.3000302404165268,0.0049750623293221,0.30002984702587127,-0.0030414439272135494,0.002167964354157448,0.002795942733064293
dt_0.125_ms,29280,3.66,307461,0.0,False,0.000294147408567369,0.0006206508842296898,0.0007517565973103046,0.0009851210052147508,0.0010432542185299103,0.0037375290412455797,0.0003929678862334766,1.544237596108066e-07,0.01,3075,0.0010638266853700445,0.0009851213544607162,0.0037375290412455797,-0.0026332617525694946,0.0013992008122909988,0.000915847452872289,0.21225919039545982,0.4071188828211001,0.5310569105691056,0.0013008130081300813,0.9986991869918699,0.23317073170731709,-0.3000382423400879,-0.014904878102242947,0.3000378251075745,-0.3000302404165268,0.004968371242284775,0.3000301092863083,-0.0030364880803972483,0.0021751057356595993,0.002807919541373848
dt_0.125_ms,29360,3.67,307461,0.0,False,0.0002940368722192943,0.0006211766158230603,0.0007521289517171681,0.0009845517575740816,0.0010432090493850414,0.0037418734282255173,0.00039305568528183243,1.5449277173237091e-07,0.01,3075,0.0010637676837755654,0.00098455511033535,0.0037418734282255173,-0.0023226705818221185,0.001909472567392682,0.000923277611609518,0.21344347199362337,0.4071188828211001,0.5339837398373983,0.0013008130081300813,0.9986991869918699,0.22829268292682928,-0.3000382423400879,-0.010004621930420399,0.3000378251075745,-0.3000302404165268,0.004968199413269758,0.30003062784671786,-0.0030286119319498537,0.002180493203923106,0.002819896349683403
dt_0.125_ms,29440,3.68,307461,0.0,False,0.0002939282276201993,0.0006214886670932174,0.0007521918741986156,0.0009840837446972736,0.001043025252874941,0.0037456080317497253,0.00039307018554078985,1.5450417076107096e-07,0.01,3075,0.0010636278517105109,0.000984105048701167,0.0037456080317497253,-0.002238276185816198,0.00208730830486097,0.0009229342348691893,0.21423199445107716,0.4071188828211001,0.5365853658536586,0.0013008130081300813,0.9986991869918699,0.22439024390243903,-0.3000382423400879,-0.01000286266207695,0.30003797709941865,-0.3000302404165268,0.004966223146766424,0.30003062784671786,-0.003023698809556663,0.0021873570512980223,0.002831873157992958
dt_0.125_ms,29520,3.69,307461,0.0,False,0.00029378646286204457,0.0006217659683898091,0.0007522170781157911,0.0009841729886829857,0.0010429763467982417,0.003749195020645857,0.0003931356703467692,1.545556552990036e-07,0.01,3075,0.0010636903103289565,0.0009841806022450328,0.003749195020645857,-0.0017452318867382441,0.0021334467688805254,0.0009292299964851359,0.21442698555777,0.4071188828211001,0.536910569105691,0.0013008130081300813,0.9986991869918699,0.2224390243902439,-0.3000382423400879,-0.009993486106395721,0.30003797709941865,-0.3000302404165268,0.004965938162058592,0.30003062784671786,-0.0030205037444829943,0.002195788314566016,0.002843849966302513
dt_0.125_ms,29600,3.7,307461,0.0,False,0.0002936266246251762,0.000622133316937834,0.0007523752865381539,0.0009837087476626046,0.001042778708506376,0.003753507975488901,0.0003931567837743717,1.5457225662780808e-07,0.01,3075,0.0010637301631741287,0.000983726349659264,0.003753507975488901,-0.001862561914649558,0.0015852713826201255,0.000932432437292868,0.21501710737940397,0.4071188828211001,0.5382113821138211,0.0013008130081300813,0.9986991869918699,0.21951219512195122,-0.3000382423400879,-0.009999856352806091,0.30003797709941865,-0.300030505657196,0.0049623348750174046,0.3000306665897369,-0.003010968957096338,0.002204148331657052,0.002855826774612068
dt_0.125_ms,29680,3.71,307461,0.0,False,0.0002935933880507946,0.0006224248791113496,0.0007523871609009802,0.0009830907918512825,0.0010419516707770536,0.0037573252338916063,0.00039315671873298407,1.5457220548488676e-07,0.01,3075,0.0010634594400057464,0.000983098754659295,0.0037573252338916063,-0.0008127705381233001,0.001429150033756928,0.000939030722200083,0.21616023937785112,0.4071188828211001,0.5421138211382114,0.0013008130081300813,0.9986991869918699,0.216260162601626,-0.3000382423400879,-0.009989764541387558,0.3000380665063858,-0.300030505657196,0.0049613360315561295,0.3000306665897369,-0.003000829182565212,0.0022142422385513783,0.0028678035829216232
dt_0.125_ms,29760,3.72,307461,0.0,False,0.00029345363145694137,0.0006227422854863107,0.0007525996770709753,0.0009822860360145574,0.0010415541706606751,0.003761227475479245,0.0003931592788208379,1.5457421852292136e-07,0.01,3075,0.0010631763612912073,0.0009823018917813897,0.003761227475479245,-0.000554174493276727,0.0009703874331732709,0.0009396833396418308,0.21748133884049983,0.4071188828211001,0.5456910569105691,0.0013008130081300813,0.9986991869918699,0.2110569105691057,-0.3000382423400879,-0.009973455220460892,0.3000380665063858,-0.30003066956996916,0.004958823788911104,0.3000306665897369,-0.0029912938363850115,0.002217712812125683,0.0028797803912311783
dt_0.125_ms,29840,3.73,307461,0.0,False,0.00029335400904528797,0.0006230479921214283,0.0007527395500801504,0.0009818170918151738,0.001041303377132863,0.0037653485778719187,0.000393140838048166,1.5455971854121428e-07,0.01,3075,0.001062857054961406,0.0009818212129175663,0.0037653485778719187,-0.00036551420162688034,0.0005694168332516947,0.0009441026630319231,0.2181936945960538,0.4071188828211001,0.5473170731707317,0.0013008130081300813,0.9986991869918699,0.20780487804878048,-0.3000382423400879,-0.009970135986804962,0.30003820061683656,-0.3000308841466904,0.0049588182009756565,0.3000306665897369,-0.002982879220508039,0.0022247980814427137,0.002891800645738839
dt_0.125_ms,29920,3.74,307461,0.0,False,0.0002933347423095256,0.0006233207532204688,0.0007529673748649657,0.0009812289150431767,0.0010407431866042316,0.0037694131024181843,0.00039318546055405924,1.545948063911077e-07,0.01,3075,0.0010625980934506753,0.0009812647476792336,0.0037694131024181843,-0.0002661650971091829,0.0007261681188552924,0.0009387121881487045,0.21897479586559634,0.407136013874594,0.5495934959349593,0.0013008130081300813,0.9986991869918699,0.2048780487804878,-0.3000382423400879,-0.009973195381462574,0.30003820061683656,-0.30003148019313813,0.0049594007432460785,0.3000307440757751,-0.002974195615388453,0.002233229111880064,0.0029038333334028706
dt_0.125_ms,30000,3.75,307461,0.0,False,0.0002932791248895228,0.000623671046923846,0.0007531782030127943,0.0009806350572034717,0.0010398251703009015,0.0037735947407782078,0.00039319318465245507,1.5460088045713964e-07,0.01,3075,0.0010622554949325758,0.0009806364541873336,0.0037735947407782078,-8.85592302870279e-05,0.0002952231380007717,0.0009297907959700116,0.22056851035514974,0.40715438778013413,0.5551219512195122,0.0013008130081300813,0.9986991869918699,0.19967479674796748,-0.3000382423400879,-0.00996764749288559,0.30003820061683656,-0.3000322818756104,0.00011487401206977665,0.3000310868024826,-0.002967758174054325,0.0022412484977394342,0.0029158337507396923
dt_0.125_ms,30080,3.7600000000000002,307461,0.0,False,0.000293198594590649,0.0006239956710487604,0.00075342325726524,0.0009801561478525401,0.0010396533296443524,0.0037778003606945276,0.0003932512988641605,1.5464658405834926e-07,0.01,3075,0.0010620656060584919,0.0009801608975976706,0.0037778003606945276,-0.00019932811619597724,0.0001774521317930351,0.0009208520359503545,0.221585420486573,0.40715438778013413,0.5583739837398374,0.0013008130081300813,0.9986991869918699,0.19577235772357723,-0.30003844797611234,-0.005037292372435331,0.30003820061683656,-0.30003328025341036,0.004958823788911104,0.30003205835819247,-0.002959431242197752,0.0022494227159768343,0.0029278105590492473
dt_0.125_ms,30160,3.77,307461,0.0,False,0.0002931328781414777,0.0006243987591005862,0.0007537702331319451,0.0009796771220862872,0.0010395277873612942,0.0037820192519575357,0.00039334027766226487,1.547165740314276e-07,0.01,3075,0.001062229657734979,0.0009796967497095466,0.0037820192519575357,0.0002040865935572864,0.00017451549296025384,0.0009212429349772571,0.2221596600684949,0.40715438778013413,0.5603252032520325,0.0013008130081300813,0.9986991869918699,0.19414634146341464,-0.30003844797611234,-0.00500711752101779,0.30003843903541566,-0.30003356039524076,0.00011618615098996088,0.30003292560577394,-0.0029517444549128414,0.002259259345009923,0.0029397873673588024
dt_0.125_ms,30240,3.7800000000000002,307461,0.0,False,0.00029299399466253817,0.000624644395429641,0.0007540180231444538,0.0009794462239369778,0.0010394569369964301,0.003786087967455387,0.00039333809477036855,1.5471485679758343e-07,0.01,3075,0.001062166518607457,0.0009795171208679676,0.003786087967455387,0.0007475933863318689,-0.00025021343234934794,0.0009145439569119031,0.2228634892956962,0.40715438778013413,0.5629268292682926,0.0013008130081300813,0.9986991869918699,0.191869918699187,-0.30003844797611234,-0.004948994144797325,0.30003843903541566,-0.30003445148468016,0.00010925004607997835,0.30003349781036376,-0.0029478499898687007,0.0022689164616167545,0.0029517641756683574
dt_0.125_ms,30320,3.79,307461,0.0,False,0.0002927156165242195,0.0006249644211493433,0.0007545965490862727,0.0009797174716368326,0.0010396368103101855,0.003790353424847126,0.0003933502299610817,1.5472440341043583e-07,0.01,3075,0.001062515274152099,0.0009797384263947606,0.003790353424847126,0.0012373068753850094,-0.00021442749876833785,0.0009278226656294087,0.2226876886998313,0.40715438778013413,0.5619512195121952,0.0013008130081300813,0.9986991869918699,0.19154471544715448,-0.30003844797611234,-4.277876723790541e-05,0.30003843903541566,-0.30003445148468016,0.00011623401223914698,0.30003349781036376,-0.002939435443840921,0.002279229462146759,0.0029639815445989355
dt_0.125_ms,30400,3.8000000000000003,307461,0.0,False,0.0002924817963503301,0.000625262560788542,0.0007549641304649413,0.000979506503790618,0.0010395185556262732,0.0037949352990835905,0.000393344020482488,1.5471951844932792e-07,0.01,3075,0.0010625736308624832,0.000979528296738863,0.0037949352990835905,0.0013365303285320443,-0.0004711753251296976,0.000928739693765415,0.22289577059871662,0.40715438778013413,0.5622764227642276,0.0013008130081300813,0.9986991869918699,0.18959349593495936,-0.30003844797611234,-4.026140959467739e-05,0.30003843903541566,-0.30003445148468016,5.2563198551069945e-05,0.3000340640544891,-0.002941697696223855,0.002288577612489462,0.002976219123229383
dt_0.125_ms,30480,3.81,307461,0.0,False,0.00029238645220175385,0.0006257228669710457,0.0007554422481916845,0.0009796502301469452,0.0010396013734862224,0.003799200290814042,0.0003934413952309506,1.5479613148127706e-07,0.01,3075,0.001062778449291742,0.0009796681115403771,0.003799200290814042,0.0016863591918093342,-0.0004273663985352913,0.0009340794423852509,0.22306008437774844,0.40715438778013413,0.5629268292682926,0.0013008130081300813,0.9986991869918699,0.18926829268292683,-0.30003844797611234,-1.3622727237816434e-05,0.30003864169120786,-0.30003542304039,5.426429561339319e-05,0.3000340640544891,-0.0029324551345780493,0.002298828214406967,0.0029884567018598302
dt_0.125_ms,30560,3.8200000000000003,307461,0.0,False,0.00029223025194369256,0.0006260733935050666,0.0007558201905339956,0.0009799670428037644,0.001039626286365092,0.0038032671436667442,0.0003934802548520956,1.5482671095847013e-07,0.01,3075,0.001062999567191109,0.0009799710242077708,0.0038032671436667442,0.0010661124415400252,-0.0007984121699396974,0.0009372710159457311,0.22409301342820293,0.40715438778013413,0.5665040650406504,0.0013008130081300813,0.9986991869918699,0.18601626016260162,-0.30003864467144015,-4.232903302181512e-05,0.3000388592481613,-0.30003542304039,4.199413160677068e-05,0.3000340640544891,-0.0029219570802524685,0.002307722344994545,0.003000694280490278
dt_0.125_ms,30640,3.83,307461,0.0,False,0.00029212594381533563,0.0006266055861487985,0.0007563037797808647,0.0009803937980905181,0.0010403344524092975,0.0038070878945291042,0.0003935905589440375,1.5491352808987987e-07,0.01,3075,0.0010634148023583418,0.0009804097935557365,0.0038070878945291042,0.0009018638445047508,-0.0009625158862830701,0.0009453774850467236,0.22446533275683914,0.40715438778013413,0.567479674796748,0.0013008130081300813,0.9986991869918699,0.18439024390243902,-0.30003864467144015,-4.693401206168346e-05,0.3000388592481613,-0.30003542304039,3.1230309105012566e-05,0.3000340640544891,-0.0029137250036001205,0.0023159757256507874,0.0030129318591207255
dt_0.125_ms,30720,3.84,307461,0.0,False,0.0002920369151979685,0.0006269888835959136,0.0007567832944914699,0.0009807593189179898,0.0010407285182736827,0.003811248578131199,0.0003936882314542882,1.549904235856052e-07,0.01,3075,0.0010638742117453517,0.0009807614842429757,0.003811248578131199,0.0004611474955367512,-0.0008562889330503607,0.0009486040229174665,0.22480003968590792,0.40715438778013413,0.568780487804878,0.0013008130081300813,0.9986991869918699,0.18276422764227643,-0.30003864467144015,-0.005000092089176178,0.3000388592481613,-0.30003542304039,1.9804907424259e-05,0.3000349074602127,-0.00290479501709342,0.002324699191376567,0.003025169437751173
dt_0.125_ms,30800,3.85,307461,0.0,False,0.0002918947138823569,0.0006272935424931347,0.0007571798050776124,0.000981483398936689,0.0010408691479824486,0.003815998323261738,0.00039373416211909123,1.5502659041962282e-07,0.01,3075,0.0010643067217348673,0.0009814853547140956,0.003815998323261738,0.000711868076255863,-0.000862419726778001,0.0009655138251666979,0.22458030173903015,0.40715438778013413,0.5678048780487804,0.0013008130081300813,0.9986991869918699,0.18341463414634146,-0.30003864467144015,-0.0050377268344163895,0.3000393778085709,-0.30003542304039,1.732165583234746e-05,0.3000340640544891,-0.0028942525386810303,0.002334943739697337,0.0030374070163816202
dt_0.125_ms,30880,3.86,307461,0.0,False,0.0002917419478762895,0.000627614906989038,0.0007577018695883453,0.0009819670114666246,0.0010413040523417304,0.0038202828727662563,0.0003938369415401247,1.5510753652167957e-07,0.01,3075,0.0010648196638084766,0.0009820233099162579,0.0038202828727662563,0.0008631843503010204,-0.0009291412554572029,0.0009692544085768665,0.22472538400320646,0.40715438778013413,0.5684552845528456,0.0013008130081300813,0.9986991869918699,0.18341463414634146,-0.30003864467144015,-0.004950346890836954,0.3000393778085709,-0.3000363290309906,1.739584877213929e-05,0.3000344842672348,-0.002884921943768859,0.002344712847843766,0.0030496445950120676
dt_0.125_ms,30960,3.87,307461,0.0,False,0.00029170478228479624,0.0006279433728195727,0.000758097623474896,0.0009821692947298308,0.0010414611664600676,0.0038245371542871,0.00039393188881535826,1.5518233302563578e-07,0.01,3075,0.001065178865195835,0.000982221681624651,0.0038245371542871,0.001112226613590681,-0.0008005141801819204,0.0009768668757145847,0.22497408129309768,0.40715438778013413,0.568780487804878,0.0013008130081300813,0.9986991869918699,0.18178861788617887,-0.30003864467144015,-0.004949332680553198,0.3000393778085709,-0.3000363290309906,2.3913231416372582e-05,0.3000344842672348,-0.0028759761480614543,0.0023531210608780384,0.003061882173642515
dt_0.125_ms,31040,3.88,307461,0.0,False,0.0002916481753345579,0.0006283785332925618,0.0007585511193610728,0.000982589670456946,0.0010419044410809877,0.003828894579783082,0.0003940655964684025,1.5528769431999783e-07,0.01,3075,0.001065740993670453,0.0009825917659327388,0.003828894579783082,0.0013188392317161055,-0.0006832363662542738,0.0009786398074688102,0.22541473545162805,0.40715438778013413,0.5704065040650407,0.0013008130081300813,0.9986991869918699,0.18016260162601627,-0.30003864467144015,-0.004948994144797325,0.3000398755073547,-0.3000363290309906,2.399646291451063e-05,0.3000349074602127,-0.002866175351664424,0.002360789105296135,0.0030741197522729624
dt_0.125_ms,31120,3.89,307461,0.0,False,0.0002914709912147373,0.0006288552540354431,0.0007589863380417228,0.000983190909028054,0.0010426506749354311,0.0038333090487867594,0.0003941714295319919,1.5537111585929408e-07,0.01,3075,0.0010663679105085812,0.0009832096984609962,0.0038333090487867594,0.0011869616464998504,-0.0006962745995773789,0.0009870372443437213,0.22557605780333734,0.40715438778013413,0.5707317073170731,0.0013008130081300813,0.9986991869918699,0.1795121951219512,-0.30003864467144015,-0.004949332680553198,0.3000398755073547,-0.3000363290309906,3.052803367609158e-05,0.3000344842672348,-0.002856117067858577,0.00237077078782022,0.00308635733090341
dt_0.125_ms,31200,3.9,307461,0.0,False,0.00029140093829482794,0.0006293088081292808,0.0007592514739371836,0.0009829160990193493,0.0010423447005450729,0.0038379495963454247,0.0003942667816726525,1.55446295130511e-07,0.01,3075,0.0010663726936450334,0.0009829311165958643,0.0038379495963454247,0.0012698652601197014,0.0001031966631429659,0.0009853119351636104,0.22683254556922552,0.4071837520618853,0.5752845528455285,0.0013008130081300813,0.9986991869918699,0.17560975609756097,-0.30003897547721864,-0.004948994144797325,0.30004020035266876,-0.3000363290309906,3.8007477996870875e-05,0.30003530979156495,-0.0028462090762332083,0.0023795238230377436,0.003098594909533857
dt_0.125_ms,31280,3.91,307461,0.0,False,0.0002913797798100859,0.00062974524917081,0.0007595215574838221,0.0009829414077103145,0.0010422991588711738,0.003842692356556654,0.00039436072409735804,1.5552038071059254e-07,0.01,3075,0.0010665012958149115,0.0009829613845795393,0.003842692356556654,0.0011364440711835546,0.0002548762766677714,0.0009934374688920088,0.227498430059261,0.4071837520618853,0.577560975609756,0.0013008130081300813,0.9986991869918699,0.17365853658536584,-0.30003897547721864,-0.004948606248944998,0.30004020035266876,-0.3000363290309906,4.045647074235603e-05,0.30003638863563536,-0.0028364921221509577,0.002388373948633671,0.003110832488164305
dt_0.125_ms,31360,3.92,307461,0.0,False,0.0002913851640187204,0.0006300469394773245,0.0007598474039696157,0.000982496235519648,0.001042182405944914,0.0038474041502922773,0.00039444556602439716,1.5558730455630704e-07,0.01,3075,0.0010664870530533476,0.0009825092274695635,0.0038474041502922773,0.0013136688255663768,0.0002208568303779511,0.000994728064066087,0.22876390948644587,0.407189236866538,0.5814634146341463,0.0013008130081300813,0.9986991869918699,0.16910569105691056,-0.3000391960144043,-5.135803439770825e-05,0.3000408798456192,-0.3000376045703888,4.362115578260273e-05,0.30003638863563536,-0.0028269218746572733,0.0023969002068042755,0.0031230579130351534
dt_0.125_ms,31440,3.93,307461,0.0,False,0.000291317468509078,0.0006301798857748508,0.0007600260432809591,0.000982205593027175,0.0010421562474220993,0.0038526745047420263,0.0003945053481476663,1.5563446971711142e-07,0.01,3075,0.0010664504478359973,0.000982217607088387,0.0038526745047420263,0.0011952323312620344,0.00014450609894749237,0.000986723345250073,0.22942124916356543,0.4072048738561018,0.583739837398374,0.0013008130081300813,0.9986991869918699,0.1678048780487805,-0.3000395268201828,-5.7015542552107945e-05,0.3000408798456192,-0.3000399827957153,4.0734717913437635e-05,0.3000376224517822,-0.0028194507583975794,0.002406071173027158,0.0031352396123111243
dt_0.125_ms,31520,3.94,307461,0.0,False,0.00029126773006282747,0.0006306362338364124,0.0007605744758620858,0.000982802733778954,0.0010427257278934122,0.003857864998281002,0.00039467834661989997,1.5577099729061792e-07,0.01,3075,0.0010670052494899166,0.0009828144684433937,0.003857864998281002,0.0010359013828269597,0.0003543577615372728,0.0009924103296551157,0.22936309449245162,0.4072048738561018,0.583739837398374,0.0013008130081300813,0.9986991869918699,0.1694308943089431,-0.3000395268201828,-0.004948994144797325,0.30004135966300965,-0.3000399827957153,4.1507122659822926e-05,0.3000376224517822,-0.002808948676101863,0.002416129456833005,0.0031474213115870947
dt_0.125_ms,31600,3.95,307461,0.0,False,0.0002912577474489808,0.0006310544558800757,0.0007610803004354239,0.0009833094896748683,0.0010428791400045163,0.0038628780748695135,0.000394842101037019,1.559002847513275e-07,0.01,3075,0.0010672371581999388,0.0009833610383793712,0.0038628780748695135,0.0013189630778799803,0.0002829377004091447,0.0010061827545031542,0.22914102776100556,0.407189236866538,0.583089430894309,0.0013008130081300813,0.9986991869918699,0.16910569105691056,-0.3000391960144043,-0.004948382265865803,0.30004135966300965,-0.3000399827957153,3.868860949296504e-05,0.3000376224517822,-0.002798890392296016,0.002426187740638852,0.003159603010863065
dt_0.125_ms,31680,3.96,307461,0.0,False,0.00029120355611667037,0.0006316301878541708,0.0007614170317538083,0.0009833351476117968,0.0010430303751491018,0.0038680080324411392,0.00039500106493871014,1.560258413027151e-07,0.01,3075,0.0010673842868744964,0.0009833357762545347,0.0038680080324411392,0.001169113243306084,0.00014777983195939876,0.0010081105932547914,0.22994875925472338,0.4072048738561018,0.5860162601626017,0.0013008130081300813,0.9986991869918699,0.16747967479674797,-0.3000395268201828,-0.004948382265865803,0.3000421315431595,-0.3000424236059189,4.426236409926787e-05,0.30003846287727354,-0.0027898672502487897,0.002436052542179823,0.0031717847101390357
dt_0.125_ms,31760,3.97,307461,0.0,False,0.00029121965053491294,0.0006320980610325933,0.0007617711089551449,0.000983102852478624,0.0010428231442347173,0.003872597124427557,0.00039513342537634053,1.5613042384964007e-07,0.01,3075,0.0010675612531935539,0.0009831173811107874,0.003872597124427557,0.0009509879809556286,-0.0001466047408697653,0.0010067984654863434,0.23075849456934963,0.4072048738561018,0.5889430894308944,0.0013008130081300813,0.9986991869918699,0.16552845528455284,-0.30004006028175356,-0.004948994144797325,0.3000421315431595,-0.30004293024539946,3.276029383414425e-05,0.30003967583179475,-0.002781148417852819,0.0024444006849080324,0.003183966409415006
dt_0.125_ms,31840,3.98,307461,0.0,False,0.0002910642942879349,0.0006326730945147574,0.0007623468991369009,0.0009836782468482855,0.001043436268810183,0.00387777853757143,0.0003952866465464653,1.562515329379502e-07,0.01,3075,0.001068401023124655,0.000983683974482119,0.00387777853757143,0.0004680951492758222,-0.0003956343753718538,0.001015671465538321,0.23077617750406754,0.4072048738561018,0.5892682926829268,0.0013008130081300813,0.9986991869918699,0.16552845528455284,-0.30004006028175356,-0.009959530085325241,0.3000421315431595,-0.3000432550907135,2.7652988137560897e-05,0.30003967583179475,-0.0027699124068021773,0.0024545553606003523,0.003196148108690977
dt_0.125_ms,31920,3.99,307461,0.0,False,0.0002910240727942437,0.0006332315970212221,0.0007632285705767572,0.0009847244946286087,0.0010442256228998315,0.0038829511031508446,0.0003954814170525549,1.5640555123389686e-07,0.01,3075,0.0010690970428863433,0.0009847346227616072,0.0038829511031508446,0.00023392450413193432,-0.000582388393803614,0.0010196655513945877,0.23065909040906085,0.4072048738561018,0.5889430894308944,0.0013008130081300813,0.9986991869918699,0.16617886178861788,-0.30004006028175356,-0.009973455220460892,0.3000421315431595,-0.3000432550907135,1.4750838090549223e-05,0.30003967583179475,-0.0027621376561000944,0.0024654376320540905,0.0032083298079669475
dt_0.125_ms,32000,4.0,307461,0.0,False,0.00029099188395775855,0.0006338924868032336,0.0007639842224307358,0.000985853024758399,0.0010452933027409023,0.0038882282096892595,0.0003957057867394951,1.5658306965912277e-07,0.01,3075,0.0010700736600693648,0.0009858662961050868,0.0038882282096892595,-0.0001449776350885414,-0.0004455668608925019,0.0010326159629985932,0.2302088203711707,0.40718664662539883,0.5879674796747968,0.0013008130081300813,0.9986991869918699,0.16878048780487806,-0.3000395268201828,-0.01496004406362772,0.30004135966300965,-0.3000432550907135,4.403914317663293e-06,0.3000404268503189,-0.002752236579544842,0.0024775934871286154,0.003220511507242918
