ply
format ascii 1.0
element vertex 3995
property float x
property float y
property float z
property uchar red
property uchar green
property uchar blue
end_header
-0.14546162900111154 0.13519811906200938 -0.014238990840570044 109 106 106
-0.13461409567491525 0.1446982168542757 -0.014645727754585967 113 110 110
-0.12499058199068667 0.14485009328690032 -0.015079447905430293 116 114 113
-0.11458312862281256 0.14461119818096188 -0.014606931182646892 109 107 107
-0.10465637597318633 0.145019937944255 -0.014553508785948034 109 106 107
-0.08482098340537904 0.14495145314309626 -0.007815761832338243 100 97 99
-0.07532529658591308 0.14460448322617225 -0.00611521996955028 95 93 94
-0.06511629044659734 0.14471360724694718 -0.005551340066397276 93 91 93
-0.055080762762767514 0.14465711780988244 -0.0054370978916106535 99 97 98
-0.03526898032546056 0.14501198896711 -0.004243214384115471 105 104 104
-0.025049507354846463 0.1456283907322476 -0.00421442910252245 109 107 107
-0.14484661670603127 0.11471783648737523 -0.007518930804737568 111 107 109
-0.13465946003505005 0.11455125887840208 -0.006918822419744992 106 103 104
-0.12460162552191244 0.12472901562102051 -0.007990042143758693 106 103 104
-0.11478858841064957 0.12515365087045274 -0.007509241212841075 106 102 104
-0.10491027305811541 0.12486724247578469 -0.006646689089899755 108 105 107
-0.08497465950001239 0.12536580180401635 -0.004534877549615231 107 105 106
-0.0745281199511128 0.12417838460960767 0.0024461564031611413 97 95 98
-0.06500682502178252 0.12428298553426598 0.0032215017517219194 102 99 100
-0.05551398695119843 0.1241977965140312 0.0035046644769933448 96 94 96
-0.03469526462788078 0.1251063575427026 0.004469352809415863 108 106 107
-0.024587911664862384 0.12484461905365987 0.004872578370748063 109 106 108
-0.014723740283910842 0.12511393481670655 0.004378202704474967 111 107 108
0.004698581982794904 0.13436045233050106 0.00227026873471222 108 104 104
0.01490775302974433 0.1356247283285397 -0.0028169420838345363 110 108 110
0.02489590949596623 0.14531524031126122 -0.004961502354862547 110 107 108
0.0450096010027362 0.14478131223642637 -0.005358704806508341 102 100 102
0.055027314516503015 0.14470304716542842 -0.005644467714247898 98 95 97
-0.14511317895010242 0.10510516770145038 -0.006755399727310033 111 107 109
-0.1343620792223572 0.10485786673677977 -0.005817713205987381 107 103 105
-0.12459242318952406 0.10546490925513964 -0.005505818888236273 114 109 111
-0.11464071661872749 0.10486990341397985 -0.004627464608444673 111 108 109
-0.09527305270385003 0.10437560253958485 -0.003917616479577341 114 111 112
-0.08535403591981096 0.1049156002948543 -0.00479417421213612 108 106 106
-0.0751367715865822 0.10558364927743039 0.004954240964624013 100 97 99
-0.0652507729060675 0.10357893389995929 0.012224060766302532 103 101 102
-0.055841987937634334 0.10468029628159366 0.012615183133992158 107 104 105
-0.03495111273286716 0.10475917908368146 0.01393947880533529 107 104 105
-0.02592212507858133 0.10334346335068068 0.02635685368921074 104 101 101
-0.014838579473191236 0.10466885741236934 0.013335011491739285 107 104 105
-0.005047068297102889 0.11530490264845394 0.00605565586699089 108 106 106
0.014799388853532089 0.11522237334659306 0.005873336421342886 111 108 109
0.024561843147308558 0.11517522143690935 0.005120741042545728 111 108 109
0.04473064202208481 0.12399761358626685 0.0026504167947039047 114 110 110
0.05503388903291473 0.12550593381277736 -0.0029587596770514965 113 110 111
0.06508370922936828 0.13546740845683852 -0.004691626515947052 107 104 106
0.08524759155690786 0.134848607520555 -0.005484446536847474 105 103 104
0.09547335023399743 0.1348775459930538 -0.005710873590624228 97 93 95
0.11480207864786766 0.13476771297154774 -0.006106242613150838 96 95 96
0.12579683734105973 0.14420200373144623 -0.013038735831634654 93 92 94
0.14493475597072314 0.14497597415749267 -0.0059080485901254675 101 99 99
-0.1446487646912563 0.08573735723094356 -0.006958818443976383 119 114 115
-0.13518030515385482 0.09543668991941079 -0.005435802432334235 117 113 114
-0.12573348710511742 0.09528706586324637 -0.01418286164668388 127 123 121
-0.11472953882303671 0.09512980771459746 -0.005345036512895592 118 115 116
-0.09551458343200676 0.09563986338709285 -0.0034190246098320947 110 107 108
-0.08524181301402516 0.09549159228824254 -0.006112589239295453 102 100 100
-0.07509090927162157 0.08511188121205307 0.005637915570592362 101 98 100
-0.06400838534931534 0.08483473720746881 0.012673123258724587 103 100 101
-0.05423993491851543 0.08519959470679851 0.01540262686241427 104 101 103
-0.035405258021451814 0.08533483501034957 0.01581996651819359 107 105 105
-0.025332248790279756 0.08420152294454458 0.02282817563098746 109 106 107
-0.015456443370055731 0.08436276068503717 0.022755660923063803 108 104 105
-0.005327788288090063 0.0839705558669641 0.022015908588969926 112 108 108
0.014209186220164387 0.094794027810859 0.013807074203978809 112 108 109
0.024932138091155544 0.09456036783600763 0.01270709078435513 110 107 107
0.03429221394638315 0.10407769593449727 0.010908612490316707 113 108 108
0.05524027739203873 0.1046855806764339 0.005032552373574924 112 108 109
0.0654454898844949 0.1162991098262626 -0.0027564032568045704 115 110 112
0.08500626527291073 0.11522575438822243 -0.002977729785824375 108 105 106
0.09557252987833634 0.11486275277318511 -0.003230457454597308 97 95 97
0.10513816008472031 0.11519285917242689 -0.00354560676676996 92 90 92
0.12475327003676495 0.11446432037727022 0.0023493062458074285 103 102 100
0.13502429452563697 0.12511282026451773 -0.0037933271678116678 91 88 91
-0.14604957558849335 0.07449718581136947 -0.01457817627478273 118 115 116
-0.1358625419041416 0.07505372728744744 -0.01477288954018154 122 118 118
-0.12597426982145105 0.07575843095473593 -0.014602519664543283 117 114 115
-0.11549043550064249 0.07475219115062468 -0.006611069853430926 111 107 109
-0.09546018540390747 0.07593265817302775 -0.003097621287441274 101 98 100
-0.08519565074919329 0.07456641790596016 -0.005556814452360414 105 104 104
-0.07465631989868945 0.07529805388977392 0.005413852856220347 106 103 104
-0.06557703997363652 0.07497034843791085 0.0046936231623916835 103 101 102
-0.054513257753990275 0.07539395394498126 0.014526239765025683 104 102 102
-0.035274121641826556 0.07585494362507691 0.015086841682590463 104 102 102
-0.024940341830105166 0.07543083369260305 0.02431420366856166 110 106 107
-0.014718985186219896 0.06562863619262238 0.025805288970802254 108 104 106
-0.0048624297034659935 0.07470207591438187 0.024294109493793924 112 108 109
0.015107987070176906 0.07395181423338948 0.022688090040426896 111 107 108
0.02472962493841244 0.07567776067721597 0.01711124277646832 113 109 109
0.035392703487785546 0.08510294972094645 0.013940334389799023 111 107 107
0.05502224413403349 0.08454143726983637 0.011953844796436252 112 108 108
0.06404504154367686 0.08444797628728451 0.011536679703419829 114 110 111
0.08516055295715898 0.09470985303175611 0.004441363487075617 109 105 107
0.09514960522269943 0.0944656926594039 0.003438053588388462 109 106 107
0.1057076484835977 0.09552522212081921 -0.002860024934208609 113 109 111
0.1252127629117674 0.10475678471432971 -0.003114540500708138 113 110 112
0.13477400305764672 0.10530619320473075 -0.003355550351155306 112 109 112
-0.14520830729310483 0.06509043045294066 -0.014151130123217255 116 113 114
-0.13562386947730312 0.06526995828622772 -0.014582617718618024 120 116 118
-0.12593734693867947 0.06526287326878973 -0.014519352967302382 122 118 118
-0.11502036969904589 0.06514897828465584 -0.015393678536930713 118 114 114
-0.09480380861703427 0.0648374837189927 -0.0036693557810956357 103 101 102
-0.08502979505962421 0.06525961193736052 -0.005290615705216134 104 103 103
-0.07462946123939568 0.06507056889860656 -0.0050915088146576476 105 103 103
-0.06553577824381014 0.06406641433762317 0.006207202267073043 103 101 102
-0.04511792271133399 0.05551803476592409 0.004256251955141477 102 100 99
-0.03519347247950067 0.05508577806340438 0.015344192787746406 102 100 100
-0.024737408713184222 0.055452744648152606 0.02471101736401787 107 104 105
-0.015326504188974896 0.0552995095107337 0.02539505251146512 107 104 105
-0.00533053502893078 0.05523243211482306 0.02569271410986141 110 106 107
0.015577466711356654 0.0553884796675559 0.026711305294404776 111 107 108
0.024766221673964743 0.05509509033815933 0.025423763862013962 110 106 107
0.03440790738005681 0.06484137828625718 0.022248006996022113 113 108 109
0.05503095333847185 0.06510910555149689 0.01553284549015768 114 110 110
0.06459090318773698 0.06490382397342967 0.014343271451247933 118 114 114
0.07584772581935649 0.07489998845626507 0.006928686929535085 118 113 114
0.09480933541598945 0.07514669003115547 0.005132702067092391 113 109 110
0.10556415769493023 0.08507196513257545 -0.00248628504569547 112 108 110
0.12546482872382794 0.08535796654427218 -0.0033930867560861178 110 106 109
0.13524249737886704 0.08469161764749981 -0.0037094342476565153 107 103 106
-0.145185061857528 0.044993355838812574 -0.014443872980987892 119 115 117
-0.13511018306216108 0.05500766889760977 -0.014515092896172681 119 115 116
-0.1254511987151024 0.05519469920001092 -0.014022425104257823 117 113 113
-0.10450421490209999 0.04502706530050461 -0.0164798555645364 105 103 103
-0.09550945700194977 0.04536400938300597 -0.004380093301291989 107 104 106
-0.08519494472860153 0.04512991419425442 -0.0033663756103423093 105 103 104
-0.07477451809340968 0.045107915658540165 0.003516497245842641 107 105 106
-0.06532888502397181 0.04446295988187397 0.005462939539400447 106 103 105
-0.04458276716254517 0.045002421452113424 0.014292490518600529 108 105 106
-0.03544735402889058 0.045068767623303106 0.015822900335697238 107 104 105
-0.025233936347910487 0.04482339483011889 0.014641453371836007 102 101 101
-0.015391146785303471 0.04474301618270304 0.02495440562196136 107 103 104
-0.00492668803503996 0.03524542215349876 0.02576723990188712 100 97 98
0.014935878609353985 0.034615850062650756 0.03362742639367202 113 108 109
0.025363016408902476 0.0455131670678135 0.027317064198809582 113 109 110
0.03490289734934356 0.04527074618165932 0.025808156433211125 111 107 108
0.055246734878087865 0.04546599258461307 0.017048103594078625 114 110 111
0.06513889916012833 0.05510704648583985 0.01564757258870888 116 111 113
0.07617879773941148 0.05500861771743769 0.007813231279168036 121 115 116
0.09498987237866438 0.06494774996266489 0.0050735159368546345 116 111 113
0.10572432160801395 0.06550691702561155 -0.0018437290475816594 123 118 118
0.1250386870251024 0.07462217395958813 -0.003099809238714783 113 110 112
0.13503621889661824 0.0748086606896633 -0.004361209660607927 110 106 108
-0.14448186376681824 0.034157959661870206 -0.015356632884297752 119 115 117
-0.134501656726718 0.03518664670276646 -0.014684097256787645 116 111 113
-0.1245886494395927 0.03488015976646763 -0.013716329641782316 109 106 108
-0.10502391517306214 0.03518285933946012 -0.016495836299697322 103 102 102
-0.09489105214681734 0.03490608254013729 -0.0037814741227351458 103 100 102
-0.08400795983877898 0.03521160945165616 0.0025709103217294244 109 105 107
-0.07432517948613847 0.024660485341521238 0.0044152761009265094 106 103 105
-0.0649421868881591 0.02524229674062133 0.006078690012961029 106 103 105
-0.04456120527935282 0.024770856560697087 0.014202477054296165 104 102 104
-0.03458080825560586 0.025159622319655513 0.01676742171196819 107 104 106
-0.02518752759477485 0.025263807889761722 0.015289362359643253 104 101 102
-0.014751275941622467 0.02465926714627511 0.024680729181790872 101 98 100
-0.005697041255347334 0.02535525829477908 0.026023862681102756 102 99 100
0.01462159055647539 0.024881516654321607 0.034449061757533816 112 107 108
0.024396959524698024 0.02497569756539422 0.0335816976203389 116 112 112
0.0352549949312301 0.02555241378144834 0.027327858286725758 114 110 111
0.05446191342069832 0.034410010078572154 0.023550773489644187 116 111 112
0.0753258511341095 0.04538534376599195 0.00753146978177488 125 118 119
0.09497425496474789 0.045178584960128734 0.006868826888833027 119 114 115
0.10505168938947343 0.04504652013735716 0.005149891062618232 117 112 113
0.12506148344228507 0.054893771556449956 -0.0028321552703417874 114 109 111
0.13513675675671896 0.054641224691836174 -0.004611213079242228 115 110 112
-0.14525037552272066 0.024920622629459304 -0.01580233498256774 121 116 118
-0.13514074526542943 0.02506991754490913 -0.01526929797963777 117 112 114
-0.11581890689070078 0.02471071291693956 -0.01359931387692812 109 105 107
-0.10501031406800414 0.015376397793324562 -0.006177101067961349 107 104 106
-0.09522042458187237 0.015026678889349302 -0.0037602969216025775 104 102 104
-0.08520652145205838 0.015219264722859668 -0.004971127893007651 102 100 101
-0.0756676715140525 0.015127766943366438 0.004551282202302266 108 104 106
-0.06508035014874217 0.014643569887551758 0.00622299465807132 107 104 105
-0.04538712945049244 0.014765795601637117 0.014410370685299687 107 103 105
-0.035184566350423586 0.0055823592905188315 0.015893264883889764 107 104 105
-0.024822486752702936 0.004742814044515364 0.022507772884413007 109 106 108
-0.015436783181767041 0.004906135147861987 0.024538193255008507 107 104 106
-0.003036177604201981 0.004446608291689526 0.03315544428516773 100 98 100
0.015073763225236276 0.005571657014398056 0.03524000649474113 109 105 106
0.025102609856030057 0.005336635456668433 0.03481200960733675 116 111 112
0.03612798729292088 0.01564383199423875 0.027733507727880087 114 109 111
0.04558910524846718 0.014843117272305225 0.026675226794885945 115 110 112
0.06397423163956742 0.015741041625016907 0.023157215098205407 125 120 120
0.0757259768706065 0.024947290606045714 0.01534545160328077 115 110 112
0.09501589442307336 0.025433197538824264 0.00738415661751549 118 114 115
0.10566544228164831 0.035325785189295106 0.0056035258380099755 119 114 115
0.12531550644673328 0.0344258926712756 -0.0032289618985021917 115 110 111
0.1351855705892354 0.03465952597934537 -0.0037201309318036072 115 111 112
-0.14421177009311598 0.004872644191282945 -0.017595929332970446 122 118 119
-0.13468953571398237 0.005464873092692218 -0.01654949603017574 112 107 109
-0.11626676064721762 0.0049553853282550365 -0.013546927410287752 103 100 101
-0.10525890607287602 0.005404556844542175 -0.005460074734252416 108 105 107
-0.09584390782142664 0.005581415615612198 -0.00378832505067591 103 101 103
-0.08423483193683476 0.005039319330125119 0.002866547797360173 106 103 105
-0.07450554937170982 -0.004928573615902077 0.0059933874591335135 101 99 101
-0.06468768519860409 -0.00503273196312529 0.01272694500237422 105 102 103
-0.04490325124232171 -0.005460447621277485 0.01557818277816047 108 106 107
-0.03419415527402673 -0.006021223976379943 0.02328362132653089 110 107 109
-0.02432743368596225 -0.005078719464469666 0.0238462872162358 109 106 107
-0.015414697810253663 -0.005050955605651232 0.02500683831041902 108 105 106
-0.0037494084103633497 -0.006352545364355906 0.032994002158848304 101 99 101
0.0156879458370095 -0.004920817515129345 0.035841188672002776 107 103 105
0.02538560026955114 -0.0051976430289908445 0.03501508477548969 114 109 110
0.03521286327500888 -0.00505838139489428 0.033914498923208705 118 113 114
0.04615135555656078 -0.0049531740187999185 0.027197509629916863 117 113 114
0.06632287265997237 0.0046916696786783625 0.01750734433242594 120 115 116
0.07510888655725997 0.00520541727988265 0.015810131949617702 116 111 113
0.0957466292260081 0.015200187897609671 0.007419638943969123 116 111 112
0.10565987134710461 0.015541239357141393 0.005958671785801621 121 115 116
0.11506319828188792 0.015357433252403465 0.004901979607323505 122 117 118
0.135236891171993 0.02518182978700763 -0.0032703283121913633 118 114 115
0.14558553881060446 0.024833471664917433 -0.004134229864194642 113 108 109
-0.14548068078248785 -0.004860241998551043 -0.023583421121602263 124 119 120
-0.13516318291802426 -0.005168243360383285 -0.017080580420155863 107 103 106
-0.11488631172318674 -0.015104698397369255 -0.014393433701483035 99 96 97
-0.10502657120329119 -0.014816451900967632 -0.004607053921591386 105 104 105
-0.09522606804473897 -0.015554089197206314 -0.00339094630221983 106 104 105
-0.0846043985521718 -0.014991739723464967 0.004266411211203432 107 105 106
-0.07475995835035215 -0.014865974631369041 0.005870674144863945 102 100 101
-0.06449930597176018 -0.014900565385044284 0.013248523765336445 104 102 103
-0.04542086515681566 -0.024622184116956228 0.014481507350670018 102 100 100
-0.03478292946907583 -0.024692750270657406 0.025052262659680073 103 100 102
-0.025191508551238286 -0.02458289283163363 0.0259852119108748 101 98 100
-0.014614559958726367 -0.025182302392901982 0.031954454471945 105 102 104
-0.004553198471741247 -0.02490938997636641 0.03285822445815964 102 100 102
0.015233782435016269 -0.02519215346236105 0.03590038385715558 107 103 105
0.02525441124378433 -0.02505434224441989 0.03541498316435708 111 107 108
0.035074803379603656 -0.015088479335260838 0.034541595886269864 116 111 112
0.04631844723146117 -0.014758530978285537 0.027427148952243196 118 112 113
0.06441698742389196 -0.01572179227932277 0.02400894050530422 121 116 118
0.07514211087877964 -0.005101422048009174 0.01597129763220472 114 108 110
0.09547170123174767 -0.004847286563910547 0.0072514860530043385 117 112 113
0.10479067660170557 -0.004667799362279405 0.006064863741592664 113 108 110
0.11470467110932739 0.005030356695677949 0.004861183310215138 115 111 112
0.13494942401730609 0.005270708989472739 0.002998182668438464 115 111 112
0.14562489086789732 0.005449598563117185 -0.003370094581548528 107 104 105
-0.14413540454429466 -0.025603600427741187 -0.017693359985113302 114 110 111
-0.12532573079829956 -0.02440150997931658 -0.014108107366886755 100 97 99
-0.11475537073922466 -0.024594515047864793 -0.014496450361258736 102 100 101
-0.10512626474553789 -0.02451188701919745 -0.0037284139191545392 105 103 104
-0.09430405291844554 -0.025307994903775048 0.0024453720489376047 105 103 105
-0.08468121129515209 -0.035241984123073514 0.005587895740074982 108 105 106
-0.07581330433592694 -0.03510366708063327 0.005796274938264395 107 104 105
-0.05505917924901547 -0.03419032172513409 0.015362202246419565 100 99 99
-0.044542225316419624 -0.0350646214064368 0.024692482404772453 107 105 106
-0.0346648087812326 -0.03524861785333596 0.026274272531972374 107 104 106
-0.02485472487977287 -0.034732043499268936 0.025661207090355305 111 107 108
-0.014966221768138568 -0.03465210901740654 0.02603519857770312 115 111 112
-0.0043055337927479535 -0.034921180865058174 0.033297735173727555 109 105 107
0.01514910630220607 -0.03495972838819229 0.03535850673792905 112 107 108
0.024814391079417297 -0.03515319974468716 0.03554337094389031 113 109 110
0.03518556490193583 -0.03494267220288935 0.03474986300947918 116 112 113
0.044543803352425186 -0.035746476152652876 0.03331307955774834 118 113 114
0.06438458115491835 -0.02509615809615162 0.023769610448736905 120 115 116
0.07577965142008773 -0.024859286334169096 0.016099789172263332 119 114 115
0.09430046173011236 -0.02446448858335525 0.013455860691890057 121 115 116
0.10526008629445027 -0.015469544413701838 0.005997296084971919 115 111 112
0.11498354461527048 -0.01431870561571681 0.004712616910524543 115 111 112
0.13497316952674265 -0.015048852268826227 0.0038372849231633134 117 112 113
-0.14370144270707358 -0.03505277420132705 -0.018128386063696062 102 99 101
-0.12520921070919303 -0.03451103966178327 -0.013925092099686804 99 97 99
-0.11462164948860226 -0.03504274327537342 -0.013891727890675136 102 100 100
-0.10475890716132033 -0.04518758286631494 -0.0036079503230748633 103 101 103
-0.09473662959355594 -0.04534089788473596 -0.00367313462723052 107 104 105
-0.08492854881476232 -0.045268561166311165 0.005637077221463492 105 103 104
-0.07520263540566992 -0.04543823914882164 0.005461358788923115 104 102 102
-0.05528258068616588 -0.04451452878653953 0.016042846894117044 103 101 102
-0.044894426399521535 -0.04515042519949731 0.024407607610230114 108 106 107
-0.03461251446347466 -0.055105150595884174 0.02531551456922835 120 116 118
-0.025276837405588982 -0.04529158541034152 0.025585768309999816 119 115 116
-0.01494634106849757 -0.04484881828396319 0.026062693638618704 119 115 117
-0.004720889741942684 -0.04523088033156678 0.026282268041066335 117 112 113
0.01520146697582365 -0.04580623511461849 0.02582937148440695 107 103 105
0.02568491439471189 -0.044449394454812205 0.034896174244602125 115 111 112
0.03507262034996821 -0.045437667624245635 0.03498728853188844 116 111 112
0.044690781166175884 -0.045529176346654494 0.03342319588660092 116 112 113
0.06425137499386276 -0.04440860408490436 0.023827095633651586 121 115 116
0.07555691952853169 -0.03495950662583001 0.015906024189403796 119 113 114
0.08491128369921601 -0.035062880648373394 0.014463546715502007 120 115 116
0.10519873296887383 -0.03448702510078638 0.005871692894320463 113 109 110
0.11516374525353316 -0.0252245017882518 0.004467333222394539 114 109 110
0.13556421365960933 -0.02429702038781362 -0.0024253197761488266 109 106 107
0.14531660646379255 -0.024595420642634373 -0.0039000920759087606 114 110 110
-0.13513850526866805 -0.05516489124549849 -0.015753957292454584 104 103 105
-0.12574218011235774 -0.0555006693571219 -0.013666288997105043 104 102 103
-0.11437710142312672 -0.05532192215008656 -0.006757763816653193 100 98 101
-0.10503648555385545 -0.05489128829014315 -0.003945730452839536 106 103 104
-0.09369914520821546 -0.05547934585400754 0.0028383138207060546 110 108 108
-0.08467893700412257 -0.05499942686221709 0.004528497738176882 106 103 105
-0.07502130904080884 -0.05553434658440016 0.00638837880629103 105 102 104
-0.05491124484764367 -0.0647167196639079 0.016489351438517656 102 100 100
-0.04425815887122945 -0.0650449283419516 0.023764235903189653 112 110 112
-0.03473692936005398 -0.0652144358978068 0.024903883029513053 116 113 115
-0.025072030217938898 -0.06512227055609536 0.025422311219953968 118 114 116
-0.015478046934633108 -0.06569235093428286 0.02479576829751872 122 117 118
-0.005318232845308857 -0.06489619762291009 0.024743351292762943 120 116 117
0.014975035327505437 -0.06503904804222245 0.024995653521666137 115 111 113
0.024973150626392073 -0.0648590187069287 0.02603887449551715 110 104 107
0.03548817203320957 -0.06481764871433844 0.03401390367730049 114 111 112
0.045181262627961766 -0.0650212166278806 0.026974041630872362 116 111 112
0.06444561603003952 -0.055416139642318084 0.023612357354651156 120 115 116
0.0753279449808502 -0.05490133991502674 0.015114636989774935 113 108 110
0.08490527699343478 -0.044904844195614906 0.013937757997367245 119 114 115
0.10502740690931302 -0.04492586845550835 0.00565335289634744 116 111 112
0.11474602638148546 -0.04465252225718244 0.004651680407433792 115 111 112
0.13409494077376446 -0.04490207247838933 0.0030303206870832843 116 112 113
0.14500070433396045 -0.0350045281414347 -0.003764794002365121 111 107 108
-0.1447566962078028 -0.06420571480899508 -0.01679932561447245 103 100 102
-0.13483691540837403 -0.06503323543756079 -0.01499066683726372 104 102 103
-0.12337193018398408 -0.0650701216159974 -0.008503704691967045 107 106 108
-0.1145976140861401 -0.06505573769434739 -0.006874202921005815 104 101 103
-0.10524526758855071 -0.0650941545740495 -0.004755238249513912 105 103 105
-0.09330986501596261 -0.07528279836484887 0.0023157134710517827 101 100 101
-0.0848286837717115 -0.07448970750027335 0.0032493119218222517 103 101 102
-0.07515097198835495 -0.07491876812109786 0.006438231035088367 101 99 100
-0.05499129891273715 -0.07523644060045613 0.016897795454821285 99 98 100
-0.044639154437788896 -0.0747074496867314 0.02284034117691234 114 111 113
-0.03461396971924266 -0.07503126829543946 0.024896561300021425 122 118 120
-0.024654761757337065 -0.07481139806592621 0.02532938430725388 120 116 117
-0.014867521062424324 -0.07493705703507438 0.02497208700586071 119 115 117
-0.005546887496320265 -0.0752146680958256 0.02446355880150648 121 116 117
0.015247546638016678 -0.07521519271157542 0.025365775852772054 115 110 112
0.024555015729883636 -0.07501457026883937 0.02581355766034652 111 107 109
0.03429203556211528 -0.07525899861790632 0.024764324645327834 111 105 108
0.04562242417276676 -0.07462595121268768 0.025795717410044203 108 104 106
0.06458373400300678 -0.07475863604014236 0.023187224363707497 120 114 116
0.07460713443492016 -0.06481537940922445 0.015253177592557416 112 106 108
0.08612482414114005 -0.06508603847801281 0.007994134430098365 115 110 111
0.10459364872887733 -0.06542484000787396 0.004841202378046936 114 110 111
0.11523322885665882 -0.054821453858998254 0.004095478625738411 115 110 111
0.13411151376014677 -0.05577153052996149 0.0029280401363819685 112 107 109
0.14486155625922023 -0.054973123248547556 -0.004149294579217815 114 110 111
-0.13513583858194345 -0.08509633223683348 -0.014771561480645325 113 109 111
-0.12473748468809487 -0.08473617148145651 -0.013746692223252819 116 112 112
-0.11530301460074922 -0.08550017354942958 -0.014829109432236181 111 107 108
-0.10456668217595065 -0.08491662849196825 -0.005615471557229572 107 105 106
-0.09472441268533809 -0.08511834629525769 -0.0031847603193886674 103 102 104
-0.08394089212024292 -0.08482984608773263 0.0031625795398188407 102 100 102
-0.06515342197338365 -0.08590125575414774 0.005144678586770937 99 97 97
-0.054831363205042796 -0.08562167171849702 0.016840464469012554 103 101 102
-0.045527565994870456 -0.09496475479493695 0.016198390870503634 110 106 108
-0.0346609711210161 -0.09465877722318461 0.022799908934719303 113 110 112
-0.025324903079101735 -0.08481804187107116 0.02445634643351483 117 113 115
-0.015612600975945391 -0.08532080314548751 0.024286041268524926 122 117 119
-0.004904522588051596 -0.08508753231848604 0.023796504896108808 120 116 117
0.014320515969898126 -0.08466538976874716 0.023931165239415398 119 114 116
0.024232076971495348 -0.08489584747618546 0.024395341861220696 115 110 112
0.03532281389496443 -0.08506600128195764 0.025552025117322047 116 111 114
0.04543384750186382 -0.08614634546902057 0.01730338807790743 116 112 113
0.06570782817917793 -0.08465958204994911 0.016185543039727784 115 110 111
0.07654707492662911 -0.07562508146429144 0.008103990024192006 116 110 112
0.08553099516393553 -0.07548911154353821 0.007723179768855627 112 108 109
0.10519108876111474 -0.07505808574919735 0.004201904812362428 114 109 111
0.11520871699666632 -0.07497585053018138 0.00373466033565168 118 113 115
0.1355180254897588 -0.07501512239432036 -0.00326058209551893 113 109 110
0.14523998248702552 -0.06536692404802871 -0.004736228823993998 115 111 112
-0.14519676804638462 -0.09623007208273752 -0.007901654855434771 122 117 119
-0.13550195589047426 -0.09539558663218484 -0.008497507109051061 123 119 119
-0.12537525226908752 -0.09502100370431879 -0.014077982406660495 120 116 117
-0.11579462582089659 -0.0947014559912901 -0.013588681920090747 117 114 115
-0.10459122189748858 -0.0945999166222392 -0.005605197809983025 106 103 105
-0.09491516139941375 -0.09468725101679312 -0.0032536981110296865 106 104 105
-0.0837528444021686 -0.09455648477787544 0.0024816686438061484 101 99 101
-0.06563235150887219 -0.10531149334640888 0.007320135151172518 102 100 101
-0.0553633804888143 -0.10462296607891547 0.015764806796496063 96 94 95
-0.04510392585936312 -0.1048252501869963 0.016189292829718684 103 101 103
-0.03550495543423408 -0.10516640572687323 0.02270983675822652 115 112 114
-0.02466468104580593 -0.10517550811767057 0.023403777385635385 123 119 121
-0.014432600855068077 -0.1038150783101817 0.023185210318554687 121 117 119
0.004577260566487612 -0.10517289717112306 0.0233751606148413 121 117 118
0.014439608832155955 -0.10516512125332278 0.02359116998219075 117 112 114
0.025016227214186275 -0.10494543234775311 0.024228634110155228 116 112 114
0.035208280197296875 -0.10511053986538475 0.023876359911112883 115 110 112
0.045232716833746064 -0.09558629908414294 0.01699673931558335 111 106 108
0.06512202607666598 -0.0942201963615723 0.01490099292763562 118 112 113
0.07598008611396798 -0.09611078352259998 0.007293437109165843 114 109 111
0.08546260019746475 -0.09471661842445657 0.006825892704859659 116 111 112
0.10536536662012419 -0.0946162274133724 0.003967916371544573 116 111 113
0.11444425989129094 -0.08526514943295953 0.003985175754562083 119 114 115
0.1349619519215736 -0.08515526803522483 -0.0038941548059573503 111 107 108
0.14481947015753685 -0.08543882896015301 -0.005658383004227396 117 113 114
-0.14485551993662799 -0.10459735579975696 -0.01401178534956814 122 117 119
-0.13525182069029595 -0.1062684812388425 -0.008195115251834858 127 122 123
-0.1248855745632833 -0.10483757453852965 -0.007826168731099998 125 121 120
-0.11593395707453183 -0.10476206191235575 -0.013664668665511354 117 113 114
-0.10570584621859763 -0.104591329321244 -0.00640683328597695 110 107 109
-0.09526608028591069 -0.10457543792492247 -0.0038944428819602445 106 104 105
-0.08406114476500677 -0.11482419906644625 0.0015531701862750024 108 105 107
-0.06654349406462301 -0.11522939832539411 0.006522622537852895 104 101 103
-0.05543919402891031 -0.11551588274837686 0.01414482524933974 97 94 97
-0.04563898200002753 -0.11533536417161037 0.01649106252235733 106 103 105
-0.034870597828820654 -0.11459550068908005 0.016122294605755993 114 110 112
-0.024864321224110784 -0.11495582758933302 0.016253295730371948 117 113 115
-0.015353647927062918 -0.11473365187589936 0.01629138671153337 117 113 115
-0.0055359707686531935 -0.11487312467176079 0.023368149657744745 125 121 122
0.015225457338646652 -0.11467698420687761 0.02312492911646037 115 111 113
0.02545485158063344 -0.11555759574935681 0.02313792804409466 114 110 112
0.035349203995897256 -0.11545995458519408 0.016446350298597652 115 111 112
0.04527172611123614 -0.1147924446794942 0.016108713010116935 115 111 112
0.06462557333986475 -0.10436211732326181 0.013759565989162335 120 115 117
0.07485231231542583 -0.10508733327355459 0.007736101293218263 119 114 115
0.08519913443771726 -0.10535819863178526 0.005564359560891442 120 115 117
0.10487076121371254 -0.10536256305532787 0.003220909322392765 115 110 112
0.11472813826660538 -0.10476125930786363 0.0029301747953967413 121 116 118
0.1349683889630375 -0.10443310175983724 -0.005246451991497553 112 108 110
0.1448625887534712 -0.09509107094619534 -0.006041642054475999 116 113 114
-0.14505044940083872 -0.12464723810187844 -0.007959007530018712 125 120 121
-0.13556723641875168 -0.12512858086607667 -0.014094008146483856 124 119 121
-0.12465620750367218 -0.12557432794695472 -0.008577675919619006 125 120 120
-0.11554210782895248 -0.12444823974185983 -0.013869876659225209 119 115 117
-0.10556365459760851 -0.12448308331539495 -0.015643573132749427 109 106 107
-0.09447965585438158 -0.12497975930753934 -0.004352464708592565 109 106 107
-0.07577726272990531 -0.12493596886623273 -0.006510148372899667 106 104 104
-0.06609127137258743 -0.12517719997792665 0.0064871194658068735 103 101 103
-0.05466201605271834 -0.12525822641142556 0.013972812791777157 98 95 98
-0.04538860790003684 -0.12558430882025626 0.01667047721738711 106 103 106
-0.03484206516590183 -0.12531312284070956 0.015800984198590565 110 108 109
-0.025164064208485222 -0.1246580864069717 0.015882402191233595 113 111 112
-0.014728474396601007 -0.1343872452807933 0.023013832196348966 112 109 111
0.0050715843292441585 -0.13482004917626927 0.022685503720629576 114 111 113
0.014876892531933491 -0.12440021070736103 0.022739652300597768 110 106 109
0.0243159065783104 -0.1252655393179516 0.02296824758686292 116 112 114
0.03566637479105778 -0.12530054017607786 0.016171346123031522 123 118 119
0.04515980996414346 -0.12495269647537813 0.014535299700739107 118 112 114
0.06504227447501096 -0.12530346021955072 0.006263656714671482 115 111 112
0.07513680742721317 -0.1148957171571323 0.00646879501400203 116 112 114
0.08486330741915532 -0.11542651867860154 0.004643128860369744 116 111 113
0.10472674376117619 -0.1143683502087877 0.00343423147633509 115 110 111
0.11487250382454006 -0.11534861802082579 -0.003282975309745872 111 107 108
0.13473786088188816 -0.11466587334891584 -0.005563555396869452 113 108 110
0.1447513860621163 -0.11477608556311072 -0.006850834387197034 116 112 114
-0.1443016346730613 -0.1341424541007097 -0.00804674302844236 124 119 120
-0.13543126249951096 -0.13541090667299058 -0.008877628683562788 124 119 121
-0.12448697709724595 -0.13591804293440846 -0.008677677065865058 123 118 119
-0.11348236793556872 -0.1351054157278322 -0.008177309689697185 122 118 119
-0.10467060161883471 -0.13510681826506551 -0.007305184373373531 109 106 107
-0.09410292683854457 -0.13540533078343314 -0.0043129854125283995 107 104 105
-0.07473828263365788 -0.13522875481659133 0.003873557397170546 106 104 105
-0.06565388368704557 -0.1353529320383728 0.006387275824224082 103 101 102
-0.055262881998003985 -0.1447146417486461 0.013810731534593822 99 97 99
-0.04519927866922258 -0.14458963524502708 0.01639198843747042 100 98 100
-0.0351519330546011 -0.14471393182801115 0.021988648640789282 107 102 105
-0.024966538522177666 -0.1450558140153816 0.022559861220137038 110 106 109
-0.01499566455356693 -0.14513763109288672 0.0228727937044994 109 106 108
0.005021992581482793 -0.1445788426188005 0.022575322286388082 114 111 113
0.014857547630818688 -0.14494745447505233 0.022503184786025813 123 119 120
0.02519246033041957 -0.14521477291072676 0.014826448993858038 117 113 115
0.03542214279969237 -0.13600572195250601 0.0070767070587188135 129 124 125
0.054906317206014084 -0.1352614104346026 0.006653191253806988 115 110 112
0.06454917267351108 -0.1347699744718887 0.005248203406955632 114 109 111
0.07434292966497676 -0.13462141425388208 0.0036058781143508967 116 112 113
0.0855707771939004 -0.13538950718670134 -0.002329068519366514 106 103 104
0.10462134836192705 -0.13465075117452385 -0.004920525986512971 113 108 110
0.11449101841342914 -0.12448631128369718 -0.004617450160201395 113 109 111
0.12475693280031996 -0.12585131484857803 -0.005367427067922147 119 114 116
0.1451982175307968 -0.1251637677727358 -0.006368015432233175 114 110 112
-0.14545149107443725 -0.14479345913922642 -0.00815495382845847 124 119 120
-0.13491694836824417 -0.1451315061355828 -0.014199441847230019 117 113 115
-0.1246209659248619 -0.1455687857741555 -0.008158034197326077 125 120 121
-0.11463114066194344 -0.14484797210992278 -0.00813310123361791 122 118 119
-0.10520612881807943 -0.1454946225789489 -0.007042446174647399 111 107 109
0.03507214644254029 -0.14590900578920848 0.00716580419236631 115 111 112
0.054038105134160144 -0.1449145925771425 0.005126209120611251 113 108 110
0.06430457644736746 -0.14470098251615593 0.0038784034514255474 117 112 114
0.08479233247824057 -0.14522345462155128 -0.0034536642990351256 113 109 111
0.10476201930461047 -0.14502147859669218 -0.006175436275437516 115 111 113
0.11481475985823493 -0.1445830366339066 -0.005966193102002491 119 115 117
0.12520617601220393 -0.14495208502848966 -0.005969884828178238 122 117 119
0.14522406046663258 -0.14477686647065355 -0.006170659503821257 113 110 113
-0.14507234410232422 0.144982347666188 -0.014496415857092715 110 107 107
-0.09530003668745556 0.1452303725988722 -0.014249377280702245 112 109 109
-0.14528385625996681 0.1255036062740535 -0.014250362560335843 110 107 106
-0.12536843367837064 0.12523060635809682 -0.014506882589438658 108 106 104
-0.11482989065243963 0.1351235720878316 -0.01422901001417413 109 106 106
-0.10467697811283061 0.13475389509263933 -0.0150979154310032 104 102 101
-0.09456063001336566 0.13472757597323134 -0.007637798311090937 105 102 103
-0.07423310771008608 0.13386072356219347 0.005250079504603675 103 101 101
-0.054839815579422926 0.13335382087627212 0.002170143580130648 98 96 98
-0.04509115088166718 0.13535232126908958 -0.0036048607676599487 99 97 98
-0.03497907394996695 0.13472972731969018 0.0027411028096327138 106 104 105
-0.02530281203480734 0.1347288482785964 0.0027544033268577573 109 106 107
-0.00479598913663247 0.1452019912094171 -0.003704199602164683 106 104 105
0.0048758573257613805 0.14533467559310526 -0.0036855560454923347 106 104 105
-0.11505267360441188 0.11487918289489145 -0.005997396569365782 109 106 107
-0.10483922475441972 0.1144644966430679 -0.005274608559748696 109 106 107
-0.09472327573734836 0.11476071816414495 -0.004463149881648235 112 110 110
-0.08425335915219441 0.11373585157003205 0.0025292882088005066 105 101 103
-0.0753699573335761 0.11432419508305902 0.00320891833507782 102 99 101
-0.05475567820068672 0.11494246759782466 0.00560098800748047 102 100 101
-0.04526429263990977 0.11543509546855048 0.005980581136758197 108 106 106
-0.03510018060790893 0.11391514006737495 0.012335567925015849 105 103 104
-0.02478782341010746 0.11567762897608254 0.0062112575335263095 108 106 106
-0.004767785232792916 0.12463693053098145 0.004230630101044963 109 106 106
0.03469608607273523 0.13519200316578556 -0.003290641237823094 109 107 108
0.04530281128291867 0.13486223933690045 -0.0040106802326985505 110 107 109
0.07522930292871303 0.14484930454787795 -0.005655377474394348 107 105 106
0.08518009143621251 0.14651461532186846 -0.013142987833338584 107 104 106
-0.12518509905900407 0.0945693187850654 -0.005569654937004975 122 117 118
-0.10517725485193642 0.09412515445123834 -0.004028595288598182 109 105 107
-0.08384844131344164 0.0938376980536376 0.003109070067384333 101 100 101
-0.06535373429697316 0.09534789478662223 0.005356333575481338 103 101 101
-0.05524774969998541 0.09543868871368429 0.01406192010534713 105 102 103
-0.04504250764340601 0.09529570622223552 0.015458443780804246 109 106 107
-0.03444968069279764 0.09280619480419672 0.02177002383077721 112 109 109
-0.02515196019140772 0.09530619386734004 0.015949311735604498 108 105 106
-0.005214230210852314 0.10474033272993438 0.013225410994334014 105 102 103
0.004475470251559864 0.1037445721481442 0.012684424038822058 111 106 107
0.034690596461869144 0.11475585494037209 0.004837051988781783 110 107 108
0.044848305666212625 0.11483650422932987 0.003931269695885415 110 106 107
0.07489642495704739 0.1247473176347859 -0.0034378794673691044 108 105 107
0.08490187484465346 0.1250753889064461 -0.0043422501834932455 103 101 103
0.12474893907488967 0.13458295327506636 -0.005907307245160393 96 94 95
-0.1455350865735277 0.08440601405843887 -0.015208979575297743 111 108 108
-0.13580275011152396 0.08465887706310758 -0.014483567887231446 122 118 117
-0.12630139030126636 0.0852127702495585 -0.014386755186241822 128 125 123
-0.11438782792961794 0.08483154424556737 -0.005733598154974571 117 113 114
-0.10502552970340075 0.08525418012678208 -0.0040243561657515095 106 102 105
-0.09552778510672548 0.08477998046224813 -0.0034714665855525182 99 97 99
-0.0845845794772791 0.08453879865012938 0.0032706521177154084 105 102 104
-0.06613009938706009 0.08469494061945786 0.005308713103333099 102 100 101
-0.04511944675366502 0.07488443645899304 0.016131867384205075 107 104 105
0.0046221615647694565 0.08379309441911048 0.022160133217472337 112 109 109
0.04583996594039556 0.09401463503179569 0.011936946556610166 112 108 108
0.06513585449968652 0.10490252121421935 0.0040915489250234775 111 107 108
0.08481187447506394 0.10446582593645358 0.0026136992619005357 109 105 106
0.09535129358823252 0.11365334370605756 0.0017057402456174889 96 93 95
0.11492786665177059 0.11471754071135355 -0.003336478500357784 94 92 95
0.1248576403914522 0.11497971048479552 -0.003063877334076656 104 102 104
0.14484509495237308 0.12501451862622273 -0.003827693859950056 90 87 91
-0.10495832235079765 0.06520929388513941 -0.005688372982932195 102 98 100
-0.05538185609739208 0.06522567764038792 0.004281210404131359 100 98 98
-0.04529447726562189 0.0654841522339029 0.015709058396334144 105 102 104
-0.03501767365555867 0.06563652634641436 0.015651484088607844 104 102 102
-0.024436563962371826 0.0661336305546362 0.025306770389968005 109 105 106
-0.0046491775408373 0.06511659063403684 0.025873428531318937 108 104 105
0.005518027110249861 0.06489142201974273 0.02583775602038121 117 113 114
0.015020038600238017 0.06476610697528348 0.024729799024827304 112 108 109
0.04500358934025839 0.08441392175303343 0.013062423803849666 113 110 110
0.055113849741435635 0.08573937605370602 0.007341533420147617 116 112 112
0.06546328928191936 0.0852873337612564 0.006770450632568095 111 108 109
0.11533560323593202 0.09508235704905306 -0.0029410348468734138 111 108 110
0.1451388302431864 0.10526968473317692 -0.0031143906467021873 109 107 109
-0.1453720074600644 0.05543226611106875 -0.014398747773503725 117 113 114
-0.11487478579544796 0.05489060264877932 -0.01390107629065883 116 112 113
-0.10461706649318354 0.05462274145334046 -0.006118781480899075 103 99 101
-0.09454054995969956 0.05449785471110111 -0.0041889870669674254 106 103 105
-0.07563265522351983 0.055687563694234804 -0.005405520171447628 105 103 102
-0.06502873412402918 0.05429648786079739 0.006328144957599793 106 103 104
-0.05515979190142947 0.055415107649647175 0.005848392285239035 102 99 100
-0.04502298083898922 0.05525087452092702 0.014516795454770253 104 101 103
-0.02549787898542622 0.05552531913703673 0.015333634461100941 103 101 101
0.0055875795580674825 0.05558202987421866 0.026948083409492344 113 110 110
0.04453592167678923 0.05511759129601567 0.02245501983440946 114 110 111
0.08532566764755833 0.07509414140479881 0.006195969942483065 116 111 112
0.11565483350838048 0.08522367726786136 -0.002652531418245769 114 109 111
0.14497744627577527 0.09505546451499339 -0.003020103131601335 110 107 109
-0.13488931237838278 0.0453708320359593 -0.01424965566772602 117 113 114
-0.1250969642026173 0.044840190440196694 -0.013811970248052348 114 110 112
-0.11556772723494196 0.04504848788496659 -0.014020783068137204 113 109 110
-0.10475131239807185 0.044779641997194385 -0.006921945993340935 104 102 103
-0.08619613292543456 0.034460832251328025 -0.0032290254655714945 109 106 108
-0.07480660129788322 0.03493828265404188 0.003320582020533128 106 103 105
-0.055085521874830776 0.03560535975635917 0.005176981599786755 103 100 101
-0.045010862197835115 0.0346591618010751 0.013787299759043418 106 103 105
-0.03572555553005763 0.0348456151268308 0.016383034755063225 107 104 106
-0.015529259647605192 0.03553131853292651 0.014956324055422947 98 97 97
0.005645681563258456 0.034695011510161536 0.03396796944777707 108 104 105
0.045152713700028616 0.04489429877366636 0.02412764646059544 115 111 112
0.08512824932266008 0.055483922074734626 0.007220065393700346 119 113 114
0.09618062929970046 0.0642943751501122 -0.004091343349118555 125 118 118
0.11483167911863543 0.0651547446329652 -0.002605924889912345 117 111 113
0.1443273114976372 0.0749887411444121 -0.004660929085903235 113 109 111
-0.12501462839520122 0.02486387576470693 -0.014224231745547605 114 109 110
-0.10481033345447531 0.02429030441445961 -0.0062531116920016205 105 102 104
-0.08417211314998503 0.025090293353710234 0.002294093839904646 106 104 105
-0.05393511872815287 0.025164487172112955 0.012268068923315337 105 102 104
-0.005838443236314666 0.014295717864728648 0.02598955770259724 102 100 101
0.0049146295758931025 0.01582979083711297 0.033966574985711845 107 104 105
0.014869284187533836 0.01512933848208457 0.03523198631011384 113 108 109
0.04480637708265056 0.024892021538994957 0.025747771374603507 117 112 113
0.06516667871610582 0.0355323867048898 0.016633764936298586 116 112 113
0.08609677852267143 0.04539340387656456 0.00774253095462242 119 112 113
0.11449741089900015 0.05436795220453913 0.004049063844108805 114 110 111
0.14486038575971197 0.05467552065602914 -0.004780660639867459 118 114 115
-0.144133868486435 0.015718539020034325 -0.016850856851808073 124 119 120
-0.13530452863206674 0.015415903677526741 -0.01620376586782554 118 114 115
-0.1254645430631879 0.014875558923575585 -0.01506255218256193 108 104 106
-0.11544390934761603 0.015382214854252174 -0.01298324204724652 106 103 104
-0.07535282866739412 0.005747551650977086 0.005893272007597351 102 100 102
-0.06558742847431072 0.005191983742495749 0.005828048999741212 104 102 103
-0.054715916480698165 0.004672857737422465 0.013620093104788119 105 103 105
-0.044832850994344836 0.0051528835663889085 0.015589310379810904 108 105 106
-0.03395937998602038 0.004295363194527017 0.022794141672329453 103 101 103
-0.005385059485839597 0.004202053085539628 0.026396022025819737 103 100 101
0.004969159137119267 0.004664640879735754 0.03411284606813283 105 102 104
0.05512469066534752 0.015009533719807911 0.02465552638895145 120 114 115
0.06647557363660989 0.015271500996223429 0.017467700376325643 117 112 113
0.08471445099128007 0.024713081826378495 0.014026850049437508 117 112 113
0.09538527450880989 0.03551101194959179 0.0071299409493032345 119 114 115
0.1146276206845587 0.03545092277595473 0.004880475096597687 119 114 115
0.12467336795451005 0.03447873671404911 0.0038076909109363904 120 114 115
0.13471620862480466 0.044603493815746034 -0.0039887367658725074 111 106 108
-0.12563608280826172 -0.0053463353824875085 -0.014149494677603697 101 99 101
-0.1047902804430401 -0.00494201787363312 -0.004831095366504649 108 106 107
-0.09600152263604474 -0.004002765341197681 -0.0035174896546519958 104 102 103
-0.08509325329722456 -0.004651364399913564 0.0034526511883483132 105 103 105
-0.055211339916750764 -0.0059463090172440424 0.014816402436989971 104 102 104
-0.04458162805901597 -0.0063980194187621435 0.022897477272728384 107 104 106
-0.005151776654251567 -0.0053799565890113865 0.02531090782935993 101 99 100
0.004964069487059664 -0.015078528890411912 0.03442824744776912 104 101 103
0.044394728535204146 -0.005095547318959104 0.03277150118795523 123 117 118
0.05529753361411743 -0.005245426567882168 0.025119709833156964 119 114 115
0.06450920820283974 0.004455405807725034 0.023750783082622698 126 120 121
0.08432983718085728 0.005330646204613341 0.0143937201140575 117 112 114
0.12483847877502373 0.024785579906477617 0.0037926056717682032 123 119 119
-0.14619547164837784 -0.014758335744862358 -0.023869226377297482 118 114 115
-0.1354734811514855 -0.014714329782634084 -0.016960926894732473 108 105 107
-0.12515005469975396 -0.015216122595619866 -0.014035844081435473 102 99 101
-0.08527232471148494 -0.024682509888554863 0.004927133554979208 106 104 106
-0.07344840284868154 -0.02510972706728709 0.012066353002132798 102 100 102
-0.0646114053295799 -0.024454955389251166 0.014262531549311126 104 102 103
-0.05295105586120247 -0.02525253938804806 0.02222155619909637 104 103 104
-0.04448378979106202 -0.025000252516711126 0.02364639210644178 108 106 107
-0.015475733450681477 -0.025524513738636637 0.025432803200502303 103 100 102
0.005452382823283364 -0.024874812399144363 0.03474433163946031 108 104 106
0.044395380500235955 -0.01477585736091196 0.03337886002631213 119 114 115
0.055734203232357934 -0.015512834034837551 0.02546997775299265 115 111 112
0.08519151412081766 -0.005244512844039705 0.014212014047638133 118 113 114
0.12462431008869626 0.005300058160936512 0.003964477963807731 115 110 111
0.13586078448039032 0.015443562743560908 -0.0030479193888287796 116 111 112
-0.1351249308771161 -0.024270526385585436 -0.016805385225801314 106 103 105
-0.1056067167835624 -0.035273651927584956 -0.003497312957968276 106 104 105
-0.09573972521649064 -0.03411321602911817 -0.004509434692995813 105 102 103
-0.0736624948567177 -0.034801250373036746 0.012254164672741158 102 100 102
-0.06528470160949262 -0.03477616166792965 0.015434427012611617 105 102 104
-0.05326433086769263 -0.03539422315511269 0.02245259919762389 102 100 101
-0.0051062255074520845 -0.036046832387177034 0.026076677912421017 116 111 113
0.0044841991287747525 -0.03552021683812626 0.026238628635157395 116 111 112
0.05519080276842766 -0.02489542479691418 0.026300969548005464 111 107 108
0.08508849613618977 -0.025068380566612387 0.01436619663276183 119 115 115
0.09539504314409887 -0.014876532863556018 0.007206724409859181 117 112 113
0.12497780425366058 -0.005013680442935622 0.0035309275934703346 115 110 111
0.13531134776361944 -0.0052377804171676 -0.0032433877789024026 112 108 110
-0.14348649692119134 -0.0445174613187039 -0.01832921196662229 101 99 101
-0.12511647340007045 -0.04503877004104987 -0.013775325950175407 102 100 102
-0.11531792421299918 -0.04581358003109363 -0.014240674102558604 101 98 98
-0.09415193913091549 -0.04504909642330267 0.0026491723144210664 104 101 103
-0.07404728244439222 -0.045339754946128644 0.012441040865705648 103 102 103
-0.06449085655563269 -0.04512778306004154 0.015495947348412665 101 99 100
-0.0535178600281898 -0.0543152589854736 0.02274942658761751 104 101 103
-0.04463310828568283 -0.05508330207030979 0.02417002354390335 110 107 109
-0.025014063930024172 -0.05525153769456302 0.024916603408733713 120 115 117
0.004269853282562017 -0.04585263861578811 0.02594088940343129 111 106 108
0.05498685809158819 -0.04496509604081666 0.026143314832369924 115 111 112
0.06466253216790563 -0.03477569456492804 0.024026740732846986 124 118 120
0.09419435678878554 -0.03486639551419648 0.013847826038232272 117 112 113
0.10526120829195187 -0.02521371956268184 0.006536232404993164 114 109 110
0.12518493809336487 -0.0253324465678128 0.003432185243060018 117 112 114
-0.09536702862386884 -0.055788915775650615 -0.0037314845622876797 110 108 108
-0.08512535496942383 -0.05579175576644736 -0.0055688817727581425 107 104 104
-0.06445785620877227 -0.06512834409652102 0.003561521702661473 94 92 93
-0.05257689388042417 -0.06533159078681884 0.022028590637713296 98 97 99
0.004695108611752727 -0.06510533385719577 0.025219407613972122 118 114 115
0.03449960920125195 -0.05612692753483638 0.02570438332819558 110 106 107
0.045925241386328544 -0.05549908378083561 0.02749498521692727 112 108 109
0.06718036865827887 -0.05547628417690552 0.017639984122636728 116 110 112
0.09459505449325464 -0.04527896176393212 0.013843240228192364 118 113 114
0.12472780691146862 -0.03501172697171019 0.0038123249199311896 115 110 111
0.135666325579849 -0.035206108083629534 -0.002918168261546725 112 107 108
-0.1445958315042243 -0.07472967698280925 -0.015194120745721162 105 103 105
-0.12543270521843053 -0.06513052900812041 -0.01370669852786642 107 104 106
-0.11471689227168251 -0.07459086687584746 -0.007481412855936276 107 104 107
-0.10524476735022383 -0.07537071145811411 -0.0051338474939104616 106 103 105
-0.095728198320004 -0.07547808480343714 -0.0025961432939026383 105 103 104
-0.06383391771427319 -0.07472536299596458 0.014018442238928097 100 98 100
-0.05286457779189392 -0.07456054243776385 0.021425059719960046 94 94 97
0.005102931763068587 -0.07545693027484478 0.024329543816315927 122 117 118
0.05481854985864375 -0.06523559782453044 0.025539205232835954 119 114 115
0.06579249576920493 -0.06501617475335945 0.0173923616869656 111 107 107
0.08432661151520777 -0.06488753211140594 0.0137028792658318 117 112 113
0.09511815332572185 -0.05522287300478424 0.006558212266351445 112 107 107
0.1052769495193104 -0.055090661093053966 0.00510669871584943 114 110 111
0.1243276974327484 -0.054713517917713866 0.0031756277063511753 112 109 110
0.1343791064630125 -0.05491069767910311 -0.0030361270972684286 109 105 106
-0.14449893233502337 -0.0856817816214036 -0.014435619354920562 107 104 106
-0.0930710664191063 -0.08631204553120528 0.002029020500680323 109 106 106
-0.0754873433585729 -0.08445458115900806 0.005850457663607904 100 98 100
-0.063895221543318 -0.084660413214719 0.01349249148353062 94 93 95
0.004567289326510946 -0.08496094241961724 0.02402552794897263 120 116 118
0.045299414365023605 -0.084821930661046 0.02475855692422098 113 109 111
0.054668085071527775 -0.0841838745114052 0.023105301020958563 117 112 113
0.08404687144852482 -0.07504627106408124 0.013842926461785034 119 113 114
0.09501143363179292 -0.07506585753886645 0.006090510755693127 112 107 108
0.1257819647165937 -0.06596580694271524 -0.002984090031832317 112 107 108
0.13533745942294279 -0.06488431113145621 -0.002862913231514302 114 110 111
-0.14461371744954768 -0.09524952930352532 -0.014267259200674088 114 110 111
-0.13499000516712406 -0.09562133175426829 -0.014564380913856216 121 116 117
-0.07543241278596592 -0.09496572300593308 0.0052798916801267085 102 100 102
-0.035035754189619815 -0.10489485938692335 0.015389925474505397 114 111 111
-0.004918020475762237 -0.10442654400880948 0.023694149050250267 121 117 119
0.005318289127727009 -0.09502548305541039 0.023184968955180327 118 114 116
0.014060562603421487 -0.09477443607484141 0.023589449666793952 112 107 109
0.03506789902985599 -0.09441992870761935 0.024641848316890435 114 110 112
0.04475361159599889 -0.09506403117723293 0.024228271127012292 116 111 113
0.056136220382272506 -0.09519367487518494 0.017355707281862413 119 114 115
0.08573176203278104 -0.08468735909258021 0.006881464825312453 112 108 109
0.09544544666106615 -0.0848067864224746 0.005554249348180313 112 108 110
0.10521638545426612 -0.08455727547275041 0.004160157143723386 116 111 113
0.1255829892755224 -0.08518484846787322 -0.0027968833148792394 110 106 108
-0.1448395615392101 -0.1146546974082832 -0.013955369155309566 124 119 121
-0.13503531925290083 -0.10547949587530472 -0.013854159583190513 124 120 120
-0.12506280054715793 -0.10592170897602117 -0.013751484874999713 121 117 118
-0.114408364903039 -0.10484627291349986 -0.00805020440152864 115 110 112
-0.10506136963208852 -0.11483588433412635 -0.006586268255530095 109 106 107
-0.09241759024406981 -0.1111886827267885 0.0011985194503393026 108 104 106
-0.07503971746982731 -0.11466213767779021 0.004470993118854339 111 108 109
-0.025080396742876054 -0.11494694156896813 0.022742754010349288 122 118 119
-0.015648159140564603 -0.1143861015399561 0.02302713290337424 118 113 115
0.004611454829862712 -0.11501664911310254 0.02300124256803186 124 120 122
0.03483503132209346 -0.11505702940617407 0.023091448063451345 120 115 117
0.045861227067075655 -0.10542307309710838 0.016599587210354174 117 112 112
0.05540564644306559 -0.1048056896837689 0.0159981045755246 114 110 112
0.09504199942186599 -0.09493553934817654 0.005076189170216715 114 109 111
0.1250558796099864 -0.09506350409875713 -0.0026990892293256236 111 107 108
0.13459280573486632 -0.09488827232320714 -0.004830210161992183 111 107 109
-0.12510398980624493 -0.12468942232377878 -0.014023395926343468 121 116 118
-0.10462091868068253 -0.12540472919920928 -0.006962389084523968 110 106 108
-0.08393609154869054 -0.12495652297684197 0.0015395610354409861 110 106 108
-0.015776452593275668 -0.12518023564484665 0.022805356980742996 120 115 117
-0.005107606812446086 -0.12538547685428922 0.02306758713903313 114 110 113
0.005345779672357338 -0.12458504721850591 0.023180317489742128 115 111 113
0.05667420253959454 -0.1158676911515748 0.008165024439981478 120 116 117
0.09477547615146287 -0.11491877856226496 0.003769969942662385 114 109 111
0.10513546144188868 -0.11513402179459266 -0.002680199647871996 112 108 109
0.12506061241694275 -0.10537283664399649 -0.003572100690294859 116 111 113
0.13707132347263815 -0.10588752285537505 -0.01218047960131724 123 118 119
-0.14483420797038526 -0.13550757647558215 -0.014521718177644942 122 118 120
-0.11489844285162681 -0.13523439486426372 -0.013346226924122606 116 113 114
-0.05413709922795322 -0.1349508466928113 0.014013735173441564 96 94 96
-0.004691126284105604 -0.14478709735757556 0.022576681088661888 116 112 114
0.025705521045946426 -0.13560345519101805 0.01637560243594673 120 116 117
0.03488255070475587 -0.1349443950458414 0.014700798065804994 120 115 116
0.04436373778339882 -0.13488060260193016 0.013524035507212623 113 108 110
0.07450742971766981 -0.12505523518006087 0.00472107340078882 117 112 114
0.08473535329718312 -0.12457933751357299 0.003788444586402724 116 111 113
0.0945984989837547 -0.12580771629911533 -0.0025799887209007532 114 110 111
0.13503846347984097 -0.12493647642337721 -0.005685602952392932 121 117 118
-0.1448588787851206 -0.14526897805962732 -0.013399591524952919 118 114 116
-0.12510083157912197 -0.14485985329922793 -0.013837101580998951 118 114 116
-0.08565425098289713 -0.1453150920285798 -0.003257887884164812 106 104 105
0.04527255771968393 -0.14514218596926584 0.006702329009478505 112 107 109
0.07459147279307392 -0.14370867077522598 0.0030164315792319146 113 109 111
0.09541977637285254 -0.13511653372172233 -0.003586972514434604 113 109 111
0.11473459185371486 -0.1346675477892091 -0.005343793697414656 113 108 111
0.12454524943022043 -0.13497001879095505 -0.005617145487023899 120 116 117
0.1351277189801674 -0.13510223159160545 -0.00594851584217212 124 119 121
0.1449826922752971 -0.13504791436942346 -0.006263424465693423 118 115 117
0.13514706553262876 -0.14505918365815446 -0.005929208659414352 120 116 119
-0.1349019778790201 0.12576450764662778 -0.014497474619728074 111 108 107
-0.12548220975801574 0.13438580482695026 -0.014072295662380331 116 113 112
-0.08544109919668431 0.13492951604061146 -0.014233656750496659 110 108 108
-0.07486517846241963 0.13457641858501593 -0.004777576897653667 98 97 98
-0.06510732505143284 0.13487763089702867 -0.004573796733814742 97 94 95
-0.054994310576227445 0.13510519872993246 -0.004378704114510423 97 95 96
-0.04510175709288391 0.14541278772204377 -0.004592771924958214 102 100 101
-0.014967801966541664 0.14477476383380936 -0.0037390354338490113 107 105 106
-0.12472074784258373 0.11541319517534988 -0.006908159429483371 107 104 105
-0.1152287351193342 0.11515188326147047 -0.013921275038935126 107 105 102
-0.08503909174362047 0.11473005177062588 -0.004608763334677017 110 108 109
-0.0750490716591632 0.11562261372498342 -0.005390473724914423 97 95 96
-0.06474875355378701 0.11476760973417863 0.004891863921868433 103 100 101
-0.044791474816859744 0.1246268832584259 0.004060336664717588 100 99 100
-0.00470240907521318 0.13471360403156754 -0.0027300274275696168 112 109 110
0.005185162802535488 0.13592570326423845 -0.0028078605942569645 108 106 107
0.03506615482163571 0.14497933968335952 -0.004922941542788397 107 104 105
-0.1450459867445541 0.09486812143310042 -0.01558135167279908 106 103 102
-0.13515201922743836 0.10488524907629343 -0.014323916804119461 112 110 108
-0.12516804525378755 0.10499731530714738 -0.014321918421549834 116 113 111
-0.11564439789323985 0.10462232878034101 -0.013454011929816727 128 125 123
-0.06502901058981052 0.10517777186960822 0.005551481098756982 103 101 101
-0.054737945596408634 0.10559100694469525 0.005044639996708275 103 101 101
-0.044926777364514864 0.10449204961271102 0.01343282310247463 107 104 105
-0.024602966049267073 0.10463026197703938 0.013586026622628748 106 104 104
0.00469892903406476 0.11555067504900011 0.006036382779058412 108 105 106
0.025150499527271535 0.12450790915741611 0.0033333763593373002 111 108 108
0.03547756370945176 0.12553334400683588 -0.0028361386196519974 111 109 110
0.07515852743360311 0.14575119823522376 -0.013147353216591844 107 103 104
0.10586834487238035 0.1445558896806311 -0.012491835730373968 99 96 98
-0.11615526098072326 0.08560130562858558 -0.013993792120398066 125 123 122
-0.10575756554580251 0.084834893639557 -0.014457612876297774 116 114 113
-0.08522522193553769 0.08566447202740551 -0.005969158505872323 102 100 100
-0.04450980883713336 0.08543821344924397 0.01615700349916288 105 102 103
-0.007517835992923484 0.09348671872187048 0.021532984909814194 114 110 112
0.005068894949481623 0.09497342138463348 0.014752445997187655 110 106 107
0.025253830496346538 0.10536988187225205 0.006293582185896175 111 108 109
0.03509638105622712 0.10521445444741861 0.005856492096481826 112 109 110
0.08573788134290493 0.1259618090123229 -0.012840354617241857 113 110 110
0.10491863573313735 0.12524152917760278 -0.0047887128259342686 85 82 85
0.1445884413631674 0.13511448435045653 -0.005287022318605049 99 96 97
-0.11549406527471677 0.07509956684828191 -0.015257916780277487 114 111 111
-0.10481045572253825 0.07511224776912652 -0.015077960705723734 109 107 107
-0.05520166380139986 0.07495234750516365 0.004341760496088806 101 100 100
-0.025092940328844196 0.07552748011430954 0.016292960416908933 110 108 107
-0.014786870833823362 0.07507054396090605 0.024627094560129778 110 106 107
0.0050780015506112375 0.07436706018711126 0.023216468218041648 114 110 110
0.015436828010369927 0.08555882085278234 0.01571715374458571 111 107 108
0.035180439420892114 0.09580676019409583 0.006912225067380882 111 108 109
0.04526269963716503 0.09486503324968903 0.007268374176250359 113 109 111
0.05524179243826884 0.0949870016351458 0.006340733119917219 111 108 109
0.07513648544106438 0.10518034009079179 0.003220459754617701 114 110 111
0.08529543055098372 0.1054465222752697 -0.00270455650606576 110 107 109
0.1442824971384895 0.12685783234048698 -0.013686005827043412 101 97 100
-0.10502928609410758 0.0655497190035073 -0.015473465385587103 102 100 100
-0.09442078759832646 0.06467826556527531 -0.01332060177107954 101 100 99
-0.04574488075024956 0.06516458965579199 0.005627333574244944 101 100 99
0.034959583295182284 0.07527757279658942 0.016380464295251113 112 108 109
0.04510013982232966 0.0751506195724488 0.007029563875274471 118 111 111
0.07526808466987406 0.0853705448781875 0.006852150155598572 113 110 111
0.08604099514022882 0.08639457719546696 -0.0021408672534387538 120 115 116
0.1464863361681503 0.10496637319546823 -0.011513818745530546 121 118 120
-0.07497629056809364 0.04581338464541393 -0.006117678011463798 104 102 102
-0.04558782431423226 0.04512734280359633 0.004194086141932518 106 104 103
-0.00474878803871931 0.044975598899159204 0.02518597392773599 106 103 104
0.0049572678823431885 0.044990105574222325 0.02643512335115957 106 103 103
0.01608517107028609 0.045368295933105214 0.027223184205607008 111 107 107
0.035060121411899584 0.05482976206293882 0.02387343209105948 113 109 110
0.04629702970363898 0.055717755061628856 0.016869065106596373 117 112 112
0.0759567702445475 0.06539291150734065 0.007384767724585023 119 114 115
0.1429658524422707 0.08455970548706715 -0.013452961335559677 117 112 114
-0.11616561643952242 0.034442668388995804 -0.012488578419747088 109 105 107
-0.10486957964646576 0.03521551103317652 -0.0068382143288644014 107 104 106
-0.0457393752867477 0.03450111425354974 0.00435406359246479 100 98 98
-0.02590268553237586 0.035397035797424384 0.015097632295082144 104 102 103
-0.015296694772066062 0.03513087360676756 0.025408312184858128 103 100 102
0.005319103845752371 0.025080026527303 0.034589096031976345 105 102 103
0.03494585885071604 0.03551529633731656 0.02652675037239048 113 108 110
0.045949126210988706 0.046227184431399865 0.017258703007462746 118 113 113
0.07469440492047254 0.055188941879681604 0.013926375584421523 119 114 115
0.10476582614545649 0.06479415671414862 0.00481988429867556 117 113 114
0.12527146703878897 0.06463862154477511 -0.0030533837745070503 113 109 111
-0.14539521944376307 0.014445632432456624 -0.024976169262488516 127 123 122
-0.13480991260483977 0.014899075411037284 -0.025246336568865185 128 124 123
-0.08404866802441642 0.015016523959478313 0.0026679322726360292 108 105 106
-0.054992890042084734 0.015056729131071946 0.0050066755788552245 106 104 104
-0.03493051180074791 0.01504216385852547 0.016097750597596765 108 105 106
-0.025157298199641725 0.015485798742436722 0.014933584056728049 106 104 104
-0.01533287108890453 0.01503597292970732 0.024182226809296208 103 100 102
0.025208586601807897 0.014954155698517765 0.03435124117658676 117 112 112
0.0564197624748715 0.035289534760742335 0.01712083510135935 119 113 113
0.07451139819964823 0.03510708775342396 0.0148682362205642 116 112 113
0.11663428907874811 0.044955284717161016 -0.0028605141686323925 116 110 112
-0.14520674210598605 0.004919827123711761 -0.024784244748935026 130 126 125
-0.1256506693541208 0.004974643932482746 -0.014476188116442676 105 101 103
-0.11422867466174307 0.005362098773201739 -0.007325439013449508 101 99 101
-0.08527262472478292 0.005510987627633062 -0.005364426891887603 102 101 101
0.03460396860517629 0.004738830797354266 0.03389204810100465 119 114 114
0.08629340648169419 0.025575232369818693 0.007875924263249847 119 113 114
0.11614649935722583 0.03479713452941511 -0.0019894208837850243 118 111 112
0.14510307402794062 0.04483904826224408 -0.004511433457426972 114 110 112
-0.1148620326574616 -0.004996451037443237 -0.007674266856275672 94 93 95
-0.08548235009483564 -0.014576819463099513 -0.005671098220982121 103 102 101
-0.06458103700736945 -0.01481669143621485 0.004688728089690034 103 101 101
-0.054840249921538624 -0.014694039162957114 0.015654567716775376 105 103 104
-0.04569611175884955 -0.014841388393482365 0.015013562537872288 105 102 103
-0.03477415528340113 -0.0147799879081708 0.023926971428221564 107 104 105
-0.024990304594161235 -0.015003961187608645 0.024685190344421962 106 103 104
-0.014641615256839156 -0.015035319127737196 0.025521923876632786 102 100 101
-0.005361003974402225 -0.014896004066796897 0.02557602674260876 98 97 97
0.015264637563382373 -0.015257064347239085 0.03552044822237091 107 104 105
0.025386123411951036 -0.015285348462634235 0.03502528510387754 109 106 107
0.05530274678225532 0.005018058558955339 0.024869507609198566 119 114 115
0.08635569776490527 0.014685907395682169 0.007889103559732418 115 111 112
0.12607251219733595 0.024952930195790514 -0.0025640581724186346 122 115 116
-0.14540639953370887 -0.02480512863628154 -0.023464906400368774 116 112 113
-0.09518475760802371 -0.02557947880894996 -0.004836889469144468 107 104 105
-0.0750727601135958 -0.02467537393219748 0.006012228817797813 105 103 104
-0.05505389149022585 -0.02433916691947612 0.015757677922833977 102 100 101
0.034917845348449356 -0.024881455651463963 0.034671950953459325 115 110 112
0.08678411592715748 -0.005293644702539133 0.008336758117218597 123 117 117
0.11496387999443512 0.005549228660728009 -0.003000548168882955 127 120 120
0.12455807308073179 0.005244957686153034 -0.0020505106066165566 113 109 111
0.14567490517307574 0.014758113877871695 -0.0037031855632035497 112 108 109
-0.13495844324268727 -0.03407233847348378 -0.016802627931669093 107 105 106
-0.1136875070353375 -0.03469291344850995 -0.007107753212002161 99 98 99
-0.09404052877604341 -0.03492468841582643 0.0032632951292592533 104 102 103
-0.034873842883757604 -0.045002917731966505 0.026110133919590127 116 113 114
0.04632774911440075 -0.03493847391017108 0.027432711177611542 114 110 111
0.0852672373559756 -0.015295748165083342 0.014049586952568286 119 113 114
0.12492030048489249 -0.0051924422832865915 -0.0024980544885391557 115 110 111
0.1448880902246739 -0.00512278584644629 -0.003139864824336433 110 107 108
-0.14547666224790362 -0.04449339557591902 -0.02407083420826897 108 104 106
-0.13443256983889618 -0.0447378094486638 -0.026238464022599314 108 105 105
-0.1142051006204348 -0.045073252487857686 -0.00670156999028198 98 96 98
-0.06468713794096681 -0.055089381480444885 0.014931087796453458 96 94 96
-0.055052436388715764 -0.05545655033894608 0.01593176563892493 103 100 101
-0.0052790096299594426 -0.054855345877271464 0.025678048618344412 117 112 114
0.024991632481005426 -0.046271518790577316 0.026604990924273254 115 111 111
0.04522866359021159 -0.04558821337215495 0.027591745107431974 118 115 116
0.08551468460816596 -0.03503852509138798 0.007864892422816277 117 112 113
0.12655028709059418 -0.02458957812810577 -0.0021812040500703224 114 110 111
0.145065183174767 -0.015433999375958659 -0.00332011682931405 112 108 109
-0.143735854783677 -0.06452919100773866 -0.025533875912296257 99 96 96
-0.09553013345676854 -0.06537000580027809 -0.0023295279930628846 109 106 107
-0.08474174409697723 -0.06465714765825803 0.004277316864510464 105 103 104
-0.075273990993799 -0.06464172006250928 0.006177823351600942 102 100 101
-0.06486902549894834 -0.06506394986332738 0.01380180053775643 99 96 98
-0.005893833114247258 -0.06447322113508726 0.01738325502668743 122 118 118
0.03503553141046713 -0.06547120811773517 0.026162041954360584 113 108 110
0.07548301123191707 -0.04494265152416974 0.015484731552002955 118 113 114
0.11474862996241499 -0.03522629782954009 0.004671747886939223 112 108 109
0.12589914427434218 -0.03458400744799102 -0.002789406815288631 106 102 103
-0.13472601638526535 -0.07434053402130891 -0.014044289121665684 106 103 106
-0.12474777403707692 -0.07538302804869718 -0.013709325151623729 109 106 107
-0.00506081251829892 -0.07433482651513611 0.01644182336715637 127 122 123
0.004234372864872581 -0.07475040607251072 0.017418292574677894 127 122 122
0.06428740729257405 -0.06545440634009889 0.02402391532591289 120 115 116
0.08587873826934174 -0.054565341608713576 0.00804214793977416 109 106 107
0.12530059269894483 -0.05513879795136539 -0.0027599224805620283 119 114 115
0.14490872650697753 -0.045192073634810474 -0.0037993312686357746 113 109 110
-0.06416091653291117 -0.09491590027898436 0.012632799186946845 95 94 96
-0.05519365705783281 -0.09441343598875669 0.01575314827565574 102 99 101
-0.034959891788863294 -0.09591307039314362 0.014719075933657918 115 110 112
-0.02467183341676782 -0.09562407157696279 0.016412180628446474 119 114 115
0.014648392565971714 -0.08498086721379114 0.016709043586767617 114 110 111
0.0748911038894037 -0.07490001589896078 0.01456272876968436 117 112 113
0.1150452241680174 -0.0648062394903681 0.0039604789234741625 115 111 112
-0.11412046426834166 -0.09389700329389628 -0.007915497791069578 114 110 112
-0.08562737806323406 -0.09594003227264745 -0.0037236101368498327 105 103 104
-0.07527028293311396 -0.10491542269228302 0.005173274952440724 106 104 105
0.024155546182081256 -0.094815619731415 0.0238989318596175 120 115 117
0.07596769364691855 -0.08647686428818535 0.006911029731344382 123 115 115
0.11551265783347442 -0.08484147128117776 -0.002231706675872463 110 106 108
0.12591518779569902 -0.07573326028558017 -0.0028972193570862086 113 109 109
0.1452835602316266 -0.07523208655676579 -0.005236383523381979 115 110 111
-0.13561085770527498 -0.11493978717132765 -0.013662999865530361 120 115 117
-0.12543083851208342 -0.1151149556654398 -0.01416097003892411 121 116 118
-0.11434222185936076 -0.11501361754556724 -0.008084328239054568 117 112 114
-0.08517059571953262 -0.11573482647735674 -0.003079052158025948 107 104 105
-0.00495371693218871 -0.11484289707349064 0.01652471016041809 121 117 118
0.02557292228452418 -0.10582959077868324 0.016057451989769517 117 112 114
0.03477943610721408 -0.1055358079694644 0.016006811430999704 110 106 107
0.11595780383349259 -0.0952239800581424 -0.002518396866733995 109 106 107
-0.14465404594073478 -0.1253256560053573 -0.013949648299813421 120 115 117
-0.08567944918979138 -0.12552340316333652 -0.003135363800028977 107 104 105
-0.0744207726579821 -0.12561050503636786 0.004001714153535671 110 107 108
-0.01573069398101537 -0.12504053872573365 0.01619424623352509 114 111 113
0.025830108878749064 -0.12531602929328337 0.01685691601249777 118 114 115
0.05476463779940866 -0.11472387570220526 0.014530816888195757 117 111 113
0.06566126580445096 -0.1161271691536958 0.007421244779607617 122 116 118
0.10537096595038013 -0.10520042952057079 -0.0017801684797002905 107 103 104
0.11504653288545677 -0.10523035785742355 -0.0024754580204752238 111 107 108
0.14588432281427374 -0.09573166552430161 -0.012170621974271979 112 108 109
-0.13459761950835464 -0.1352444014101699 -0.014053495641344662 121 117 119
-0.12464439811040619 -0.1347993856418549 -0.014261246808550433 117 113 115
-0.10523743095405085 -0.13439514065426547 -0.015449955158507462 117 113 114
-0.08535856787194641 -0.13470941678853005 -0.003201532002273331 106 104 105
-0.04503428638819196 -0.13549467530432754 0.016615596641999596 102 100 102
-0.03512381401451401 -0.13524579974251047 0.015783281526155775 109 106 108
-0.025549903571038396 -0.1353967911634117 0.016169656003635284 108 106 107
-0.014809125654359321 -0.13510865251137222 0.015405597980493806 112 109 111
-0.00511030579459423 -0.13492098505807948 0.01571807136585225 111 107 109
0.005467848105080148 -0.1349341492452042 0.015516027085741567 113 109 111
0.015549746600662715 -0.13501909304943902 0.015578238934019406 120 115 116
0.04576180168406356 -0.12562230174200298 0.007513317466212663 129 123 124
0.05591954184127032 -0.1256074570898716 0.007291339926230036 118 114 115
-0.11536389940435622 -0.1448935590266665 -0.014328896847836363 118 114 115
-0.1053234059604724 -0.14572635277295418 -0.015708279693481472 117 113 114
-0.09481462270384698 -0.14476492132903693 -0.004297848854779973 105 103 104
-0.07448220923314147 -0.14533770780744718 0.004269546692612833 100 98 100
-0.004673804798685861 -0.14456832384099466 0.015340523118828537 108 105 107
0.005187252373047572 -0.1454179234518233 0.01601712158377608 113 109 111
0.014949630329604667 -0.1449805624407813 0.016685014390076424 117 113 114
0.0654118258138492 -0.1454383241422959 -0.0029652458135214577 114 110 112
0.09451905074233244 -0.1445223472423907 -0.004962364119784077 113 109 111
-0.1443398623358241 0.12455706936170359 -0.0082487707113296 106 103 105
-0.11504810970824923 0.12533755963687915 -0.014098282557844564 105 103 102
-0.09513005315264846 0.12444115187337598 -0.005539056874494549 110 107 108
-0.08473854484122376 0.13476680641632774 -0.00572254232409686 107 104 105
-0.04437830513502837 0.13438468589058358 0.0022961569706577093 102 99 101
-0.014797200002006067 0.14399536634055338 0.001828675583220766 106 102 102
-0.045207663864057314 0.11322682231189421 0.011910225978382013 105 103 104
0.005207524192343146 0.12480202865584153 0.004110012203025223 108 104 106
0.025112330186334735 0.13525132881312255 -0.003273524365309077 110 107 108
0.06562308094571127 0.14588639120053498 -0.01315885156845587 99 95 97
-0.13530717907810502 0.09459302458618524 -0.014387326246306602 124 121 119
-0.10594252801869315 0.10500586329409559 -0.013662123329471003 126 124 122
-0.07501210408950537 0.09530834222394596 0.005655607205763361 101 99 100
-0.0640393585871453 0.09482254637205027 0.012315110671798043 106 104 105
0.045162033491375896 0.12566556156357953 -0.0027072162723545917 111 108 109
0.07496814456204702 0.1353425886258987 -0.004530332082562334 106 104 105
0.1154954541133069 0.14525494817701823 -0.013010140083072342 99 96 98
0.13502435668164897 0.14518645234719094 -0.005595943705154581 99 98 98
-0.13450060003745873 0.07565205812829469 -0.007396739309939352 119 114 116
-0.034506321130939384 0.07546273499528959 0.023696709397214733 106 103 104
0.005536583546956939 0.08555835990102321 0.016383042845237887 112 108 109
0.045567166270533394 0.10454042348568812 0.005901482743500743 111 108 109
0.05486133828458087 0.1151298833984956 -0.0030665775490367466 113 111 111
0.11482190676744158 0.1246834969802756 -0.004675806477650664 87 85 87
0.12530948826472021 0.12434284598644069 -0.004119501209104915 95 93 95
-0.10580647284274732 0.07519363815317388 -0.004983967667171668 101 98 100
0.07507363264269762 0.09527505729724578 0.005295669462273915 111 108 109
0.09555544589323851 0.1056975051123473 -0.002649313896002787 102 99 102
0.11427249368376281 0.10499413758654424 -0.003026970107570557 108 106 107
-0.08485601819679071 0.055397819950130614 -0.004337421439987277 105 103 104
-0.06530445879616997 0.05490489590320176 -0.004579564535054699 106 105 103
0.004531108646099506 0.053687237198962456 0.032117878656848904 115 109 109
0.04350289359921594 0.06403335639087104 0.02158214708780017 115 111 111
0.05465298886280276 0.07488501551865798 0.013864662518135909 111 107 108
0.08497998386176532 0.08508182602727295 0.005739675690946946 114 110 111
0.09506886620387814 0.08506950902860996 0.004919504148845078 112 108 109
0.12522983450102126 0.09461302295892295 -0.0027581108907426795 112 109 111
0.13499150946612545 0.0947130558429454 -0.0032872410486510795 112 108 111
-0.05532769708301485 0.04534747848873347 0.00503395062918173 103 100 101
0.05583465559494752 0.05542415672925345 0.016714390255373173 116 111 112
0.0859463128794546 0.06542076492236863 0.006440019947705829 115 110 111
0.11576864724404279 0.0754915609094064 -0.0026615099006624668 111 106 108
-0.0851348318496395 0.025144201187953998 -0.0038407016772241905 107 105 105
-0.07476920140243883 0.025079238307081208 -0.005905701142772709 106 103 103
-0.05512119418253682 0.025127625534254166 0.0054713882668010186 106 103 104
0.04548766164339885 0.03501529635469659 0.02507149980396906 117 112 113
0.0655214791115548 0.045399087808366774 0.015793470741496743 116 111 112
0.08433806921132816 0.04509993279549617 0.013463974982294328 113 109 110
0.095243409225482 0.05462152142119549 0.0054952706513171305 118 113 114
0.13485682487737827 0.06450798344980602 -0.004124450306715925 116 111 113
0.0345365106369822 0.015110173829618821 0.033349755493318325 119 114 115
0.055879061982716347 0.025437812127876606 0.017525988406573937 121 115 116
0.08418895615812065 0.034586223484068035 0.01381284192588444 116 112 113
0.1253406633695095 0.045031005809492444 -0.0032720403912448845 114 109 110
-0.135033235512622 0.004913099002142941 -0.025228810494604723 127 122 122
0.005562221505380239 -0.0050083678259034 0.03382541410553603 105 101 103
0.04562487247865582 0.004870902775213683 0.027198506774764993 122 117 118
0.08460043030955168 0.015314830772765369 0.014216876671159012 115 110 112
0.10530487358587655 0.02520055789357135 0.005511071483151457 121 115 117
-0.13517280947597313 -0.004893542488994743 -0.026190107268070167 119 115 115
-0.11644877186021604 -0.0055079851028187075 -0.014312979202340169 95 94 95
-0.04405511784598676 -0.015944024046812808 0.02322900121446912 107 104 106
-0.013920143763331259 -0.01582640572401133 0.03271945712178093 108 106 108
-0.004705100903627515 -0.015656951585037538 0.03254051575154917 102 99 101
0.06643556294944285 -0.0046936701037643335 0.017804922573168493 116 112 113
0.09472154238362047 0.005267088338564295 0.007393735863259154 118 113 114
0.12495642639399276 0.015168476660753605 0.0040406143868070895 125 120 120
-0.02411715725677899 -0.03470536559684318 0.03226236930595329 108 104 106
0.04447136757725325 -0.024953036695495586 0.03326384317621511 119 114 115
0.06691120156895233 -0.014201411527020818 0.018000102040571005 114 109 111
0.13586183495656842 0.005064090066101194 -0.0024998985994637893 112 107 109
-0.14590227646573445 -0.034692273823067506 -0.02368538652068614 110 105 107
0.014237323557059487 -0.03550953575201534 0.026386774144791077 116 112 112
0.05525014963453357 -0.035187422944647134 0.02587810197189846 118 113 114
0.06593049763030456 -0.024722138111499325 0.017559710866718318 115 111 112
0.12451122780198094 -0.015026625973852363 0.0037212593590659135 114 110 111
-0.07317825354474014 -0.055056911669649704 0.012263238465389726 104 102 104
-0.015366091065180934 -0.055416955663831466 0.025339275370021865 123 118 120
0.005304159262663797 -0.054884345471142 0.025449255853424002 114 110 112
0.034631024909867913 -0.04533967856418068 0.026950041848312258 122 117 118
0.06668172567256976 -0.045635539918187334 0.017794998678508114 111 107 108
0.09452378921390542 -0.03519347891432356 0.007409382985982429 116 111 112
-0.14379033748500974 -0.0546195164183721 -0.01787925702236146 101 99 101
0.05543242441150084 -0.05492900577242716 0.02608012722952163 117 112 112
0.09591659908032288 -0.045027974812077584 0.0066767764291217726 112 108 109
0.12481773307317692 -0.045074614412252634 0.0033331138514528192 115 111 112
-0.125368562508932 -0.08386659420913573 -0.00801193361796525 116 113 114
-0.11469834760334895 -0.08476422763018562 -0.007646353428485548 109 105 108
-0.08608699135543321 -0.0855880629421497 -0.004677606436066499 106 104 104
-0.04515150498560141 -0.08446454407890079 0.015266627214042471 106 103 104
-0.034838037813187867 -0.08561852096974347 0.015000655862794981 112 108 108
-0.025354414561357296 -0.09504342772666499 0.024005587399053997 121 117 119
0.055750959467547975 -0.08489892637361389 0.018138115363229533 115 110 112
0.12439222135482858 -0.06438780454968683 0.003135394095280309 115 111 112
-0.06653239633003176 -0.09491438521803648 0.007605824363847967 101 99 100
0.07459877360736736 -0.0847866090997321 0.014006661772137148 117 112 113
0.12381913049315424 -0.08464100064113605 0.0031871656545865543 114 109 112
-0.08514965658557133 -0.10465262715380773 -0.003334473321369041 105 102 104
0.045309460959943974 -0.10464555481457888 0.023029084640408422 122 117 119
0.12442419202232752 -0.09416340406084871 0.0033774980913599184 118 114 116
-0.11526654923947684 -0.11455601928315925 -0.013659669992746735 116 113 114
0.06460950802960291 -0.11450886187177464 0.014019466003589876 121 117 118
0.09557105656474923 -0.10506041248418115 0.004147163036476202 109 104 107
0.14495487240635224 -0.10548643194814292 -0.006410477156818339 116 112 113
-0.005552343534027055 -0.13524985626936847 0.02277710018971901 111 107 110
0.09539567574837977 -0.12465620798566159 0.00337383487743681 120 114 116
0.12488604317402528 -0.11576956860300008 -0.0048038237707729164 114 109 111
-0.06535550644887471 -0.14501270178502085 0.0063908703839578715 101 99 100
-0.13541859618434499 0.13578595380167977 -0.014090957305761887 110 107 107
-0.11361590031281617 0.13422321973025736 -0.008355784988575764 102 99 101
-0.10494705859092242 0.13460434411389496 -0.008164451455674562 111 107 108
-0.01467451440411857 0.13455218181223824 0.0026471361695644376 109 106 106
0.01505147387348705 0.14569065883892723 -0.004379031038731661 110 107 108
-0.14465002100196955 0.09538321823464152 -0.006363600769998974 115 111 113
-0.1047443821218231 0.1046268690379676 -0.0043635961157782585 117 113 115
-0.08447363622599936 0.10460332992109365 0.002699435483867206 105 102 103
-0.015588873783828092 0.11379241586128964 0.011858827988974863 107 103 104
0.014981668317765921 0.12478685652034792 0.0034194364685613053 109 105 106
-0.13542067373894948 0.08538788535503815 -0.006328619040619244 119 114 116
-0.12468930392163198 0.08492868176616089 -0.006393008902335893 120 116 117
-0.0348073281163161 0.08495345687409633 0.022287558103732858 105 102 103
-0.01712696079302107 0.09298583364670947 0.022689708072371705 114 110 110
0.015178874750117123 0.10531237061985091 0.006968581768555698 111 109 110
-0.08489998993807173 0.07564047539140209 0.002876938256392121 106 104 106
-0.063739503210521 0.07577957486418699 0.01263796503405359 109 105 105
0.034762700422555796 0.09454603945905464 0.012165850232902151 115 111 111
0.07444050979732433 0.11469470705176119 0.002120387718045436 112 109 109
0.0848879128478745 0.11385406940221293 0.0016170139409055083 117 112 112
-0.0746063466111413 0.06489501293301955 0.004538558635563482 110 106 107
-0.05509577686625451 0.06544040929947671 0.013539968245308905 104 102 102
0.06509697468320663 0.09556403443458665 0.005848521446593968 109 105 106
0.09482260021917524 0.10395148276920901 0.0026637885827959997 97 94 96
0.10500229536701985 0.10441261809396866 -0.0030225984052038362 101 98 101
0.1246100794048362 0.10533750918416877 0.003834462781016531 122 118 118
0.14555535687020524 0.11485531636526533 0.0022411974285612064 99 96 96
-0.11509799657702159 0.054558809864251455 -0.008368478003597104 109 106 107
-0.07493519762850347 0.05519984354507807 0.003706577135873146 107 104 106
-0.004731236236521709 0.04489347376495335 0.03266571750633335 111 107 108
0.005160450074039308 0.04477316731938662 0.03350627593921545 111 106 107
0.14375291655964287 0.09563752646339317 0.0036998964069293403 117 113 113
-0.11343460856210534 0.03552607513127782 -0.008182637164719888 104 101 103
-0.06493529314351561 0.03475656007884553 0.005683160450565419 105 102 104
0.05456304177082108 0.054571020430937145 0.022293169756815882 121 116 116
0.08382344374876827 0.06499735308918064 0.01273622665245503 118 112 112
0.10479221582973233 0.07496899139613813 0.004388045721571707 111 107 108
-0.11324260017391274 0.02384576234288658 -0.008060696935612377 101 99 101
-0.023807969895022933 0.025589507028147242 0.022612618277915844 104 101 102
0.034065052696714664 0.025668495596384476 0.03280975058918027 120 115 115
0.11501072147882459 0.0642644056923189 0.003681832252334578 114 110 111
0.054717593144216765 0.02509766660766503 0.024448579300877304 117 112 113
0.06402990106690641 0.02506302397469603 0.022998086432319945 118 114 115
0.11469481822334267 0.04481307681173043 0.004170581460962158 114 109 111
-0.06513240184021626 -0.004757975532080369 0.004770210979247718 101 99 99
0.044644702712231546 0.00455173761427214 0.03292708158456925 124 119 119
0.09471933764052348 0.024734742757573522 0.013280520932765638 118 114 115
-0.11443951506172026 -0.015113013230486009 -0.006527063768362635 97 96 98
-0.0941966149726497 -0.015359859751295474 0.002257799392456798 103 102 103
-0.023640232213135937 -0.02500362699893209 0.03214561724901032 108 105 107
0.0940627439820201 0.014738218080159533 0.013502346580536168 117 112 114
-0.11446301650942203 -0.02549774959798764 -0.00727463203791807 99 98 100
0.005175776499226443 -0.03482380004125258 0.0343516922408339 110 105 107
-0.13457500718635798 -0.04464117932278641 -0.016377880699727527 106 104 105
-0.054207259149398855 -0.04494529766033093 0.022288144743432412 101 100 102
0.005638261613938735 -0.04498409070157607 0.03331527839499406 111 107 109
0.01510958150322037 -0.04525375365954798 0.034317975844245 117 113 114
0.07441673860296606 -0.024031892719796593 0.023505229625630918 120 116 117
0.13530683562015128 -0.004790529564801508 0.0036434505268402246 109 105 106
-0.12250100052607746 -0.055621246777815984 -0.008800085053025751 103 102 104
0.014648910360437877 -0.055389325271088495 0.026008699840263542 113 108 110
0.025028998366067902 -0.05475843702986154 0.034284834497104684 114 110 112
0.03507934573898318 -0.054740615359544345 0.03465636098314905 112 108 110
0.07478269873508542 -0.035409069483403416 0.022612758588218297 122 117 119
0.09591195310970854 -0.024556945883508076 0.006911676818164008 114 109 110
0.04436035979680876 -0.06403767814740613 0.03331964333700163 117 112 113
0.07432721387341892 -0.05452071910455728 0.023564186812416593 119 115 116
0.1341427852444475 -0.035285063978801046 0.003457869152717303 113 109 110
-0.13445213041873422 -0.08518105625923957 -0.008854986304836382 122 118 119
-0.12437267804706101 -0.07567264851579836 -0.008645644057967921 111 108 109
-0.0853145700761273 -0.075526785823241 -0.004552303753354958 110 107 108
-0.06441350193349596 -0.07510164867916153 0.00371390106591612 97 95 95
-0.03505962800911444 -0.08418420348691986 0.02377197347462766 119 115 117
0.07423959360775667 -0.06511739879097102 0.02411491585354858 116 111 114
-0.12399309034195172 -0.09474420295063096 -0.008437154426247076 127 122 123
-0.014956658005060252 -0.0949054991230929 0.023792861508387084 118 114 117
-0.004946100470608763 -0.09529818191430926 0.023615849692476293 119 115 117
0.09508803867761156 -0.0647216585738613 0.006621023517342548 112 107 108
-0.14406334150752317 -0.10461106711154707 -0.008203872904127066 123 119 119
-0.06421855226076592 -0.10648042604189589 0.01228990485161205 94 92 95
0.06492269285348196 -0.09498622657788049 0.024546094380015926 118 113 116
0.12454948162574112 -0.07495163605370503 0.0035801082545475304 116 111 112
-0.1449164122083623 -0.11490685430998339 -0.007604114271973439 129 125 124
-0.13415837272906964 -0.11528446113643893 -0.008528385354695042 125 120 120
-0.1251409956381341 -0.11499898280482004 -0.008246934771860667 122 117 117
-0.09554423589508666 -0.1147059251016905 -0.0038947655236201816 106 103 105
-0.034531111353239635 -0.11501271513057663 0.02198987466452822 117 113 115
0.07488882440721673 -0.09478738711165459 0.013687680787526087 119 114 115
0.11512007828711734 -0.09503824069419956 0.003225327178919804 115 110 112
-0.1343691695234727 -0.12515448085337852 -0.008042536855630774 124 119 119
-0.11470563506245339 -0.12504102153564867 -0.008369105281075992 119 114 116
-0.034715213103268874 -0.12499579381693317 0.02140197418171588 116 112 114
-0.02508522737273695 -0.1249114199141312 0.022099264723536027 118 113 115
0.07471556542905995 -0.11438449438916065 0.013260253755675902 122 117 119
-0.08284065083836467 -0.1350635132459836 0.00142834186501247 107 104 106
-0.03436973603544092 -0.13463269896494984 0.021749490452182003 116 113 115
-0.02548601695929917 -0.13510492831535534 0.021990720710584423 111 108 110
0.015078963357984825 -0.13453248095289555 0.02287114329606649 116 113 115
0.05451076322110493 -0.12432352092931719 0.013740455550095397 116 112 114
-0.08389229303766223 -0.14529370357777505 0.002068363808201711 107 104 106
0.034186478893177184 -0.14489258690769174 0.013310515024608914 120 114 116
0.10499846249651286 -0.12507804049683655 -0.0033718969121983183 114 110 111
-0.1351540634367464 0.12374840285229922 -0.008268751170429458 106 102 104
-0.03510518173667608 0.11563162196026863 0.006280795327629139 107 105 105
-0.034787423419635165 0.0951697231132935 0.015575774470065326 107 104 105
-0.004261045147660537 0.10589308560213151 0.006680613259090039 110 107 107
0.0349658940975423 0.12463034077480725 0.002697966272521192 113 110 111
0.05554002503138304 0.13520537246088246 -0.004002316083988079 106 104 105
0.09419974525933464 0.14460423148904686 -0.006146359078969219 99 97 98
0.05506180993323285 0.1141430628254728 0.0034324374505097966 112 108 108
0.09518528187861207 0.12502361622935257 -0.004521360762657738 88 85 87
0.02473403938058314 0.08512306930402984 0.015197937935488187 111 107 108
0.13436405008046737 0.11549073380506246 -0.0035120097145471523 102 101 104
-0.10521963725754309 0.055655082945764066 -0.016220243944028344 103 101 100
0.02483611548133915 0.06464669178255227 0.02349670169830855 110 106 107
0.045277990959873594 0.07481841347813202 0.014804672365337107 112 108 109
-0.11453146422819069 0.04547718308629695 -0.008819868871314581 110 106 108
0.1448368889122177 0.0849766583188581 -0.004103660170289417 109 106 108
0.004504343406325319 0.024856388732767874 0.024798838940412096 98 96 96
0.02566651468634989 0.03541227129927019 0.02697744365846264 112 108 109
0.05483101535854996 0.04517539536489229 0.022582646651629804 120 114 115
-0.024127849192940337 0.01535341823830453 0.022088946832914784 107 104 105
0.14488720735543187 0.0650126730563821 -0.004342701523173639 118 114 116
-0.1348881178718515 -0.025137068900511896 -0.027125234362207807 111 107 108
0.06400279242794327 -0.005769669972598483 0.023972965682427703 125 119 120
0.10467611708415041 0.005527587601198466 0.00601149205833591 116 111 112
0.06717869076361078 -0.03451718407136029 0.017937335828582573 112 108 109
0.13517538332750972 -0.01440313274218532 -0.0024945878502535975 111 107 108
0.025509484302046786 -0.0553340938501078 0.02594376326012641 114 108 110
0.044483540336840106 -0.055147685626731086 0.03331255674888642 118 113 114
0.08476986211911144 -0.05460809035004322 0.013506133570667104 117 112 113
0.13564497471118148 -0.04500599409880949 -0.0024586291396917867 111 107 108
0.0554414192636638 -0.07472713808084562 0.024241394360049875 118 113 114
-0.13519829288529725 -0.14454929697149252 -0.008368434641670433 124 120 120
0.054040511040492956 -0.13328391458466335 0.013303493841771366 118 113 114
0.08489118172890761 -0.13443888353284897 0.002845826796844605 120 115 117
0.0850314701951322 -0.14494411202999635 0.0028950140376859915 122 116 119
-0.06361682999402879 0.13268010706498726 0.002213839724263802 100 98 100
-0.03546418144681658 0.1426350116385326 0.0020282094983379243 110 106 107
-0.054908210957634124 0.11358833348573764 0.012796147971637067 102 100 101
0.0851717492004973 0.1457499973237451 -0.0054458025063179455 101 99 99
-0.14395148699663188 0.07527847152797712 -0.0075986051683857156 119 114 117
0.014451544216005544 0.10433176007527711 0.012297569903609053 113 109 109
0.06519789925157776 0.1253903092817502 -0.0032591316817024013 108 106 107
0.10516001004997054 0.13495122925306124 -0.005488119471864751 90 87 89
0.13505155066400693 0.135262031911237 -0.005468144728240615 95 93 94
0.014696606906406763 0.08318350061514422 0.02202315599865848 113 108 108
-0.08402064324719283 0.05555087690502319 0.0022603364409618004 107 103 105
-0.03423324718983921 0.05485873128504843 0.022625352736759478 115 111 112
-0.02427237842042692 0.04481950847185005 0.024395358470248242 104 101 103
0.014861388197898872 0.04396562482220866 0.032457127186852355 112 108 108
0.10469939738646165 0.08481337131068292 0.003699980630132084 113 109 110
0.02457511231786807 0.03499238304718729 0.032574719242786515 115 110 111
0.08434178887067963 0.05518924688849961 0.012812189028357783 117 111 112
-0.0554445029813204 0.01510363460649506 0.012308518350867144 106 104 105
0.10517215233544762 0.05496622897388427 0.004330564342564689 118 114 114
0.12424108314830361 0.05511626467002977 0.0032412426778233635 115 112 113
-0.06330555877562803 0.004969951910984031 0.01190256325929618 106 104 105
0.04419377788221931 0.015312198249430156 0.032511432787024695 116 110 111
0.0655595439997064 0.02528290776393416 0.016766951995324204 121 115 116
0.09439708283632436 0.03443766717945829 0.012992665154160978 120 116 116
0.12487695236236264 0.04481264779067452 0.0035766330996705826 113 109 110
-0.14506363022560187 -0.004675328829174809 -0.01826893656969644 120 116 117
-0.014216495376520043 -0.006748853647753912 0.033153974838428746 103 101 101
0.14518152723630953 0.03537820393523316 -0.0046989462945998825 119 115 116
0.13420798959026695 0.01534027888853955 0.002682181600339761 118 114 116
0.09489419825469973 -0.004365167163428811 0.013579185648665257 116 112 113
-0.1011768975731831 -0.04533125326413874 0.001218771787077591 104 101 102
0.09437268175565196 -0.01507856443810664 0.01360873148815645 117 112 112
-0.10281978979494588 -0.05493614428059238 0.0007966844863120659 84 85 88
0.1346828754774983 -0.0251514144516945 0.003711130540953268 116 111 112
0.14426113894578294 -0.03469643662193922 0.0035481812539908467 118 113 115
-0.1461653900619812 -0.08599352932974774 -0.008746095467270343 117 112 115
-0.04390576829318581 -0.0849356678323228 0.022473486215176936 107 104 107
0.09409281554412324 -0.05506602219870467 0.014257482055350722 117 112 114
0.09422968289935577 -0.07483867718694662 0.013239443203648628 118 113 114
-0.0841695422926951 -0.10472730895316296 0.0024196415064926965 104 102 104
-0.06288745695197093 -0.11575420948964119 0.011820506160016802 100 98 100
-0.0630845533667808 -0.12518584413240183 0.011319136631146512 102 99 101
-0.04217975813683976 -0.12566782635384618 0.021638956042991896 100 98 100
0.12405058677919764 -0.1052011721424361 0.0033440347652640106 120 116 118
-0.062317893581964434 -0.13629385684396433 0.011214605936419519 110 107 109
-0.042840242820988 -0.13604727969307348 0.02096944736073415 119 114 116
-0.06272616309154161 -0.1454941577591064 0.011429266063330772 102 99 102
-0.10414253302978854 0.1440077990939923 -0.00870327984977412 113 108 109
-0.09472742575005047 0.14393037192669694 -0.00790393512614368 116 110 111
-0.08333803845031978 0.12259739266696323 0.002166620620382013 110 106 107
-0.09404220445856441 0.10564856937908472 0.0016095266446747303 116 114 115
-0.025122714402783297 0.11363539874713803 0.012460640510142375 108 105 105
-0.01579453871103648 0.12420402150907071 0.01459972807726495 111 106 106
0.01492586877392218 0.13441044242263728 0.002346352459810519 114 109 109
0.0253208877920419 0.13496418715065986 0.001935291153612578 112 108 107
0.03491415458581141 0.13421937626881403 0.001952969603346964 113 109 108
0.06486315987206066 0.14533220482334974 -0.005628036483998685 99 97 98
-0.0932678664335706 0.09333741300708111 0.0014955839155522677 102 99 101
-0.0252104978708959 0.09218992712234708 0.021068030346478805 109 106 105
0.01412004599181028 0.11379550797085132 0.012969927636870113 115 109 109
0.10469640132652719 0.1453085586870559 -0.006021651402855941 92 90 90
-0.04407249208776862 0.07586005006933316 0.022755926376119773 109 106 106
0.06458213102814825 0.11447768518829525 0.0027210873318142584 112 109 109
-0.11555609665991817 0.06478114579586071 -0.007557266735820138 111 107 109
-0.08463977306840201 0.06601439396483047 0.0025428873467546517 110 107 107
-0.0347462063861431 0.06594199497991299 0.02363260899404592 113 110 110
0.024122505538235983 0.07398270918767165 0.021803710601274402 110 106 107
0.05531415911273802 0.09479616434056494 0.011691068260075477 115 110 110
-0.00480469466390308 0.054460435992789685 0.03260831047706596 116 111 112
0.07466106549361726 0.08369712453607327 0.011725332536798241 113 109 109
-0.08382869540896216 0.04504307791088623 0.0025878481062903413 109 105 106
-0.053671883000282805 0.04415820153519804 0.0123028181368538 108 105 106
0.07462103729387423 0.06502738671079837 0.01339901685226645 117 112 113
0.11568983687960052 0.08433574740806685 0.003145263223740956 113 108 110
-0.09484051764952811 0.024604610410624988 -0.0036370162384002655 107 104 105
0.03493823999859296 0.03513939530396982 0.03194484394692704 116 111 112
-0.0934791947174778 0.014898760365926775 0.003324992437357494 105 102 104
-0.06374391314599007 0.014672214489642744 0.013341262918305341 100 99 100
-0.03414374265276522 0.015160011346800787 0.023694362468536068 103 101 103
-0.09397984740660935 0.00444964568629532 0.0027310073974380848 104 101 102
-0.07360875073658546 -0.004687133129327353 0.011619340915446807 91 91 92
0.07456512648692652 0.00500639960765493 0.02296733437834572 119 114 115
0.11529968368725424 0.025591249890517757 0.004722337013827423 120 114 115
0.024936852069455524 -0.0244643557486876 0.04206904672705971 111 107 107
0.07473517194465915 -0.005631380399480992 0.023549928037956188 120 115 116
-0.014332507717935072 -0.03582928703308636 0.03217867090666099 112 109 110
0.0757347443720931 -0.01474303392891078 0.01599970991388649 117 111 112
0.11435085271706805 -0.004564871574542381 0.004777648076905053 116 111 112
-0.0938181227659303 -0.06452157781059013 0.0022608833709032126 105 103 104
0.1039569064852 -0.05485030841567384 0.01297489526660158 113 109 111
-0.09425361313068108 -0.09477259966596886 0.000638564777046475 109 107 108
-0.043607636718195175 -0.09534841422618051 0.02220458030524591 104 102 104
0.13383141434122092 -0.06441269519430094 0.0027829071516190544 115 111 113
-0.043495333945409484 -0.10481474003423533 0.021544777023634124 112 108 111
0.05427288833756185 -0.09421838683990018 0.02409626514778419 122 117 118
0.1439100298756635 -0.07371735743410221 0.0020610405635769343 118 114 116
0.07391112573659141 -0.10468517462422329 0.013240100119747888 121 115 117
0.03373891037078053 -0.12429268672479137 0.023385848738897385 125 120 122
0.0447414024219375 -0.11449808414738924 0.02322752017856901 121 116 118
0.024080348379055976 -0.13477751142593974 0.023025044946998908 125 120 122
0.11426426944074308 -0.11469213475920297 0.0037233666959384107 118 114 116
-0.1453573480276175 0.13486943211508073 -0.007127625463822892 108 104 105
-0.02541516420781905 0.14375880825376725 0.0016102427171143434 108 104 104
-0.005022075629568839 0.13444585772524364 0.002414048592227844 107 104 105
-0.005464163534723393 0.11380074494653193 0.011990369557852766 113 108 109
-0.04443855831579328 0.08458734762753854 0.021676827201343687 103 101 101
-0.005012194723824062 0.0950009797217258 0.015332343542932473 109 105 106
0.06433306234507727 0.12332541711656325 0.0018499126177111598 117 113 112
0.07536129053398911 0.12423494375565947 0.001782717640674818 114 110 108
0.1254160970683903 0.14468200396482309 -0.0060389228248218275 95 94 94
-0.015749947747848117 0.0745666105794422 0.034572327531116664 112 108 108
0.10476549089157533 0.11453301818205039 0.002618214866415263 88 85 85
0.11457996402103406 0.11410595971638066 0.002635712833211322 89 86 87
0.1255265824218395 0.12258377537340331 0.0020726394836866483 93 91 91
0.11468468514669526 0.10489214429084054 0.0032410665331240973 107 105 105
0.04563011304341259 0.06534777158100863 0.016720137098482954 115 111 111
-0.05411754728155023 0.0350625434913383 0.012759794500866308 106 102 104
0.11434433507898693 0.07444701353354657 0.003604512796462612 110 107 107
-0.11431228211067271 0.014883450264210916 -0.007099321875527287 100 99 100
0.0639045091988423 0.03520070179881329 0.02265263537540629 120 115 116
0.07512093556084364 0.045353747263819695 0.014560164268714525 116 111 112
0.0749798758735583 0.014882136384820256 0.015498808651543731 119 114 115
0.10423492916823522 0.024283726418875693 0.012074016616657543 123 118 119
0.10398867797544016 0.015527670735250534 0.012834558649238947 124 119 120
0.05446759107051712 -0.02494624708721674 0.032431887943386084 119 114 116
0.0742663222142004 -0.015418183794275677 0.023400481372134057 119 113 114
0.14397126913294853 0.015085336279164413 0.0021275074648964966 116 113 113
-0.005285368931246189 -0.04493133668260868 0.03261936864954973 117 113 114
0.054226079388435905 -0.03485760597721928 0.032537405500029974 117 112 114
0.1440779166312496 -0.004259257994354767 0.0031928555412846903 112 108 109
0.004137085636165419 -0.05514814804832713 0.03302391360764852 119 115 117
0.015786522957515602 -0.0549166244251551 0.033163637517808514 119 114 116
0.05359160991724852 -0.04571441810028253 0.03272825097812574 118 113 113
0.10399168567702279 -0.024447104425833487 0.012578446375622224 118 114 115
0.1450508105761947 -0.015344448601247276 0.0032520781794260767 112 108 109
0.04435071050097332 -0.07435664996754329 0.033115548453196385 121 116 117
0.09449638399286443 -0.0649026066806306 0.014069884544515188 122 118 119
0.08432740199225895 -0.08450955299606942 0.013306277789411137 122 116 117
0.08476281436156595 -0.09505799875680092 0.01384197072355068 120 114 117
0.13483207919324233 -0.08560364337298908 0.0027478343791318993 116 111 113
0.064038621033673 -0.12442302800535783 0.012767530024936276 117 112 114
-0.042801747873777614 -0.14598865883108877 0.020899125293108625 108 105 106
0.06380101290196957 -0.1335859102272947 0.013266912257962742 121 117 119
0.043965177755242495 -0.14358998391053554 0.013172752237442397 110 106 108
0.09452212484713754 -0.13417411313981728 0.004558717045929791 117 113 115
-0.13510999247695857 0.1343077632848755 -0.008510998141815936 108 103 105
-0.04599417225416141 0.09452374920632219 0.025697368502864915 107 104 105
0.003260356344031356 0.11282068488729935 0.012166920258183037 111 107 106
0.0038638951751227904 0.09390280608098049 0.026187922458929536 104 99 100
0.01432943798694587 0.05258479911843526 0.03180352846127254 115 110 110
0.10403962402825953 0.09446774837941703 0.003558972554101744 116 112 113
-0.00322085996032204 0.015093681208287269 0.03337566810168399 105 102 103
-0.04382518535603645 0.004205489082942765 0.02365314281790034 105 102 103
-0.07313790006754435 -0.06499691326816245 0.012797635619942153 94 93 95
0.06606113870974747 -0.07486777262271002 0.017104239299628045 109 105 105
-0.13389667206194575 0.14489306123443482 -0.008667955087359062 121 115 116
-0.12376755199982122 0.13487588925996055 -0.008309036152511573 115 109 110
-0.055281408526422424 0.14427742669609658 0.0042927065068382175 96 95 95
0.004917190288408117 0.14308817825543077 0.0013252543823450125 108 102 103
-0.015261333403146034 0.09545418263429459 0.015632808404939958 105 102 103
0.0541943992675781 0.12407242801876027 0.002246638015851598 109 105 106
-0.1257087257900938 0.07553273055084478 -0.007289056875015306 115 111 113
0.07545102290055575 0.11497323605571133 -0.0026472031386408613 110 107 109
0.1046471154648027 0.10425764533437784 0.003026701872058976 102 99 100
0.14405322309593113 0.11543043462666863 -0.0030561775824197272 101 99 102
0.06492572108274422 0.07463126843530239 0.012836149698774908 112 108 108
0.11426981977565479 0.09511038769401588 0.004112646550461731 120 116 116
0.0242300711886166 0.04470031406446586 0.03144015713608142 111 106 107
-0.14546204818198644 -0.01431282254690764 -0.017930028216174943 116 112 113
-0.07380456610707663 -0.01626060031419232 0.012030678397435317 100 98 99
-0.02433094401536533 -0.01655049321616926 0.03332362002927566 106 103 104
0.13492007139847945 0.025305459403543378 0.003071090457035311 121 117 117
-0.03424813591950927 -0.03531483809504988 0.03414255024285158 103 102 102
0.05421441500325854 -0.01501261126585614 0.0321232916859084 123 118 119
0.094327574795399 0.005440663376996061 0.014074686370769725 116 111 112
-0.024708611705770992 -0.044771643272587834 0.031930041870815155 119 116 116
-0.13690635423456715 -0.07620811916521389 -0.008930797033552752 108 103 106
-0.0439344233378424 -0.11496990428926733 0.0208936095655179 103 101 104
-0.02638198477636615 0.12468115367848726 0.013566962754975228 118 113 112
-0.0936933036707784 0.08575477887104842 0.002021249580877456 102 99 101
0.02441231642486088 0.1051250190654548 0.011494964516157094 112 107 107
0.033761934791904834 0.07371643305029413 0.022137445896446565 117 112 113
0.07450555569329508 0.0750017386722635 0.012501091844060017 112 109 109
-0.024856674810712832 0.033980994034974274 0.022622213299788217 101 98 99
-0.0037452716872178587 0.035245242471709716 0.03275355306009195 107 104 105
0.10460163545454171 0.005460572612152385 0.013011013003335991 119 115 116
-0.1023859695589763 -0.03565234298609382 0.000979334020539968 100 98 101
0.10393854235795413 -0.004816423071462328 0.013310471762925604 115 111 112
0.1446553057129752 0.004766109477748726 0.0026783259759512222 112 108 109
-0.12312533368728006 -0.04409241229322582 -0.008426106543546993 92 94 96
0.05447466525555962 -0.05484216585583281 0.03302806876238466 120 115 116
0.1340981336718378 -0.07479034927756467 0.0029424172313015314 119 115 116
0.1049397636574961 -0.12530407615067907 0.003936769896386543 117 113 115
-0.14495549905415744 0.10535419908570196 -0.015503886248102599 106 104 102
0.10401549020564566 0.13430393168509763 -0.01353346128694993 91 87 89
0.11385922426462118 0.13528786587652147 -0.012736171573050768 94 91 92
0.13509922409888417 0.14550346578645706 -0.012426767022008338 95 92 94
0.14450176299409667 0.14512631378530233 -0.012190349535497589 96 95 96
-0.003781205945092327 0.02635648207833896 0.032820496641207 104 101 102
0.004843426340905372 0.015194863503306727 0.025295553864211225 98 96 96
0.11549592461208684 0.055343351670227546 -0.002467676775019171 116 111 112
0.08623693669761161 0.03594651254648324 0.007647283152465091 118 112 114
-0.05407443919538055 -0.01593971373636918 0.021840983772991606 104 101 102
0.1168369236992755 0.025965832967204196 -0.0020015068207678423 124 118 118
0.07558410838920925 -0.14552340157667024 -0.002870552022843889 111 107 109
-0.08514770739924417 0.14525295207477526 -0.014595590168135926 101 99 100
-0.03501438883073174 0.13532352716791038 -0.003303418556456744 105 103 103
-0.02495679120127445 0.13595553789110978 -0.0027797014720733607 110 108 108
0.09534789715555897 0.1442929147398275 -0.012996922308378107 107 105 107
0.024515813311079975 0.0954483781664781 0.0076200629954038005 115 111 111
0.13464100263841508 0.13476128650012106 -0.012117258988932282 96 94 95
0.015054470777095609 0.07621503246205412 0.017007719703321305 113 109 109
0.035419805736165065 0.084841492247935 0.006598981735871394 117 113 113
0.03510324032923921 0.06573137238293875 0.016652974748869755 115 110 110
0.05467841299340229 0.0755011035671569 0.007519791641119327 117 111 112
0.09468270191174673 0.09622172470831382 -0.002383977421484218 104 101 103
-0.09362611530740918 -0.0060014007352922945 0.0027847691211750148 105 104 104
0.04576352947950816 0.08598173505497106 0.0066649940102025095 113 108 109
0.005166058953637036 0.004866176897143926 0.02444407562639341 97 95 95
0.1464575188014524 0.05502122479895062 -0.013512108850939106 123 119 119
0.14414274832885943 0.04225931622830712 -0.012244942514812611 122 114 116
-0.04497978624054375 -0.054635328982154896 0.014679759699902937 101 99 100
-0.04454702174235416 -0.06455616742213453 0.01397347229227917 102 100 100
-0.024544505354830156 0.0856707674007547 0.01704874478373225 108 105 106
-0.015151299314925435 0.02605358976733979 0.014843459633916546 98 96 96
-0.044342493908754194 -0.07481762975768874 0.014378323762346941 107 103 104
-0.1057299223294719 -0.10438546642582854 -0.01656772150052828 110 106 107
0.06534898611890465 -0.10601613619264227 0.006769082633999872 123 118 118
-0.07479963754272552 0.14508521711720151 -0.014663538638663784 94 93 94
-0.07550534541100334 0.1251800300202836 -0.0051377398634505494 100 98 98
0.045334763307423934 0.14669286239300783 -0.012936919657478235 114 110 111
-0.1153236098211393 0.09485347075885311 -0.013661303634160864 129 126 124
0.004875649416820844 0.10620468754419618 0.00688637202319012 110 107 107
0.14415577542756913 0.13431800358905888 -0.013307969618754183 100 98 99
-0.07459756201149767 0.03540607558456597 -0.005592769867214811 107 104 104
0.10542205210770833 0.05625430105450202 -0.003132544280195594 130 123 125
-0.025544168763119244 0.0059021206039300755 0.014887800332134106 106 103 104
-0.11576616649038983 -0.05489501145468573 -0.015393228809262974 101 98 99
-0.0916640148813273 -0.1045316965258462 0.0010657465504375074 109 106 106
0.05549049295293583 0.1443957956808727 -0.013561657772615199 104 100 101
0.07579534760079874 0.10673814627631954 -0.0028575125698157944 112 108 110
0.10593312641479599 0.0748605452815334 -0.002683662245816715 117 113 114
-0.12319625034463148 -0.01523812571943246 -0.008568308295201277 104 101 102
-0.0739820286776975 -0.07478142509574683 0.011248236067108683 91 93 95
-0.046352430839576186 0.14158137309992483 0.0018919268111319276 104 101 101
0.025019859471213844 0.12475580208451313 -0.002645071063689097 112 109 110
0.0531324106564317 0.06438362720716505 0.021599943508569815 112 107 108
-0.03362912939248548 0.03520778409204299 0.02243312215101186 108 105 105
0.05368224277691712 0.0040878177432294395 0.03201788032967916 124 118 119
0.08443490404969732 -0.10453172689985558 0.013619305395035005 120 116 118
0.13477019223041237 -0.09388694884201314 0.0027644660654722974 112 108 110
-0.004899266138896048 0.14387578671683682 0.0018872041340419015 106 104 103
-0.015258582322768959 0.06368216934512298 0.03175480641538163 114 108 109
-0.006022936616717035 0.06307519532907915 0.03197742123227138 106 101 102
-0.033887321875349485 -0.025367393345693746 0.032406924627761804 99 96 97
0.0248566445702431 -0.06399486324006554 0.033385416111215274 111 109 110
0.05412450100595863 -0.06421603288984154 0.033593003805328744 117 112 113
0.14457638396717948 -0.044676611316998745 0.0030574500274977885 118 113 114
0.14408411256311532 -0.054697037389803325 0.002704679706432971 117 113 115
0.06568276266005603 0.07522172533233346 0.007370705746590805 115 110 111
0.12578693411539005 -0.04443544460893798 -0.00348167061113664 113 109 110
-0.07009427234730273 -0.10657660694407883 0.010030425548828381 103 99 104
0.1045361237926991 -0.03378261216041262 0.012895811233878954 117 112 114
0.10465883100297495 -0.04540364522418377 0.01298999865089244 117 112 114
0.014239740005392116 0.12665534658781535 -0.0024079384055095 114 110 111
0.046334281894779186 -0.025314830429525464 0.026988127254797878 114 110 111
-0.053466231176490284 -0.08326051380850706 0.021209153042990647 91 90 91
-0.14496458380156363 0.11562038350095932 -0.01596104591992697 115 113 110
-0.06362805185961205 0.11450472838960933 0.014923841539946425 97 95 95
-0.10275774677779584 -0.024028114339228513 0.0012920867184926937 101 100 101
-0.07180741682059129 -0.08482773332055135 0.010688542267831957 93 92 94
-0.01441149097831456 -0.10585925483095542 0.01621105413671806 119 114 116
-0.004733768773528057 -0.10561783895860963 0.016045848604158093 122 117 118
0.10593289916573637 -0.09539144115777759 -0.002552145008630155 115 110 111
-0.01443481366396276 0.11506031132827839 0.006515417324881267 105 102 103
-0.05396425844524677 0.05514925372684115 0.013100193501028328 111 107 108
-0.09345442369544966 0.025615533619169652 0.003959222231799584 105 101 103
-0.061917257825113384 -0.0444966006327425 0.021285803745299647 97 96 98
-0.004856138852572025 -0.02527730214660585 0.02588531607720805 104 101 102
0.12515092584324405 0.01560237242125601 -0.002663789294988752 120 116 117
0.12516936791926062 -0.015234753228715831 -0.002442954091164425 116 111 112
0.11606731380656252 -0.07547403130163888 -0.0027710754520781818 114 109 111
0.14508646629409752 -0.08534300454737141 -0.012648648636443237 117 112 113
0.0563510924958143 -0.1468484344810489 -0.0030907124788844644 122 118 118
0.1147940221735435 0.14479943622290825 -0.005878476054634166 91 90 90
0.07424528082841671 -0.04516634044961526 0.023940729637595932 120 116 117
0.005509037643659549 -0.11518733753672519 0.015516941342095482 122 117 119
0.01590163184798786 -0.12508472114071328 0.015146843807803947 113 108 110
0.0578732249069913 -0.10833472126543363 0.006802638554428808 126 121 123
0.0458790977093421 -0.13525519638720152 0.007196885061004495 112 108 110
0.14649913002479845 -0.10512798614635485 -0.01243398483838696 112 108 109
-0.12270768224410972 -0.00522947212996287 -0.007212154519029808 96 92 94
-0.10254617056527149 0.002992947190563718 0.0010504287743301477 103 101 102
-0.03551752905050615 -0.0044730053759114595 0.014601870826479872 105 103 103
-0.14482496739490727 0.02420001158147529 -0.024900154058269907 126 121 120
-0.13536744979026796 -0.015228496707696753 -0.026365967947567716 116 112 112
-0.015096927120939463 -0.08503151523508715 0.016281387616846856 125 120 121
0.10464674190698686 0.04375083531805924 -0.0015519104359734471 126 118 119
-0.024720517694046526 -0.10561751599939669 0.0157582536493006 123 119 120
-0.014971098911609259 -0.09565720799935257 0.016264706209805847 121 116 117
-0.005012866137498022 -0.09545773228947033 0.016280015221867818 124 119 120
0.0045516632789518756 -0.10560170615385371 0.01592782035718211 128 122 123
0.08606208050277125 -0.016024918919758296 0.007557618945971616 122 115 115
-0.004782877366284904 -0.12436047115172995 0.01578300839655605 119 114 117
0.01488166572476465 -0.10566208015882525 0.016252417033288113 117 113 115
0.11506529139100813 -0.005668407353532703 -0.0026907565612110454 119 113 114
0.004820551051521938 -0.12533686098998967 0.014896128265720437 115 110 113
0.11535209239560448 -0.06564839518231859 -0.0020972113474999167 111 107 108
0.08585815204591579 -0.12567931181268355 -0.002938711760417631 116 112 113
0.09476495825640263 -0.11544845425887375 -0.0019281287545683606 117 111 113
-0.06388636556789568 0.06599790438261162 0.012153337450038857 106 102 103
0.005727815531775883 0.07663782771224198 0.016817347620326314 117 113 112
0.014795761147404884 0.09614115649618171 0.006570617444693415 116 113 112
-0.07079576567883536 -0.0900914216808626 0.0103130900896663 108 104 105
0.02598179123518428 0.005777178542797684 0.026611753711444964 117 112 112
0.03578226084657991 0.004479197381805412 0.02762287260044937 119 115 115
-0.024731606364258245 -0.08573623955028699 0.01604682590096705 121 116 117
0.05640359470317361 0.014478610673944224 0.01729571293654042 115 110 111
0.09539279799720682 0.07352732104282274 -0.0019373636237768844 121 114 114
0.08633471423284973 -0.024582850848741403 0.007480037678414063 122 114 115
0.1144751614620573 0.015464520545355274 -0.002535415420367282 127 119 119
0.08563565222482647 -0.044638391004223545 0.008263692223988088 113 109 109
0.14553473548940524 0.03495670151999008 -0.013192188998905582 126 119 120
-0.09435437715223959 0.07612203934095116 0.002221415463877996 106 102 103
0.06469024121369489 -0.08444225765872074 0.025009984591878722 116 111 113
0.11615213132933225 -0.055979787909234545 -0.0031749611434676835 117 112 112
-0.1246418712083738 0.003716821671729237 -0.007126217776622895 99 96 99
-0.09312835943888646 0.034844363133139405 0.0042441677132539395 103 99 100
-0.03360484152686475 0.024236126056846805 0.02496325521840569 104 99 101
-0.014500610713564909 -0.04414395376986942 0.032539523752572526 127 121 122
-0.05150436549838869 -0.09491795489504042 0.021802762087206162 86 86 89
-0.12241206639122963 -0.022629938830037277 -0.006934669264955969 99 95 96
0.08737362607431111 0.004478864078185755 0.008271461039059555 115 110 111
-0.043171611038402335 0.06519310254235444 0.02249355691717296 108 104 105
0.09631561704735629 0.08630984602889685 -0.002156532876005958 118 112 113
0.12590001232866152 0.13582449373504363 -0.012637177483456281 100 98 99
-0.14459121410703046 0.0653574821197889 -0.007101346649422003 120 114 115
-0.10394498173525858 -0.0045837226249561625 0.0009117428774197332 98 97 99
-0.1228137944952406 -0.035002849282748 -0.00840877735002262 100 98 99
-0.06264508407636558 -0.0331533917518796 0.022273910223950866 99 97 98
-0.02462939675610733 -0.1450844197301834 0.01575313238022493 99 97 99
0.14579745323602933 0.10578964733154132 0.003807032692268045 113 110 110
0.07512462143707761 -0.13552190754158203 -0.002537647276033276 117 112 114
-0.09451235974706192 0.05320792619605297 0.0034556188382051955 109 104 105
0.0648579071606655 0.06561318157344267 0.007431495460040125 122 116 116
-0.14482238734362582 -0.055456697123650256 -0.025088737736173896 105 101 101
-0.10414032471298665 0.014959825392359462 -0.01630258671073711 104 103 102
-0.0556047153885676 0.08497242722355504 0.004812388872777329 100 98 97
-0.11550573228448202 -0.07510301346884726 -0.014581299162731647 110 107 108
-0.10545071660638689 -0.09404817738746425 -0.016727144034451788 109 105 106
-0.0842337894137166 -0.0654983087420829 -0.006295013514016078 107 105 105
-0.07488108612802845 -0.11539860048222524 -0.006567853772631811 105 102 103
-0.03514213319020603 -0.06482651782660775 0.016566941837311062 114 111 112
-0.034571333998891604 -0.14522419470673 0.016279448080288077 104 102 104
0.1157084185461342 -0.14558518370306323 -0.013843204747788234 122 118 119
-0.14534552591583388 0.03401113839067148 -0.024449189550186632 131 128 124
-0.09464235006797035 0.13486055500846317 -0.014227611460103377 112 110 110
-0.08302867974027694 -0.035292687689726224 0.011603465200871335 104 102 103
-0.014575062209763418 0.08641339533718478 0.016653395425618136 110 107 108
0.02476771844529148 0.024500552830740263 0.02663615984918292 114 110 110
0.03545916073734097 -0.015051803992802947 0.02691627681657819 117 113 113
0.056028707280994565 0.004437728874812203 0.01823104861188254 124 116 117
0.08511817940504704 0.09551253238777233 -0.0034752139172732036 118 114 114
0.024985737668832202 -0.11564983227904135 0.015408977300673476 108 102 104
0.056406567902653575 -0.0758889528066742 0.015733144869122695 125 119 119
0.07638607160677416 -0.12603654367991757 -0.002343298026234253 115 110 111
0.14504139712247247 -0.1151858303376802 -0.013064665428665552 110 107 107
-0.14504877968655686 0.05640920891657578 -0.008842653791701282 122 116 118
-0.13575329523991245 0.06566113560876158 -0.00782868649220511 121 115 116
-0.013484316271379616 0.0555515813630778 0.031539366386732624 119 114 115
0.036902829937006484 -0.004766189389690142 0.027600506954053465 114 110 111
0.025341700933132927 -0.09499505575124699 0.016477124617452186 121 117 117
0.06458475767417227 -0.09433524620941994 0.0075470112125261375 123 118 118
-0.01577030627646952 -0.14512271141613872 0.01527632979233207 104 101 103
-0.13534455351741817 -0.14519050583124496 -0.022134227201937823 121 116 119
-0.09540731762616612 -0.14468114760256165 -0.016095387199221153 104 101 102
-0.0048996918651759485 0.07529842755941303 0.017307598956359124 117 113 112
-0.07545725308365506 -0.14484899875130502 -0.005510903529483129 102 100 101
-0.07514417566017689 -0.13487452992358434 -0.005820242110463003 105 102 103
-0.024672138272639817 -0.0651961671158035 0.016837677677304184 124 120 120
0.015609327481221853 0.035107926247649024 0.027337837120820507 107 104 104
0.004904677192800947 -0.09510546212542678 0.01584259030771381 117 112 113
0.005031604474754285 -0.08455748712087717 0.01629213878003101 121 117 117
0.014926932957487864 -0.07409220745513372 0.017287764542753305 122 118 118
0.03501558463404153 -0.0954415250733733 0.016313005782163006 118 115 116
0.07533150751211484 -0.0646762818788559 0.006513770012933162 109 104 107
0.11536734061002639 -0.04496712229055007 -0.0033030431195086377 119 113 114
-0.12446594187783444 0.04636071622017722 -0.007559884946744129 111 107 108
-0.03411566194320218 0.04438110290792589 0.022138709613883464 103 101 102
-0.015311382949192823 0.10656760373102088 0.007171717784992119 109 106 107
0.1062763559650814 -0.07491480928529451 -0.002741461625774827 118 113 114
0.10496911785677701 -0.0653823124466361 -0.002780578772393738 118 114 115
0.13477272762952897 -0.13598708232090098 -0.013891325965283991 124 120 121
0.14532034431783222 -0.12516815328411687 -0.013441478090592306 114 110 111
-0.1045677212049907 -0.01562219673842159 0.0008861681124828103 91 91 91
-0.0711932935848591 -0.11569366954089036 0.010042518714500792 75 81 83
0.024736643825677758 0.06480733562078356 0.01713387967211642 115 109 110
0.04599833613242226 0.11609436085080588 -0.003085664910021361 109 106 107
0.05590243905608658 -0.04529170975594484 0.01671867038925584 97 95 97
0.11626081734242302 -0.015171753877583334 -0.0029124130792178094 116 110 112
0.10402679889288448 -0.08611162201305414 -0.0040358150455227304 113 109 112
0.09489912236717275 -0.14538060847053785 -0.013162726051768079 117 111 113
0.14509180536961014 -0.025682201258599095 0.0033428683105011002 116 111 113
-0.12390259145820974 0.05530738114958792 -0.00822481173126365 118 114 114
-0.12524325554226987 0.06518485862840483 -0.00821546512882049 118 113 114
-0.01596210033133124 0.07600016375196354 0.016800846695452294 113 110 109
-0.0049364073280271205 0.08537884697878788 0.01667978441120153 109 107 107
-0.11466940843482529 -0.06612124324203583 -0.014490795493112338 103 101 101
-0.08181715626890762 -0.04453183126422317 0.010795969099318736 102 103 103
-0.0627631119695949 -0.05542885403473256 0.021481017639711903 98 96 97
0.024818889969357296 0.01506601754258447 0.027732992763311263 111 108 108
0.1357073774459028 0.10484546469177711 0.004384814353472656 124 119 119
-0.04511707370967317 0.056073153582837 0.023164605391914322 107 104 105
0.13582766788289136 0.08517094149728366 0.003812168300924492 110 107 107
0.13431651899448918 0.09567326676847826 0.003988036237010828 115 111 111
0.11630679815135193 -0.034139797648506325 -0.0016533250219573435 123 118 119
0.14451373922495056 -0.13533178480908098 -0.013070972735788947 122 117 119
-0.025434250111102247 0.10588157341465863 0.007191898046894057 110 108 107
0.07572182928240397 0.005024074301639456 0.005949381257526943 114 108 110
0.11521422074109625 -0.024300423629417135 -0.0029504542825503077 118 113 114
-0.13530773429890156 0.11492697983252216 -0.014636868658248892 113 110 109
-0.11431704899506649 0.14462637764002131 -0.008387356710732157 117 112 113
-0.035285345451172116 0.10628897881846497 0.006926271018385282 106 104 104
0.014824853481882184 -0.0954364547604032 0.016060495598638275 118 113 114
0.05452385185448119 -0.10486301080708153 0.023205762499762136 126 121 122
-0.10241083547164587 -0.07408210442861464 0.0003259562182765056 90 88 91
-0.10421153993726567 0.024682790729990092 -0.01621819124153446 102 100 100
-0.0549501841078938 0.08651539468408544 0.025286270610972106 100 97 98
0.005616392252421701 0.12573552618313721 -0.0033508595365028373 115 112 112
0.14666590754166295 -0.07650089388454187 -0.012291352420121646 116 113 113
0.14541066130272992 -0.056623797137241215 -0.013012159737632084 118 113 115
-0.015344392297860084 0.13523073002686545 -0.0032979031161181017 109 106 107
0.03509673060729788 -0.07485118153259478 0.032205544846194444 118 115 117
-0.015064789844907642 0.045726342723630777 0.03287033125805657 110 106 107
0.02447926476954408 -0.14490347801377235 0.022982150625761814 125 121 122
0.056929684573898444 -0.055406525699928426 0.016187887193564246 115 110 111
0.05895345602274295 -0.005118402511995737 0.01867688148208253 125 120 121
-0.035706298291277236 -0.01451083312975117 0.015337442779757288 105 102 103
0.03407303282917215 0.05579212275489461 0.01696980118522482 118 113 113
0.055992140293709164 0.06436250997885722 0.008808931792394142 113 109 109
-0.08504997081227231 -0.0047906879753237255 -0.005761134627951434 103 101 101
-0.06548383889243418 0.1152243164786495 -0.004076261554480355 97 96 95
0.01568919589928127 0.14668920385665118 -0.013091077386698523 115 111 110
0.1249906384884791 0.08522325863013841 0.0033996050357967883 115 111 112
0.12457208822291059 0.09506298844110567 0.004099021340698344 118 114 114
-0.10276892469313695 -0.06461141550414752 0.0011511756131307646 99 96 97
0.025517389714866605 -0.034598852640971345 0.0431281716725906 108 105 107
-0.1345224887297581 -0.03555006072707379 -0.027125547037924885 107 104 104
-0.0243430111144203 -0.07490161160391767 0.016442323434089887 123 119 119
-0.0653661728755489 0.1251310164151857 -0.0051725709202400565 95 93 93
-0.005066680006141044 -0.08441622984989651 0.016582219868707324 127 122 123
0.07833701368010348 -0.05433777476599865 0.007494272784415295 116 111 111
-0.04485803362939438 0.10516029700293951 0.006610423365204684 109 107 106
0.14451590747941226 0.07500364175711997 0.0030381783739642965 121 117 117
0.14556851487546432 0.08528673480918443 0.0035268191710588243 120 115 116
0.13503801613829028 0.11441032348874319 0.002683808361074081 107 104 103
-0.13544484864610884 0.05518292953354642 -0.007955761125297587 128 122 121
-0.06433216701662292 0.046435216248526964 0.01509114507103157 106 103 103
-0.06248302402222643 0.05731147230040963 0.012917636965585335 109 105 106
-0.07481792345433722 0.09309825142783092 0.01357732283410494 100 97 97
0.01424713037167905 -0.06391691678520134 0.03246812330754776 120 116 117
0.025506429275370907 -0.07428846520450261 0.03174369997532857 112 107 109
-0.12503035370132126 0.03453204186924433 -0.006065109884494145 117 111 112
-0.045035857238121375 -0.06262703304606579 0.03089738604250991 108 104 104
-0.03471091583383904 -0.05620070486456954 0.033153535515889614 122 118 119
-0.03348735232040215 -0.04571566886342314 0.03346369082523242 114 110 110
-0.09367516289427051 0.06525374688381118 0.002956709128244898 112 106 107
-0.024433951743414988 -0.055219424726757727 0.03249256235865088 130 125 125
-0.06477924455337365 0.033482115172251706 0.01361450809905863 105 101 102
-0.07468575715150955 0.07615506840510272 0.014851323361367325 110 105 106
-0.015224073825952155 -0.054690756258249 0.03252606507782931 130 126 125
0.03469254917534127 -0.13402112847027808 0.023595741786765045 132 128 129
0.015083495079685504 -0.025614277506898455 0.04483409384805868 104 101 102
0.01664152895514323 -0.015565176993610891 0.043690146970636605 112 108 109
0.004576854272100176 -0.014965134961986322 0.04198926109808379 98 95 96
-0.013825177450065361 0.0357685403734902 0.0340535905785788 110 105 106
0.04303904445326347 -0.1257204438338523 0.023187520980362534 130 126 127
0.035370802251567766 -0.08494447426341623 0.0333554419459178 121 119 119
0.024737703233985615 -0.014838577273514656 0.04192680912293258 116 112 111
0.024386560437460077 -0.006647188356265653 0.042685910009964315 116 112 111
0.016483850515437236 0.005436247987716699 0.04515161470569926 109 105 105
0.05490807612639805 -0.14440380305208939 0.012717473438344335 119 116 118
0.004831904544317879 0.06284578711126726 0.03287132299087666 107 102 104
0.0961959490902085 -0.09484997190649999 0.01253109774078801 116 113 114
0.09478431196817905 -0.08425124723486864 0.01304694210768303 115 110 112
0.06360721294054282 0.0940630105889935 0.011442480764020213 112 108 108
0.04475684181969631 0.13430931509021415 0.0019201652624009022 116 112 111
0.07467984463963294 0.09429483932039193 0.013292801684295622 109 104 104
0.12409681139925331 -0.11542111734466264 0.0031022661499877494 118 116 118
0.09442799867864264 0.044443435296325426 0.013782511356176067 123 117 117
0.09501254987542584 0.05473129967266083 0.012695544208623337 117 112 111
0.10362950300238293 0.03405716717129798 0.01235111098950308 122 117 117
0.12424854547552883 0.06503801712898868 0.003209132263457447 112 108 109
0.13497432269432785 0.03417341727639007 0.002484196681989654 120 116 117
0.13469251678682503 0.05524896443916439 0.0026442093011108435 120 115 116
0.13487802176758254 0.06506736523781914 0.0029915844566065003 119 114 114
0.12477034939488446 0.07501477985777066 0.003340909485686138 118 114 114
0.14549539416821555 0.054497564959278426 0.001631729449036583 126 122 122
0.14484738421723617 0.06432089863189373 0.002228006729167486 126 123 122
-0.1053797329671704 0.07365937808641264 0.0047293845344853 108 103 104
-0.013869710274664175 0.024571976333750398 0.033748711981682646 101 97 99
0.13457445186774233 0.07514524991668901 0.0036619666415264687 118 115 114
-0.14394883848567083 0.14686684722977228 -0.007682228790365382 113 107 108
-0.12478419023338944 0.1450536760693557 -0.00825498026172033 127 121 121
-0.05537033571183629 0.07427450914848621 0.023571143330739716 111 105 105
0.016496141674921604 -0.004408020939570182 0.04260829655587468 107 103 103
-0.00520157333807862 -0.0550697442110856 0.03207948939854379 124 120 121
0.10407404510257126 -0.01506193895316121 0.01270188231137177 113 109 111
-0.10543651131521779 -0.11419193505296368 -0.01633157888847364 113 109 109
0.014821836447641745 -0.1155527717439151 0.015266152566570365 123 118 120
-0.12532907611406696 0.1150310826746551 -0.014105581559707892 108 106 104
-0.006135318002147057 0.06633359055859771 0.016407476197789744 116 111 110
0.10792959104034196 -0.14514753191082852 -0.014225082403264215 122 117 119
0.046127273987677936 0.025383731796847556 0.01747990299092235 127 119 119
0.04527046565021644 0.036661324323993126 0.016975785093782735 121 114 115
0.12465325126451009 -0.14509058550938583 -0.013662282537908934 127 122 124
0.1157205815032729 -0.1355449265556292 -0.012546043200871538 118 113 114
0.13562302704957518 -0.14483680878557614 -0.01338834125983 125 120 122
0.12489884777867681 -0.13490541831379313 -0.013670166140461489 118 113 114
0.12500220713809101 -0.12536329236524846 -0.013892464570465179 120 114 116
0.14470269796312235 -0.1455017242163442 -0.01436818856582277 122 117 119
0.13552800052510686 -0.12518168499936674 -0.013260065738564687 123 118 118
0.06574386643587338 0.05568273021416656 0.007084899180059177 128 120 120
0.06594440805486235 0.09447248445576878 -0.002620249853124679 117 111 112
0.0652886078530818 0.10509583782005899 -0.003991042332752736 117 112 113
-0.10472731840668537 0.005308928923926432 -0.016134917283774402 103 100 100
-0.04531815386922465 -0.034490761118193686 0.015595754930386379 102 100 100
-0.05526065646522726 -0.005151102655082244 0.004942567954913119 106 104 104
0.03645127932579073 -0.02421868473469141 0.026513161792765177 117 111 112
-0.05532812549851349 0.12557252955987214 -0.003583292411021815 97 96 96
0.04592291530208847 0.10474467634727351 -0.0032180548215251636 112 106 107
0.05508807116537773 0.10501683361265877 -0.002938853319428361 121 116 115
-0.02468755303565491 0.1264238284612759 -0.002975819184131249 114 112 111
0.13455362652495265 -0.11515176091468299 -0.013287596010985947 118 113 114
0.024927828421318486 0.08615063343341679 0.007302978531948823 119 114 113
-0.09496065140133642 -0.1340750814035926 -0.015979790112671158 110 106 107
-0.14488743577382607 -0.08404774059986672 -0.02364547333760856 102 99 100
-0.13411707015311422 -0.06535292100604981 -0.025317810391693625 103 100 100
-0.07512137379403543 -0.0855737187943761 -0.006277291921747902 98 95 96
-0.03538329427585384 -0.025100249517782693 0.016375884435878035 103 100 101
-0.055009782969763235 -0.014440787259822082 0.006240644650981978 102 101 100
-0.05503366501908259 0.004676045307736698 0.004703561597696471 105 102 103
0.005073803510516218 -0.0056624497457740675 0.024870381169421904 97 96 96
0.1048683856469893 -0.13663917352080288 -0.013340750479135513 119 114 116
0.09774061857773535 -0.10506456915162814 -0.0048726941782830935 122 116 118
0.09341325888357213 -0.09572026265411435 -0.0033460960622084144 125 119 122
0.01419338893595803 0.025151792981283554 0.027327322213639416 106 102 102
0.005056779663885924 0.0345023687675799 0.025349667874746604 100 97 98
0.05646769142192197 -0.013788622694743504 0.01606010575854716 127 120 120
-0.02570637419384976 0.09672188479521716 0.007639154594714648 120 115 114
0.0783136027989895 -0.013362546784575342 0.009551392530261604 132 124 126
0.03612268276529772 0.04573692406811094 0.01606445899156339 121 116 116
-0.0049971860391992 0.0868891908739795 0.005295775216658805 120 116 117
-0.014831249834698516 0.09649327061993525 0.0072083366015672345 113 108 107
0.13483338579944362 -0.08722433441750115 -0.013167189374068673 119 114 115
0.023521758270716935 0.0771935671355026 0.006263134584132001 119 112 111
0.014415658723270913 0.08586920899077637 0.005561704528060887 114 107 108
0.005843130032121207 0.09606857706066099 0.006057906928802622 116 112 112
0.07587265082644933 0.025433816643202028 0.00645160624007679 122 115 117
0.07473170170431566 0.034727189444851016 0.006941539920600148 119 112 114
-0.005038650386147537 0.12552713158542014 -0.003124845329890602 113 109 109
0.14600021730096988 -0.04500313739612606 -0.01263393156227377 117 110 111
0.03630703191240994 0.11430698340559745 -0.002861697216527498 119 115 115
0.07576835951589077 0.09630831136048199 -0.0038780124909440746 119 114 115
0.14606719949224267 0.015623273567582764 -0.01338856970397026 120 113 112
0.062017221243710695 0.12457475040799024 -0.011920247043143184 116 112 112
0.05326632983535464 0.13771751337814 -0.01129212047088718 116 112 111
0.0844532058793004 0.11568063515635944 -0.013378691870096012 110 103 104
0.07537033383314615 0.12466075109878644 -0.013042536028081364 112 107 106
0.10382613957420772 0.11637129066480395 -0.013460399922489886 99 96 98
0.0944806462322403 0.12556823331304415 -0.01306408619613213 103 97 99
0.11561475706475717 0.11461248669606272 -0.012875588686327362 100 96 99
0.1050619334222875 0.1252693141440831 -0.013862008942418371 91 86 88
0.12504041265673776 0.12558252227051867 -0.013224992484698338 101 97 98
0.13515935111511584 0.12464987691130153 -0.012558130572454867 104 99 101
-0.055437619872631835 -0.13512404216028095 0.005221947834601799 95 93 94
-0.08506147911845964 -0.024816003182101355 -0.005290356227356273 105 103 102
-0.025685395656550997 -0.01448084659812081 0.016132549114061274 104 102 102
-0.044597214029216035 0.015450382858459401 0.005713324979389577 102 100 101
0.05378379425290189 -0.06811843178655333 0.018365298534030627 129 120 120
0.035386694399732396 -0.0359722023236273 0.02695387481759188 120 115 116
0.05625136517176902 -0.03453709919613665 0.015243115996144863 120 114 115
0.014947715962448553 0.05563620615389219 0.017073776243842813 117 111 112
0.0052117217077241 0.06435512249895395 0.015915371661572485 120 114 113
0.1351786391145524 -0.09543958888963348 -0.013481808522720497 116 112 113
0.10594801522872094 -0.05387988943686117 -0.002743840407341177 117 111 112
0.016721687968052592 0.06673930072972176 0.017370804429521665 120 115 115
-0.005737710937386541 0.09569450689969976 0.007671232619797454 114 111 109
-0.03469043979799464 0.12603739127965785 -0.0028021913708916346 114 112 110
0.10614047919879217 -0.01674153302883492 -0.0022990492368223 126 120 121
0.14722573273567 -0.015532931756863861 -0.011333739962018252 120 116 117
0.10506788558176156 0.03577848431184738 -0.0032117794150074122 126 118 118
0.14526208708376268 -0.004655278672562769 -0.014126129576345264 110 104 106
0.07418181038063953 0.13554324598065198 -0.012933827342936322 122 118 117
0.09486833563869342 0.13618262483348775 -0.013020205895284213 103 100 100
-0.05518647796517911 -0.14492983938229764 0.004718562562011868 98 97 98
-0.01516942023152611 -0.07481234758826756 0.017037513883884074 120 114 115
-0.024931133640617456 -0.004387134448128012 0.01531108743897433 106 103 104
-0.10483608798067677 0.1250969173110137 -0.014344418303937378 108 106 104
0.024877326510014525 0.054542499536476205 0.016283560312933782 121 115 116
-0.0451098928075821 0.12611030684285002 -0.00309250958078185 98 97 96
0.03620807606506034 0.07593750300457179 0.008121479685941613 120 114 113
-0.015622069568621453 0.12561897717946524 -0.0030580956115172087 118 115 114
0.015134506565267524 0.11579917895114407 -0.00299838259028525 118 113 113
0.0650400032455221 0.13424996906106856 -0.013561989659955096 118 113 113
0.09662540714358775 0.1153283173553122 -0.012314004028720404 109 103 104
0.08485784098135865 0.13631300917347308 -0.01285246517395018 115 111 112
0.11537373233178021 0.12513193469548634 -0.01454954365243228 97 94 95
0.14540879894903455 0.11682273637833461 -0.013156002271036298 111 107 109
-0.03643005803041565 -0.035187930532004426 0.017667764575264637 102 100 100
0.004992906090159359 -0.015475432307126556 0.02672285547379298 93 92 93
-0.04505786207900872 0.024996438408361406 0.005130690133096738 102 101 101
0.05492509004904148 -0.024995654054027545 0.016968765229993712 117 111 113
0.03537214907096485 0.03483574547469722 0.016521772729742187 119 114 114
-0.06486735437094195 0.14579676068249367 -0.013018456610750054 95 94 93
0.10673132563145578 -0.03457543671706994 -0.0049252938647131135 120 114 116
0.06641764477534648 0.04727332188831831 0.0071728674681172154 124 118 120
0.05559070283286176 0.05751932657560048 0.006057643976744975 125 117 117
0.04554956412942712 0.09517260998968971 -0.0026282507663778045 113 108 109
0.09837402447998446 0.0543919321040421 -0.002872726742787579 128 121 122
0.14438089432414708 0.024433385865624095 -0.013096097204394228 126 120 120
0.13528348971770213 0.03345496615699926 -0.013819958485294137 118 113 113
-0.14442359592719556 -0.07490992237351654 -0.02487844136851458 99 96 97
-0.13459169232093549 -0.05455624243849452 -0.02674282540319284 102 100 100
-0.034400240889575585 -0.07504067153928967 0.015222953124673469 116 113 112
-0.06504726010157455 -0.04482623573024863 0.004934866694386293 101 99 99
-0.014347689260151555 -0.06507851831679111 0.017394249231097243 124 119 120
-0.04486863442017031 0.005323230758191235 0.006685354780711171 106 103 103
0.023593962249319866 -0.02527996281613308 0.026512608329396763 115 111 111
0.09668038397189366 -0.08528088330012928 -0.003685952244928581 116 110 113
0.12775353675525156 -0.10576782820929455 -0.01435289965775873 120 114 116
0.04580292118664048 0.014863762976222305 0.016708256265609494 125 120 120
-0.035317344191962946 0.09570456156117621 0.006639543914088733 118 116 113
0.1061191492107025 -0.04593510908280735 -0.003761345622800727 120 114 116
0.04839868329055839 0.06590867269854163 0.006535233278078478 124 118 117
0.10467730170539184 -0.0050641839937971295 -0.0032775931883338274 124 117 119
0.10456375727387601 0.014849922664037384 -0.0032187495019529683 128 119 121
0.035242050230482214 0.10418973046120417 -0.0027453377795697564 124 120 120
0.07672305066961757 0.08512344727814394 -0.0030352059396870773 120 114 114
0.045176364061961516 0.13585305851218196 -0.013798049593412723 117 112 113
0.03634399958326653 0.1460696738068549 -0.014646127814263917 113 109 110
0.13604649826494142 0.02466563364141191 -0.014969965604896733 120 115 114
0.1260610998869366 0.11637710940089455 -0.012872620533908197 107 102 104
0.0045505739648462416 -0.025373897447748674 0.027122151517089525 105 102 103
-0.015381198333507165 0.005184337721562275 0.016145314100037465 105 103 103
0.12456556615904252 -0.11542558999758715 -0.01445219065647474 119 115 116
0.06258723091890916 0.033622230347831454 0.005200430927047056 116 107 109
0.006150542723513008 0.11379612680082689 -0.002406859098861347 116 112 111
0.02451149127627929 0.11493485777527672 -0.0024381634402634187 121 119 116
0.05432669024706508 0.09605568653735201 -0.0036200095309625474 122 115 115
-0.06510152711763434 -0.1453406062400764 -0.0042329434035639135 98 97 97
-0.054557294622468056 -0.12534973961461088 0.003801703447882579 93 91 92
-0.0748112350496883 -0.09540182609274767 -0.006369473479132744 102 100 100
-0.10512905079701847 -0.08449818655458369 -0.016658011780527407 106 103 103
-0.004169578269895752 -0.13562156946100337 0.007348850181496169 111 106 108
-0.06485476463693324 -0.0543540683187569 0.004175953688232921 99 97 97
-0.03620795406338718 -0.04503422328107855 0.01682353591487188 109 106 105
-0.04528976076427065 -0.04527906519038604 0.015259983046431962 101 99 99
0.06702051584006412 -0.12514420014334243 -0.0025486917913931173 127 123 124
0.08467808860885584 -0.11576509534007128 -0.0023375704581164287 127 122 124
0.07631870184273294 -0.11491050722099994 -0.0029683584563948264 120 114 117
0.024552007480941995 -0.03519679156751061 0.02677628438003291 118 114 115
0.014155329345804478 -0.01436995881479083 0.026926206115217666 102 100 100
0.08511425521928007 -0.10461837222561256 -0.004085442515932495 125 119 122
0.024539548937686756 -0.005290012739860058 0.027101545204824877 114 110 110
0.1123857977711791 -0.1282817345688894 -0.014593484001797798 127 123 124
0.1065787749488848 -0.12254307217184988 -0.012033681464015808 121 116 118
0.08628931464880084 -0.08480272746172308 -0.002972229421865554 121 115 118
-0.025069196170194038 0.06574822061167794 0.015646261302869297 106 104 104
0.1355453127324082 -0.14356321116891346 -0.02046048247122717 126 120 123
0.11775181778077339 -0.11395479952200238 -0.01335796773364398 116 112 113
0.09528619755975465 -0.0756913668419864 -0.0032601553244926786 117 111 113
0.07470099165822101 -0.045933749124728064 0.004422167880302208 122 116 117
0.0463219838139427 -0.0031949566286816242 0.017190104034717695 125 119 119
-0.05468007607415761 0.09501698020357659 0.004868561429697833 102 100 100
-0.09448724544368885 0.12504675764006523 -0.013532307485452057 114 113 110
0.14558524633939293 -0.13332026027161875 -0.02064721035070116 120 113 115
0.12266127604008226 -0.09589109039859237 -0.012755778463772271 111 107 110
0.07579842743457545 -0.024633529843843403 0.004521631223259308 122 116 117
0.0380340989658803 0.026437140342297143 0.017429688951664263 128 121 121
0.022690630461698058 0.04569780225883249 0.015937314675672304 123 118 116
-0.02257993923840146 0.08775762356770678 0.009406877281589232 108 101 104
-0.05601785179645994 0.11653608456265799 -0.0027354237717788854 105 104 102
0.1271576692596549 -0.08166258583937949 -0.012902788766536 115 109 112
0.07569044598576873 -0.006696179341811431 0.004426996542267321 128 122 123
0.06564704862021958 0.008545174914956669 0.009142466861744025 128 120 122
0.13591900247855773 -0.07466946125373237 -0.014098228266831825 123 118 119
0.12828113547820588 -0.06482762955559944 -0.012987862830005378 123 115 118
0.10397991091250443 -0.0245015216468 -0.004225579748316388 120 115 117
0.07398178408963894 0.014637224457801426 0.005859836772501996 130 125 125
0.06767546312884383 0.02478104386632591 0.004729360668232596 120 111 113
0.04545856192941282 0.05545866920352948 0.0071145408701516755 128 121 120
0.035910340091048897 0.06542191745628201 0.0060731704040378085 120 112 113
-0.05490595278089123 0.145862667922192 -0.012623301347311726 99 98 96
0.145386725519773 -0.06532893976752843 -0.01485884602522485 119 113 114
0.13439344555693264 -0.0647107163639315 -0.013280757964786486 122 114 117
-0.003533404003989604 0.11659975840197893 -0.003041627588184248 118 114 113
0.03373629646013701 0.09736606292899284 -0.002847297539532001 118 111 114
0.024137825813631136 0.10604914141714751 -0.004738385860823664 116 111 111
0.14429599190325199 -0.03430627525039262 -0.013765110673221032 122 118 120
0.10745575570955751 0.02738320535677252 -0.00431122255355236 126 120 122
0.09489515223952716 0.04419607424886747 -0.005390431439414339 119 110 110
0.0653649130883728 0.0843082729127462 -0.0042247661624347675 117 111 111
0.005908970036631378 0.14527602369372722 -0.012332604621837672 111 106 105
0.13467101200655113 0.005482168433506131 -0.013255996262205555 121 115 116
0.02739019331868775 0.13628200414199945 -0.014719885190094076 122 118 117
0.1460498077208716 0.006464708680189894 -0.014316086442468031 121 116 117
0.05448624200196115 0.126917166641953 -0.013107161243611744 122 117 116
0.13489671286970784 0.04626938486287976 -0.014891227066052481 122 116 117
0.12483668612431116 0.05328793519578395 -0.013166604438934415 127 120 120
0.14461936209705414 0.06602921399202252 -0.014339520716317685 123 117 120
0.116611904717192 0.10690130574464156 -0.012302512278324296 104 101 100
0.14451583714919344 -0.06483719145509265 0.002586590562708745 116 113 114
0.08477231954515534 0.07528100329993866 0.01184382390884891 120 115 115
0.08361250328623407 -0.1137942107392514 0.01375756887777954 123 120 122
-0.07644541508597473 0.0831956419008488 0.01520351100784414 110 107 107
-0.025596613862371224 0.05635657306456512 0.0341904938417148 113 110 109
-0.14378016102757324 -0.12416366822023049 -0.023148664803321062 130 124 126
-0.044097825352212995 -0.14558245995811164 0.005367761406094988 92 90 91
-0.13461813823856164 -0.11375664635777762 -0.023274651298977923 134 128 128
-0.14522261755733318 -0.10409594875620386 -0.022339463247812455 132 125 125
-0.14549495235921117 -0.09382057319072556 -0.022948186292439658 117 113 114
-0.09536905462307477 -0.10471415211116558 -0.015734496956576135 106 103 104
-0.13450862369571476 -0.08433115661133053 -0.02368235286084967 114 110 110
-0.12576943701180907 -0.0647092504773009 -0.02351825608890134 104 102 102
0.023340117841675435 -0.14742028555185252 0.006881513828485619 123 117 120
-0.03553003785589189 -0.05560696077001448 0.01655748046418631 111 108 109
-0.12409935476976176 -0.024563383060380525 -0.026307442209278702 101 99 99
0.04684714837761575 -0.1451804812548885 -0.0015606202638365947 118 112 116
0.035069350289485574 -0.12366348915994504 0.006891228387128277 129 124 126
0.05585532719836912 -0.13318788633731898 -0.0024442010184702267 121 116 118
0.04606651618383907 -0.11582680060964243 0.006226296644792763 129 124 125
0.024956639777855005 -0.08407025011353966 0.016136668161706596 114 110 112
-0.12503110799772185 0.025302895184432215 -0.02511189353886368 128 125 123
-0.13491594786566133 0.03490199299271206 -0.02481267372203167 126 122 121
-0.14535910613752914 0.04450880901577109 -0.02334021756152676 128 125 122
0.055055986883457114 -0.0975379948859361 0.007911000333987644 122 116 117
-0.015196647801101594 -0.014451559172010253 0.016966854278941176 101 99 99
-0.07479563346050432 0.0154223298548044 -0.005802177048707644 100 98 98
0.08808695974396871 -0.13515307246519473 -0.01161787195148154 122 117 120
0.05833386411271826 -0.08525885248734417 0.007360494760166684 112 106 108
0.04429317556838666 -0.05687059953860043 0.01765738716299407 109 104 106
0.0973522351052336 -0.12781014778700725 -0.013210676920036227 112 106 109
0.07790997422458694 -0.09354707540492103 -0.0009249730429091718 121 112 116
0.06791629992309052 -0.07628241750625529 0.0050366737354003615 123 116 118
0.04627552367022928 -0.04389293673439115 0.017887144604334493 120 112 114
0.04287746701648626 -0.034468495324809785 0.018318861362408307 124 116 118
0.02498584079488588 -0.014997289416270486 0.025734047092042522 106 103 102
0.01500351734498618 -0.00485221213696777 0.026663661803270535 99 97 97
0.11677680951128283 -0.13830213815665163 -0.020009241995564753 116 110 114
0.0665051798273237 -0.052390023356642945 0.006936148029691447 130 125 127
0.0606532196354325 -0.044014472885316236 0.00883761410320664 120 114 117
0.04505348243598388 -0.016257521225969376 0.01722855848706001 127 120 122
0.014686166884789372 0.014898999720963174 0.027004605839147634 101 99 99
-0.13522707242725335 0.1235780064090724 -0.02271829421043302 122 122 115
-0.14511716891800672 0.13525002337992326 -0.022180610861002387 117 116 110
0.11427932584752247 -0.10435395692560302 -0.012467780229712788 114 109 111
0.0861035908847289 -0.06281573526287708 -0.0017098352963902015 121 115 116
0.06749630926378929 -0.03550871259701177 0.006540242204933248 126 116 121
0.04299163701919417 0.006830775501493309 0.015035192072592407 116 108 108
0.03424976068292559 0.014345731880950063 0.017201052874400696 118 108 110
-0.006008142168452808 0.05407102092510003 0.016864045556390282 107 105 104
-0.015075001204093578 0.06574564470773663 0.01675334833364621 109 106 106
-0.045603142708796125 0.08461286124405577 0.006665949632874064 102 101 100
-0.07443651978114045 0.1054410690510222 -0.005236809258213271 94 93 93
-0.12524181607858612 0.14519664092970033 -0.02253931933219418 132 131 125
0.13799775506888576 -0.12097548085059028 -0.021171177152028948 106 101 105
0.1169835787191652 -0.09040875142061675 -0.012209113025640761 126 122 125
0.11479708689125527 -0.08658690109585382 -0.011504816695883047 116 110 114
0.09564965642180372 -0.05578950885694065 -0.003868954389191631 123 116 117
0.0896407521030338 -0.048032763425164035 -0.0017366842005134275 115 109 112
0.07506384112254988 -0.03432596011714115 0.0038717071800091762 130 124 126
0.06727945365425586 -0.014125565730620487 0.006825291619555973 111 104 107
0.06207962228818472 -0.004883008633769087 0.008529865404629708 131 124 122
0.055925015973727565 0.0030402455275293366 0.009444299682917545 130 123 122
0.024727148205067773 0.03515799823485838 0.01620689485027252 111 106 106
0.14768502098252043 -0.11354927885122938 -0.02251254731693153 121 117 121
0.14221533831777897 -0.10585386285864919 -0.021045986917910414 125 118 122
0.12360023273242178 -0.07333096781820216 -0.011730095509404986 123 118 120
0.1159722697011862 -0.06542494543344023 -0.010807389443454904 121 119 117
0.09468410947472394 -0.044820492205955936 -0.004569526270196078 124 117 120
0.09612941451957294 -0.03523655936656163 -0.0026826926103921123 118 111 113
0.058654305472128944 0.018726207626583207 0.00768934920167641 125 115 117
0.05227328570330686 0.02675545134116493 0.008371938679802182 116 108 109
0.0046623552008600395 0.0775457898020395 0.0056344521436098765 120 115 114
-0.03531664548077923 0.11543659967020432 -0.002735909508617307 117 115 112
-0.06489568159899164 0.12464964685903727 -0.012868217904481638 100 100 95
-0.0753461662520781 0.13514727531937215 -0.013591019617493236 106 105 104
0.1459843470406692 -0.09263909930219746 -0.021017410221637833 104 100 105
0.09635545685353486 -0.01553376043188625 -0.003103254033374747 123 116 120
0.08561289863399868 -0.0026432056575113883 -0.00031346593252223887 114 108 112
0.05383287065834482 0.04220091913816598 0.00493163221950869 127 120 121
0.047340614243477686 0.04852451780655978 0.007308282525624987 121 110 114
0.035849488500791504 0.055891781797485524 0.008533454468184598 116 108 108
-0.02742076831601198 0.11715155470448253 -0.004380888373183345 118 117 111
-0.045306996557707015 0.13744717388713495 -0.01299731581453954 116 116 111
0.13429460488555228 -0.05361336805874443 -0.012169502008490466 118 113 116
0.13457661668055781 -0.04549769993233535 -0.01206168937070809 119 112 112
0.09500333851532028 0.006166286231452249 -0.004094721634073317 116 106 110
0.08837097060803756 0.01382895390282482 -0.002474225852321099 128 121 124
0.08310353600257732 0.02320804410143822 -0.0009615510813704523 122 115 117
0.023334784151081478 0.08923852624696788 -2.3246941777466112e-05 110 106 107
0.011806463563562714 0.0988695958422785 -0.0022673996804272734 120 114 112
0.0038567040950923115 0.10677163064167564 -0.004487858197956163 114 105 108
-0.035359588972441285 0.14740364379443663 -0.013277393079958854 111 109 107
0.13718264024446153 -0.03417368697586628 -0.012928280917334667 122 118 120
0.12740550654938254 -0.022471314013868232 -0.012218932013167705 115 109 111
0.10997539145542967 0.002105785990816622 -0.008029436725861983 126 120 122
0.09417746393556424 0.017053007634688835 -0.0023785608641608467 127 120 121
0.09758469725209863 0.025473358935790304 -0.003936962445603015 124 116 118
0.08611114722181723 0.037668727028364254 -0.001964506396856025 121 114 116
0.07281648902485094 0.05541040748814307 -0.0016502465575498615 124 117 118
0.06518478559626191 0.06384745578717972 -0.0021925674717311696 123 115 117
0.057471956518722056 0.06975214394967638 -0.0015475362103183343 127 119 118
0.055164573719924226 0.07535615033718905 -0.0024205101908415147 120 111 112
-0.002915681512836702 0.13464772586212126 -0.01202075622262481 117 113 111
-0.01559342028211804 0.1451324457690661 -0.012925530034687426 113 110 107
0.14401535021469375 -0.023369999462452676 -0.016124728239793856 116 110 112
0.13594351269751948 -0.01422593419965722 -0.014601451227467754 118 112 115
0.13112452261904664 -0.005461199883525576 -0.01377107765822557 117 110 112
0.12556305854853161 0.0028585759189528694 -0.012125407714635217 112 106 107
0.11444087753669258 0.006939203202241881 -0.011201840944076336 116 109 112
0.08675521234417252 0.05471540609842586 -0.005818037925288733 122 112 114
0.07527099505209112 0.06793774900656036 -0.003568370486356387 133 128 126
0.0672158074995659 0.07632594861879419 -0.004642622351010206 119 114 112
0.05665214475915944 0.08560423399403522 -0.004650023923143583 119 111 110
0.014482516880845064 0.12597057100557812 -0.011015631878215693 117 112 111
0.007718449652299286 0.13583305577126834 -0.010923008339165208 116 112 112
-0.004739933586609727 0.14424835948320527 -0.012828114624131772 113 111 108
0.12803597840273498 0.017330236841296653 -0.01502818071486615 123 116 116
0.12189505850035687 0.02557608394495624 -0.014224845611195228 119 113 112
0.11682491293279801 0.03433721455817005 -0.011604895356359704 129 122 124
0.08616374983025604 0.07669585099694141 -0.0039372858848602905 124 120 120
0.03599112057037459 0.12753004881545943 -0.011128448024031975 119 117 117
0.1258991303838634 0.03831242601141113 -0.013972246848650172 113 107 109
0.1245884871311795 0.04385409405428194 -0.013180615154412342 121 114 115
0.11407462755955572 0.05787958653763459 -0.012146842417502265 123 118 118
0.10802192285633083 0.06651039783809105 -0.010917348261498594 119 111 110
0.09452006361286469 0.08368703680330375 -0.010367678040242523 116 109 110
0.07075940439351044 0.10745880374951003 -0.01186310522006584 110 107 107
0.06398078891010504 0.11525698693356604 -0.013260838525873453 117 111 113
0.1251113066354387 0.06593069011306125 -0.012459903802079933 119 113 114
0.11606428183131941 0.0745385682524767 -0.012947224337467034 117 110 111
0.105100783711081 0.08767734104421529 -0.010723842865269506 122 113 116
0.09841618286266551 0.09637163980338012 -0.010264714398172003 130 121 124
0.08667277336877777 0.10547829617165705 -0.012520662399106689 102 98 100
0.13783055201836097 0.06664432882780183 -0.01279852421610707 128 124 125
0.12490434403139253 0.07766413205043843 -0.011709568297978645 115 111 114
0.12508563015449248 0.08537779876517818 -0.012735785931106825 111 104 107
0.11632050948197914 0.0962406866491354 -0.011620363499239738 126 121 123
0.1448135059305931 0.07701192161421425 -0.013462991334188046 120 114 115
0.13628531975458455 0.0851275436727581 -0.013028551688253343 119 115 117
0.13467640043672627 0.09392503594557436 -0.012040245507445146 120 117 118
0.12554224721535925 0.10515149417328969 -0.011875019840830003 124 119 119
0.14672288217256357 0.09484224249301844 -0.012201850514272385 117 113 113
0.13524639054294427 0.10501927513927235 -0.012081780586708002 129 126 128
0.13363745534669383 0.1146118410053077 -0.012560995062638278 111 109 109
0.11426333398790149 0.13704366952163557 -0.021045004103844085 97 95 95
0.10422392836309895 0.14436799417112986 -0.021487851647350214 112 109 108
0.14803168491350488 0.12844778891338934 -0.020055368494046766 141 132 135
0.14394333694086903 0.13466481490831966 -0.021156696625748483 122 114 114
0.132932655926969 0.14306590182348322 -0.02110497466286232 100 95 93
-0.13443592524246964 -0.12490880246679945 -0.02273251835701822 130 125 126
-0.14570155690165004 -0.11515767885223038 -0.022979774536605713 140 134 134
-0.05416195817979598 -0.11582999124969387 0.004106796282355226 92 90 91
-0.1053595824043761 -0.07529683591962727 -0.016432651570782258 104 101 101
-0.014032418883068545 -0.11597555325996944 0.00597646781099256 126 120 122
0.026889980195353533 -0.1341562374467517 0.007505668832151216 129 123 124
0.033250140949641 -0.11569777086695687 0.007386070933548788 115 110 110
-0.056558660358606246 -0.024770212539578142 0.006174620842548391 101 99 99
-0.10492367081506224 -0.004932671128666036 -0.0168414341880787 95 93 93
0.0452469579056104 -0.10630136247990056 0.006689154911085034 120 115 115
0.034794951942975876 -0.08481956562399708 0.016694730573012097 124 120 121
0.02483746372012865 -0.07421755538780904 0.017239897956165543 109 105 107
0.044133891078702345 -0.07569377544687164 0.01681901773737236 113 110 110
0.0759287108631398 -0.10650967256404248 -0.000990642027537736 132 127 128
0.0482091840301331 -0.06336722594758168 0.01669715914603991 118 113 114
0.0625742229387991 -0.06698382489937661 0.0072112676961441635 118 109 111
0.035450425952035874 -0.03502423248186069 0.017959578691655653 120 114 116
0.014993844668493036 0.00407915788874551 0.026992556122575038 96 94 93
0.10573212466552422 -0.11615986307897469 -0.01232661389703199 123 115 117
0.048948381768094795 -0.02576504104968161 0.014345261072280402 110 102 101
0.03749206452249765 -0.008350848349716639 0.01894511276166666 132 123 128
-0.07514892483941425 0.09504216440968881 -0.004993520739656963 103 102 101
-0.10518113934998048 0.11482752401204613 -0.013364612946064513 113 112 110
-0.13504709926606331 0.13503921087438273 -0.02207591950251586 119 119 112
-0.14489535074298684 0.14566223681188362 -0.023477998619263384 118 119 113
0.10802348423719438 -0.0949463756713055 -0.010328491837330811 126 118 122
0.09474017843745282 -0.06916042873388263 -0.0034527043375115842 116 110 113
0.06481801714617985 -0.02756257996567285 0.008047590139033944 122 115 118
0.02736071275779861 0.024021142239439852 0.017705705559800722 126 118 119
0.014159953070435905 0.04377745111445962 0.01662161588555051 119 114 114
-0.03511730904274925 0.08444644807551999 0.008723250636869267 116 114 111
-0.045097505436030014 0.09447943296782044 0.006612713760284698 107 105 105
-0.0952961263425846 0.11552559188024683 -0.013371995407812521 121 120 116
-0.11563926791960094 0.1358377859933325 -0.021751534251288236 118 117 112
-0.01679736031921571 0.08302366944861182 0.007999762110409462 124 120 118
-0.04501930432214371 0.10558617958043974 -0.0021227445088500088 116 115 110
-0.07587522928211564 0.1255148836733307 -0.012648071049981195 108 107 105
-0.10491078917361747 0.14628126513534337 -0.02261325925325524 116 115 108
0.06470289502319765 0.01115975158013395 0.0054920918217566395 124 116 118
0.02840288562953952 0.05361523010769617 0.008727765736542548 127 119 118
0.02497918514537889 0.06490990110962126 0.007711669612007199 119 111 112
0.014887260399293297 0.0739864771317499 0.007290469108074442 127 120 120
-0.06536371712836504 0.13503597562967157 -0.012639638148248875 105 104 101
0.14692798219103861 -0.08963901160718078 -0.02041573726182755 124 118 121
0.1268036109760664 -0.0560474785132686 -0.012785676813652133 118 113 114
0.09300236727413286 -0.008405464266239449 -0.002670069243775034 130 125 124
0.08394777528767094 0.003490486691592326 -0.0011916556582910836 117 109 111
-0.01625733648394836 0.11675043767676188 -0.0037901093715705858 118 116 112
-0.0446592441288998 0.1460827951054295 -0.01328152771400913 108 108 105
0.1495184377154154 -0.07519871808136191 -0.021100694732381298 134 128 132
0.12535932684821985 -0.04558665539117214 -0.011609057691493452 115 108 110
0.12475889791640973 -0.033824758310675926 -0.010645825683968269 124 116 118
0.02429393088421213 0.09261656001596051 -0.0015507601196754022 119 114 112
0.013691715843096947 0.10453251197945963 -0.0020879910182590444 119 116 115
-0.027346002507400408 0.13837384911745002 -0.013577959289273134 110 108 106
0.13474645542729316 -0.027334593438393995 -0.013014850144143275 119 112 117
0.12494185101552506 -0.015080372068038556 -0.011893365374354203 119 112 115
0.09264059405710395 0.031054303898733385 -0.004195422946383698 132 124 125
0.0787808201380863 0.0477155847182012 -0.002113994815231335 132 121 125
0.04893183655914679 0.08205415869892072 -0.002963328831568246 126 120 122
0.15219138910126967 -0.03737386076469151 -0.020027956680329972 124 115 118
0.11946670724542613 0.012161945971410335 -0.011607056008623495 126 118 120
0.08355582698635863 0.06269693156206532 -0.0028515881338140314 124 119 118
0.07595586737641291 0.07208772039997988 -0.0040864289245899355 122 117 117
0.0330510136172919 0.11559047238391996 -0.012244980301029496 122 112 116
0.025437733363774046 0.12474812092869542 -0.012708792933823357 119 115 114
0.016004077891912633 0.1348319606791271 -0.012887147108397223 118 112 112
0.1329421147781531 0.0130479718871823 -0.014770430630228093 123 117 116
0.05371757419230888 0.11360862372085362 -0.0110792298481307 124 116 117
0.04473948590221298 0.12477570824875388 -0.012721265575861257 125 121 119
0.0367324690100974 0.13541288773580828 -0.0125384672920716 124 120 117
0.025131997300322735 0.14457094554569994 -0.01290920311114769 120 117 115
0.09985872008160257 0.07572823598029782 -0.011692417116180298 118 110 109
0.11164131826859575 0.08314381910070204 -0.012507653595853208 125 116 117
0.10591851803856986 0.09448294198413057 -0.01158390046605079 124 118 122
0.13595034162444136 0.0739954726057829 -0.014065957542141488 126 120 121
0.10490034717721608 0.1055184326954099 -0.012165971309103447 110 106 107
0.1359972327749577 0.12718642401459665 -0.020546588249316617 97 93 94
0.13319785902475373 0.13633184033204182 -0.020338720639098168 99 96 96
0.1430142700454243 0.14344658406539867 -0.021437101515539625 114 110 112
-0.09488537185899688 -0.12443114566656543 -0.01633038393247479 107 104 105
-0.016930604678447723 -0.14502438387658187 0.00791982620312277 111 108 111
-0.026307734606721922 -0.14314579871680816 0.007232851717618255 108 105 107
-0.07470571182173824 -0.10522578894693915 -0.006502774618778277 100 98 99
-0.12515578087283136 -0.08477982389842201 -0.022675080942448016 126 122 121
0.005251982323561416 -0.14531308605085172 0.005833447800717123 121 116 116
-0.0059632875981122544 -0.14372489217671774 0.006523344072902293 109 104 106
-0.013586687844487529 -0.13580529605840952 0.00673842468903664 118 114 116
-0.10489189882664518 -0.045057140482990046 -0.01554268776893065 95 93 93
0.035769098957297074 -0.14993837350784214 -0.001503884689487811 118 112 116
-0.10382911019618728 -0.024712934638862965 -0.015510914210971487 101 99 99
-0.013308340543310267 -0.05468815531460602 0.017053762175131718 128 124 124
-0.12471844198372613 0.01513491919929173 -0.025706836120784667 120 116 115
-0.025908898931025545 -0.024795666007806305 0.017115853779879238 96 94 94
-0.07544775044710225 0.00497633316839464 -0.005493771441050212 99 98 97
0.07687245656414037 -0.144379899902583 -0.011843874038541896 122 117 118
0.06453199115393082 -0.11610491935764497 -6.654185965682125e-05 115 109 113
-0.09397766128174358 0.03545700164837258 -0.01535650295529272 102 101 101
0.06485790347082791 -0.0837142766058569 0.007788944201559345 128 124 122
0.03470475912431001 -0.04699434724078361 0.018879036582183595 114 107 110
-0.06435072650723526 0.04483451768436741 -0.004883596380565841 103 101 100
0.09693608462587675 -0.11890781361192723 -0.010750860777080484 120 115 116
0.05799788601221223 -0.05845242378741314 0.008930187181360294 131 122 125
0.03569513132060387 -0.023694870622334857 0.018847134557536727 128 117 121
-0.07513264256864745 0.0754835287154592 -0.004567978502352647 106 104 103
-0.1057994138569813 0.0950576720062278 -0.013628732090438026 123 121 119
0.08245426455936478 -0.07769432221508729 -0.0031917598799527935 122 117 115
0.07686615295912214 -0.06933452097583895 -0.0010843127697374166 130 125 123
-0.13525218775004033 0.14537814416024084 -0.02309821466360009 113 112 106
0.1443045017323954 -0.14549796934572642 -0.021493262468929908 124 121 123
0.13593915305390816 -0.13328841236592753 -0.02122164863484749 124 122 123
0.12928657766694618 -0.12782672216008314 -0.020715722986944463 128 124 127
0.08057995556752917 -0.05399305331647927 -0.002004249107026679 126 121 119
0.05980913744005989 -0.018930937260242336 0.009294073978759698 139 131 130
0.00577926432970044 0.054621579118746114 0.01681511793955537 121 118 115
-0.08515114722860814 0.12486946545860773 -0.013174094508457045 115 113 111
0.14564640341171797 -0.12707354019729913 -0.02147564195491425 119 115 120
0.11351193407064825 -0.07931888997712536 -0.010402301343835574 116 107 110
0.08486927701873148 -0.03836468924851458 -0.0020480300367832216 113 108 106
-0.004807301598145575 0.07463372298796797 0.007073429237108908 120 116 116
0.08800756078434313 -0.023310117997759894 -0.003844121781605314 109 100 103
0.0824310052678131 -0.01473237206432712 -0.0017140616615188842 123 114 117
0.045419362285112785 0.03707619124872602 0.007537939795522974 119 109 109
0.005951686311892468 0.0846360095372373 0.0065844428261613575 118 116 114
-0.026436663266197202 0.10639493063802705 -0.002466334481871779 120 114 112
-0.05453040647047498 0.1355584992772863 -0.013041746217893512 104 104 100
0.07379115422436655 0.017666627233777515 -1.1780296204855212e-05 115 104 110
-0.004093567044477368 0.10784243427081869 -0.002425852488473231 118 114 112
0.15160402852045413 -0.07461190166726803 -0.021435076758252514 121 116 114
0.11956502424295334 -0.025612469841038404 -0.0102577009894943 120 114 116
0.07812681648892494 0.033401251896617606 -7.974823001521969e-05 127 119 118
0.05643661264985689 0.05885394033416086 -8.709733028933186e-05 118 110 109
0.04891087409231887 0.06752225319563243 -0.0002494581081237124 119 109 109
0.04013809954051106 0.0760140635326581 -0.002021240374287192 128 123 121
0.03250002983054978 0.08495537009220297 -0.002045118608269836 121 113 112
-0.02634575326354648 0.14600146883386786 -0.012675370832637145 108 106 103
0.11615641102155827 -0.0028563462564737685 -0.011878277019659267 120 112 111
0.0845867334767465 0.04604160527349197 -0.0023371565926758966 127 121 121
0.015570632327223666 0.11865054532850064 -0.010277404089307662 131 122 125
0.007152460826637896 0.1280756218168641 -0.010884166698136633 131 121 121
0.04201500607947484 0.10694079097419382 -0.012332958069422695 131 123 122
0.11151846161658513 0.04443009837582382 -0.011414147843909372 112 106 108
0.10492500983125036 0.052846444768469586 -0.011090906616021634 125 117 116
0.07016542758356226 0.0962409532637126 -0.010387251826513233 127 122 120
0.06099834388651493 0.10482591662556597 -0.013135405505124376 135 125 125
0.1432755278908277 0.016964948804259028 -0.020446248288191415 128 123 121
0.10258616413902588 0.07700287330416394 -0.01076454255323711 114 109 107
0.07214908428243592 0.11642468222585811 -0.013577278184478486 123 120 119
0.1350332246470735 0.0575213136834159 -0.013136279513176363 125 118 118
0.09465333296237523 0.10624284027680331 -0.012252081045044438 112 108 109
0.12163710757027928 0.09501352261178528 -0.011970961758724452 124 121 121
0.1209081635673076 0.12932456282375868 -0.020143690952646787 110 106 107
0.01542642327552382 -0.0754761020181048 0.03372206981353992 128 124 126
0.0744087817051639 -0.12382088055664275 0.013281861834315418 120 116 118
0.05450335336525101 -0.07536279027073003 0.0327156427115797 124 120 121
-0.022937335225420605 0.06415991062971686 0.03290475836218714 113 108 108
0.1347717949556912 0.044333183060497314 0.0025389671003689914 115 111 111
-0.03567744024140695 -0.07411229284803478 0.031157554110451603 122 119 120
-0.02669249864648005 -0.06446520488485988 0.03238105625100667 123 118 119
0.09610382945708856 -0.14447103888989685 0.0030995523366744494 117 114 116
0.10459276674422764 -0.1350310590594183 0.003926307425241365 118 115 117
0.054749657698814354 -0.0826839858307018 0.032677851030366266 123 118 119
0.12573158300645387 -0.1243031001213969 0.0022101502500765685 121 119 121
0.07448021920831412 -0.07535002808170212 0.023973088081555485 117 112 114
-0.09384235171260266 0.04530057878557175 0.006018877104484371 100 96 97
0.1043081020552031 -0.06491595022895463 0.012598073196853292 115 111 112
0.01661980222491202 0.013838990999356067 0.04398767812688751 113 108 108
-0.10450031346063893 0.09249368901524851 0.0036340408065794936 123 116 118
-0.11501201375725374 0.09607899208457082 0.00435368353110182 126 119 122
0.0437269665519951 0.025717754535920675 0.032060550329381446 120 116 115
-0.10526425839190882 0.10493344218520162 0.003465169033183465 118 113 113
0.11257722444144007 0.025176386233984754 0.012564884108011237 115 109 110
0.05489566628416301 0.13324170520712567 0.001700614626450464 112 107 105
0.07429526113723832 0.13409073267317903 0.0014809267866581514 113 108 107
0.032960878095545 -0.14321772524679896 0.022948428580693476 124 122 122
0.11515660863095219 -0.1258798820592203 0.004457530065044457 113 110 112
0.0750503692243694 -0.08398079711143358 0.022967443014830922 116 112 113
0.05586607600638094 -0.11381663238004021 0.02329614828745737 120 118 119
0.06472931843787658 -0.1041848691307439 0.02324974638400331 119 115 117
0.04223522263996518 -0.14373660178299674 0.021800102889168022 116 113 114
0.10535822139500675 -0.14536301877883268 0.003088999880046894 111 109 111
0.08491649102089101 -0.12413790340078155 0.012376971383405933 117 114 116
0.0442702072485022 -0.08456920409421681 0.03256245362685261 115 112 114
0.1145761034315245 -0.13412290105596053 0.00282165030539341 112 110 112
-0.06508509717737081 -0.024599344181658815 0.004467734277951602 98 97 96
0.1048260062710996 -0.07444804867302779 0.011867749358844609 110 106 108
0.14506459032833544 -0.08520687068794759 0.001278791203797175 115 111 113
0.11233380467578183 0.03400867586307905 0.013087929908008819 121 117 117
0.10428988000953295 0.05443160872617906 0.01170884282865987 126 121 120
0.09447445777235977 0.06487407421231038 0.011979054276768998 117 111 111
0.1446888605795546 0.03524163374689778 0.0019332017700277463 119 116 115
0.14450049979235838 0.04505530045962921 0.0014717658867087248 118 114 115
0.043684653653946186 -0.13452777941970337 0.023232668700404895 127 124 125
-0.013792557525924868 -0.07466181304802953 0.033261365302697146 120 116 116
0.07419549893412686 0.015271335767498338 0.022559408074833722 120 116 116
-0.11460925165842174 0.10413083803935207 0.00413747506762141 119 113 114
0.014837165471376156 0.14348025670472161 0.002651397582916615 112 108 107
0.06392071638539291 -0.14417869060364424 0.01283007299506449 116 115 118
0.005674511570441214 -0.06511292131091377 0.03350367662099353 123 119 120
0.044854349591945654 -0.056518226517315376 0.04570333705777404 120 118 118
0.035036589970247216 -0.03500811241408338 0.04212223750776845 112 109 110
0.06288739747094425 -0.025116967277596238 0.03324852602889339 110 106 109
-0.145579590420493 0.034037697379727526 -0.007312834602669438 126 119 121
0.11360757807023505 -0.01546917358187598 0.011633386901887225 114 110 112
0.11449698928307953 0.0054125528175908546 0.011845719985629789 122 118 119
0.07430360217540326 0.025676940050927688 0.022599810697786816 124 120 120
0.025599838749153905 0.14426722052944135 0.0022857272088580723 114 110 108
0.0529939291424907 -0.12555396694414228 0.023387057349663724 121 118 119
0.08391940066802366 -0.02415867732526743 0.021474206309409587 122 119 119
0.024215442325544054 0.0053761780563568356 0.04283132192511285 113 108 108
0.11323833843495536 -0.004895938264353187 0.012594489781298342 119 115 116
0.06479123845471442 0.044755970226559964 0.022193836483968245 118 113 114
0.09421805985697992 -0.10448945507266709 0.012497526295140973 119 115 118
0.13356183462450433 -0.10502049309138016 0.0025723847019617804 116 113 115
0.10349449205945445 -0.08511231082162111 0.012496421930316328 117 114 115
0.06370897913139109 -0.054846501887745015 0.032489891745360225 119 113 116
0.08387655020923207 -0.05457622526192033 0.021890741797743852 117 113 115
0.0854611681295237 -0.03364562806480126 0.021876152545785885 122 117 119
0.054677491297036154 -0.00537761963873239 0.031994654539256345 120 115 116
0.11464758770033588 -0.03549442113070387 0.011770487865444598 110 107 109
-0.1456578299209878 0.047037171659834606 -0.007211435883511244 129 122 123
0.08498365473975182 -0.005455758102867304 0.02276853974515183 115 110 112
0.05285061669536178 0.013970412831465785 0.031903104176728085 118 112 113
0.07307397009745596 0.03527261077932901 0.022486448064211254 119 113 115
0.025889361571003505 0.08411993729215649 0.023141837233171442 107 102 101
0.09422226265170289 0.07477804975174492 0.012174120849192454 120 115 114
0.06516025595896677 0.13287961227980202 0.001659673885026719 109 105 104
0.043706614784981924 0.1418608829549816 0.00332434340305926 108 104 104
0.03374234827302824 0.14462629430348836 0.003100594622305793 109 105 103
0.024399597822430164 -0.04369225820689007 0.04366194954751268 122 118 119
0.06222290942548649 -0.04783761986089686 0.03269639044448116 119 115 116
0.11377904794075219 -0.05491811914074256 0.011746328470449773 113 109 111
0.06470541386593183 0.0063698312185357375 0.034470681213435085 125 119 120
-0.025542127441140875 0.07306065898275184 0.035940487173842205 112 109 108
0.10380623226284842 0.04428526945072434 0.011834946987066584 125 120 120
-0.10576289645445305 0.11509446040836371 0.006374437244434081 108 103 104
0.10153692185049529 0.06619515363960825 0.0117987793898822 119 114 113
0.08574689091748239 0.08437185665285259 0.011852077714703266 117 112 112
0.09506408145880521 0.12373967919737881 0.0017507105465859715 91 89 89
0.13580188910403893 0.12428838686005358 0.0017807484748283823 82 79 79
0.07271737897452049 -0.13350744311321852 0.011819713782480156 122 120 121
0.06346336507177949 -0.11329290708322323 0.023512813935161934 121 119 120
0.09346064834481313 -0.11579847587101645 0.012300897040977093 115 112 114
0.024889343523147377 -0.08293772487687477 0.03400679969538676 91 89 92
0.1344645413546363 -0.11380317915202148 0.003367566609321445 113 110 113
-0.0041485926874341526 -0.06516455730877388 0.03264498438388215 125 122 122
0.12202381055457999 -0.03374953200300735 0.011885103275389755 114 111 112
0.11343483211343937 -0.025266343240810847 0.011868054824878325 114 110 112
0.08483998063826641 -0.015841864732267025 0.021750240239430913 126 122 123
0.007139993304962334 0.02393716012831973 0.04451164973536128 98 94 95
0.01603407343354818 0.03367392176929276 0.046019872558299264 109 104 105
0.08579174441428104 0.02493853276254446 0.02259581984132411 120 117 118
0.11400412410671043 0.015160988582524017 0.012407755763685503 126 122 123
0.1448063142543954 0.02531378569500473 0.0027746964288679374 116 112 113
0.11249122611529654 0.04378394174150198 0.013233127016593405 117 113 113
0.043035717119579424 0.1037651063638917 0.011903373089582104 112 107 106
-0.007729787063203641 0.12491967385170862 0.013226631876507152 111 106 105
0.08602068966664286 0.1337046368612285 0.0010841482714759397 125 122 121
0.09517594386395699 0.13336852007144734 0.0013395937125326083 111 106 104
0.08582281642868261 0.14349795404081042 0.0052959391616019145 116 111 109
0.07438036454596476 -0.1048623073173242 0.02331626814113935 123 120 121
0.07512247043494187 -0.09358626837390094 0.023617563774851885 125 120 123
0.02701730714733214 -0.05341607314452174 0.0436711301408632 119 117 118
0.14196477624787876 -0.09450393137411288 0.002672047710915948 113 110 112
0.11388619418155113 -0.0746770887160767 0.012873192552968371 119 115 117
0.08522791644836243 -0.0457610236755051 0.02178929598512991 123 118 120
0.11313097055318312 -0.04596337425034068 0.012084594380149758 119 115 116
-0.12431199935275827 0.024254410020463087 -0.005342052633317856 122 118 118
-0.13470553056099704 0.023283019524974646 -0.004984143752007619 123 118 118
0.12489362009777943 -0.014267902945285583 0.012484204151373654 115 113 114
0.08388426400131074 0.004073313655305279 0.022063668973751942 117 112 114
0.04367807811639819 0.03359015545550806 0.032679161147587746 114 110 110
-0.12388286540519287 0.09672818583279807 0.005392041417958737 122 117 117
0.06275844202852564 0.10397402563418026 0.013299561034026408 119 114 112
0.10491681106835105 0.12329003732261572 0.0015174230088743634 93 91 90
0.145196046868034 0.12437348618136142 0.0021827791702533047 94 92 93
0.10299965659154743 0.14201764933295302 0.005013398905363786 101 96 93
-0.03415950210897174 -0.06469187852659578 0.03368347685484536 116 110 112
0.0633929160271111 -0.036110681983285486 0.03331170124184943 124 120 122
0.0629570995525672 -0.0040824224734584596 0.033839873585647086 118 112 113
-0.1368918358325181 0.04421892160210237 -0.006062358255508826 122 115 115
0.08492507869848309 0.01313495823435896 0.021809881832710026 117 114 114
-0.10559916444343512 0.06455012025841558 0.005514319328886491 111 106 107
-0.1169798091624866 0.08564812923281918 0.006517283160587782 126 120 120
-0.12670823752978191 0.08655095555806896 0.006506110008669778 132 124 127
0.07505991130937813 0.045649556199164935 0.022797565038640572 119 114 115
0.06374521991007721 0.053592895452745724 0.022212928941100107 114 108 108
-0.0937961133933847 0.11227182901307303 0.00639753181491734 118 114 114
0.09328385270952723 0.08510062624966681 0.013069386485990153 109 104 104
0.054373695818601644 0.10486148358250255 0.01233264901859705 112 106 106
-0.0650183443895208 0.14382076151443124 0.006211006057909215 97 94 96
0.08592055616462783 0.1252087643106199 0.0017090679893153997 105 100 100
0.11437799812838248 0.12355197290478101 0.002527004931762318 86 83 82
0.09427864245294865 0.14400770466333254 0.003832488785296656 110 105 101
0.0739132579305906 0.15195658930801637 0.0048555653698120205 91 86 84
0.14516450368138054 0.13288947211811236 0.0052970297421290335 107 103 102
0.14636079051359055 0.14386953993148408 0.005098127293453691 99 96 91
0.11327280772536753 -0.06388579976302679 0.01263703536762197 116 112 114
0.015985696545120075 -0.03422933069965898 0.04514595586186094 110 108 107
0.0242066512841958 0.01458252820108704 0.04394946065169088 119 115 116
0.10331402269049565 0.08572763604921585 0.013710826961045716 119 114 113
0.004862755290798994 0.12558365864400597 0.014057578982352215 107 101 100
0.13853868241812645 0.14378938100409952 0.0038942719343106336 120 118 112
0.06319043725179624 -0.07586554351356191 0.032096624311575866 117 114 115
0.015290611229700567 0.02441090297011434 0.04540566320762662 104 100 101
0.02542265607258065 0.052712644548543366 0.03305583276280657 102 99 100
-0.033068123586523016 0.12478250550971666 0.014337117736070515 110 107 105
0.10522557287143881 -0.09403619034312767 0.014207948111263979 117 115 117
0.034928681089716244 0.04307501131641709 0.03246258621242369 112 108 109
0.025860591807278403 0.11551835358778523 0.012549787441562599 109 104 104
0.08354341163619142 -0.06428925282131323 0.021888578241306432 108 104 107
0.05287112192009327 -0.09207249017342593 0.033197314799944845 119 118 118
-0.014793551950875517 -0.06665274729997613 0.033464788688271664 117 112 114
0.03449244249314575 -0.04609028151025386 0.04341041061841448 124 120 121
0.035720261505777486 -0.013455952800176292 0.04363335173966822 106 102 102
0.12464349969710686 -0.024013546681152152 0.013878150718941329 118 116 117
0.08203023344704832 -0.07630018871094583 0.020813307619241345 118 115 117
0.06335391117069737 -0.06355395641103574 0.034526241641372746 122 118 119
0.033613959586755254 -0.005348133837353122 0.044260840899487675 117 113 114
-0.12581196516184498 0.10571239888672905 0.005809133771727759 100 93 95
0.12496248232494968 -0.13394589213521318 0.0029638503544110214 116 114 115
0.08349706790162596 -0.13374335991705286 0.012453311561922926 117 115 116
0.12378338785702596 -0.0740067955326178 0.015238108112588772 114 112 113
0.0359168048321145 -0.05485809377998073 0.04150310518467297 117 115 116
0.12564986416999874 -0.045808761944471935 0.0150616091522437 114 112 113
0.034514644735879396 -0.023162506243194183 0.04430292087814497 110 106 105
0.13126012608662477 -0.023456026151833176 0.011733490072202627 124 121 123
0.12284645482478755 -0.004895978941011038 0.011973672497199847 110 106 108
0.1236600415706937 0.005309962519821093 0.014274872202926003 120 116 119
0.12109318122762919 0.01343136241762094 0.01250445607325068 126 121 122
0.1246423112970038 0.024214251007897442 0.015518020949626257 124 120 120
-0.13639687627364555 0.03337667187571903 -0.004156945703465235 128 122 124
0.11530067908620914 -0.14358888331386077 0.0027562656826532472 114 112 114
0.11121264733133136 -0.09256915403837791 0.010799242672212772 112 111 112
0.10466370961003701 0.13353912493243078 0.0029954661155500903 95 93 91
0.05133118867480901 -0.14522435132425557 0.02118778959296802 103 102 104
0.06465333124214227 -0.1253847029144818 0.02379063061065373 124 122 123
0.04432923462449599 -0.12081396441258566 0.03065447397943022 116 112 112
0.1444095163967783 -0.11522521583107442 0.004764224869667748 107 106 108
0.10742224689467998 -0.11371501113856901 0.013053075740481285 110 108 110
0.06418114292446107 -0.10250132219347806 0.032117628537166744 118 115 117
0.053830780069440705 -0.10378713454225925 0.032686331494826214 130 129 128
0.04332885974654927 -0.10554407108994292 0.031416205126095297 106 104 105
0.021789344192089243 -0.11055817810969748 0.030233232519840558 111 110 110
0.014816598290462023 -0.11187846373026153 0.030833926491254493 114 110 112
0.14568531743168595 -0.10424392593266799 0.0061513433778422446 113 112 114
0.11614034013493939 -0.10372817500961799 0.012997515485186373 119 118 119
0.1052866517584741 -0.10690964482408494 0.013410471802127354 109 107 109
0.0872170145898025 -0.0975984512013014 0.023098787366941653 102 98 100
0.06564410013390796 -0.0925873355558605 0.034618281766722256 116 114 115
0.06208164671709231 -0.08546743183267044 0.03498940943191431 118 116 118
0.04368124279648335 -0.09655729187434672 0.03364336654569183 102 100 102
0.032478592743408245 -0.09566640824207057 0.034242780034609566 117 116 117
0.025993270566026565 -0.09550108231474612 0.032145589005490104 121 120 119
0.01395530751386711 -0.0951087001784199 0.031191022086920633 102 102 102
0.00556700783159605 -0.09603184522630279 0.03170207007948025 111 108 108
-0.0048004857629442566 -0.09429579786944729 0.03188883099848087 121 121 119
-0.016341528093931818 -0.10201185533123619 0.032176034859953274 123 122 122
0.12520993372021713 -0.08375075495316607 0.013954325340535164 112 110 111
0.1164849231131231 -0.08407642271116549 0.016162591024156087 120 117 118
0.08630286209191573 -0.08511949120887748 0.0261313415659869 116 114 115
0.05442300334673431 -0.07371805095047594 0.042841056289743884 118 115 115
0.0048998226815838335 -0.08361273506356315 0.03235951088489708 124 121 122
-0.005171211770997229 -0.08362033942010465 0.03311564543944023 126 123 122
-0.023115877321471946 -0.08458013065877748 0.03268176776128076 131 129 128
0.134074555335494 -0.07407955154500748 0.013902260190756438 114 112 114
0.09533612137116407 -0.07487658360056093 0.025187038387706178 116 113 114
0.05507385286980755 -0.0653849524513883 0.04478033664327685 114 112 114
0.03486913229632444 -0.06509180841581665 0.044361555248204065 112 110 111
0.004641019629456653 -0.07407221636507826 0.03310897459493814 118 113 114
-0.0032077044354110345 -0.07152386483692928 0.03469237975199876 122 116 118
-0.02534895108993405 -0.07445451250624058 0.034939806314888265 126 122 123
0.13243402455465775 -0.06550492321198621 0.014820991057721255 111 111 111
0.12370111784832787 -0.061743131298539165 0.01414679927252982 105 102 105
0.09620808699689931 -0.056538635695474605 0.025952130293560582 110 108 110
0.07534591760198105 -0.05673401143120839 0.034396912729951754 120 116 116
0.05441826131263565 -0.04703251257739581 0.045257254243669574 117 114 116
0.04207874578732018 -0.04551993702939492 0.04535360359173105 116 111 114
0.13512143547324557 -0.05507080613588522 0.015194552322668864 110 108 111
0.09625846875138025 -0.045953197444139546 0.024694732657205898 112 111 112
0.053331737172571086 -0.03380188249628624 0.046163346794616734 124 121 122
0.04507123653141143 -0.03387179887971077 0.04612395405135444 116 112 113
0.007516320090899256 -0.043561609696116166 0.04233003209520625 119 118 119
0.14383320450667053 -0.03461629312197223 0.014769064110205343 108 105 108
0.13537898762864578 -0.036405371293247876 0.015123870774296444 112 110 112
0.09781997190067124 -0.03423078105774216 0.025601658459941723 112 110 114
0.07389297308655954 -0.02577490100757264 0.03559851100332276 111 105 108
0.052725952297169504 -0.025564376930200982 0.0451412193174073 125 121 122
0.043841311265930695 -0.021931560233422423 0.046239599705375695 120 116 117
0.0055004014122928555 -0.02393642355572147 0.04361242662302095 82 81 81
0.14407726576743066 -0.0273710207991676 0.014585771721039698 104 102 105
0.10292926409230889 -0.023135308118059934 0.025751519455868066 117 116 117
0.09472901092457153 -0.0230398401666011 0.027895573373077687 117 114 116
0.07272558355288183 -0.015516584760929217 0.03686075366992879 118 115 118
0.06349348058711875 -0.01603466852439007 0.033803823947485066 114 108 110
0.053114479527786605 -0.013314534399637677 0.04633837895280603 125 121 121
0.0442496849007141 -0.014313502435924788 0.04714648508044125 114 110 111
0.14642551056693257 -0.014354743741152714 0.015627881584200427 112 108 111
0.13442186544780238 -0.015502484587828616 0.016221997160930868 113 111 112
0.1141216477727786 -0.013213175711469627 0.022865114190437963 112 111 114
0.10492163401679895 -0.014820184405099603 0.02571716514108984 113 110 112
0.09597674129142582 -0.005982016994790307 0.024799465593000482 123 118 121
0.0732331470430953 -0.005493103297825264 0.03449814592605636 118 112 116
0.04543435955063772 -0.0056493707609311826 0.04517846292817344 122 117 119
0.03578468108750127 0.004422150227899273 0.045145279231499115 120 115 115
0.007221525506995996 -0.004104951726640271 0.043100161387045755 99 96 97
0.14512512059210064 -0.0046405485934732146 0.013632007343191099 104 103 106
0.1353466340926662 -0.004051523338969143 0.015342725236891952 114 112 114
0.10558753920177844 0.0034883299733657175 0.026751932098287207 116 113 115
0.0987624544015268 0.0032993702225420224 0.02708067001394801 116 113 115
0.0722288839367237 0.00428595307616574 0.036866372929818 122 118 119
0.04539572649055588 0.013621062194306841 0.04505217195352489 116 111 112
0.034272448632549316 0.015887443839265006 0.04632339769584111 123 119 119
0.004241689806150986 0.005649577529055772 0.04264706430010092 97 95 95
0.1460053804864599 0.005233320492271566 0.014734145455307966 101 99 102
0.13446262720071728 0.006229699973265404 0.01511338849894614 112 109 111
0.10699049300726889 0.014764620323239505 0.024302671338814346 120 116 118
0.09696573792747155 0.014234327418912007 0.02517345639140515 125 122 124
0.07318607289853603 0.01423242113451495 0.03496311521928589 122 118 118
0.06383402587540339 0.018313919290325775 0.034897356246782724 119 112 115
0.05458534296756042 0.02298749538853241 0.0352553195272477 117 111 114
0.044726106680076816 0.02513024198602093 0.04493484572692183 119 114 116
0.034586225635658524 0.024415609660041512 0.0447761103294243 121 115 116
0.025694719193220757 0.02626836564450389 0.04702587146205846 124 117 119
-0.014481780427494139 0.013127897838584741 0.0341495804696923 102 99 99
0.14389694015256185 0.01612623587829749 0.01586415589698289 112 108 111
0.13516836666858112 0.015629470604168878 0.01746692968787524 117 114 116
0.10557768473937224 0.02696647832866872 0.02469236213015184 117 112 113
0.09634279320532468 0.023565484810400703 0.027713656340406567 122 118 120
0.0756454885108149 0.025556823328822698 0.03546175983756883 118 114 116
0.0656562078744108 0.03613658853293831 0.03753441905208242 117 113 115
0.05217938467171366 0.03325911510294777 0.03357677608032078 120 112 114
0.03467300212901326 0.033330741788207226 0.04578931970037986 115 111 113
0.024969697988184252 0.0357155323645116 0.04628536935722538 107 104 105
0.006465059192757826 0.0338188357459427 0.04532082104790977 103 100 101
-0.045390688325786466 0.014125520642956376 0.02264270741058033 101 98 99
0.13607535023148962 0.03315778342855087 0.016502063157978045 117 114 113
0.12431618299641208 0.03201671936243463 0.013559993007102459 118 111 114
0.10567501882919246 0.03452241266534993 0.02542611118403079 117 112 114
0.09633264788191645 0.034368158886822486 0.02671351114883698 111 106 108
0.08733780189420197 0.035715395233807914 0.02400764406236025 110 106 108
0.06209374836504395 0.04443210896149415 0.03576788087957119 114 109 110
0.05367331053065917 0.04497769979196895 0.03825404874948557 123 118 119
0.04350883761580382 0.04237691235936854 0.03522399003159937 112 107 108
0.025481772456611523 0.04443173856575383 0.046450142363281044 108 104 104
0.013438845856682483 0.04556530119131371 0.04742212971148742 113 108 109
0.005451615795784586 0.04518931965351302 0.04643249283438121 113 108 109
-0.0061781139968285406 0.0460574338431688 0.04272720167014275 106 103 104
-0.0247958261478245 0.03555774516114363 0.03185541111594472 111 107 109
-0.06486081198722057 0.023891261775594665 0.01449931134448279 97 93 94
-0.07552419854602446 0.024548162093615877 0.012762781069334104 103 100 100
-0.1339206743059249 0.0028041431897151375 -0.006866209383775849 128 121 122
-0.1453470411007291 0.00500530106316086 -0.006789833267511614 125 120 119
-0.15199637194205948 0.005470357424095684 -0.007563593728019041 128 122 122
0.13517891331377063 0.04285485249340712 0.014783259088823608 114 111 114
0.12243751491341572 0.042747569718052436 0.016015971717280225 119 115 116
0.10420082199112354 0.0463635537340457 0.02278228897054116 116 112 113
0.09599852308591532 0.046160656268134447 0.026973827350352197 122 116 118
0.08706275633060989 0.04776325881778212 0.024911077612186472 117 111 114
0.0538735036486885 0.0547613033576223 0.03622985375758717 115 109 111
0.045030885815373005 0.054269057833610135 0.03782038662432905 112 106 108
0.03585025016778598 0.056442983571563354 0.03483344111727884 114 108 109
0.004999333290820754 0.0555980980867574 0.04501583009087525 113 108 109
-0.004540816163269229 0.0550057793060172 0.044433782280221726 115 111 111
-0.04415015492955667 0.04498005921142818 0.02511704707105492 110 107 107
-0.10555877528495339 0.024188622175463092 0.001247560181178775 98 94 96
-0.14492748441100017 0.02320878537991733 -0.003744353724472 124 118 119
0.1342172803060637 0.05409602676673388 0.0176670405403274 110 108 110
0.12449783101226793 0.05486843874576283 0.014716762752073917 111 107 110
0.11196213730530605 0.05648056411875697 0.014755117335178003 125 121 121
0.10516432793341061 0.05303980288656803 0.02498608779838533 118 114 116
0.09504663963050985 0.056520131087686776 0.02478787055239451 119 114 115
0.08821874839255799 0.057722923404919024 0.02428458206005457 120 115 114
0.07428504760682345 0.0577967396424417 0.02362254594000801 116 109 111
0.0448882962814002 0.06429005463739215 0.0355506806994556 112 108 109
0.035109824878407525 0.06369226210509303 0.03769730666332024 109 105 104
0.02547147966732601 0.06510697648150811 0.036555835466809225 107 103 104
0.01627631102888621 0.06357475009643208 0.03283307575920288 111 108 109
-0.005007352536621014 0.06478127320271272 0.04393602202245756 104 99 99
-0.016303755557562062 0.06582998299656731 0.042585315807680456 109 105 104
-0.0765561129558848 0.04585169568671693 0.012827838678329529 102 98 98
-0.10296318081798214 0.03644332699093506 0.0033096840673767186 103 99 102
0.14525522906023347 0.06434164087975332 0.016841473715449577 117 115 116
0.13538589093577477 0.06440018168282771 0.01563527008678709 103 100 101
0.12405504033277892 0.06543220883373924 0.015482600171300468 106 104 105
0.11491824213250035 0.06457256596008411 0.01673230217494755 121 117 118
0.10546536606827406 0.06718835525137545 0.023207509394864954 114 110 112
0.0967598394665268 0.06559426638136744 0.026815306554073343 111 108 110
0.08655978035240185 0.06619630178286302 0.02653436689030672 116 110 113
0.07475560493901967 0.06643717299125208 0.025144876039254055 116 110 110
0.06147513004931333 0.0679332855398513 0.022910649836592595 119 115 114
0.0444403702217411 0.07426599781151381 0.023204215998438228 104 99 99
0.03500574570565178 0.07301731201471877 0.03535266713845056 112 106 108
0.025191416846280113 0.07504549152643628 0.03558267436156781 115 112 113
0.015748540801405055 0.07404363578213428 0.036128354080822524 106 103 103
0.005747522712353003 0.0736350188242072 0.0354977809494141 108 103 103
-0.005875001075551118 0.07375369122318677 0.03684942802863089 111 107 106
-0.05451903281435938 0.06653262631054724 0.02498669608485868 101 97 97
-0.08479792566841697 0.05561153100981957 0.011503877038634092 112 107 108
-0.10346498002408651 0.05510023583617612 0.005879457234138241 100 95 96
-0.11382736374606588 0.047603940914288545 0.0008184343857757237 113 108 108
-0.1338376689655458 0.04398130504342474 0.0018785994785077513 121 116 117
0.1453220758669911 0.07410854187396707 0.017214190960955528 110 108 110
0.1349406562769658 0.07427400810316548 0.017028715021074455 116 114 116
0.12298826666866418 0.07490048345757015 0.015506107015112347 118 114 115
0.11400373761155765 0.07461061008924831 0.016506568210037115 103 99 98
0.10426463544671738 0.0758892676630932 0.017183754654062577 120 114 112
0.0878975794762705 0.0771091535799589 0.026805740413650997 113 110 112
0.07509420459737101 0.07775039947831 0.027457237858851416 111 106 107
0.053452897804431874 0.0778137363566338 0.022836312661138558 108 106 102
0.015139381470759916 0.08645086997743692 0.0342394429068498 106 101 101
0.005186697833235079 0.08347780791937381 0.035666674384783055 112 107 106
-0.006060125548087625 0.0858826435311525 0.03547404398248648 106 100 100
-0.015037897926645304 0.08406457627280951 0.03628447055332608 100 96 96
-0.025599255252318646 0.08550340864498732 0.03514988256941759 104 100 100
-0.03487716672117933 0.08357795414695238 0.03559278549007302 100 96 96
-0.0768791540759626 0.06636172554416242 0.0153848230788611 108 105 105
-0.1144778444128717 0.06465378613735939 0.004760994829489392 123 118 118
-0.1252764673733025 0.06355644936305903 0.0038783046279786365 128 120 122
-0.134698213833415 0.06284140967213755 0.0030707545321650037 119 113 115
-0.1458176118003888 0.06392172456324696 0.004148920382599582 110 102 105
0.14520797662871834 0.08443047967813645 0.017484658745782946 105 104 107
0.13817054176132315 0.08366489095859933 0.015680219187151873 118 118 120
0.12723965427051032 0.08460664817591715 0.015767054629965905 114 112 113
0.11433056148932445 0.08463381426284133 0.01574566048860615 112 108 109
0.07579655566621804 0.08628610261665498 0.025360702980047 109 106 107
0.06586890860003426 0.08576491293828585 0.027152469951969124 112 108 110
0.054660913266320665 0.08680007002635237 0.026519542168671417 112 108 109
0.04515013520562224 0.08627113437633492 0.024292982319359353 113 108 109
0.03537417251906693 0.08854747052502739 0.025633260788548922 104 98 99
0.016558385839313607 0.0960639886580987 0.023101458641826306 113 109 108
-0.025337350072996503 0.09429661983564695 0.0340220702931663 106 102 101
-0.03461224687142353 0.09512235758770514 0.03285594158097249 106 102 102
-0.11483961109192535 0.07666861406041085 0.007261838583191944 126 120 122
-0.12503788194270968 0.07428322200767874 0.0056276129635405665 122 117 118
-0.13599531229806447 0.07412690968977377 0.005194216739090167 123 117 119
-0.14357354164592387 0.07513510778865899 0.0046612792426968626 121 115 115
0.14437856212100714 0.09655817020231912 0.01612033216054301 114 109 112
0.13612146393632005 0.09305288836239321 0.016280819685616066 104 101 102
0.12589847811309768 0.09572074814092493 0.016800343790661487 128 126 127
0.11565561417751921 0.09469185262114373 0.015123866597873625 122 120 122
0.10361515452622656 0.09494331947104623 0.015037089077641156 100 97 96
0.09598060683629643 0.09501943077357461 0.014045804412218088 102 97 100
0.08760950587492562 0.09562626736855906 0.015412710083183845 104 101 101
0.06442609658640051 0.0978286897663127 0.023958347904208387 112 109 109
0.05653815072638224 0.09548790738221402 0.026935954183085475 110 107 108
0.043516464464166016 0.09798845057632552 0.02562948189397332 112 107 108
0.03699339672905938 0.09614709955491821 0.027983593426835682 114 109 110
0.02495331871793967 0.09695785359632154 0.026329805704834158 116 112 110
0.005019812994050961 0.10419431432217455 0.025745552666774075 107 103 103
-0.005764943486033874 0.10558053517305616 0.026808983377084622 104 101 101
-0.035588000690823636 0.10556383741133839 0.02838524739044888 109 106 105
-0.05562839458667341 0.09553109253039353 0.026368936842084016 105 100 102
-0.1343686421707617 0.08508912037335105 0.007380702671334505 127 121 121
-0.14574292846214013 0.08433830411743726 0.005118153046331064 109 101 103
0.14526795474226054 0.10567417152666202 0.01573839850145257 113 110 110
0.13527525181648015 0.10659696788151417 0.01650977134529616 119 116 114
0.12586099269187356 0.10387135574554247 0.014301154970422586 124 122 119
0.1149025758095322 0.10606444598773254 0.01590532134669666 97 96 97
0.1071392810050825 0.1044074663799274 0.016863029827313858 82 80 80
0.09597393805130025 0.104946121054833 0.01763537907882342 104 101 103
0.08845285768928708 0.10532571248111655 0.013514178924854292 112 106 108
0.07558295435693305 0.10535221914961575 0.015297040969458253 122 118 118
0.03506870145666195 0.10720216832010333 0.025216606360827978 117 113 115
0.02627073872924595 0.10456990565313015 0.026917696916482103 114 109 110
0.013740071676752869 0.10657115279774823 0.025504693308184653 110 106 105
-0.014824970133354659 0.11378357991914845 0.025359946439851816 103 99 100
-0.0248410899052634 0.11518493241004141 0.024877107849201982 107 103 102
-0.035645479778665355 0.11449825990264727 0.024719210868020917 104 100 99
-0.04415089341198635 0.10551267312409869 0.026999808572459965 102 99 97
-0.07477931057124612 0.10388199186845005 0.016216832906235816 97 93 94
-0.14424470017260135 0.1046775359917983 0.005802082453877019 106 100 102
0.14417617629733506 0.11593796875732625 0.017010046974295184 96 95 97
0.135757642173982 0.11458540674553297 0.017437099279848777 96 93 95
0.12571836981653264 0.11518730536005216 0.014900653777094134 85 84 86
0.11428041161522784 0.11570650633550468 0.016235846772929285 80 77 78
0.10435841323543334 0.11422940652527595 0.017721869327509465 82 80 81
0.09531994228372034 0.11576744926182622 0.016601579844316705 92 90 92
0.08590482940844998 0.11459904897996376 0.017542243023734916 111 108 109
0.07181792537856926 0.1154282630161209 0.01569295477826599 110 106 105
0.06561674388712839 0.11565457038603243 0.016551099640446015 120 116 115
0.05296124223985391 0.11633413333650083 0.01638584668955471 110 105 104
0.04535394212148296 0.1167544186784058 0.016375386026497962 109 104 104
0.03671272863676773 0.11698465980406814 0.016844381327191404 106 100 102
-0.11692901554564651 0.11639286114067808 0.004492775155102713 99 95 96
-0.12530448494518162 0.11439136060229714 0.007057592584579757 103 98 98
-0.13558419134718205 0.11584202162176317 0.006154365066534233 111 106 107
0.1032243520279903 0.12503241256415054 0.015803962927646804 83 79 81
0.08384945478488375 0.12674657984273255 0.01614926680504747 108 104 106
0.07530093441423652 0.12390921394288318 0.017193784986045093 113 110 111
0.06396524715178001 0.12652698073319396 0.017292419920363677 121 116 118
0.05599187701305435 0.12399570789745629 0.01707739393833005 110 106 108
0.04542240420754361 0.1267069483248507 0.015823695344226497 115 110 109
0.034739735155801275 0.12704256062734898 0.015104538652803479 107 101 103
0.027334134246285793 0.12655871035681307 0.015094262602759331 111 105 107
0.014906389183329552 0.1258953182246411 0.013307562496812642 124 120 117
-0.04623003733116419 0.12628146055288073 0.014631777626613829 74 74 77
-0.05568228790158569 0.12700346319520775 0.015604176474569131 88 85 86
-0.09530207129202362 0.12525156709885923 0.006371658091171084 111 106 105
-0.1053071779333239 0.12450816305822365 0.006226574227684005 97 92 93
-0.11474627791415751 0.12517165180268475 0.00641531089297868 100 96 96
-0.1249303790763682 0.12438184118188836 0.006500099558524408 109 104 104
-0.13488469882372092 0.1250820648737351 0.006545421869279186 111 106 106
-0.1457914201261774 0.12388846956578554 0.0053461342996217465 108 102 102
0.13560202039489763 0.13430365603166197 0.004989401400008549 94 94 90
0.1260250346994596 0.13206905943121208 0.006236319977279618 111 110 108
0.11459574290910572 0.13189293366618246 0.005599875346242039 97 94 91
0.09333548664437186 0.1356088579525795 0.015425170690019493 106 102 103
0.08593335723284412 0.13540508919655936 0.014867968036601101 119 117 117
0.07432177687616194 0.1357827224218324 0.016376337786253085 108 104 106
0.05435238613398015 0.13534552823579057 0.016066350836834376 103 100 101
0.03536639026735161 0.13548007464685563 0.01716510907244817 114 110 111
0.026456820952886564 0.13614174621407124 0.013183740261817567 112 107 106
0.01596565337261755 0.13564187745820702 0.014341071610235503 113 108 106
0.0032794706401906466 0.13612478027836605 0.015076779352850733 106 102 100
-0.006065126387219349 0.1344755670025442 0.016178902876828948 110 105 104
-0.016094815185549508 0.13733593147279163 0.015968173984769223 104 98 97
-0.025589035078075275 0.13525326931287807 0.01676631481321901 107 103 103
-0.045017773159068575 0.135556749105596 0.015768896606767502 100 98 99
-0.08436965659947827 0.13358629982218623 0.006262835742605111 105 99 100
-0.09488509058439043 0.13500680636018275 0.006451413047472083 110 105 103
-0.10511938195169157 0.13441776497187682 0.005330515864544116 102 98 98
-0.11580334227473023 0.1348420678837165 0.004923098795209709 108 100 104
-0.12539065858861534 0.1351720642104797 0.006586872372877625 112 108 109
-0.1348376832067444 0.13527086072237596 0.003695579362139087 102 96 98
0.12577068528099347 0.1420501350360903 0.00636537589899507 106 104 100
0.1134188554184345 0.14383380784257616 0.005660558328738713 104 103 99
0.07369085561191833 0.1425211505894771 0.0065140831963815815 121 114 111
0.0627973480171019 0.14306028797175366 0.006725878032657728 91 88 86
0.05433519357095288 0.1429201892891299 0.006079037014426358 98 95 94
0.01515407023498195 0.14608051667287061 0.015962224449869902 110 106 107
0.0054359527617666315 0.1445358464675588 0.01605177294077831 105 102 102
-0.00603057480200587 0.14632664898254794 0.016579092318638744 99 94 95
-0.014942236659280479 0.14382684782408867 0.016209714999277702 111 108 106
-0.023659754519831766 0.1474372255142646 0.015315919940342822 106 102 102
-0.07446746401149465 0.14548597958023465 0.005936798456588244 91 87 87
-0.08577555535200676 0.14539778619354712 0.006313123394273234 100 95 96
-0.09548277001515913 0.1439559140870699 0.005341266468099422 116 110 108
-0.1038408461844709 0.14557550064043973 0.0051136550297337735 111 106 107
-0.11383531989590134 0.14432056065936194 0.005870155071731553 115 110 112
-0.12497452134701238 0.14466460311318888 0.005983829491978195 130 123 125
-0.134895291421141 0.14593063900074546 0.006091397458347488 104 99 100
-0.1461161916047849 0.14570424441400814 0.0043332543630124065 100 97 97
0.14304924816529702 0.15165905491873 0.007403540628194982 102 100 96
0.12548394428133294 0.15209910758633569 0.006877376728070761 91 89 88
0.10399096096717868 0.15164231398705988 0.00529033907328319 104 101 97
0.09583447599337566 0.15234623633971459 0.006512321673524002 124 120 118
0.06312186267471681 -0.15139040082979957 0.014243439328582741 106 105 106
0.05188762096248858 -0.13271230189031935 0.02260350277132748 110 109 110
0.13576213419724661 -0.12452067471432304 0.0038808611880152646 110 109 110
0.035726561142307295 -0.10466802558612148 0.031815800544989725 107 103 104
0.01487624776213448 -0.10519341933086562 0.030435605180068825 123 117 121
0.07438418011081434 -0.08405084051694818 0.03379887609611361 113 110 110
-0.01432733482656301 -0.09340274043863514 0.032152772146207466 113 108 107
0.15134989899844392 -0.08763880043385477 0.003484981225758077 114 110 111
0.071649892756721 -0.07556782387952385 0.03353470392083219 121 118 120
-0.016090282485480188 -0.08380490901088158 0.032516856343749845 102 97 98
0.054161274918532246 -0.05411402602752987 0.04508435653917096 124 121 122
0.1245780953798929 -0.05829236297406576 0.015872048141585104 105 103 106
0.07419461251031878 -0.04453953091625998 0.036235034738735794 113 110 111
0.07360026726980044 -0.036775247881977134 0.035973618396079154 124 119 121
0.09791491915785444 -0.017462101429928656 0.025737960314808184 111 106 108
0.04387051717306964 0.0022079337236136642 0.045837371925360276 121 119 118
0.06482467937512233 0.024561926749546752 0.03608452861354491 118 114 113
-0.13533883433105687 0.015504282448754837 -0.00554290612996704 132 127 127
-0.1438596036932424 0.015021440359366112 -0.005884703388269985 126 119 120
-0.07445184489297195 0.0568431938187353 0.015628226066488837 110 107 107
-0.152051481269308 0.06366425078787678 0.002825246608259835 125 118 120
-0.1065423873728919 0.08521316486363621 0.007688182110626866 124 119 118
-0.13513205973968873 0.0970420140614199 0.007745370696695253 111 103 104
-0.07430140584245289 0.11454921657413832 0.015187041131738743 96 93 94
-0.13517616350673614 0.10543042257321009 0.007248625245845353 106 101 102
-0.14372241411806094 0.11594399123771386 0.005639982325846708 111 104 104
0.09609060126048699 -0.12650045729062093 0.013624599108309626 113 111 112
0.12339911348431148 -0.09369603749341786 0.012465539969778469 107 103 104
0.09372232709448555 -0.06552749917530515 0.02304966574331152 124 123 123
-0.0947478013561163 -0.11451166817042976 -0.015985846097909377 104 101 102
-0.06519684163808613 -0.034876137346396524 0.004576681625342741 100 98 98
-0.05427462612181647 -0.10525637484206064 0.0032279161936961767 90 89 89
-0.05504718539152688 -0.09473670380143306 0.0036308153630659813 91 90 90
-0.10517941814565246 -0.05490447690371578 -0.01593921767824999 97 95 94
-0.05488438308107684 -0.0845777312953845 0.004489255067771603 94 92 93
-0.10416103579943686 -0.03479398166179147 -0.015691517551194637 97 95 94
-0.07565457901223113 -0.014847560090719672 -0.003808654899819567 102 101 100
-0.10440808543569205 -0.014482300998920453 -0.016070042648103855 100 99 98
-0.04478187207238481 -0.13546443953323856 0.004962453145932557 91 89 90
-0.06523551978814181 -0.1351512714918123 -0.005035571456870026 99 97 96
-0.015055874062086572 -0.0045229893942949 0.016472577321897372 105 103 103
-0.07554521477375784 -0.06514776063401474 -0.004339180130698565 107 104 104
-0.08478840343563594 -0.034869359376865056 -0.005770572425838059 103 100 100
-0.1342903417406192 -0.07499453122218402 -0.02476700817150708 100 97 97
-0.09470747453882418 0.025537722325511065 -0.014732248191826728 102 101 100
-0.12443696043459083 0.004757859717446362 -0.02585381703256275 107 103 103
0.144594832938404 -0.13759367318871518 0.001815572540947752 116 115 116
0.13700602775300066 -0.14674495765780876 0.0018240882201380649 119 119 120
0.15222509334353646 -0.08414761292923945 0.010833255645895823 120 117 120
0.14292187894502584 -0.08383861691192511 0.01416334072032091 112 111 112
0.13380602640673672 -0.09508866493044474 0.014674697899705436 110 110 110
0.12565658858062564 -0.10544298700620387 0.014138369459035738 118 117 117
0.07226612110564135 -0.14166898460515617 0.017126080134291732 122 120 122
0.14615875515175603 -0.06493942298828141 0.012782870952858905 110 107 110
0.10429974461784958 -0.09307448977034322 0.021699587067337156 102 102 102
0.0969901509870238 -0.09444157058375915 0.021980373174425305 114 113 115
0.08759790371051986 -0.10494973990153245 0.02337554309010692 122 118 121
0.032054430521538724 -0.1388981286538295 0.03113408863150091 123 122 122
0.14710407630512568 -0.04538555870302327 0.015463780062899335 120 119 122
0.11295093739444272 -0.062346891291949945 0.02190220350403127 117 116 119
0.10468159420774618 -0.07138380433831237 0.02226670316625476 112 109 110
0.08439409571887943 -0.07672164590473826 0.032087700731299296 118 116 116
0.05461154526185319 -0.08552479889204205 0.0407884795535991 121 120 119
0.031976189236848286 -0.11504310527247379 0.03117544218557866 97 94 95
0.1160292751309675 -0.04579335849512112 0.023129750411677086 116 114 115
0.10707564834278493 -0.05405135891826355 0.022453261900988692 107 105 107
0.08527472787938291 -0.05488648363671078 0.03308867394242898 113 111 112
0.07544171114618449 -0.0621051654951035 0.03750903241617054 116 113 114
0.06448924663462575 -0.0639790908719862 0.042991452681282835 126 123 124
0.0462499547149125 -0.07457599190503697 0.04320077335732977 120 115 116
0.023192038390497063 -0.10593064271703476 0.03278863920324207 113 111 110
0.13495274910188498 -0.014922970880935915 0.02059047180031881 112 108 111
0.12324007117230684 -0.022290719271397474 0.02160288457482699 116 114 117
0.11411875300952282 -0.026334434201260443 0.023518056817284 111 110 110
0.10674962423385609 -0.03572664691013024 0.024780346923713465 117 114 116
0.08481563434328067 -0.03403569368747754 0.03326107840763528 122 119 120
0.06460271009595538 -0.04438621884316604 0.042771894736772044 112 109 111
0.017170021992193835 -0.08496057652768214 0.03413313474241424 110 109 106
0.0027587784731792353 -0.10485295308465215 0.031803636184732254 118 116 114
0.1363537384428123 0.0034330123682808356 0.0207771363615315 113 110 112
0.12623733727120273 -0.004150366358490321 0.02227709564099256 113 111 113
0.11581694735714389 -0.005756723351457168 0.02333178939793498 117 115 116
0.08446183755919338 -0.02249803740325222 0.034064385125191686 112 109 110
0.07005433255589555 -0.027065743045028234 0.04059187170560152 125 124 126
0.06004054670099401 -0.030286756814815463 0.04500831927491422 112 111 113
0.04287861994379174 -0.036317496489620196 0.051621745336046215 112 110 110
0.018213546284547383 -0.06465345445472465 0.042079508846819214 117 113 116
0.1463293833796742 0.024657085160881387 0.015930561566160944 111 109 112
0.1333192500396054 0.023216763566568488 0.02195844370660288 119 117 116
0.125872934936005 0.01621373684147921 0.023202920028351715 116 114 115
0.11692194261472297 0.016242901104294116 0.024703078816621815 127 123 125
0.09243242504016158 -0.0038953306979626068 0.03176921292894341 121 117 119
0.08386997433997515 -0.007988213971324898 0.03306702616920516 107 104 105
0.06318003312385805 -0.014760669820255349 0.0432677162829899 124 119 121
0.03572295576041804 -0.02516547220610595 0.052336928771698155 107 104 106
0.014956658029618042 -0.04502915482921359 0.045811572626368646 118 113 115
0.015316260600382353 -0.05482038918091668 0.042399029113172754 102 100 101
0.005890523215734758 -0.0579346105872616 0.041888190201568365 117 112 114
0.15209585578412416 0.046554407447911526 0.013884284418607052 119 118 121
0.14610015661992762 0.04232539203298511 0.015685082507089537 108 106 109
0.12783458697462227 0.03301029745296088 0.021235930245494045 115 111 114
0.11471224559435189 0.025886994328043533 0.02552410231454736 117 112 115
0.10081713186627866 0.019815236531595337 0.030690667497368262 123 117 121
0.09453747730544411 0.015743852527152973 0.03201986503714105 123 119 121
0.08706121285717285 0.014061205088821702 0.033107478194480344 114 112 113
0.06378633819468206 0.005796435269925959 0.04239917826033209 134 129 131
0.055727070307936714 -0.0026500146916250134 0.043613126322734785 123 119 120
0.03463784618186575 -0.006410173085494564 0.05209591282525923 115 111 110
0.028023423744059354 -0.016199556676751527 0.051035267761514014 114 113 111
0.00512425630396091 -0.035403991640993636 0.04586120396412128 108 106 106
-0.0038075199135425785 -0.04527740864003743 0.04225734373337568 118 114 115
-0.03643984522622794 -0.08266463596376677 0.03129814448815271 114 109 110
0.14293008300072876 0.05715674267572066 0.01688308703931 113 108 111
0.12476231508028288 0.046947343327637565 0.021670707784424544 111 107 110
0.11628288120238749 0.04278543763518228 0.023535332493730493 109 105 107
0.11498845347571329 0.03629619990604419 0.02386242661022257 116 112 113
0.08606592759000808 0.02542236290696006 0.03281853525967819 117 112 114
0.0645602852857228 0.023753321267924843 0.04125803324417976 120 115 116
0.0567821680344964 0.014798482043168562 0.04316479553959577 122 118 118
0.036946382398998 0.008912770130945186 0.05045811030623004 118 113 112
0.026911724926467036 0.0037962581893648726 0.05158067566656029 119 115 114
-0.004361762608761883 -0.025353644368354446 0.04202373993538841 91 89 89
-0.013364615705761501 -0.03326522438263354 0.041659316841520556 109 104 105
-0.019386981633683503 -0.04264653395463586 0.04040741559806171 111 104 104
0.13067218455347424 0.06404777079357948 0.020213548531916148 109 109 111
0.12180287471313539 0.059890977737062034 0.022712864379242137 110 109 111
0.11414474359362853 0.05654048609572067 0.022622903432827718 117 113 115
0.09506246492689208 0.04736846296014652 0.030259502589468412 133 132 132
0.0879541491858305 0.043119200083457584 0.030736173674631218 111 106 108
0.07516256203799661 0.03568748102905486 0.03527776148174727 116 112 113
0.056085861443251256 0.03390081624443187 0.0420359111031808 111 107 109
-0.00490846478182623 -0.01633839568871978 0.04196703481353087 93 92 92
-0.042414893562652156 -0.04690021683377042 0.034406464699779454 102 101 101
0.13200440816798967 0.08391428414810281 0.021227211692021575 104 100 104
0.12417278131943459 0.07633659022918628 0.02095080937157434 97 95 98
0.11385782178307194 0.0736831431424553 0.022203866430057406 109 105 109
0.08344041097079875 0.0559927572408234 0.03127400831475252 116 114 116
0.07705924903426761 0.05689443298385013 0.03269509133621037 119 115 116
0.06517800878107871 0.055210210332548665 0.034896049235485 117 112 114
0.06051189612360247 0.047125491719859414 0.04031528952803298 111 107 110
0.05266452496750659 0.04169020050093708 0.04220107005481055 118 114 116
0.0430184547545201 0.03663903858944965 0.044914530276128385 104 99 102
0.0168581890222481 0.023079819603331924 0.05089013107359267 113 108 108
0.006192476375442192 0.01584349132626838 0.044949033276049315 99 97 97
0.14553238861284265 0.10459521175002624 0.02195091172583079 111 108 111
0.13711819878799852 0.10461001084014016 0.021641096863077525 128 124 126
0.13523611090887294 0.09656805005206757 0.02144094499648061 116 115 117
0.1244169574417583 0.09349828846105486 0.02187797322451653 116 113 115
0.11572996394198595 0.08549436746567685 0.022062507773396356 107 104 106
0.10615609470775392 0.08511713814821224 0.023172333706851057 101 100 101
0.0936307066504051 0.07483717167061807 0.026173020919436935 109 106 107
0.08353609463149246 0.06548540665059921 0.03141350153813288 114 108 112
0.07154002070111133 0.06514621317677577 0.03298387309698221 122 116 118
0.0643522838826015 0.06488083212706328 0.03308016784676462 117 113 113
0.035233590282884725 0.04582281594664861 0.04433009335899269 119 115 114
0.0166553901103685 0.04065335300172005 0.05052259606565749 106 101 103
-0.003965032815705122 0.018218677946837736 0.04120550900790598 99 98 98
-0.015521562580930065 0.0033148360360879905 0.034674863881635654 95 92 91
-0.032686456773328355 -0.014118649961016305 0.03126084490040859 102 100 99
-0.07051246376825296 -0.04537486024763954 0.020509319836161555 111 111 113
0.1455286241416816 0.12556972944485514 0.015865178695963267 82 81 83
0.13465816262420965 0.11153521231808917 0.021466533662853855 115 113 116
0.12705342539864176 0.10541306095040083 0.022585397946364216 117 115 117
0.11542357793775536 0.10396702552100145 0.02159746394867896 105 103 104
0.10372438829718074 0.09441352876597327 0.021913100755786008 104 104 105
0.09522896243788576 0.08493543381486411 0.024704185177343605 116 113 116
0.08425789380258172 0.08433820025581541 0.026331594824742073 113 109 111
0.06536489640822156 0.0741404534732006 0.03162902095735213 112 105 108
0.05585767845474457 0.07463620125564899 0.031779852817910216 108 104 106
0.03349969081793655 0.05484768581418428 0.04254775718134235 111 109 111
0.025240142810447497 0.05394889996397927 0.04367420201739615 105 101 101
0.015258859350533662 0.0549373868965991 0.04605298437340544 114 111 111
-0.0043779859348465466 0.03553536818301771 0.04268539701387497 102 98 100
-0.025328590755434328 0.011902106019986461 0.03225045978442639 103 99 100
-0.033192500248520676 0.002604120955869621 0.030253461247395974 100 98 97
0.1463626071408356 0.13530760648636045 0.014931804404091786 105 104 105
0.13571879599491213 0.12520327740327974 0.014913003736232399 87 84 86
0.12425767782448334 0.12465031221092472 0.016621120404544505 82 81 83
0.11614682971576451 0.11418705276078944 0.020688297571599068 75 73 75
0.10516693342889197 0.1022960077896331 0.0210168597694111 89 86 87
0.09292042394474247 0.10334289356139502 0.02126045356988356 109 107 110
0.08470331397746172 0.0971043245955404 0.02295732308277977 109 105 108
0.0752050640945689 0.09322456236064651 0.025273781587224153 111 107 109
0.044743298497445426 0.07640437031426595 0.0337391094392855 109 104 106
0.014905742529520025 0.06332484671331239 0.04274793156799117 116 111 113
0.004909608119445223 0.06636033504034737 0.04357352379571788 105 100 100
-0.02401841402661176 0.02564305050124364 0.03265347788846518 98 96 96
-0.05392193589657631 -0.004044893715145881 0.022877469226601027 103 100 101
-0.08333819778155827 -0.024994248158131754 0.011122254453524022 100 97 98
0.14420073201737768 0.14466786005982582 0.015209156122398228 102 100 102
0.13589159283439364 0.13673094771254232 0.014079256268417994 90 89 91
0.12649334610836102 0.1341713606122543 0.012785294514685701 93 91 93
0.11509526627923022 0.12358185499487898 0.016139883448675854 83 81 82
0.08635730607196947 0.10480468305727723 0.020856152006648254 111 109 111
0.07470129365016431 0.10677765608538774 0.022182470886407426 112 109 110
0.0449452002604677 0.08550368188493344 0.0318022979156097 110 106 105
0.033273399511319086 0.08444156652581168 0.03417837071722076 105 101 102
0.025061715307350824 0.08357000000765284 0.034078505080036146 105 101 102
-0.015705067511199967 0.05633850615845194 0.041652000784355804 108 104 103
-0.02438774544354423 0.04679917765637175 0.035329768858883316 105 102 100
-0.045392160763600475 0.024407024798394506 0.02422204412872686 104 100 102
-0.052604388733876045 0.01554807167955384 0.022445403777007628 106 102 103
-0.061863807527201664 0.010348631460101454 0.021749582571156112 98 97 99
-0.07330529141237085 0.003155687926509232 0.014168282119450981 98 95 93
-0.0845209285048522 -0.014472751061995859 0.01123095317640821 97 95 96
0.12490887179098213 0.1454024507699508 0.013181677550189775 94 94 95
0.11461255329678958 0.13590946554373146 0.014882714869123499 90 89 90
0.10536675496154699 0.13387691479747182 0.01570990685844171 86 84 86
0.09489648321983431 0.12606352091972364 0.017607504075700702 89 86 87
0.06347132348685555 0.11345894671730271 0.02178827948097341 113 109 111
0.054714722137431886 0.10686952819420203 0.02422006354668725 109 103 105
0.04703920620054033 0.10311223492884057 0.026852726973263037 113 109 110
0.03379647282866255 0.09449366148116085 0.0321171870848184 110 108 109
0.02429174887325078 0.0943907326697887 0.03194525577502736 110 104 107
-0.005887966444625964 0.07554016465847649 0.04282669967328874 107 101 102
-0.015120006144355777 0.07431685222809115 0.04363375646172921 109 106 105
-0.024348974693025167 0.06777756351210124 0.041714172505388225 110 106 105
-0.0340919448761427 0.055146569022171674 0.034290660095507255 106 102 102
-0.054059849858621764 0.03672943542064422 0.021913571144849542 90 84 86
-0.055064690474438446 0.025109571932076757 0.021942818093828607 104 100 101
-0.07411636092274829 0.014490802313024367 0.013522630685648046 100 96 98
-0.0844115795304849 0.003934260334525583 0.01130271130519267 103 100 101
0.10574360121354902 0.1445501913339407 0.015132298362669674 97 94 95
0.0960007319276294 0.14537303464911375 0.016524202021679854 97 93 95
0.05666175228846746 0.12313266263783385 0.022021229605893644 111 107 107
0.05428376971003098 0.11574786399931404 0.02237949409749636 108 105 107
0.04483587713603672 0.11483279449815584 0.023385283509030075 106 101 102
0.01591853476722789 0.10418457114643076 0.03150326752569205 108 106 107
0.005189476795998622 0.0942020454997096 0.03326874725873419 109 104 103
-0.004244339745472947 0.09496536018145932 0.033106110195298924 105 102 102
-0.018094747296491243 0.08323103325087894 0.04021085533534585 116 115 115
-0.024017013214589867 0.07644761413721284 0.04105864456008727 97 93 93
-0.03526280059395175 0.07440231540284205 0.03521763182132246 109 104 104
-0.04227120078771699 0.06480048668596909 0.03166460236070726 108 104 104
-0.05328600980124404 0.0472958652065035 0.021844706777837092 105 102 104
-0.0848358180120745 0.023150158989376557 0.01129318731967549 108 103 104
0.08436134176922083 0.1448240995115568 0.016147849893268656 97 92 94
0.07547462511612625 0.14514786357238058 0.015618748640339564 111 109 111
0.06542519742200974 0.13397204650991829 0.016805150203499406 101 99 101
0.04479318716689352 0.1255790453866915 0.022051526924235593 121 117 119
0.035234792600993006 0.12297762696532422 0.023207367652970243 113 109 110
0.025417372120077043 0.1154587689222408 0.02488550210637033 110 107 106
0.005516642549473191 0.10262390288542131 0.03087833469417295 104 102 102
-0.0038415477069580414 0.10390590232413084 0.03166686995485948 103 100 100
-0.015830633304902964 0.09483328379496529 0.033667712500310566 108 104 103
-0.043377581493987294 0.07357115366527725 0.031848687951364335 106 103 101
-0.07422294392355704 0.03593040861789438 0.01219965851717425 104 98 100
-0.10326655959470647 0.015108141412164619 0.0019838033655781295 107 102 104
0.06552623394405296 0.14469447913589056 0.014956504325432511 87 87 88
0.05543889565405541 0.14644686733828868 0.01464733955024041 98 94 96
0.045864664636893114 0.13496634420652162 0.01710769951855312 113 108 110
0.03424830456563945 0.13335626083393617 0.02061535388882933 116 111 114
0.023465835356790588 0.12660447266695976 0.021887281304668743 110 105 106
0.016435561205137537 0.12328947528477323 0.023283471903212186 105 101 101
0.005619994604916988 0.11474826161699181 0.02547933034513207 105 102 103
-0.005024232294221387 0.11507601445201979 0.024852946036243898 109 104 103
-0.014957693122690803 0.10791699006740085 0.02756123836111457 105 101 100
-0.014979733672916808 0.1027070733037674 0.031316453006030726 102 101 98
-0.04428384021619592 0.0944827987045288 0.032656675062955866 106 104 102
-0.0624946460797726 0.07625153180488572 0.023908546829305877 99 94 96
-0.06519662583851893 0.06605278325687085 0.02117627971713998 106 104 103
-0.08500611200488774 0.045717221563694815 0.010534386614536484 98 94 96
-0.11468035611799761 0.02790481349783049 0.0006939064075488129 107 103 103
0.04524604087689222 0.14403471760960235 0.015386736229567636 106 102 104
0.03412380550533031 0.14499892736807976 0.017166484159776858 105 101 102
0.022912508197975606 0.14069263146368632 0.0213046075267595 115 111 112
0.014241830037429242 0.13513893583562522 0.021300577775808478 106 100 102
0.004709287186266231 0.1345470843936414 0.022189009220381195 118 112 116
0.003883257001964918 0.12588867011090815 0.022370890636005024 105 100 101
-0.0060124877521462675 0.1237101695020408 0.0237195630396148 105 100 99
-0.04099346518419704 0.10235876388936829 0.03134137567883971 104 102 102
-0.06640013701703987 0.08621420418896408 0.023297883716532946 97 94 95
-0.0829525389990357 0.06650608065158659 0.014017069904820989 103 98 100
-0.10667905177245848 0.04466037156962147 0.0040536822430574816 114 110 112
-0.11588064769021403 0.03818065592608039 0.0009440383364373583 114 107 109
-0.12547322786481507 0.030976869411918906 4.915349852396833e-05 93 87 89
0.024646968203149166 0.14575463820616033 0.016852443167357095 114 109 109
0.004510077822316716 0.14188492805720468 0.02120681779891148 104 102 102
-0.005594389748905054 0.13412317543471747 0.021299823852221088 105 100 100
-0.014696566481250756 0.1359665277781439 0.021609959969929787 96 93 93
-0.02554389817197465 0.12399012427643155 0.023129244897768665 111 106 106
-0.04593490480901613 0.11349572906028838 0.024635905275209147 104 101 100
-0.05462313467201483 0.10560470831057378 0.026185859213838453 103 100 100
-0.06567782128436152 0.10398494188386505 0.024077027183018216 99 96 95
-0.07291781596592642 0.09538844425006711 0.02209547172398854 101 97 97
-0.08655609861019556 0.07704423630344989 0.014696485586114073 101 99 99
-0.09388018071133414 0.07322530413796006 0.011906816235011719 103 98 99
-0.11539887235341047 0.054812699775612136 0.004603649512296059 110 105 105
-0.12411966797456477 0.05460449053014909 0.003835709488520319 119 113 114
-0.14323605347460974 0.03617877172391202 0.0012048714573839787 121 113 116
-0.010341979019611758 0.14502450729687122 0.02087091064032176 120 120 116
-0.03342182683107616 0.12693645018633817 0.021758853694435337 107 103 103
-0.04442977076483194 0.1247466404485635 0.022496432090446356 95 94 95
-0.054735062913621825 0.12265514634968959 0.02179599978689073 104 102 100
-0.06326641196147158 0.11378952707999805 0.02222543033891275 94 90 90
-0.08558080312397912 0.09592539854925851 0.01678651742823085 105 103 104
-0.09442745212833999 0.09346458946354792 0.013403938431498532 104 101 102
-0.10469043201859313 0.0850026406140201 0.011725858920671461 124 117 120
-0.1365919214500833 0.053396634958069435 0.0037737064968973886 130 125 124
-0.1446109241457832 0.05329167036307782 0.003085877055170244 126 118 119
-0.03438792229264997 0.14455076680958434 0.01503102857361338 106 102 101
-0.03697365502011608 0.13457214942566542 0.017350441263333516 100 95 95
-0.06326394119786023 0.12522595015596297 0.015814249676929015 83 79 80
-0.08433968696675324 0.11586028909881826 0.013781960933238404 115 111 113
-0.09507584175683746 0.10514717484235049 0.014805602643441995 127 121 121
-0.10531709022059242 0.09503476955355637 0.01252049546501044 125 119 122
-0.11396700172447452 0.08640772783266346 0.011373965951370135 124 116 120
-0.045167298623046775 0.14421362026615836 0.013785036468885487 103 100 99
-0.055070000951634834 0.14513593442945497 0.01287735930698819 88 84 86
-0.06626753578037578 0.13409475586329184 0.013272162640802762 97 94 95
-0.07451098649542846 0.12560408025899086 0.01348635145661865 105 104 104
-0.08697137960723188 0.1257567435827169 0.01185234615048647 110 106 105
-0.09438739978158489 0.1152349224959364 0.013428294152759609 108 103 104
-0.10419442837771828 0.11495320801081499 0.012003070546384786 108 102 102
-0.11312718498151753 0.1054486733206145 0.011873871922544021 117 112 112
-0.1262111967932108 0.09822486930480347 0.011559740583793091 116 112 110
-0.130940210138212 0.09277397583435221 0.010923559146446715 118 113 111
-0.0640082538048101 0.14554281884081804 0.011395102810902225 91 90 89
-0.07512124764673628 0.14013695496634487 0.011033556967791958 102 94 93
-0.09532466595922084 0.12412339873156722 0.011667234585402309 115 111 111
-0.11620919039657521 0.1138227253154656 0.010510883148601468 98 94 94
-0.12424362724731568 0.10653850468096265 0.01057586458005133 92 88 88
-0.1260570931311435 0.1496366336235424 0.010656555698402626 115 111 112
-0.1435134933293982 0.13438607312548564 0.0052220484949827145 102 95 97
0.14139890212463876 -0.09049812125433371 0.013310159599790206 104 103 105
0.11488073800247976 -0.11259881020311091 0.014975413357088296 114 112 112
0.1076298376778029 -0.12056898102867336 0.013326971096341955 113 112 112
0.09447794762100148 -0.13472081605154293 0.011935072922253117 107 102 102
0.08240476673596515 -0.14312376700513094 0.012311374168521683 111 110 109
0.14441025815672764 -0.07448819169290549 0.01289660588711225 113 111 113
0.1112963044027278 -0.08875786674934423 0.02149399099343034 116 113 112
0.09447876883442952 -0.10545947103132887 0.023063842479886725 119 116 117
0.07770103768691336 -0.1150402517636025 0.02354434288986118 118 117 119
0.13587783985598811 -0.046614783362903645 0.018614096366110444 113 110 113
0.04450423745092698 -0.11361522321028353 0.03144241046735656 123 122 120
0.12136697533798033 -0.042027088840793037 0.02029306116036189 107 101 105
0.08311263689185303 -0.06138079338292918 0.03274654811320998 110 106 107
0.04624326237727974 -0.0838847754993694 0.0411866737048715 111 107 108
0.1232326915080963 -0.01369914589773987 0.023195461055144844 112 109 111
0.09275458589077391 -0.03676384118001505 0.03269846618188488 126 124 125
0.08330103214673275 -0.04279149593476375 0.03626371444697363 128 124 122
0.04360796039647023 -0.06214306594493943 0.04449970590286623 116 112 114
0.038017525442578165 -0.07058847940959206 0.042672807513524535 104 100 103
0.1279008087188198 0.0037028811905921075 0.020809317994179916 108 103 106
0.09231916204125014 -0.014606012132793805 0.03176796599640652 126 124 124
0.06313687023463353 -0.024877941321159697 0.044202353393148784 110 106 107
0.03467809687929049 -0.04414414690742774 0.051138141559059234 121 119 120
0.024553221017483993 -0.0686754045414765 0.04082534751463393 110 107 110
0.13536224668352675 0.02616093073601325 0.01766652191668361 112 107 110
0.11384558562293186 0.007113275242616379 0.025972426102980783 113 110 112
0.10099269966573257 0.023195173646686218 0.030810671926759903 124 120 121
0.02602551306723775 -0.006151059479834978 0.05095323217252365 109 106 104
0.12292452199520316 0.06513527227659166 0.021099794502297153 109 107 109
0.02581494356800891 0.01192826957348364 0.05168198276731917 114 108 108
0.14321732073420138 0.09662671771301228 0.021066521843362957 109 107 109
0.14699065995536836 0.11244948031066287 0.021398489245412433 89 88 92
0.11369487280488591 0.09192430594597496 0.021544574456316745 125 123 123
0.07884217110400536 0.07162520532928106 0.03147506876960726 111 106 108
-0.023556379966738473 -0.007266083497609477 0.032408002775446865 102 99 99
0.12488830934324649 0.11386386004381976 0.02041348090226175 89 88 90
0.09565229476715191 0.09430745604744792 0.023278139209771453 92 88 90
0.06496672922746442 0.07420541695413857 0.029360399084134865 109 105 106
-0.025374868099964244 0.005230568223885845 0.032315076135495446 102 99 97
-0.08245549604505925 -0.05536301243232564 0.012646398556830973 108 104 105
0.022594856279077473 0.06404537077371222 0.04166657254853265 109 105 106
0.1331962900865654 0.14418497384702156 0.013602867817501937 101 99 100
0.06666695616319342 0.10285935828647164 0.025046936363549332 110 106 106
0.05022562465713784 0.09564087583510145 0.030243935995690308 112 108 109
0.045336919200792955 0.0910330504058239 0.030900731608054288 122 115 116
0.004505177579059619 0.07488538559658908 0.04048574720862824 112 108 106
-0.030192794423010788 0.036290278347855365 0.031762887620828684 110 109 111
-0.06149920952861829 0.0035841509581440167 0.020224198158007245 97 93 94
0.1160935510353569 0.14514170285408606 0.01433251189142124 93 91 92
-0.03461747579410358 0.04545424027209741 0.03150213697328047 106 102 102
-0.04473944320404503 0.036465789728354604 0.02436065352585574 99 94 95
-0.08487469909978458 -0.003942383211190077 0.012164901624407457 103 100 101
-0.09299217767821644 -0.011257260813747116 0.010303562785153542 106 102 105
0.03726348554900374 0.11374558210394867 0.024202563510799746 112 108 107
0.01476859840812051 0.09617470459315275 0.03177150566802428 111 106 106
-0.033835714487198486 0.06526157230523345 0.03593341119157263 107 102 103
-0.04244246558106921 0.05650620538564238 0.03096910904734122 109 105 106
-0.08188496658942523 0.013326775176603009 0.0115419655249413 111 108 106
0.015747363417726874 0.11394395597162958 0.025099512759771604 107 103 103
-0.055956657061062516 0.05585369363531878 0.022739373597315954 92 89 90
-0.08000966475304228 0.03282953812556827 0.013284257280157252 98 94 95
0.026493937656305044 0.13203614695130855 0.021085983924829337 109 104 105
-0.024827058327638762 0.1037095338337759 0.03111073794509415 110 106 105
-0.04463142476667188 0.08446333259589653 0.03224437431841195 100 97 98
-0.13745645719200383 -0.006692083000508969 -0.008700341940895306 128 120 121
-0.1253896742454424 0.013755551140852829 -0.004465112055916464 119 116 116
-0.01583094664287398 0.12557219991225124 0.022426378287485105 110 106 105
-0.06329695494343833 0.09525980125056015 0.0236294517843731 100 97 97
-0.07503659174259744 0.08668871662992322 0.02000407288441619 106 106 102
-0.12377702121228612 0.04263421043892565 0.00193566021150815 114 108 109
-0.05579644567133468 0.11577867990991729 0.023731020423633786 103 99 100
-0.07325780244987437 0.10322882628341618 0.02116088089436896 99 96 93
-0.08376074964646067 0.08629383655119849 0.015212288536522844 98 94 94
-0.09478200842671773 0.08229249284351842 0.013152132615169704 96 92 93
-0.08360578914458842 0.10383733478222822 0.014532365200824524 109 106 106
-0.05522058419095565 0.1353883700776663 0.014554357883771643 95 93 93
-0.10502960175519076 0.10463649031685456 0.012405338345121475 120 116 116
-0.07386945498258445 0.13472724860775104 0.010923340905161949 99 97 94
-0.08145182577967727 0.13352472391150177 0.010520431354674176 116 115 115
-0.14456499775488688 0.0949695505941582 0.006845123971958578 112 107 108
0.14901370721289214 -0.12578474616287982 0.0037003153759901375 112 110 112
0.1233811356621552 -0.11625054786007272 0.01281186246472421 113 112 113
0.11255614074791984 -0.13376931127443747 0.012214836258188089 105 104 105
0.1519818451529861 -0.0735206132100832 0.013124647106598025 114 114 114
0.13512336444104164 -0.08742491390692765 0.013482046938818382 110 106 107
0.14534047971335246 -0.05542653278964048 0.014036871150958224 103 102 104
0.12175081847810827 -0.05193124689504208 0.020655807048469883 111 108 110
0.1139607582555249 -0.05541001486105056 0.023625104054424056 114 112 114
0.1035061063464493 -0.06476758278383167 0.023775294108798195 119 114 115
0.06254601799102666 -0.08216010405446561 0.04041223762497148 134 129 127
0.03320826354570963 -0.12147200047475798 0.032156021200651086 122 122 117
0.1162206580739396 -0.03330638843163729 0.022177084268669295 106 106 107
0.10244624358023599 -0.04269268564242598 0.02772269947342415 117 115 114
0.09292219501040888 -0.04805913138860354 0.03121804044558013 115 110 112
0.091845495928297 -0.02855295366435623 0.031884927131603125 116 112 114
0.029393229767407658 -0.0734964755300117 0.040240501260605854 96 96 96
0.0832314064887279 -0.013909988889937483 0.0353665321814739 119 116 116
0.033485228941847966 -0.03407322954875558 0.051912060526774405 115 113 114
0.08116187632574426 0.006167404648454855 0.034831617183171536 116 112 114
0.06203592413190366 -0.005458858685692625 0.044289738032342874 129 128 128
0.03355170443370581 -0.019844900944678667 0.05209146503350026 124 120 121
0.023537771848373967 -0.02566134189416089 0.05085065289484142 94 90 90
0.07008059714919246 0.018277403251997282 0.04001727449737591 110 110 106
0.06125313724115178 0.012914532632041287 0.042436532449709574 118 112 114
0.05195020191988897 0.006426619269254363 0.04609188921359547 120 114 116
-0.05018714076187361 -0.10457137952848305 0.02247709987895652 99 95 96
0.052586508795360615 0.02429847584040755 0.042987357893596534 120 116 116
0.07412729663895574 0.04678270422865846 0.033466722175143515 117 114 115
0.026300968768356636 0.02316521144318238 0.0510552542714204 124 119 118
0.019208138207774728 0.01671398479747624 0.05186214337750117 116 111 109
0.08435230748439682 0.07356615157398774 0.030623925972899646 108 104 106
0.04625355806223186 0.05058451024461785 0.04113911084860933 122 116 118
0.05479070280601121 0.0671549812085703 0.03352653461649868 114 109 110
-0.004126428257199994 0.022988027700899437 0.040853987987908555 99 96 97
-0.0309349163892311 -0.0034757405274274678 0.03047520964753131 106 104 104
0.015298256988266284 0.07231810849884737 0.04151410529472571 102 98 98
-0.01506463866616567 0.04831852647569229 0.04019626058282688 104 100 101
-0.051700828944056226 0.0046257637014195385 0.02376573984343766 91 85 87
0.07481436446476639 0.11526562064652576 0.020245229509120666 107 104 102
-0.022426914835399214 0.058904475152085356 0.040676541632696295 100 94 96
0.06250884837955134 0.12717167478768648 0.020229501937972905 120 116 117
-0.13159973696887156 -0.0521521612402811 -0.009587598456295199 106 105 105
-0.06150026265940968 0.058965424052798504 0.020648693624733705 104 100 100
-0.09470819639203622 0.06598628328697129 0.010936553542583449 90 87 87
-0.049535967200643516 0.13026509567198968 0.020380637233351262 105 102 99
-0.14703197155051156 0.044437795963196275 0.002614218338439417 124 118 118
-0.11322939776156975 0.09496310693421431 0.011891770249259137 126 120 122
-0.12456902147654064 0.1122179069383662 0.010809645121900746 101 95 97
0.12094457161153088 -0.14586754333562393 0.004245936465662958 117 115 116
0.11236835780477844 -0.15206330663173478 0.00445818249094887 123 123 119
0.09106246111668082 -0.1427371022429587 0.011618477144872852 112 112 108
0.08516303883643905 -0.11300977894293546 0.022505945798345084 135 131 132
0.07601192106747212 -0.12014606260497468 0.02462442934092013 110 109 109
0.06016244433550377 -0.13946931217894848 0.02258248391713613 115 114 114
0.1325372554061928 -0.025164851680816697 0.022071648799179222 106 103 104
0.12423342026820511 -0.03316829701053278 0.023615454556148774 112 110 112
0.10154201199101359 -0.0055935258798959775 0.028376305950034264 101 100 102
0.09073265322426971 0.007906297202432855 0.03291227088119908 124 120 121
0.044275139790197426 -0.017788378162945095 0.052590005552947794 112 108 109
0.02868752245009809 -0.03316899706730897 0.05279842247193067 107 103 104
0.04263147779985324 -0.0008458101637759952 0.05067343417810688 123 120 118
-0.028907648170217667 -0.09381762414567144 0.031757577651669366 108 107 105
0.08370974474717774 0.03566648005054876 0.032936212298521395 118 114 113
-0.00034304952027497393 -0.033090619254209475 0.04333977088378993 93 89 90
0.12237361124496418 0.08306484171027723 0.020735920032269817 112 110 113
0.10609725917960114 0.07479305739469909 0.02337644170216637 110 106 109
0.03569068319806801 0.027389031939638653 0.050265361521252494 108 97 101
-0.023824495440326665 -0.03971100496339003 0.040430213479391686 117 116 116
0.046491459875048546 0.043956537419923336 0.04188679125157709 116 113 113
0.026449457488437578 0.03400590352653213 0.05084002256084652 116 112 112
0.01962168819206478 0.03109447335185761 0.05150097074085369 110 106 107
-0.10029314055800906 -0.10997477777345938 0.0019162936704130162 117 114 111
0.056274798634814605 0.0823400572570997 0.031171406856582373 113 109 110
-0.08300405762696011 -0.06597213974483301 0.010919992599664585 102 101 101
0.0817053490866072 0.11401778978772664 0.020747239525510053 122 116 118
-0.007833252899161647 0.08152885171005209 0.040004067547445454 118 115 112
-0.13044924911464137 -0.06533767291663836 -0.008632270236598516 99 99 95
-0.1351377254088475 -0.017827364566762316 -0.008557117875980125 105 99 103
-0.072129293673224 0.07780273998183918 0.020656063759176446 104 99 102
-0.14267428686583805 -0.006633372174955188 -0.008480006780436589 126 120 122
-0.023098316894182694 0.13254133110747646 0.021052933792219453 108 103 104
-0.10106884085078709 0.077358432333927 0.0106067362253765 104 100 104
-0.12292286049691578 0.0898511727647403 0.011311965389351086 118 108 108
-0.06577445797513765 0.1520032646564719 0.010089255553877408 90 86 87
0.14224583937037857 0.03758743888980961 0.014728257105006618 103 100 101
-0.10035126746269352 -0.08839178950174376 0.0004310338130933955 89 88 88
-0.09077721112140547 0.059529857930781416 0.0101228425422496 90 86 89
0.14733399943918457 -0.14102557454178988 0.003999477812589358 124 123 123
0.13003235989751394 -0.102090800997921 0.010415138340779895 113 109 112
0.06220649787110563 -0.11249146458080689 0.031675667442880306 127 124 122
0.054442970573146204 -0.1227423800470206 0.03175413970287033 116 114 114
0.07054959217193219 -0.0649953208974332 0.04001106271230315 108 108 104
0.061780130565951885 -0.07187128370610851 0.04317301377157168 131 130 130
0.1228738896515214 0.0237600226536423 0.02333299959779045 134 128 132
0.14816810783263568 0.07236436197051549 0.02057784311395361 122 118 121
0.03316909794170114 0.013108618327291599 0.051441400478494215 124 121 118
-0.02356647074490592 -0.043168554322547736 0.040717803952073806 114 108 110
-0.0457157223505604 -0.055460399539883576 0.0328356473870266 99 93 95
0.03193131157422907 0.06048036337374951 0.04063854443029802 103 99 100
-0.04600240370657044 -0.03719850574049177 0.030405446270627023 92 88 89
-0.03265371494915417 0.017980827256096343 0.03029391564046524 103 99 100
-0.10271215763718342 0.12817581393089655 0.01047453415149946 98 92 94
-0.11025850026624229 0.12079473493733645 0.010400526613927652 103 102 104
-0.05479207496330447 -0.13549104640370285 -0.0025717118029053437 98 97 97
-0.06482306075598927 -0.12520133123756325 -0.005427832501589916 101 100 99
-0.05462314468376482 -0.07415932497640623 0.005136550971656709 93 91 91
-0.06528191953242338 -0.10505471842525693 -0.004003148396436266 100 98 98
-0.05676223446259492 -0.03485942478379807 0.006474541523824085 99 98 97
-0.09491336297113855 -0.09520881794504851 -0.015303355252678256 105 103 103
-0.015411939881016168 0.04551081628326639 0.015877521221179334 95 94 94
-0.08441783725947662 -0.044933348827598876 -0.005830978055516131 104 101 101
-0.03518543360096347 0.035568456527258756 0.00655667481449753 101 100 99
-0.09573940364570391 -0.054452668856747405 -0.013426314821838519 100 98 97
-0.10491168167085327 -0.06478632696740066 -0.016388448834682975 101 99 99
-0.06525369278806961 0.014905223133177698 -0.0030857659240874965 106 104 103
-0.12513764340347217 -0.07494574570526184 -0.022756723565253233 108 104 105
-0.06483220989758452 0.034683497840941324 -0.0047652190514827575 104 102 101
-0.09535881864083913 -0.015061384139865425 -0.013807871223588949 105 103 102
-0.12419547000776561 -0.045043724368649875 -0.025265573192421786 104 102 101
-0.1256296696243181 -0.05465362654204681 -0.02481412234376786 101 99 99
-0.0956275031917197 0.005400633449191888 -0.014239386662581493 103 102 101
-0.12364318710564097 -0.03505232919188571 -0.026004778643055816 106 104 104
-0.12421036224847619 -0.005865337335871384 -0.02583359764893184 99 97 97
-0.12496262074705874 -0.01500294079385504 -0.025938355240395106 106 103 104
0.15153977024408427 -0.11339211504632496 0.012640674034802513 87 81 85
0.14490839950734702 -0.12564617058204341 0.01135879918488536 127 126 126
0.13972537691320483 -0.13751566107985283 0.0042222432932738085 114 112 114
0.10670138722985761 -0.1438676959015932 0.01431779546534151 131 130 130
0.14183986807715843 -0.050054953076190345 0.02031350755751904 123 122 122
0.1337056986319185 -0.05950756873261431 0.021713732512419148 109 108 108
0.12600534798999719 -0.06956624442009252 0.022387551662895855 123 122 124
0.11774967278680182 -0.07911729271579726 0.023833799034126857 110 107 104
0.10245532239352745 -0.10010533843224034 0.02457944707119375 119 115 116
0.08638127739122159 -0.12076742388171524 0.026182564074426207 112 112 116
0.07996698691345627 -0.1336131456573426 0.024121557390028414 124 123 125
0.07340307747465424 -0.14657993429952398 0.02211730394691236 121 121 123
0.14235158767762857 -0.016828082197743788 0.021610179063201618 112 108 109
0.10079663187639731 -0.061773837623215755 0.030515834673886855 105 99 101
0.09170272076929892 -0.07007566542210386 0.033393959867460854 107 101 103
0.07079300741002664 -0.08322160428251413 0.04361099185445816 107 104 101
0.06430888529070317 -0.09507208321337146 0.042070721637818 125 122 119
0.047326342863192095 -0.13617230425343185 0.031941743456248894 117 116 118
0.04143642573020434 -0.15037217591539676 0.028461853219168054 118 114 115
0.10243028384047287 -0.028948118515906618 0.03107599985498366 120 114 116
0.07383776789884988 -0.05115447694503206 0.04250268123809087 105 101 102
0.06402233943892965 -0.058166907321494765 0.046806935053265386 131 122 125
0.027720230232357257 -0.1349640757200331 0.030943296101174633 117 114 109
0.07652288682893432 -0.019838618475205738 0.04185885379888177 122 119 116
0.049765003403624664 -0.0433228514054963 0.0508272276407572 115 110 108
0.014977898077625562 -0.12095257328516928 0.03212479470036733 89 85 88
0.00784705014657966 -0.13313693094859957 0.030694698532888087 86 80 84
0.00022262050072874295 -0.14480420950714057 0.030042625978449755 126 126 122
0.13315996652411854 0.05467312229101434 0.021078079440643327 101 100 102
0.09942597504573825 0.0228627676885792 0.030872265394824683 134 130 131
0.0716632336526592 0.001300814691374108 0.04200352820284714 128 124 125
0.04483386448910903 -0.021311417975191316 0.05158006339736132 130 129 129
-0.004306691195553214 -0.11975506036317207 0.031197275831429505 133 130 127
0.01955406123989395 -0.03037237336363663 0.05056173436545153 110 106 107
-0.023486465611490814 -0.11855385786230865 0.03028795722334643 99 94 92
-0.0085833907403004 -0.056578436850896474 0.04005480043411569 135 129 131
-0.016413323983925032 -0.06641698129412243 0.04054625506044285 129 125 126
-0.0014439970941170777 0.0058151931476794205 0.040529486969471784 98 94 95
-0.13395177023371455 0.030569553968438745 0.0004746410170942683 122 118 119
-0.04468358262936098 -0.11447763674096666 0.005568799186431766 92 91 91
-0.004957293119149389 0.015546243534543345 0.016568807106365612 96 94 95
-0.0650219753829066 -0.09535820306625599 -0.002810360682225093 98 97 97
-0.04553325396915821 -0.01492163448145933 0.006832018054395021 104 102 101
-0.06570987559579478 -0.004412110358159063 -0.002395110641155218 100 98 98
-0.07613438669409128 -0.02485002270354652 -0.0037044355675894306 105 103 102
-0.06502250847495981 0.024707163837917847 -0.0039491258624190975 103 101 100
-0.09536463480991003 -0.0049223094148954 -0.014092516784514938 105 103 102
-0.11682669248540668 -0.06440111338357613 -0.023156553277182766 106 103 103
-0.014753966820227336 0.0156890367543265 0.01538319805382461 98 97 96
-0.045892968967616965 -0.09494588359591632 0.006589247412425073 99 97 97
-0.054168216336568896 -0.14496965654710353 -0.00288716885635351 98 97 97
-0.06515578934625745 -0.11567360716271308 -0.005170978603763025 102 100 100
-0.04582565530785357 -0.004645655329623305 0.007002063949221008 106 104 103
-0.08520040332861266 -0.14403321093142 -0.013706498132569913 98 95 96
-0.08535027761186374 -0.1050936846097547 -0.012560091718317451 106 104 104
-0.07540577757966323 -0.004812047363598504 -0.004434316185542752 98 97 97
-0.09472937597294037 -0.08641701702406442 -0.015441802667081169 102 100 100
-0.1155438314889322 -0.04496216628816313 -0.02318930369838505 97 95 94
0.013329821198041214 -0.024669977132013413 0.02744583549420322 104 102 102
-0.004255424476912386 0.005555368333806372 0.017238992900785618 101 100 100
-0.005076133437120878 -0.004137137369080088 0.017472055613246537 104 103 103
-0.04471939587806048 -0.12496252861377967 0.006029427252990902 92 90 91
-0.006085265429692171 0.034320943052814426 0.01696680221269571 100 99 98
-0.05516976166491775 -0.12472685716918976 -0.0030672434934458496 95 94 94
-0.01562677723806208 0.055706087025319456 0.016555061950031293 103 101 101
-0.055018876625736665 -0.06459827272669845 0.005488175245742427 92 90 91
-0.034742977517650014 0.025507288611394417 0.007008619350161638 105 103 103
-0.03590956206233663 0.015565276199329977 0.006937850587394008 108 106 105
-0.0656347116515482 -0.08430094161710167 -0.003004372778337639 95 94 94
-0.07684050546162322 -0.1248451581145602 -0.012668970652432129 104 102 102
-0.07570416724731215 -0.054931529205175196 -0.003817246259801354 101 99 98
-0.07486362776394238 -0.07495843088149032 -0.005704332614394091 100 98 98
-0.08491103021440877 -0.0961178441540353 -0.012636755907672674 103 102 102
-0.08608271861388389 -0.12420875788765506 -0.014223653031423882 106 103 103
-0.0451286295271048 0.07502820072172686 0.006757233028650098 101 100 99
-0.05545068578116904 0.03443681963322713 -0.0029720915532471105 102 100 100
-0.06575152860377693 0.005012412586284824 -0.0034128557544890093 100 99 98
-0.09595142797902127 -0.044313670671320415 -0.013558848244715479 99 97 97
-0.065992950763655 0.07485407438879967 -0.003224267609607951 109 107 106
-0.08484536721650207 0.034959662374027624 -0.013254192163733653 107 105 104
-0.08502029136653444 0.02574328990602503 -0.012663692467393248 104 102 102
-0.08572537236503455 0.015417234796621049 -0.01314953748298973 104 104 102
-0.07526280892711229 0.08488726904876481 -0.00474994471617831 102 101 101
-0.08471425527815409 0.05416107104620129 -0.013289516930924544 107 105 103
-0.0947566533617411 0.01586096030572129 -0.0141570020151861 105 104 103
-0.11478119202018505 -0.03447948796703956 -0.02371599412906565 96 93 94
-0.09486408264809404 0.05538344104277555 -0.0137818077611824 106 105 103
-0.11479631821223227 0.0049312389230672165 -0.02373714164513276 94 92 92
-0.1155031945108404 -0.004617466107807751 -0.024177075439714313 96 95 93
-0.11545963295461455 -0.015484879418165573 -0.023993798964657934 99 97 97
-0.09566424638343235 0.09521967075025889 -0.013191981920591234 103 101 101
-0.13468080241004488 0.024902118546619525 -0.025611659071686055 128 124 123
0.03548111511518259 -0.07460699492432801 0.01632217497894374 109 106 107
-0.02533917452670269 -0.04542551560983935 0.01651280003327172 129 126 124
-0.035102988198032044 -0.11498560795172102 0.008112908312244807 104 101 101
-0.04654461081790834 -0.08477704782617262 0.006288407714757041 99 98 97
-0.03592999562581644 0.005578683545137338 0.007764322669770774 105 102 102
-0.06550538436542624 -0.07407138587689809 -0.002634117378705229 97 96 95
-0.055563014117052695 0.024797454843461256 -0.002175636864722577 109 107 106
-0.05592395410967464 0.004638210175962576 -0.002639169262813675 108 106 105
-0.08538339290445962 -0.11522378002135243 -0.01381830696244846 103 101 102
-0.08527379939118138 -0.08576001192166757 -0.012574529902423104 104 102 102
-0.09579355989113868 -0.06559800062743101 -0.013723670048303145 106 103 103
-0.11525070422778912 -0.134969663666187 -0.02295763244983042 123 118 119
-0.13418917550505363 -0.03479828625642896 -0.032514030684611596 103 100 100
-0.004922501346230528 0.024991588856412023 0.017353259785401542 96 95 95
-0.035071472698304754 -0.1461634270063906 0.006985068315072891 101 98 99
-0.03548399923058671 0.05499438053939053 0.006580024502837727 104 102 101
-0.03559160064754831 0.04549416403546054 0.00629425327656068 103 101 100
-0.04573602286496094 -0.02535959432299181 0.008001811524591633 104 103 102
-0.056001590229763296 -0.04526413377071225 0.006603895359919387 95 93 94
-0.05539417524633206 -0.05555678498804295 0.0064155083304478664 90 89 89
-0.0564406315351995 -0.10566313644094456 -0.003934447314703487 97 95 96
-0.06650603727427591 -0.014574667284757752 -0.0018998417196078002 102 100 100
-0.07589956245156315 -0.03460557804497846 -0.0037005097683114295 99 98 98
-0.07530160926572069 -0.044493675476764354 -0.0036877959544453563 105 103 102
-0.0865671848666995 0.005804473853977275 -0.01249568857684906 104 103 101
-0.08578479618600351 -0.0042139242388309055 -0.013110227195324013 104 103 101
-0.09490370400591547 -0.03499128812313899 -0.013224244836665403 99 98 97
-0.09432832402241523 0.04530394146027213 -0.015600495334501339 101 100 100
-0.11501360670966175 -0.024724978354279437 -0.023690610418847086 93 92 92
-0.11474761984811424 0.02559989914199235 -0.02398606747231436 110 107 107
-0.11485935346191219 0.015056231528334603 -0.02398490868492261 100 98 98
-0.12497651257253874 0.03573210453935262 -0.023842831982984987 118 114 113
-0.004518452190535857 -0.013441910272080486 0.018141027124532055 101 99 100
-0.08583151863834465 -0.13426644374089852 -0.014366645042431138 102 99 100
-0.09514514712054842 -0.07624584051949407 -0.015148984036464813 106 104 103
-0.08513803977794468 0.04502743246882726 -0.013388495598841307 104 102 101
-0.09553849542076268 -0.024823686876700574 -0.013249115477942719 105 103 101
-0.10456102303908116 -0.09558697786657006 -0.023561123879652576 112 108 108
-0.09524487908299883 0.08501942405032216 -0.013030807132128288 99 97 96
-0.0946730633455246 0.0744522010137445 -0.013163180460723846 105 103 102
-0.12650908453894713 -0.13507681397867696 -0.022842824830402973 123 117 119
-0.025895774329703903 -0.035232298707468676 0.017170574404675325 108 104 105
-0.024676831230225595 -0.054957131997158376 0.017025674067880348 128 124 124
-0.025636392441224058 0.03591664433801392 0.007404355709133603 106 104 103
-0.02583569027567663 0.02599230983443307 0.007046977308018262 109 106 106
-0.026818416055680448 0.015508948864119897 0.00713815911997811 110 108 107
-0.05596877254972144 0.05434237874308639 -0.002730894042650178 102 101 100
-0.05550503684888823 0.04430136360804139 -0.003186833083033297 104 102 101
-0.06654144983026684 -0.025138481164703956 -0.0017178570165299492 103 102 101
-0.06657251957166538 -0.03607256392307311 -0.0018386940484148976 104 103 101
-0.06533765959841448 0.10506275557741598 -0.0033330635105975823 101 101 99
-0.06532496144144513 0.09573481350730194 -0.0027832657232048363 103 102 101
-0.06535041894613654 0.08595623261777265 -0.0029246314896055952 98 97 96
-0.06497421778730411 0.0653464348737107 -0.003711369287545947 106 105 103
-0.08590344587931527 0.08482731220007259 -0.012741883065392666 103 102 99
-0.11445896205839642 0.03577058593015 -0.022778040851189365 114 111 109
-0.13482683837135823 -0.09429421250965409 -0.023976332776781156 128 122 122
-0.13423007091022301 -0.04381381574987423 -0.0330976245254207 107 104 103
-0.10574390094694269 0.025887786574260867 -0.022117819050476113 100 99 99
-0.10733946581814892 0.015632336040925707 -0.02332511941861572 105 104 102
-0.11684965372462162 -0.05430837887783577 -0.023540427807408455 99 98 97
-0.1165730930217088 -0.07520159028223987 -0.02297626623334326 121 118 117
-0.006683464938342577 0.04450273618627 0.0172714364279513 102 101 100
-0.04540801861814441 -0.10504009263968545 0.005964443462884358 94 92 92
-0.10480070032945261 -0.10419074487329386 -0.02379809742156799 110 108 107
-0.12563505780797202 -0.0950349614794885 -0.023800731672942364 129 124 124
-0.12684921221068599 -0.03623776098348892 -0.03271316079019223 111 111 109
0.005290969703223613 -0.06457476531812213 0.01690409614921368 121 116 117
-0.02501086190043175 -0.13396157527005992 0.008696776747436609 110 106 109
-0.03575306178109701 0.06485731951893886 0.007552850886568258 107 106 103
-0.07538679546706212 0.05464419518270121 -0.012637498990327012 110 109 106
-0.1354509688996528 0.04503363074755003 -0.0238263637968296 128 125 122
-0.046144864816033644 -0.07567606063519677 0.00721835044291538 95 94 94
-0.07587257344387638 -0.135270184725764 -0.01271641689585342 103 101 101
-0.0752237833925849 -0.14521196519654944 -0.012207948296450258 102 101 101
-0.08548195254075651 -0.075423958251701 -0.012979050138893012 102 100 101
-0.10524200399748562 0.035391465518089346 -0.023416933003870582 103 101 100
-0.13530714072118996 -0.015500591002464948 -0.03343285897539993 121 117 115
0.015369381848794468 -0.06417706716343104 0.016594523993183664 123 119 120
0.004663769929082423 -0.055041738839562676 0.01658109698188875 122 118 119
-0.036388039053507605 -0.124225854144415 0.007306443820513597 103 100 100
-0.03588400896662508 -0.13511083063585583 0.007830926982167013 100 97 99
-0.046600016132785436 -0.12715862073463266 -0.000870353611894877 92 91 92
-0.08598815866175331 -0.0648815635976192 -0.012573293986438033 107 104 104
-0.09581300604745943 0.10508407369952598 -0.013560678315871025 127 125 123
-0.10479518134195198 -0.08669374312995011 -0.023491813795338684 107 104 105
-0.10410385608689446 -0.11365465227309651 -0.023806939943412125 110 108 108
-0.10457230927566134 -0.12410346193579595 -0.023130760126248796 112 108 108
-0.1054781961115357 -0.13557800633478784 -0.022906583211111903 126 121 122
-0.10465283758623677 -0.14492651022869224 -0.023409421666932082 122 118 118
-0.11581739217318135 -0.08503335009368612 -0.023499830124023333 125 121 120
-0.1154901495281028 -0.09421730043671396 -0.02278157415186989 126 121 121
-0.11499713782677298 -0.10443299593005663 -0.023103543554441375 122 118 118
-0.11494953599227477 -0.12548730961003052 -0.023807931462788225 131 126 126
-0.1256378790471659 -0.10401988377325433 -0.022914541786717296 129 124 124
-0.12546673416244275 -0.14479706781740342 -0.023600781199152175 127 120 123
-0.146090885867663 0.05459696926695748 -0.022921649427349713 131 127 124
-0.14463985178739605 -0.035016469291264805 -0.03354648915982412 120 116 116
-0.14402291962436392 -0.04437200418137381 -0.033175804687220374 112 109 109
-0.14348782914566804 -0.05403860709531878 -0.03334830695336428 107 105 105
-0.14348361584804667 -0.0653631110682957 -0.03302245384140023 104 103 101
-0.013184322298065265 -0.04501332097191387 0.017554713229915406 129 126 125
-0.026088051593340756 0.045271227511812104 0.007587771625151629 104 103 101
-0.05544434893223223 -0.11490654875156296 -0.003835489249722001 95 94 94
-0.07563805379781088 -0.10600656587892181 -0.013264956314377963 111 109 106
-0.13552539693425233 0.054886974938811776 -0.02341007751376218 135 132 128
-0.04636608018833348 -0.06581691781361806 0.007059494426660507 102 100 98
-0.08559010583175305 0.10448699454311172 -0.012698822527756937 110 109 108
-0.06658253814555061 -0.05593602247870855 -0.0014995982206846097 99 97 96
-0.10749591403066426 -0.04583914707599746 -0.022650926948298854 98 97 96
-0.14471987160850727 -0.025261714183795872 -0.03392454944007582 131 127 126
0.015178488185763553 -0.055472845419531035 0.018036447849756082 120 115 117
-0.035629187256753084 0.07393454646806147 0.006767063536152486 109 109 105
-0.05590375639725813 0.014946778920597025 -0.0028781643319514528 104 103 102
-0.03580316880640676 -0.10531817492344826 0.007374475518082457 119 115 114
-0.08641460683505883 0.09457485764892921 -0.012658462603959716 105 105 103
-0.08544783179843346 0.07399414316463145 -0.012867390092233415 107 106 102
-0.08595720134998854 0.06441528873387126 -0.013195081613174595 108 106 103
-0.07636715925236853 0.034991743812621226 -0.012151186598629416 110 108 107
-0.076517970040844 -0.11442960559612565 -0.013105907666134937 106 104 104
-0.11398290310950596 0.05536026664349788 -0.02277756000374068 117 114 111
-0.11448343751498477 0.04558312697752852 -0.02263486094273363 117 114 111
-0.12474379416226888 0.04575383178522138 -0.023312196240567802 122 120 116
-0.10774149874260065 -0.035203325896537775 -0.022501513115727807 99 98 96
-0.09477835663625978 -0.1039231705407357 -0.021161708616283206 110 107 107
-0.05640491887445975 0.064016805960895 -0.0028829281920860206 106 105 102
-0.06651737458885827 -0.06488818423770469 -0.0029302163730748065 99 98 97
-0.10679928754785613 0.00463886127443834 -0.022723103308032577 102 100 98
-0.13512610361398417 -0.025302339347020628 -0.03329687495449928 107 104 104
-0.04614173513818943 -0.056333436473999514 0.006278918344801117 100 98 96
-0.08594229986838252 -0.05376856726538686 -0.012477891393705169 109 107 106
0.003822628616891294 0.014162036701459407 0.01763036780226429 99 98 96
0.02391768095211458 -0.06607014114711997 0.015682121621433075 118 113 114
-0.026502344795432065 0.05511390500440685 0.007604729107706404 106 104 102
-0.005304430459154132 -0.05526597289619344 0.015816515393964045 129 124 124
-0.03689541176259747 -0.004235351071337793 0.006132844445442034 110 108 107
-0.0743215042625719 0.04409256332349455 -0.013452202177725041 109 107 104
-0.12491997919553013 0.05526521107618169 -0.022829820253408174 133 130 125
-0.10567755544396418 -0.014859157966094098 -0.022834577974863886 104 103 100
-0.10577529957929044 -0.024605100756723983 -0.023609212121533912 103 103 100
-0.14510482025462032 0.11440439911067982 -0.02251037639861606 115 114 108
-0.10613587051007176 -0.0756003742016284 -0.022568235961161944 107 103 103
-0.12563157185647508 -0.1253038378418788 -0.023528255300019386 134 128 129
-0.14494149684679275 -0.1459608594625639 -0.02333591948834322 127 121 124
-0.1072086156838561 -0.004917079314714977 -0.022874827409419412 97 95 93
-0.08559897157483702 -0.015228921716357494 -0.012952298065271033 105 104 101
-0.08524726423879073 0.1150079662181422 -0.01284517094722068 128 127 123
-0.07637859882549927 0.06561512126003308 -0.012563308199675391 120 118 112
-0.10559416691864164 0.045342192370925516 -0.023004558212299634 116 115 112
-0.10711181034042738 -0.05512687414619002 -0.023239787198146244 96 94 93
-0.14688128705366293 0.084513806235186 -0.02235140621839148 118 116 110
-0.14712687207593017 0.07484531373731063 -0.023180407574222055 136 135 127
0.022547337606582934 -0.05695350975053657 0.01778025092144565 115 112 111
-0.04524427975403026 0.11550573188163811 -0.002871772779512308 113 112 109
-0.05514642330256787 0.10463183760491601 -0.0033746275952788248 112 112 106
-0.036482879077616145 -0.07590276646058328 0.00773511673616234 111 107 106
-0.07585938450246214 0.1143323948775131 -0.012314904876613197 107 107 104
-0.07702311737989828 0.10391758760956374 -0.012501737738146874 105 105 102
-0.057041280517759044 -0.08493425880847763 -0.0033172306347038793 96 95 94
-0.11535715183875435 0.14584903093293225 -0.022718209754367506 126 125 119
-0.0962950987675271 0.03498518721569087 -0.023174626894304738 107 106 103
-0.07553068907629922 -0.08461016175994188 -0.013812421639407158 101 100 98
-0.14483071451509288 0.12451826489730299 -0.022564457425627654 124 124 117
-0.14559943212177306 0.102967218831893 -0.02299761844542422 105 103 98
-0.13664757494140053 0.06462805347409953 -0.023090189367954903 136 133 128
-0.14715312503185893 0.06491611725702866 -0.0230245864255291 124 120 116
-0.14443493506157298 -0.016072544523393975 -0.033641208511746144 137 132 130
-0.134284528623722 -0.13616774449498956 -0.02309888150005874 130 124 125
-0.04482862540301056 0.02442627814280054 -0.0031764485855756606 102 101 99
-0.07562335733620339 0.02537221935826711 -0.013150135081416211 109 108 105
-0.07548279473623559 0.015169378715662233 -0.012989296188105515 106 104 101
-0.05644084012856331 -0.09669386827275281 -0.00410048576148404 93 92 92
-0.07760807283527583 -0.09627082024952258 -0.013537034015143438 108 107 105
-0.10499699725208506 0.05489826498103889 -0.023075396525634326 111 110 107
-0.12471643945715924 0.13480654694711744 -0.02274815808599807 128 129 120
-0.12586560288012338 0.12394194035533003 -0.02220336975784737 118 119 112
-0.09229724688475088 -0.0968233279391663 -0.02128632499621001 115 112 110
-0.13509082442823778 0.11318164933479567 -0.023261621122573073 132 133 124
-0.13531284139554642 0.014295779774326067 -0.03291597397468263 135 131 126
-0.1263742725951097 0.004310992490821646 -0.032482318258154924 113 110 108
-0.1152040581655727 -0.11427905666135342 -0.023085372021478128 124 119 120
-0.11433565469956611 -0.14561657634550393 -0.023424309523062483 128 123 123
-0.14460566529909039 -0.006116317738194428 -0.03279255838235143 134 130 126
0.03579131091063939 -0.06669825362514588 0.016086862809859645 106 104 104
-0.02496485408970381 0.06309038715505025 0.007308031385170999 104 103 101
-0.03643965937261379 -0.0840117621081528 0.00715304052251599 108 105 104
-0.03684034803675074 -0.09352922074173305 0.007226604416564327 105 101 102
-0.07608025394118237 0.14369762875241093 -0.02337899606012344 106 107 101
-0.06649592146981577 -0.046301525276575245 -0.002796029994064944 110 109 107
-0.09562820183196531 0.13744713442810827 -0.022608538386301027 119 119 113
-0.0982282666857263 0.06400898022379396 -0.021772291024482377 114 111 106
-0.09685759576990463 0.05362183580079553 -0.02285818485535654 108 107 102
-0.09692780009907254 0.044691874377734024 -0.02307478347969288 114 113 107
-0.08587427799459318 -0.043885434106934955 -0.012608092263226216 107 105 104
-0.11448953415261597 0.07417757172985785 -0.02242199534789314 130 128 122
-0.11394372521806014 0.06548109519961193 -0.023226354961257543 136 134 130
-0.12553678201809604 0.06626243502823394 -0.022130478531932316 134 130 127
-0.09566226922205508 -0.14558903268529524 -0.023648675162701117 108 105 106
-0.12550431356374653 -0.005659477714895019 -0.033065017042202154 103 101 100
-0.1344343346301155 0.004163492093045977 -0.03279604855440181 139 136 131
-0.13407300278896178 -0.005813107089072283 -0.03436145041514815 130 127 123
-0.12516748809390155 -0.11430339620932 -0.023340607424625806 129 124 124
-0.054582302165436136 -0.0740229500805358 -0.003090041375602226 97 96 93
-0.10465199050458798 0.13696226120037044 -0.023110227258000667 116 116 109
-0.09629037853718832 -0.11372251675091616 -0.023563317197627307 114 110 111
-0.09607762060677888 -0.1255750740492126 -0.022767535938983147 110 106 108
-0.09556967833391897 -0.13712437994273188 -0.024190802409781914 108 103 103
-0.12545170737609673 0.07518885402472447 -0.02207423332284793 127 124 120
-0.13581292544922693 0.10454861917757197 -0.023308273655589004 122 122 112
-0.13634888180506266 0.09542552133586055 -0.02148771502999358 132 131 122
-0.13629014262967878 0.07467774503784129 -0.022882804147022425 139 138 130
-0.13489979743195488 -0.10411369163013164 -0.02249994505968997 134 128 129
-0.14603600981779136 0.09494851797302845 -0.023413661233640002 112 111 104
-0.1439973534604931 0.004094684342528474 -0.03242699853303081 134 130 127
-0.14368108438597646 -0.13452762366428497 -0.023825009275649577 137 131 132
0.005290993133888057 -0.04579383497808882 0.01656615463512407 112 108 109
0.015487535181793709 -0.10470533495430452 0.008052545767711389 125 119 119
-0.004885880874465523 -0.03452792964696216 0.01784869055566049 123 118 117
-0.005996121302138785 -0.0457243483857783 0.01677358408109042 129 124 124
-0.08568646319106324 0.14510824114561394 -0.02351997515519914 105 105 101
-0.0664290768816199 -0.1056549945465629 -0.013935362139279848 103 100 101
-0.06497528590093808 -0.11380924017522547 -0.014684147327102675 112 110 107
-0.09537949079566023 0.14569447611267863 -0.022221089960911947 127 127 120
-0.08587039491563334 -0.02565839948368873 -0.01322062369394999 109 106 103
-0.1061428302548308 -0.06528432252113729 -0.02362569969096031 104 102 100
-0.12464215295363464 0.01611718892665748 -0.032253942745858306 132 129 123
0.06500883228074193 -0.13601531419703253 -0.0022203295614047435 125 121 122
0.02541409744304187 -0.04752371473115907 0.017896977898834533 123 119 119
-0.016737577996406783 0.05193625379351789 0.0063113867052580815 111 109 106
-0.015120082486746043 0.043388904240072385 0.006538150865696485 102 100 98
-0.014978174065835667 0.025854605940472227 0.006810461940199089 101 99 98
0.013924965215314972 -0.12531102657282198 0.007595134413165311 120 114 116
0.015512018308325493 -0.13588625388791076 0.006978468028432522 127 122 123
-0.03446579351975637 0.13768002960530187 -0.012910652766843703 106 106 101
-0.025852510533706487 0.00455697121279391 0.006674187936645105 106 104 102
-0.04420366868620511 0.056985946233672764 -0.004341146072250585 112 110 108
-0.01613049890927695 -0.12635082191094957 0.0061338332522225935 129 124 125
-0.05445638594573972 0.08484107814421624 -0.002631280718472695 109 109 104
-0.046559846292285045 -0.03339358018585332 0.00688822777220992 103 103 100
-0.027499779432419807 -0.12477790834377375 0.0059273028988231025 122 118 119
-0.07654423502992407 0.0754850417925914 -0.012937258884640793 116 113 107
-0.06785581657649523 -0.0853685476684605 -0.010980008436706323 106 106 104
-0.06674943589190206 -0.09628931296685493 -0.012926043469946746 104 103 101
-0.06474699806031578 -0.1231751671645755 -0.013635532706826242 112 110 108
-0.08497483391029391 -0.034311978247862016 -0.014694387444391176 113 111 108
-0.11470829580589119 0.08332010367248333 -0.02239311087842179 135 134 127
-0.09495973554830328 -0.025596275670294606 -0.02170426854111327 106 104 100
-0.11629472902498317 0.014950299092358057 -0.03301467442395659 109 106 102
-0.12701216240115842 -0.025710103479469393 -0.03362309379497572 106 104 101
-0.14372718716840047 0.02460682066590118 -0.03245649033664333 134 132 124
-0.13482153521143367 -0.05521267360605079 -0.032931344287678965 107 105 103
-0.14378270886848568 -0.07481022013274766 -0.033622509982079704 106 105 104
0.1264787470297553 0.14739549797761445 -0.02115193242482427 90 92 94
0.11615035443304157 0.14769629761970937 -0.022463809464995117 90 90 91
0.08686210353499216 0.1472065439859466 -0.021777863802706465 102 102 100
0.1268532237251481 -0.14726761720677828 -0.02203025841962399 130 127 128
0.07359420401829658 -0.1345860778296697 -0.01088996587593638 110 106 109
0.011259623727740309 0.039892351936850354 0.019612959979023015 114 114 114
0.011750132276161313 0.024980932786162025 0.018724881217537903 102 99 98
0.015264811901373096 0.014266248410619839 0.018661885047871474 106 104 102
0.01289968446651164 0.00660326703728233 0.01773194295246918 96 95 93
0.043290037599095534 -0.08539569884019269 0.006550675248603821 127 124 123
0.043605204384255435 -0.09655444076079482 0.006468640151230017 121 117 117
0.06295580152530839 -0.14882261902101082 -0.01283791520790567 117 113 116
0.0059931847448421545 0.034803417941392335 0.01667126215889057 101 99 97
0.006002184166313128 0.024369203145386844 0.017932243981723328 98 97 96
0.00522901320355211 0.0031920329620841446 0.01724262677439975 98 97 97
0.004697290172104213 -0.0028904980861788445 0.01385183043885102 106 105 104
0.011214671254791114 -0.014917360477728963 0.0181092208165175 92 90 92
0.013043403576928542 -0.026779161077855183 0.01905525442075645 105 102 102
0.014622518727909317 -0.03615378882806374 0.017156150079764954 117 114 112
0.015260825485355931 -0.04736804774530715 0.016088045582431282 109 105 105
0.02478586640894903 -0.07553183444164457 0.006773534254095363 127 123 124
0.02548379612040806 -0.08539928896526261 0.008713762673074471 114 109 112
0.032458720309158334 -0.09842806221416278 0.007939042265805163 118 114 114
0.03260811596281182 -0.10960251794196356 0.006789876437900855 98 94 95
-0.0046330075322820186 0.033709995989450535 0.008276908617609213 100 99 96
-0.00580392561208265 0.023122842509466755 0.009106042595861619 106 104 103
-0.0030002749561919145 -0.025382080913822724 0.01897926758805893 113 111 110
0.0014320298158249367 -0.036618955675351006 0.01787867207082669 128 125 122
0.006232556676902368 -0.06315056434581401 0.008424456060349361 126 122 122
0.01205325783762537 -0.0768318108131225 0.006224785552148504 134 128 126
0.01471985040425113 -0.0873337319947954 0.008394224753816312 124 119 118
0.015092272208079748 -0.09576901957737263 0.007829933273821177 119 114 114
0.015089008879716204 -0.1149929538005949 0.007344044044560749 132 128 130
0.024515599720206987 -0.12528880651959137 0.005715001110673208 118 113 112
-0.016788892868752486 0.034262628495943304 0.006175570765345528 107 105 102
-0.014714565042823813 0.015317704424010061 0.006993476508802269 108 107 104
-0.014045921626269563 0.005842058827508176 0.008772457375922738 114 113 110
-0.01361644750972287 -0.035723236609306236 0.016521072821211007 124 119 118
-0.004160129050953865 -0.06566292542490218 0.008110045729905202 134 128 126
-0.001566947584820011 -0.0780215350359642 0.005928075037092695 140 134 132
0.004987884964742562 -0.08656533535290246 0.007519167098874874 122 118 117
0.004342567828782962 -0.10450533960963462 0.0064987132350238005 120 115 114
0.004284078050972096 -0.11488441036016477 0.004725789815005288 141 135 134
0.005330020060188803 -0.12589755722074025 0.005644474026583912 128 122 124
0.015871417347900756 -0.1447369247383558 0.006824454153111693 117 113 113
-0.03681026487657438 0.06263399343858803 -0.000862033778024407 102 101 98
-0.024593826183866928 -0.004641826771983194 0.006065708299631795 111 109 106
-0.01872083301784605 -0.054427536548555575 0.009708790994861216 124 121 118
-0.016189199129091114 -0.06599119522539205 0.008389474487850879 111 106 104
-0.016249384245588527 -0.07500209953580461 0.007940498576546218 118 114 114
-0.01593710561868604 -0.08610643737776771 0.00665346522689933 122 119 118
-0.006351725241605433 -0.10261408337823541 0.007781755237016963 131 127 126
-0.004508096966839436 -0.1154362408221871 0.006362241370873756 144 138 138
-0.0037528204773064205 -0.12604041479809547 0.006840221649636463 124 120 122
-0.054069334042973705 0.09390175331619442 -0.003791818743351359 112 113 106
-0.046264025095657635 0.07286004866488913 -0.002019823983020863 97 97 94
-0.04306668282301063 0.06418597612365468 -0.0026334547685659127 109 108 104
-0.04431436051263926 0.04524105521303611 -0.0027930046436217106 109 107 104
-0.04546365068705368 0.03557537626840237 -0.004904094869394582 104 103 101
-0.03671196086653037 -0.014867332319731853 0.006156687629263202 112 111 108
-0.036522319079414944 -0.02410693486913459 0.006689837049862701 111 110 106
-0.0329786566747102 -0.05602402506261073 0.009224409141217527 109 106 104
-0.027882375468197385 -0.06757826542494777 0.005620881546501311 124 120 121
-0.02491513525367256 -0.07807772102680396 0.006674555096343071 132 128 128
-0.025770109652474022 -0.09325280150362265 0.0068251448281462235 129 125 124
-0.02360612088163186 -0.10475322288137248 0.006378967826070864 130 127 126
-0.06505699045099134 0.1436336338285286 -0.022011867081848508 92 91 86
-0.06541987486075738 0.11200056026758325 -0.012922767874598598 108 108 105
-0.05523568274556931 0.07396030208766961 -0.003486117166270971 113 112 107
-0.045894152131313926 -0.0448561251424197 0.006654117398053594 104 103 102
-0.036033396007990215 -0.06693920154903096 0.007321669669835007 119 116 113
-0.07684486383964464 0.13370745696380015 -0.02281453036940198 117 118 111
-0.06642142910092147 0.07466341900183834 -0.011521316606848298 116 114 110
-0.06429510616744197 0.06410873379181607 -0.014112728128819363 108 106 102
-0.06352272431141492 0.054238589327219366 -0.013436788730150372 110 109 104
-0.06530976151866952 0.03517910833080733 -0.012275333806514225 116 114 110
-0.0652981493266605 0.0256563395875139 -0.012685367209682311 115 113 109
-0.06178589992043806 0.01702282164487424 -0.01091326143499786 112 109 106
-0.05945106959717858 -0.013206562528329396 -0.0036968388075243608 103 101 98
-0.05917829933149719 -0.02462853421244263 -0.0018023342539657354 106 104 101
-0.04578240631908875 -0.08270764407867931 -0.0008470143282309217 108 108 106
-0.03780971493756796 -0.14539911753115622 -0.00322358715347304 90 87 86
-0.08682716497345846 0.13466427342796744 -0.023188191178107463 123 123 118
-0.07415603920176383 0.004018026858341891 -0.012281251186110231 112 112 107
-0.09637314297465786 0.12713361406084842 -0.02411489416094742 113 113 106
-0.09514795172171499 0.11819770435144861 -0.02359037888311577 123 122 115
-0.09593072033935642 0.09675661030702182 -0.022774517445706615 125 124 119
-0.0868180704665856 0.06615615852450485 -0.023070156417992593 106 104 101
-0.08597580208573063 0.054263740805633336 -0.02300844069760591 110 109 103
-0.08539130736605507 0.044716300221681174 -0.02276370716106274 118 116 109
-0.0843215136334389 0.03494901157518339 -0.023359551256967037 113 112 107
-0.08449167378324994 0.02514687910005467 -0.022144114537714216 115 112 109
-0.0750046564478089 -0.015405729308272366 -0.013292959876940236 111 109 106
-0.07634019147332141 -0.025635059847528653 -0.012170360433699345 108 106 104
-0.07598499416801666 -0.06310031800633986 -0.01592167018195384 116 116 110
-0.07572751805658148 -0.07340058047363894 -0.01437951229259869 111 112 108
-0.06453592089612967 -0.13441418091851948 -0.013712738630382264 106 104 103
-0.06384176930594487 -0.144863407910706 -0.011550879848097106 107 104 106
-0.11475469500215936 0.12431059190615323 -0.021883741941062997 115 117 107
-0.10552610826293295 0.11621686285677713 -0.021869408800530815 113 113 106
-0.10561585455310622 0.10559626881241617 -0.02379690748578107 148 146 139
-0.10257697494164368 0.09526045083637864 -0.020566724000529855 134 133 126
-0.1026364442484223 0.07436655772246695 -0.022174142990166262 109 108 102
-0.1044793364403872 0.0651704156474361 -0.02193459688955342 115 114 108
-0.09723572404464115 0.024465587515852396 -0.021832042641117225 110 109 105
-0.09458902618523245 0.015164511609638817 -0.02410948826745059 118 116 112
-0.1247841642848975 0.11307919161957772 -0.02325093570675991 111 111 103
-0.115787791447986 0.10392189591201854 -0.021945472079000168 145 144 135
-0.11520040418430898 0.09353271296294681 -0.022379258765190473 147 146 137
-0.0982699499140848 -0.034501699485837097 -0.02197472580131038 106 106 106
-0.09489401486092856 -0.04439883654582822 -0.022002380576604474 109 107 104
-0.093221788435978 -0.055685348786584155 -0.020844019518413266 112 109 104
-0.09407583040383792 -0.06376331235155668 -0.021553016409091613 115 113 107
-0.09382864046836274 -0.07523923634372197 -0.02193241421617838 119 116 111
-0.08604085925166437 -0.12339078749822567 -0.022269739150501566 115 113 111
-0.08651371916588152 -0.1353972106186543 -0.02326514763736498 101 97 96
-0.08567901693219071 -0.14627659402305765 -0.02348033317825729 103 100 100
-0.1261796316760842 0.094213489647859 -0.023511884575555954 141 138 130
-0.126064651067139 0.08533647485603253 -0.022746100397535107 143 140 131
-0.11901749450753552 0.04536011788252767 -0.03237037440203555 126 125 117
-0.11727278108698858 0.034494122970042757 -0.03505378533956921 138 135 130
-0.11721114155981054 0.025237591764935546 -0.031843767097487 136 133 129
-0.11692706070913506 0.006616808635412372 -0.03338473240122457 107 104 100
-0.11592545096593634 -0.026370356447193544 -0.03228232987633615 104 103 100
-0.14493962147647801 0.15127740444675192 -0.032658861851020876 114 114 103
-0.1363900619867356 0.08453269186912302 -0.022771200060587114 143 142 130
-0.13208301096644676 0.043722152927103276 -0.03227229000826193 134 130 124
-0.12681379993982686 0.02845125503871366 -0.03243023393615276 138 133 129
-0.12679279086399659 -0.01433593808942607 -0.03345835450109856 112 109 107
-0.1262689704111962 -0.044767274473973856 -0.033095119853183495 113 113 110
-0.112863897063539 -0.10496421872642933 -0.031719659947367806 128 124 122
-0.1436785691845284 0.037016283032204174 -0.03312053323809553 139 137 128
-0.13621787015424663 -0.013295081958876532 -0.042758961609588864 126 124 118
-0.13433086788767185 -0.07330381959494411 -0.03359670063426928 106 103 99
-0.1274743708296993 -0.08358196328421637 -0.03269762631725485 130 125 122
-0.14428032945966035 -0.0176879272156166 -0.04135113928579748 130 126 123
-0.14282555568782268 -0.02786530602203266 -0.041824723883597203 137 133 130
-0.14485926512963831 -0.035198975607922865 -0.044148584032242345 135 133 129
-0.14357778373674826 -0.08580519970136587 -0.030690532227084844 110 108 106
-0.13675121496970213 -0.13152841194873593 -0.032185817218937096 136 128 128
-0.13635040665536227 -0.1458238157873559 -0.03198314164454633 122 117 119
-0.14384905193655181 0.01507757984504076 -0.03335419456850965 141 137 131
-0.025686059401555748 -0.11550091609058488 0.007144774807046043 116 111 112
-0.13582363001631417 -0.06366893671166025 -0.032089510440612146 109 108 105
-0.014864439885414252 -0.024674301863249 0.015955174121819755 101 98 98
-0.005932264074568006 -0.08726459879911364 0.0091946774543463 139 134 132
-0.13486239920124227 0.025268042090179577 -0.0328248521741074 136 132 124
-0.04546483386316993 -0.1463945254947411 -0.003430467438798024 92 91 91
-0.07704760821276972 0.09566598455069311 -0.014823478745468823 110 110 104
-0.07631992586281149 -0.005548685360726678 -0.01173393746731551 111 112 108
0.02724884725446708 -0.10472515630575746 0.006913166709499791 129 125 123
0.004030674664458153 -0.13307252393291075 0.006836899617626707 108 103 106
-0.04665263500832331 -0.11834259084241262 -0.0019013747216177213 88 86 85
-0.1251070327775234 0.10304818381163856 -0.02415549603743879 130 127 118
-0.12751315523570478 -0.05333942417319946 -0.034623071733614966 115 115 109
-0.12722793765760487 -0.06428927169685492 -0.03349511000551186 113 110 106
-0.1352654866410278 0.036809227240992094 -0.03147652190605229 149 146 138
0.09638520892924779 -0.13753346665385643 -0.010799428161772595 130 124 126
0.033231275641748895 -0.05499406030529882 0.01723922209433454 119 115 117
0.0024550508141198135 -0.014666407555931885 0.018342337454959 96 96 94
-0.06436864952636223 0.042814413328084326 -0.012240715449745782 114 112 106
0.005226841783360109 0.04580723886273765 0.01740395350575838 116 114 110
0.02399646273360484 -0.11519918310019996 0.007617499152399547 125 119 121
0.0043499005872176255 -0.09410535545808024 0.009055809697232742 128 123 121
-0.003836201336224143 -0.09472110778462695 0.006697752408991582 129 124 122
-0.025896865355596897 -0.015061416834237406 0.008518703290322805 115 113 110
-0.023371621730293335 -0.08607357341305377 0.008158604368358968 126 120 118
-0.055395053451594845 -0.005811573814114835 -0.0028695641650776094 100 100 98
-0.07679811272434879 0.08578000826074088 -0.014197208467722489 112 113 104
-0.1038275697946456 0.12545809402656138 -0.0220189596480779 112 114 105
-0.09782628841665766 0.07204667597651432 -0.023642369959079146 102 99 93
0.01234834994534989 -0.003620580996408105 0.018223152443643215 105 102 102
-0.016151941019276236 0.13926904553789654 -0.012497364068127348 124 124 116
-0.01624151157594894 -0.1038027601858542 0.006588755210310437 142 138 135
-0.037672598639488596 0.0479174854982071 -0.004020131501614473 125 122 117
-0.03693010551643281 0.03661530640782804 -0.003655884515549953 107 105 101
-0.03646821179971815 0.025220472846738746 -0.002560751667875024 103 103 101
-0.0451171073819315 0.014518089992276882 -0.003799165207258648 114 113 109
-0.04791362585608533 0.0046605240389768834 -0.0037989154690771056 109 108 105
-0.04327917734129131 -0.09314285717256011 -0.00213679961389072 104 102 99
-0.04230053562010607 -0.10576740831264327 -0.002613424041639371 108 106 104
-0.058538855326504824 0.03483245494435443 -0.014235883401841454 118 117 112
-0.05822373714459281 0.02355181118416133 -0.013255307325648613 112 110 106
-0.0572215488327423 -0.057700309792084306 -0.002731566806762009 94 92 90
-0.057260828043001144 -0.06878696931493976 -0.0028840151125482105 96 96 92
-0.08410403267052308 0.12907493223294966 -0.02280444088617717 126 127 118
-0.07612468500850894 -0.058097321126086954 -0.012295974498985562 112 112 110
-0.09444202986090079 0.007128238392554694 -0.024279875543787688 107 105 99
-0.08931099155467159 -0.0745910846492541 -0.02357143879409207 100 97 93
-0.08904414832581672 -0.08679462673254273 -0.0227783414491618 102 100 96
-0.08870751087892681 -0.09645385854948599 -0.02198700947867227 99 98 98
-0.08642525523923664 -0.10695579661586684 -0.02242013283250588 120 118 117
-0.11521705724706903 0.11381802566656385 -0.024075943104081638 112 112 101
-0.1141463314333507 -0.09725877804463803 -0.03171706736231017 143 139 134
-0.1269372057650387 -0.07469051334063481 -0.03201677865040542 117 115 114
-0.14902447573067715 -0.05669239207529231 -0.0431806655816942 148 142 140
-0.14860060963766852 -0.06537437540949936 -0.04069276161230562 106 101 99
0.09669783802133275 0.13409878935833383 -0.02168545582486736 126 122 123
0.03241883820268682 -0.07393004865339664 0.008533068774011054 104 100 101
0.03463400397527128 -0.08687020681895986 0.006383593711531965 137 137 133
0.005597443089204013 -0.02649963359966597 0.0171103772725289 114 112 109
-0.0037125177032481527 0.042445820974536516 0.008023642870109038 110 106 104
-0.006642624021178989 0.007178550017216111 0.006129805755869522 108 104 102
-0.016988386400333316 0.12906137001721452 -0.01029704269749554 116 116 110
-0.016124814249139086 -0.004095320386645715 0.00904540644604368 115 112 109
-0.04404483255412114 0.0922684877666984 -0.0011537249989067206 115 115 108
-0.03737119182275009 0.0037654155062483152 -0.0014030680452502553 114 112 108
-0.05546225041496017 0.12412580187139796 -0.011723294890617297 106 107 100
-0.04906333429107418 -0.06712422974570251 -5.9993235150823665e-06 101 96 92
-0.04555333940142814 -0.07505736255526588 -0.0013334261403182834 106 104 102
-0.046855984048785215 -0.1331689881429679 -0.006207889616149376 97 95 94
-0.06648394169228548 0.10361364810816581 -0.01253227414342454 107 105 99
-0.06712959325287254 0.09456954803105981 -0.011343363831950226 106 107 100
-0.054744535906326136 -0.09567120181369809 -0.010044559414119969 92 90 88
-0.056639801449927696 -0.10629517255110026 -0.010636048574515833 111 110 110
-0.055277604457193874 -0.13178737251121514 -0.010578359426185013 105 101 102
-0.07407047012158274 -0.03382959886954012 -0.010069486190980248 104 101 98
-0.08820215601586587 0.09771218036249354 -0.0205094271955073 112 112 104
-0.08312349616447298 0.01518178421255218 -0.023338500600225243 109 104 100
-0.07905268389893527 -0.13449627986995727 -0.02154375575227796 106 106 102
-0.07868063761511307 -0.14734510861250166 -0.021007459599833078 122 121 121
-0.10520614501084052 0.08465712227952202 -0.023969534890148192 136 138 128
-0.09487593905021974 -0.005307358763583969 -0.024059849007864953 109 106 101
-0.0949010002703154 -0.01494358351133155 -0.022844355754673473 120 120 114
-0.09233033863051432 -0.08494282845388841 -0.021989374905261833 126 125 120
-0.10545394590513368 -0.01652003582397454 -0.030255871562419157 104 104 96
-0.11808411737788928 -0.0062100275443917495 -0.03363048862111458 107 105 101
-0.11788932093120824 -0.016502995288506243 -0.032999934915490525 120 118 111
-0.11655060140227184 -0.03584201618172266 -0.034036262395680174 119 116 109
-0.13494688671409447 -0.08499606271866841 -0.03318962214230847 133 132 128
-0.14484717646068226 0.05800727342198451 -0.032305654367190795 133 132 120
-0.1444596436659977 0.04717094962769933 -0.03277770801138369 142 142 130
0.10297422796829556 0.1361837073476731 -0.02307854660182107 101 99 98
0.13869514052021287 -0.11650501373348135 -0.02048811120983718 111 107 108
0.08706579312627713 0.13372961340386708 -0.020714574088066318 120 119 117
0.04267975189054585 0.1492717525736027 -0.02197549581353142 108 108 104
0.029756146367479752 0.14726106001146316 -0.023807684995577505 126 126 120
0.02482811876508284 0.01051618207800719 0.019052483986654378 134 131 128
0.025909905163966407 -0.0012918922014929848 0.019569203344239394 130 125 123
0.04089101635584602 -0.07671286801645599 0.005818195034979601 142 138 139
0.023238739757790172 -0.06456558918289065 0.008996986589397515 113 110 107
0.02777518679865722 -0.09524347107617802 0.006870400317344316 125 122 120
-0.0010292913472327303 0.12035579383250884 -0.010549840132938249 134 134 130
-0.003457880032827154 0.09800939412379223 -0.00011653939085021214 131 131 127
-0.003927311513787224 0.06460762084971813 0.00838929082764528 117 114 111
-0.0024375014020416863 0.053388398329004536 0.007551092648845348 113 110 105
0.0020326888995105263 0.007273576399773364 0.007814354870944396 112 109 104
0.007660821341076429 -0.05311386815469303 0.008665079910681994 141 138 135
0.01033004288038214 -0.06594500936036359 0.005541211167614968 126 123 120
-0.017061489979233957 0.10705341266491009 -0.00181090774436643 126 126 120
-0.018182531972003813 0.07314134249844824 0.006905841175610439 122 120 114
-0.017562657077209998 0.06359042656607497 0.007099517679192258 120 118 112
-0.009516509260577233 -0.006028929631930684 0.0051106428448954855 114 111 106
-0.006808235876904156 -0.05411171200308289 0.009209826171796331 124 121 118
-0.02603141099947559 0.14903985939547476 -0.02081705118002808 123 125 116
-0.02798179924366323 0.1271368202015436 -0.011616918524874453 129 129 123
-0.027902851410687268 0.07246804507969581 -0.00045916929614464586 132 128 121
-0.026526909149401423 0.06138789617327986 -0.0014430307523145558 114 110 103
-0.025165689712207395 0.050172040927908786 -0.00236359350066051 111 111 107
-0.023819270038000606 0.03882047892965828 -0.0032206738524811485 91 88 83
-0.02334316747867482 0.027373814821645248 -0.001981138970400087 120 116 117
-0.02245034198652468 0.015805068335319382 -0.0017107116261745325 121 118 115
-0.02199518410536483 0.004166155692948897 -0.00038129558005550734 113 110 107
-0.021954517432319187 -0.042941595617053366 0.009298564779911755 143 140 135
-0.020705191403099177 -0.055186554431702145 0.008858602075184407 132 129 124
-0.015556350023439747 -0.09568245180650636 0.0056796946996301445 136 133 130
-0.03880053100078695 0.14696806584248018 -0.021224466289995414 119 117 107
-0.041278032519892205 0.08173479617131388 -0.0021297043252110903 110 112 103
-0.03826195375195096 0.07090796889689899 -0.0074038471184822985 98 99 90
-0.037373351955789724 0.059794866377049644 -0.007379793276865554 118 114 107
-0.03518884802912414 0.014311215880809317 -0.0037033552720036056 107 104 101
-0.03436586481317544 -0.00897944727488495 -0.001092472748593254 126 123 120
-0.03601763933178698 -0.0342428830940739 0.007743345006684277 118 117 112
-0.03566223494378101 -0.044055415275335394 0.00908663603396942 118 113 109
-0.023223532927271362 -0.13407057541314432 -0.003630349764019991 113 109 110
-0.023348145975098378 -0.14679096734921576 -0.0007900788149570737 106 103 98
-0.051460422078341284 0.1449123148698283 -0.021572095330673724 113 114 105
-0.05292843218457566 0.11260960718791917 -0.011688474135907123 118 120 109
-0.051136412928831476 0.08023189545794907 -0.010086878437984836 121 122 116
-0.05028642353321178 0.06925778885451404 -0.010161420397146514 122 122 116
-0.04862336511911869 0.046970304843411394 -0.010151978384453919 120 120 114
-0.04749679035680382 -0.010325392699921547 -0.0021146110404850482 115 112 109
-0.03914089163404605 -0.12138962308369822 -0.0022417632731843717 106 103 100
-0.03654744755485079 -0.1351162626508826 -0.006229290161696488 111 108 105
-0.06355795078394982 0.13240187093401745 -0.021156662405093174 116 117 108
-0.06480002207369764 0.08849018971647622 -0.012732557293089752 92 93 86
-0.05869665477534597 0.045369070643869365 -0.018191066446164195 114 110 103
-0.05764690057027255 0.011107033617737017 -0.01475086979833784 127 125 117
-0.05849444469142845 -0.00035138369507080325 -0.0104473423104392 121 118 113
-0.058329386920437876 -0.03543398142535881 -0.004531396193801829 119 119 113
-0.058420031479473444 -0.04724796547671539 -0.002154558917863758 98 98 94
-0.07408586709229148 0.15194197677553084 -0.030426451489444117 118 119 113
-0.07523520432349406 0.10931571394345402 -0.020002520490834508 130 131 122
-0.0714639272006794 0.05498695013125248 -0.020964247749891696 118 119 110
-0.07004142629761034 0.03246382099955876 -0.020979400624669076 119 119 113
-0.06896452707729145 0.021005904703066174 -0.021948286178305354 121 118 113
-0.06866811017551677 0.00948833561646123 -0.02078329031883297 114 111 106
-0.0687632093243849 -0.0020703661147224023 -0.018545949444656484 112 109 104
-0.06962659166460866 -0.013575622613753328 -0.014227280366741368 101 98 95
-0.06935475588868217 -0.025319372307537155 -0.012956683142956171 105 102 99
-0.06947074886265941 -0.03707032634150875 -0.010629581675597022 113 108 106
-0.06784730183023158 -0.061305194838194674 -0.010898493615239646 104 101 98
-0.06642400539549603 -0.07650404763037683 -0.012811260743470165 104 102 99
-0.08645698489327375 0.14987299634944598 -0.0305862579028664 145 150 138
-0.08569097566731965 0.13960990279114582 -0.031093616737008167 109 110 99
-0.08532274321213812 0.1291489565842693 -0.0304487948537151 132 130 120
-0.08650139533269269 0.1183037148355656 -0.02538526469853153 139 137 127
-0.08614791142115819 0.10770706147769565 -0.024677082563134167 138 143 131
-0.08623160386223516 0.08616328080348953 -0.02097741172718015 112 113 104
-0.08476711264172943 0.07540249268955844 -0.0233720761015781 124 125 116
-0.08080524312443449 0.00798853800237543 -0.023691744874924536 113 110 105
-0.08018794799565648 -0.0036429324562747 -0.023560222819259735 116 116 110
-0.07569204195622165 -0.10076589852213455 -0.02060724447565243 99 99 95
-0.07482566234888072 -0.11356789896519684 -0.020989082741243337 107 107 107
-0.09834185212432217 0.14792583547937493 -0.03180219733202372 142 144 131
-0.09837712641740498 0.13751101991802656 -0.030139290999458 118 120 104
-0.09778300625043268 0.1059805300156578 -0.02715002367674879 132 134 123
-0.09718554460563367 0.08457082880793701 -0.02568644818312671 129 130 121
-0.09282600553873394 0.04059997306380855 -0.03182055550221108 105 106 97
-0.0925924140258711 0.029295750052306953 -0.030808927035331557 104 102 94
-0.08741745391244604 -0.11480061862818366 -0.024324976026177003 99 95 96
-0.11056733286238174 0.1355242520790973 -0.030229839799654323 117 118 107
-0.10990932353319488 0.12525642470118797 -0.030802264645415134 120 121 108
-0.10872894554222623 0.0936791509684978 -0.030011743048256045 135 133 123
-0.10680363313342289 0.07222095347969974 -0.03287238808326509 130 131 122
-0.1065756329707952 0.0612608897181219 -0.032048354530605616 111 109 99
-0.10600242752949429 0.05021274841270694 -0.032256458949585065 129 127 117
-0.10473387418746644 0.03903368787930412 -0.03455002343462854 126 124 114
-0.1057649376714245 0.025983890251051675 -0.033100829694831635 104 102 96
-0.10400518220152621 0.016358256492141683 -0.03362257329747109 120 120 114
-0.10348236752611495 0.00484644993007869 -0.03361419724848602 90 90 84
-0.1033207565691519 -0.006724292446309413 -0.032504980253528215 106 107 98
-0.10302699000424304 -0.030137196608201355 -0.030159951319202793 126 124 116
-0.10220442383895101 -0.042155513481379664 -0.030988415323112806 114 111 106
-0.10050829444561438 -0.07878069155141565 -0.031060925231976455 124 121 116
-0.09854257357970453 -0.12924729331315526 -0.030037257229453163 116 116 112
-0.09649035786482218 -0.14300890939099262 -0.03434483486315609 134 133 133
-0.12220461250998294 0.14396744754895002 -0.032962713040081804 153 156 140
-0.12041911808995931 0.08125668444723808 -0.03068379853239489 159 160 147
-0.11952199910960071 0.0705179601737577 -0.03214999262020202 133 131 119
-0.11898497250556211 0.059631431011365366 -0.03246719015292099 151 152 141
-0.11471433986303603 0.026118684227542564 -0.041660484291699884 162 158 149
-0.11588979671544605 -0.042669771515027724 -0.033720988239577476 117 116 110
-0.11395760587993925 -0.055554748377865545 -0.0337680613370277 122 119 114
-0.11388884734425092 -0.06758426083549139 -0.032471559532634364 131 128 123
-0.1128380751624648 -0.08007508563233795 -0.03419983291857576 122 122 116
-0.11280003405628147 -0.11422230469592139 -0.031467035529918586 131 127 124
-0.11141264570010867 -0.13027083717712207 -0.03236397793474932 131 128 125
-0.11076254458944007 -0.14328265871041035 -0.032768951014741976 147 144 141
-0.13381640678058304 0.14206039322535718 -0.03402918693966428 105 107 94
-0.1342770346483707 0.13168849964047452 -0.03136015394184888 135 137 126
-0.1321092906376924 0.06883421792597835 -0.031355854016533735 139 137 127
-0.13161950426033714 0.05800752071187969 -0.03173462455259268 161 159 149
-0.1265513740187042 0.03424355560964823 -0.033516008720817204 143 140 131
-0.12757797569728913 0.0246614356704148 -0.04116046669936302 146 147 136
-0.12714718334800845 0.013291911200469499 -0.04128579685643152 133 129 118
-0.12574385338868943 0.0016711488832732088 -0.04455397328587929 144 140 131
-0.1263224893924496 -0.009786401186938694 -0.04137799383448537 114 107 101
-0.12592856821914472 -0.021495191849208825 -0.041344924148076334 121 119 109
-0.12631379298965073 -0.035886379968462306 -0.04174108704906587 110 110 103
-0.12541533990746057 -0.09344021344253667 -0.03492288638188645 146 138 135
-0.12541854026096477 -0.10573624637486548 -0.033528859102387676 143 139 132
-0.1254315351614665 -0.1181227683639445 -0.03209271297519378 142 135 129
-0.12482488666946168 -0.13094063481346924 -0.03262847814111991 135 130 128
-0.12423294912544014 -0.14389422805893193 -0.033101003431176945 122 117 115
-0.14600747884679227 0.13996745296422564 -0.03276816538596172 153 156 140
-0.14581837551371207 0.12983630656296086 -0.03241187635516374 123 125 112
-0.14530823199952408 0.11969143122626424 -0.03314262049929195 134 136 120
-0.1454696659348455 0.10930259945844484 -0.03157257778935918 124 126 115
-0.14432481622038057 0.0990624136864825 -0.034445708629357696 132 134 118
-0.1448331003431344 0.08844982283430947 -0.03167775206728152 119 115 104
-0.14469440727796817 0.07785500862431854 -0.03110491620185507 145 147 131
-0.1442407996646186 0.06718992422730588 -0.03159278016636691 129 131 118
-0.1403105561459404 0.023223439663751705 -0.040588641488036536 146 142 131
-0.13928982041357557 0.011841055432253167 -0.04292855696621323 140 136 125
-0.13892101676136853 0.0003956564336715304 -0.04305210018923056 151 144 134
-0.1372755763587123 -0.023045226791355178 -0.046322751974708254 145 146 135
-0.1369473311099636 -0.03486381961258926 -0.04627205489783037 115 116 107
-0.13756870631664864 -0.04651682911528249 -0.04301827255399693 103 103 99
-0.13726135474649565 -0.05852767289117787 -0.042877815513362894 131 128 123
-0.13887324744020774 -0.0941337298427701 -0.033907885902826784 133 128 124
-0.13829891491286156 -0.10665589962962818 -0.03462220433226926 161 157 150
-0.13804441216257773 -0.11915302618363874 -0.034254706939010005 143 138 136
-0.15194527842654776 -0.0008573735438974842 -0.04146646267534848 151 147 136
-0.1495709370095739 -0.04786327179819483 -0.04592432200289975 147 144 141
-0.14996753004325492 -0.07159491193523942 -0.04254565796151977 132 129 124
-0.15069518801688425 -0.09550345228163029 -0.03798403372113501 109 104 102
-0.1516607991241603 -0.10725743639401092 -0.033596457428770155 145 135 133
-0.15115818489132904 -0.11984575827806318 -0.03432012501271653 152 149 144
-0.1512561064393907 -0.13222249703944036 -0.03294236848086163 133 128 126
-0.1516555600428427 -0.1445047343209104 -0.03050849751770235 146 141 137
0.09936782924949894 0.1475820196721983 -0.020127447817604338 106 102 103
0.1265504080383535 -0.13606292187323574 -0.020001170360287146 119 115 116
-0.03222965421127094 0.10389965461578556 -0.0005816122552722014 122 117 113
-0.04928576837292381 -0.0021785406976485913 -0.0013113388243497504 108 105 100
