ply
format ascii 1.0
element vertex 3472
property float x
property float y
property float z
property uchar red
property uchar green
property uchar blue
end_header
-0.14534048746974046 0.1453911832596942 -0.013271062682208665 109 104 107
-0.14564290791948267 0.10511178187316864 -0.014322082436602166 112 105 109
-0.13560295231918143 0.1148843178123347 -0.014086023199777685 110 104 109
-0.13555545663101368 0.12469793132840482 -0.014450787212269858 113 106 111
-0.12495725380493632 0.145021956999567 -0.014142563158958996 118 111 115
-0.14570597736531582 0.08537365631953658 -0.014175557720438863 119 112 116
-0.13477041902577136 0.09556220223543632 -0.014219171274031389 111 104 108
-0.1254256509652932 0.10470998613393973 -0.01408320700041777 110 103 108
-0.11440365824153223 0.11470794956070329 -0.00461127136220091 120 114 116
-0.09537046087063406 0.12459578395127197 -0.00416772281634206 118 112 115
-0.09504344581078943 0.13428082665999155 -0.005631233281585223 116 111 113
-0.14513740736069175 0.05511528997382721 -0.01368570743095622 119 113 117
-0.13456409013504894 0.06535455868254658 -0.01295766678152743 122 115 118
-0.12507811173953426 0.0762501927502259 -0.007560427520887349 123 117 120
-0.11466186510532024 0.08556991581917577 -0.00633326680647909 120 113 116
-0.10530952607466787 0.0956456487697907 -0.004772286916545142 115 108 111
-0.08572976254229268 0.10507431358530477 -0.00469050181123358 112 107 111
-0.07404385020825507 0.11457362185634326 0.0046655277250855194 106 101 104
-0.06449410642543961 0.12512931137701036 0.004805291450337891 109 104 106
-0.054444351440196784 0.13473830322581587 0.004089865676384273 102 98 100
-0.04515756755738018 0.14476768541945995 -0.003739514137223263 109 103 106
-0.14505492504527692 0.03548282759528788 -0.014907821907683663 119 114 117
-0.12497184418524984 0.045080751882701595 -0.013439043646743816 116 109 112
-0.11437849322396354 0.054820982807844795 -0.008252662293817251 112 106 108
-0.10444842574491783 0.06486531570288996 -0.006386254484491266 105 99 102
-0.0856525310902067 0.07380157986835627 -0.0030737935144551807 108 103 106
-0.07466100286144876 0.0754849673432316 0.0051685274906468365 108 103 105
-0.051885591230123394 0.0838987435101729 0.02083097358982608 96 92 95
-0.04569500232229242 0.09513976777727265 0.01632923874193471 111 106 109
-0.04511783991407039 0.10499246859916857 0.015161821080922356 116 111 113
-0.03499581636495904 0.11523100111050388 0.00522105568979126 114 108 111
-0.02535202337669353 0.1349613581946109 0.004381407927432204 116 110 112
-0.01565450273232765 0.14377005942856064 0.0028396570537990496 116 111 113
-0.14544613707490178 0.00519357270323296 -0.023908927954510162 127 119 123
-0.13508010060068099 0.005006154832219589 -0.015968926079047343 115 108 111
-0.11366341063678753 0.014415118271430457 -0.0077853837356690065 109 103 106
-0.10469582038532044 0.025642553937131895 -0.00643864507277307 111 106 108
-0.09510976950767741 0.03483366327979687 -0.00439046996914435 109 104 106
-0.08531911279932024 0.04525922841010077 -0.0031926460348582837 112 106 108
-0.07465649821733328 0.05529517939928807 0.0032783494157210893 112 106 108
-0.04488543493905195 0.06534202329508206 0.01540665958916358 107 101 102
-0.034425125364469684 0.07496654810732183 0.022940958048049867 111 105 106
-0.02495119516094666 0.08453062281124615 0.024034517489632413 119 113 114
-0.014863999614115109 0.09566287828251296 0.01541215161773699 114 107 109
-0.014614765580765956 0.10516782725413971 0.0150247014640342 115 108 110
-0.01501316903747963 0.11422672989739459 0.006655865950708033 112 105 108
-0.005679425153224722 0.13414329445015144 0.004209320119557425 117 112 113
-0.0056185374258517435 0.14589030202260303 -0.0041472301848518725 112 106 109
-0.1350235036289241 -0.024787529445797336 -0.015979851316618884 104 100 103
-0.12509605648097943 -0.014748092309088296 -0.014013111218861861 99 94 97
-0.10486434314115826 -0.005398472875680746 -0.004485653051881688 110 105 108
-0.09406541933243434 0.004881668856769311 0.0014164623637774368 111 106 108
-0.07479836099012392 0.014397252133435633 0.00563499895423156 111 105 107
-0.06281028790403173 0.024612963771112068 0.011311644066687492 114 109 110
-0.056563059316633975 0.035112145493099954 0.00617004756354522 110 105 107
-0.04504197539709128 0.04491842913545113 0.014190609369760307 109 103 104
-0.02428601632629663 0.04506666178278179 0.02310287991275413 106 100 102
-0.015275243135057008 0.05465383897976331 0.025817786881269067 109 103 105
-0.004735521002797795 0.06459755993227245 0.02588560233920968 114 107 110
-0.004744086995112247 0.08491513450292436 0.024383062961662736 120 114 116
0.005115518047550675 0.09521185846489559 0.014958014769915135 119 112 115
0.005041728106220886 0.10506827125085545 0.006669153515066861 116 108 112
0.005011228783196229 0.12476074772814871 0.004997217914542698 115 109 111
0.016185044829207434 0.1349413092234038 -0.003573915141649482 114 107 111
0.02509707157751084 0.14540310024702788 -0.004006409249912472 115 110 112
-0.14522332119600956 -0.054530276853103514 -0.016702828202374863 104 100 104
-0.12334955782893618 -0.04588372852490866 -0.00864957994283742 103 99 103
-0.10314394971565871 -0.03236525972444049 0.0007061686091248548 110 106 109
-0.09491117382733344 -0.02516899107060325 0.002736771171581259 108 103 106
-0.0731364343848945 -0.015439629505941615 0.011810752562858413 111 106 109
-0.06431388871312653 -0.005458495010915452 0.013314904302130899 111 105 107
-0.05505134758922834 0.005163548742351292 0.014524213022346785 111 106 108
-0.04489290768476492 0.014977939330092853 0.016052015103647583 112 106 108
-0.0355125268850692 0.024841141296347832 0.01623721320864482 115 109 111
-0.014249895605482238 0.024861282769100757 0.024592964945903503 106 100 102
-0.005398480225081131 0.0348021225735448 0.026338298868401708 114 107 109
-0.004963845760329746 0.044718338311817936 0.026448431336114967 114 107 109
0.0044561314031026185 0.06521916889972061 0.025981270592454773 121 113 115
0.01492100968026832 0.08514132714146092 0.015179885432940658 120 112 115
0.025513117142441553 0.09583733685758276 0.007502975108064769 119 112 115
0.025405612471771463 0.10559296819997231 0.006231494801545945 119 112 115
0.02549982349313689 0.12550991970036687 -0.003171218491878445 114 107 111
0.0336036949788145 0.13577044019931483 -0.003292703443975537 116 109 112
0.0452308939424859 0.14508333554740505 -0.0051816797294240696 110 105 107
-0.14554748213768529 -0.08504352512841298 -0.013309700058564444 92 92 95
-0.13471282428416242 -0.07486775882580042 -0.013198120868802883 97 96 99
-0.11498481822664075 -0.06480381330574486 -0.006813627770528772 100 97 101
-0.09430696149996931 -0.05475259793401089 0.002099740759312849 111 106 110
-0.08506987555249526 -0.04532733657300236 0.004610902014446999 108 103 105
-0.06495385608947565 -0.03534086091530745 0.0156786485366796 108 103 105
-0.053620798622465465 -0.02523060490075018 0.022307539568700564 109 104 107
-0.04518571568924224 -0.015415951443979812 0.023445069902041017 112 107 109
-0.03511666986810924 -0.005181821764195489 0.02378890638575116 115 110 112
-0.024942263398549974 0.00473697378994564 0.02421122661663401 113 107 109
-0.014295816115753786 0.014244421288539226 0.025117810223989092 105 99 101
-0.005285128867111469 0.014833973293169435 0.02646011188776007 114 107 110
0.004553234376157625 0.02448164326934288 0.026339432227719218 119 112 114
0.015194995439093533 0.04454195135409691 0.026719791756239192 119 111 114
0.01475594708415415 0.05476103423752012 0.026160660179500007 118 110 113
0.02577544179309068 0.06615215919107059 0.017174146882712096 120 111 115
0.025715460959785795 0.07527868345066312 0.016362344625837112 118 110 112
0.035347365895889334 0.08649374945585137 0.007361924064504272 118 110 113
0.034918720925753245 0.1050228394563485 0.0056482006663874 118 111 113
0.04488316970415944 0.11514917393165122 -0.0034778945631422824 117 110 114
0.04507844503489929 0.1256032685053221 -0.0028210363001181793 115 109 112
0.05539994301982132 0.1352659907058989 -0.0038811955657813424 112 106 108
0.06515062781960439 0.14523555446272549 -0.014448848155445837 95 90 96
-0.1448255088004565 -0.11490634660896616 -0.014175483608015937 114 109 114
-0.13477729681887646 -0.10550058866409134 -0.01383232469417502 107 105 108
-0.12528940160771437 -0.0954055676745636 -0.014014693618189054 109 105 108
-0.11457012207613317 -0.08486642248571655 -0.006868068927701953 113 107 111
-0.09606025543901713 -0.07523473873379899 -0.0039961194150248645 100 97 100
-0.07525764387332988 -0.06541384696428174 0.006177452904182249 101 97 99
-0.05581857151714809 -0.055406675826719494 0.01673719918216352 103 98 101
-0.04513350264631169 -0.04494222984769763 0.025145675907573044 114 108 111
-0.035075804740361115 -0.03500642316599136 0.02696200553782855 116 110 113
-0.025795087265126325 -0.02547328520481034 0.02656632311399613 113 107 110
-0.014935649721038823 -0.014950662822733704 0.026745222017107384 113 106 109
-0.005051067798124035 -0.0043916096935745835 0.02709322640730819 113 107 109
0.0053688209821276854 0.004732210511728161 0.026362019114863255 121 114 117
0.015085226915159773 0.004638928486173488 0.03240902235070072 126 119 121
0.024656184124088956 0.014744983142487803 0.03198636756799018 122 114 117
0.0256582061121213 0.03527638360379003 0.0272462869912276 121 113 116
0.0348325993955892 0.04500585703941188 0.025258184322364263 115 108 111
0.036623654760780014 0.05633554562055515 0.017317664680389054 118 109 112
0.04495584817692497 0.06560901660687052 0.0162473154329679 117 108 111
0.05493138227402936 0.07576741925141016 0.014378566091932124 120 113 115
0.05551219650521975 0.08620790198891777 0.007341863642874888 116 109 112
0.05455241006048588 0.10551976992998495 -0.004166549184296531 112 105 109
0.06581519214821589 0.11518276457510032 -0.002438164825536658 115 109 112
0.07514423204992378 0.12508704146017607 -0.0036962025384150747 114 108 111
0.074974565788772 0.13523078706670927 -0.005012550056484791 114 109 111
0.0853548279493612 0.14548074500768982 -0.013388691844067841 98 96 99
-0.1449930271297122 -0.14562866392197116 -0.013795709180103054 112 109 112
-0.14465488521537057 -0.1349440256681024 -0.01356174525676356 109 106 109
-0.12468866055081253 -0.12510458617764947 -0.013437037205910898 106 104 107
-0.11537339268270685 -0.11501812482834696 -0.014778409798713194 102 100 104
-0.10489011331480601 -0.10550465518325147 -0.005473061625726892 106 101 106
-0.08496233462688406 -0.09496549006014902 0.002560977473688342 103 99 102
-0.06446698787261165 -0.08503817887136628 0.012955461214436402 94 91 94
-0.05529970322520835 -0.07552420774077911 0.016672977525636665 101 98 100
-0.03509468967672605 -0.06526089731412314 0.025545147486542314 121 114 117
-0.035156428350656056 -0.055189723289903916 0.026093507135822112 120 113 116
-0.025087749702715822 -0.04535970796245245 0.027081268085206913 123 116 119
-0.015730816985157933 -0.03545485700335472 0.02702050350857723 119 112 115
-0.004985122859483647 -0.024890585603665197 0.026487383304204803 120 112 116
0.00500319650775316 -0.01496884444808857 0.027101241730770793 120 113 115
0.015337398499345234 -0.004730410113204532 0.0266393258351084 124 118 120
0.025042033010932028 0.004540842362029066 0.031871650212683615 122 115 117
0.03512043659200023 0.014468864416533772 0.027118296483326983 119 113 115
0.035155571964298284 0.025138176192113632 0.027078890716664146 119 112 115
0.04500285496671459 0.034820347027717254 0.01461120847614205 118 110 114
0.05527525634789865 0.045768259666455195 0.01723691284885685 118 110 113
0.054837458730758425 0.05573966753698526 0.016816467181314184 119 111 113
0.054667233306723684 0.06620029909209603 0.006631430423891297 109 102 106
0.06465845239165655 0.0759132392066233 0.007207826676637168 117 109 113
0.07417666663451583 0.09474949995213984 0.005248616237188308 120 113 115
0.07492017268715531 0.10525497228416655 -0.0019482118506073676 109 103 107
0.08457285260545425 0.11541454031969928 -0.0025079651340585525 115 109 111
0.09451288582949519 0.125192999573774 -0.004055444948865797 98 93 96
0.09503939180634455 0.1351171617190143 -0.005819114136893909 97 92 94
0.10632224595291218 0.14465847675199103 -0.012823239002842008 94 93 96
-0.11565346496313604 -0.14548988400880072 -0.013355110409505076 104 102 104
-0.10543945981558346 -0.13473656185914035 -0.006587120318766887 111 106 110
-0.09545221755380749 -0.12532658330625013 -0.003834210779958638 103 99 102
-0.07481622110414445 -0.1148005275202148 0.004575748136668139 106 102 106
-0.05427095394665583 -0.10460670890445771 0.01557575072884979 94 91 94
-0.04602279348743568 -0.09466181611204244 0.016644688933125307 106 101 105
-0.03518672429013403 -0.08486606385767484 0.01513738694531805 120 115 117
-0.02495211360264619 -0.07516029318859162 0.025541173611631014 123 116 119
-0.015197244726798113 -0.06518698002232734 0.02658182947230731 124 116 119
-0.004943057549099972 -0.055129252236824855 0.026649685415675268 122 114 117
0.005148700648793479 -0.04598923926592212 0.02657295334726502 120 113 116
0.015166261057043476 -0.03474804884076669 0.026875137071879777 124 117 120
0.025649445293177607 -0.025271967010697005 0.026955958808930303 123 116 119
0.0343606825919816 -0.014190105375616196 0.027146935149524737 119 112 115
0.03466580321415856 -0.004611018796569279 0.02672370911029738 122 115 118
0.04518699597151368 0.005531535674380549 0.026756903896094652 122 115 117
0.05524748541139306 0.01515198342862484 0.025739529587717646 122 114 116
0.054838727970355446 0.024942345807613203 0.016656678727486746 118 109 111
0.06533947633209085 0.03505372906428182 0.016633017282561776 122 114 116
0.06557608878678495 0.045058185758094005 0.004793552381471944 107 102 106
0.07487163050406322 0.055425230164222614 0.007550737848592701 116 109 112
0.07531970610282285 0.06574947349771822 0.007745892133975014 119 111 113
0.08502925929318988 0.08491415229687033 0.005678197022657714 119 112 115
0.09536736247897834 0.10623159074396736 -0.0022318190852213928 108 103 107
0.10482814104329975 0.11545156988622877 -0.003160235926752596 102 98 102
0.11521079134002093 0.12453974677330464 -0.004272438621582337 95 91 93
0.11555993571674288 0.13454222993688233 -0.012580603909663628 90 87 90
0.12524728858836376 0.14447718461546386 -0.013007583147087404 94 92 94
-0.08427169166316643 -0.14571807938450704 0.0020441331120694245 110 105 109
-0.06478395264638544 -0.1349460552187039 0.006579355708215655 99 96 99
-0.05457188875317436 -0.12490954637141953 0.014327758664718705 91 87 91
-0.04491573722241414 -0.11496417571312707 0.016132633323615933 101 98 101
-0.03503369102859511 -0.10464745781833885 0.016062622707976988 111 106 110
-0.024636504880934298 -0.09524059384570478 0.014886206524259826 113 107 110
-0.015062154928469514 -0.08490943497230097 0.01497440633969885 120 113 117
-0.004465207207614327 -0.07552273746546298 0.016283478926564374 121 115 118
0.005248207961606945 -0.06481049365131569 0.026137709544658185 119 112 115
0.014803229712862066 -0.05535773715722969 0.026845348722240744 118 110 113
0.02514713598464827 -0.04499593277168068 0.026675919650723395 125 118 121
0.03524874609047554 -0.03541416624998948 0.02682332514925136 124 117 120
0.044516416469173446 -0.02502406776286999 0.02700192722577065 120 113 116
0.05566677908840143 -0.004710839340038332 0.026277870410719793 124 115 118
0.06471105752417944 0.005711404857440585 0.015899485768342457 121 111 114
0.06543220741213948 0.014528558028821494 0.016039633652350848 122 112 115
0.07511295348495597 0.023763216286883045 0.0049197324354096185 115 110 113
0.07488446788617777 0.03469466873713108 0.004785879735139644 114 108 111
0.0866521936921968 0.04531870955314676 0.007139722455324244 119 110 113
0.09476858515945238 0.06588773492669187 -0.005499921684041097 113 108 112
0.09473147398058251 0.0757362887421616 -0.003828203975520762 97 94 98
0.10546319357851819 0.0861397948187838 -0.002656905362373644 103 98 101
0.10564013559395856 0.09497331955422887 -0.002719739689624258 109 103 106
0.11499964068289416 0.10480866942403085 -0.0026772372026522737 107 102 105
0.12488672679959525 0.11480451441126961 -0.0038052324530414273 109 105 108
0.13552554801703592 0.12489948881476479 -0.004391737291807244 100 96 99
0.14494890180014625 0.13515710462418828 -0.005445319975747282 99 95 98
0.14449411719382685 0.14628433354482498 -0.012378450380150908 96 94 97
-0.04484551923567242 -0.14479848452240524 0.01673195936566507 93 90 94
-0.036009560671514916 -0.1348650932895004 0.016214715530578398 100 97 101
-0.024639110156616118 -0.12431835928334196 0.015292747007871999 107 103 107
-0.015754936282042473 -0.11494245125648583 0.015316659490331036 120 114 118
-0.005538853892245122 -0.10556887615029181 0.015648757217951382 124 118 121
0.004987833643831667 -0.09541367945157095 0.02393511057608744 120 113 117
0.01473631066567546 -0.08510224542393043 0.025032843565876057 120 112 115
0.015366542139124521 -0.07522905073465627 0.026323523462140206 116 109 113
0.02481375133388461 -0.06523776077124217 0.02653018570679402 115 108 111
0.035420746060692246 -0.055602114975967364 0.026749514694449247 124 118 121
0.045147663711318765 -0.04573969070339598 0.027337609047378888 123 116 119
0.0551577721284203 -0.0351142684661133 0.026653430245755658 119 111 115
0.05419221893777424 -0.024183477169814494 0.015429268461215551 120 112 115
0.06425042757052489 -0.015511705303506568 0.015786027552245542 126 116 119
0.07571201082121101 -0.004972907943678528 0.01641731051488694 118 110 113
0.07517210603378967 0.005266430286592901 0.01650692555541035 118 109 112
0.08526062267475332 0.01437421629887878 0.007095780941374775 110 103 106
0.09565142416016849 0.0255726420893263 0.007349776538918158 122 114 116
0.09583308496470587 0.04509507436952232 0.0068170968093745985 124 115 117
0.10528385085964503 0.055400394964013534 -0.004575815725644132 110 104 108
0.10605176219471996 0.06382373914907678 -0.004568158755606622 117 109 113
0.1161890825906967 0.07525209527915652 -0.0019217376946382174 118 111 114
0.1250485947899772 0.08505802424587157 -0.002755606451245224 114 108 111
0.13500889403713442 0.09468196401484875 -0.003065571857261928 114 108 111
0.14493584790647057 0.10515714803533137 -0.003112922064161691 116 111 114
-0.015231378562153244 -0.14503152630733895 0.015165368143070337 108 103 108
-0.01512226811081855 -0.13533343897453165 0.014734228615913156 109 104 108
-0.005201143440442356 -0.12500331830678535 0.015440226938114936 116 111 114
0.004732424838508198 -0.11470160421311086 0.014510525098224803 120 114 118
0.014788109334977812 -0.10441968757155369 0.015172674502111738 116 111 114
0.024726339868143547 -0.09456233167217892 0.015302115726735451 116 109 113
0.03484150629303897 -0.08497773427767344 0.025406786934758667 120 112 115
0.04435576067288219 -0.07505952364772343 0.026078674086472468 116 108 112
0.0443240247899461 -0.06541326707521335 0.02650350209067484 124 117 120
0.05629189401973812 -0.05554797777691953 0.01654654738698623 113 107 109
0.06397250551181141 -0.04560296887718425 0.015685528911656477 117 109 112
0.07533188158309786 -0.03520981797479242 0.016336947135696903 120 111 114
0.07550547131489159 -0.01476692958562861 0.01637814452697633 122 113 116
0.08418590419285797 -0.0038840867371578436 0.006956589524944638 108 101 105
0.08505877903408267 0.004015919265242115 0.007189345174311161 117 108 112
0.09566986890782861 0.01507618365813218 0.007003947314457121 122 113 116
0.10509415362692903 0.024871935171368622 0.0064289734609748956 126 117 120
0.10585805224975439 0.03336011223984391 -0.004687177404410731 117 110 114
0.11638090358804333 0.04507484797025085 -0.002843784376613975 109 103 108
0.12515489202057975 0.055131706018924094 -0.00273627893886149 116 109 111
0.12521666543610585 0.06489167475724639 -0.002786475494299898 118 111 114
0.135079503551051 0.07507602584378853 -0.0038243769515586717 114 108 111
0.14494239201273387 0.08480622424439686 -0.0035707638819022724 113 107 110
-0.004818751248115295 -0.14483451634841618 0.016372522481503244 105 100 104
0.005390718314525 -0.1358767151650502 0.014945085092263716 108 103 107
0.015804816635665207 -0.12528135490731585 0.01586291463096938 115 109 114
0.015829971338110052 -0.11490668870765672 0.015793254863228415 119 113 117
0.02554616126192174 -0.10509979999525718 0.015565452946960196 119 113 116
0.03550450029856157 -0.0952192988606841 0.015346989855749341 118 112 116
0.04490931673738433 -0.08544605676470672 0.01541675655631865 123 117 120
0.0557018949073925 -0.07548459871470334 0.01552301311209084 118 109 113
0.05424876524638833 -0.06536499201283355 0.015361828293636894 118 111 114
0.06627677533962803 -0.05626355017480776 0.015811659908882305 116 108 111
0.07555068302051528 -0.04558173470210869 0.016539674645685135 118 109 112
0.08445231236529985 -0.03559582977455116 0.015382505763421176 125 116 119
0.0834775697866533 -0.025427953550074135 0.0062276897333097495 121 112 115
0.09598219883359647 -0.014437589310092461 0.007174747360923381 119 111 114
0.09584316702624987 -0.005782033038565693 0.0071630907720602235 116 107 111
0.10485963531616388 0.004936624761452828 0.006309656722117428 119 111 113
0.11506620437476478 0.01508417786912319 -0.0031199915646653734 116 109 113
0.11544611679711515 0.024898353501640918 -0.0030075200732152104 117 110 113
0.12525478209584517 0.035416085937396265 -0.0027081378704528216 120 111 114
0.135079715988294 0.04498073737952585 -0.0033470601941054537 117 109 113
0.13416271660384704 0.055299516369476845 -0.016264583879046918 118 112 114
0.14491853863571352 0.06482957209249252 -0.015474909535610197 120 114 117
0.015794391828633476 -0.14568174157500421 0.017162222004894 104 100 103
0.024920068085441345 -0.13583538461591166 0.017055511908982867 118 112 115
0.02623041723283774 -0.1252975214964423 0.01642635213349036 116 110 113
0.03609910280055087 -0.1151012267921401 0.016363198387882003 114 108 112
0.045724320332484095 -0.10571201485223188 0.01532196627676705 121 112 116
0.05574399152361791 -0.0959127923370773 0.016221005391343715 113 104 108
0.06526604285865134 -0.08535206341552853 0.01675571809614406 118 109 112
0.06625411741034692 -0.07630672570317032 0.016577489734782815 114 107 110
0.07504038833684597 -0.0660559820239506 0.006547053474349817 117 108 112
0.08419880526923654 -0.05509284214937471 0.006097502487528911 116 107 112
0.08527198901224378 -0.04545586868296588 0.006186457945690345 123 114 117
0.09581312068469285 -0.03487894825067023 0.006709772215784594 120 111 114
0.1055683072944076 -0.024839594485638813 0.006267992806367357 118 109 113
0.1147662538381074 -0.01471119041055005 0.005185549681183692 121 113 116
0.11500409795384497 -0.004678107572589607 0.005086881589612175 120 112 116
0.12574971298690257 0.005121253764525765 -0.0020165875309119483 113 106 110
0.12587303631026941 0.015346262563695767 -0.002586325205506316 116 109 113
0.13544253960034267 0.02532617842631939 -0.003069746570364618 121 113 116
0.1447635456828099 0.03558693205341004 -0.005194222389316275 119 112 115
0.025183851288063344 -0.144077440010723 0.0057590821188243995 121 113 117
0.03562709179798884 -0.13494585948951884 0.00525174331523715 115 107 111
0.04573674021389182 -0.12603749145456605 0.005036501604165098 118 110 114
0.05572496779095896 -0.11506959990132633 0.005241893073336837 123 116 119
0.06527553169908826 -0.10558794797174569 0.005627279652117815 123 114 117
0.0655712003577053 -0.09593938088378193 0.0060739433342568705 121 112 115
0.07502136268747299 -0.08580473897020734 0.004486477135202252 120 112 115
0.08543772809937747 -0.07621725696323046 0.006219335532942789 118 110 113
0.09507571649483215 -0.06491411056543309 0.007210202940416777 117 108 111
0.09579437046918676 -0.05567242191499786 0.006530405989759223 117 109 112
0.10513496430966021 -0.045004782421530165 0.006978041758309734 121 112 116
0.11446326675786027 -0.03452432115345712 -0.003209041846291464 117 110 113
0.12530412688180825 -0.023701948085609402 -0.002624639870968313 116 109 113
0.12568446809328593 -0.01412199928245548 -0.0024779826833281906 113 106 111
0.13614868681972547 -0.004660633921792033 -0.002469566196393122 113 106 110
0.14503542801888314 0.004686612417231003 -0.0030633056284465874 113 105 109
0.14526570405157604 0.015220863788785047 -0.003653177114367485 116 108 111
0.03639840572216832 -0.145795438343002 0.006196008460768485 118 108 112
0.046150793041626524 -0.13578322603603402 0.006351552634550918 117 109 112
0.056081406820376344 -0.12578041582636543 0.005997903500677793 112 106 109
0.06512675080819012 -0.11543304830467599 0.006535611537742107 121 112 117
0.06697986700300101 -0.10783448538370119 -0.0016210622148995649 126 117 119
0.07715251783770072 -0.09636959853014032 -0.0038318120244494047 120 112 115
0.08526100632794739 -0.08436500768286431 -0.004487297616835407 118 111 114
0.09597443773116708 -0.07509308004638754 0.006309796829972665 119 110 114
0.10539161180153866 -0.07525887295080098 0.005305824675684471 120 110 115
0.1156092709317478 -0.06593299080369157 -0.0031538891111443533 120 111 115
0.11573374600718435 -0.055468574374032596 -0.0031509500300529385 116 107 112
0.12484153133814395 -0.044963064095554686 -0.002703506790992685 113 105 110
0.1350990548694875 -0.024982804125677622 -0.0025929992605335794 117 110 114
0.13523968341342005 -0.014536639690061446 -0.002237543702017572 119 110 115
0.14555331478671008 -0.005561885063682429 -0.002951889083446819 116 108 111
0.055610046698765264 -0.14503065397861045 -0.0039366314738691465 123 114 119
0.0654655558573269 -0.13521672201876553 -0.004014101102251602 118 112 115
0.07534176961862508 -0.12380696211286873 -0.005206853856145071 118 110 115
0.0760971611539368 -0.11447511590753819 -0.0033475514163872583 123 114 117
0.08580734286301708 -0.10611121421779363 -0.004861926801685757 117 109 114
0.0963053443833865 -0.09577530843067557 -0.003489964674362289 121 111 115
0.10530218439066223 -0.0869168523670733 -0.0032114814554192505 119 109 113
0.11508303945377618 -0.07567202593291988 -0.0034193302742424603 123 113 117
0.12612040107374417 -0.06596125450083673 -0.0034122904483775973 117 108 113
0.12534717423838315 -0.05575533168601345 -0.00336424211951133 115 106 111
0.135854245000644 -0.045263604411519325 -0.00270650052128092 118 109 113
0.14513445185811108 -0.03569336287418122 -0.0031345857452010134 118 110 114
0.1437746242420849 -0.023831603570578667 -0.01794167542722942 115 109 112
0.076604355293876 -0.14592043077724906 -0.0031994628390741523 118 109 113
0.08459280846911847 -0.13501813117267503 -0.0029040617246834607 113 105 110
0.09597227412673077 -0.1251367848974113 -0.0036401834489798693 122 112 117
0.09520972691282138 -0.1146226014322607 -0.0038985620549420656 119 109 114
0.10501268516733188 -0.1056334071891301 -0.00434963579998461 123 114 119
0.11567210777273987 -0.09607453871980035 -0.003252241313077354 121 112 116
0.12547992001844563 -0.08538093827693458 -0.0029835164394009157 117 109 113
0.1351929652953735 -0.07465898330721965 -0.0030023990080422958 119 110 115
0.1357145451201546 -0.06496693024158288 -0.0026122757162809376 120 111 115
0.1447404383842689 -0.05515538576701701 -0.003832629052835785 121 112 116
0.09533310916338238 -0.1442669598610541 -0.013744344232317697 115 107 112
0.10448508915484914 -0.13500072559957116 -0.013099749585268484 116 109 113
0.10537312117354515 -0.12543092404212278 -0.0031167449854516633 115 106 111
0.11536088472773866 -0.11522672343181808 -0.003179085002033944 117 108 113
0.12685079380336836 -0.10546584933695097 -0.013524032950739428 118 110 114
0.13563645455420423 -0.09506650647200818 -0.013461327997702617 124 114 119
0.13667168099662413 -0.0848848141744422 -0.012689342211271859 122 114 117
0.14551029822972258 -0.07547357906237707 -0.014225494172790207 124 114 119
0.1041856132656808 -0.14344576449279944 -0.014672163452539497 118 111 116
0.11409556757144701 -0.1341351799227183 -0.014064089808798424 124 115 120
0.12506169162813704 -0.1252854408976187 -0.004719226259291485 126 117 123
0.12518818655115946 -0.11493859901492116 -0.004326465832962035 116 107 113
0.1359601307033876 -0.10553974085933172 -0.01249894774575504 121 110 115
0.14586192858402694 -0.095530248165448 -0.013322979654278661 114 104 110
0.12431611575575724 -0.14414347970746444 -0.012641996365278982 126 114 121
0.13503174113223665 -0.13550372232096186 -0.005703127952675021 129 120 127
0.144871939393052 -0.12520048073741719 -0.005483313285902592 124 115 122
0.1442576328582915 -0.11471104155716048 -0.012984173146651345 119 108 114
0.14527475195398334 -0.14576179207395554 -0.004904755353044136 118 109 117
-0.14501151265529183 0.11445354213068117 -0.0065913932177119995 112 106 109
-0.13484295313087927 0.14512808541988498 -0.01345457964427458 118 111 115
-0.14533602436789012 0.09478842799586856 -0.0070314964990582495 117 111 115
-0.1350372538163228 0.10453488826280374 -0.005545523224978855 117 110 113
-0.12462624984617159 0.11510787921567035 -0.004948996187701892 117 112 114
-0.11440223365232909 0.12494468347508317 -0.0058185399283298776 113 107 110
-0.10485465259383343 0.1345732000702648 -0.006327713376370239 114 108 112
-0.14473652147067392 0.06447156498496379 -0.013395846940569115 117 111 115
-0.13508943516160413 0.07439636397819589 -0.01354698644885788 123 115 119
-0.12476149764797491 0.08491590723121718 -0.007100908896973782 120 114 117
-0.1151245701258979 0.09483692954092558 -0.005761244308191747 123 116 120
-0.09592681143806074 0.10520549209285222 -0.0032021058029274027 114 108 110
-0.08490056692600387 0.11478523047695062 0.0016923870452929342 107 102 104
-0.07420329087915051 0.12455487727474562 0.003446175739956965 105 99 101
-0.07507726659877337 0.13513947321875117 -0.004182077000300304 107 102 105
-0.06481605617863145 0.14485299864043633 -0.0044471442591653785 101 96 99
-0.14477872185534346 0.04442500993834422 -0.013718610750381631 121 115 118
-0.13511093493960355 0.055215537061412336 -0.013366383474164153 120 114 117
-0.11524430229144222 0.06471947525550008 -0.013496613320578955 114 106 111
-0.10513150709386344 0.07470665332369693 -0.005198969424067331 105 99 101
-0.09579843160685039 0.08495772504623768 -0.003679859230818615 104 99 102
-0.07453456639792415 0.0849136585699188 0.005637392315139666 109 103 105
-0.05542654211957656 0.09496867289161727 0.014638411701385834 111 105 107
-0.055450787793787336 0.10478843354295264 0.014058627260015144 114 109 111
-0.04517304436215084 0.11567615885403275 0.005678033104848118 111 105 109
-0.03536043472388081 0.13437108135625528 0.004712977492598574 118 112 114
-0.03442647577872659 0.1448090891944209 -0.003605319392281994 111 105 108
-0.1448431631736666 0.014535374868125816 -0.01715114445790939 127 120 123
-0.13498065983964896 0.02462470671660557 -0.015967546227639982 125 118 120
-0.12544139880974084 0.03474416202471393 -0.013956538542706447 119 112 114
-0.11577100789393266 0.045190633634390534 -0.013241487381355282 118 111 115
-0.09520898893661299 0.05477988455064033 -0.004723409585238127 110 104 106
-0.0853614741808493 0.06406712131120035 -0.002781894723010882 109 103 105
-0.06515756035970975 0.06459405733430569 0.006376065129503495 107 102 104
-0.045381480503605603 0.07503680797739115 0.016471984804273834 110 104 106
-0.03529873959485486 0.08503139674653962 0.015765833192012524 111 104 108
-0.035076889279164594 0.0954140186556119 0.01626635731141036 112 105 108
-0.024583202034597774 0.10615793810246803 0.006376648156979799 109 103 106
-0.02526105788518918 0.1252140797333697 0.005345407736687738 116 110 112
-0.015307934443820894 0.13510709303407356 0.0036938352986759307 117 111 112
-0.015133658348498965 0.14539345424414205 -0.004447854793847625 109 103 106
-0.1352185700247265 -0.005301671500711061 -0.016060896715363603 108 102 106
-0.12156863848765606 -0.004156197657537313 -0.00814177700830912 100 94 98
-0.11372252613221885 0.005198539944724242 -0.007380506233272307 105 100 102
-0.09554770084290592 0.015479171216798239 -0.0038787831952368217 109 103 106
-0.08403815660684605 0.024974404747650423 0.001973375197075955 111 106 108
-0.0651475488525338 0.035066150702020765 0.0059497967653631195 110 104 107
-0.0651129150591321 0.04532801214642799 0.00559014925460717 108 102 105
-0.04507802537354629 0.05506269204784373 0.014848522567064234 111 105 106
-0.036252742771316175 0.06485125135264777 0.016132939691663722 111 105 107
-0.014191646940417245 0.07532431415973347 0.025389584472067833 117 110 112
-0.014849058371953027 0.0853938886773307 0.024492633062676544 119 112 114
-0.005165651733407406 0.09511713172267712 0.01476799700862902 116 108 110
-0.005464390002262366 0.11450408185095069 0.005646879176449462 113 106 109
-0.004878580487040501 0.12494529228747911 0.005246975332976255 116 110 112
0.004775566059420527 0.13544892212605483 -0.003815754323508429 110 103 107
0.015663444020555237 0.14568887058470964 -0.003500422791901844 115 108 111
-0.14481849845359068 -0.04451316717018438 -0.02356782114664531 97 94 98
-0.13522775581517388 -0.03521524334824181 -0.015994798065057127 107 103 107
-0.11457624717023539 -0.024956382169220116 -0.007081735316451831 104 100 103
-0.09368527593443214 -0.014761521024271723 0.002572935521347354 112 107 109
-0.0846122100999864 -0.005423637778672517 0.004450042971660509 109 104 106
-0.06432819326943845 0.005002048534306742 0.012402159190767481 112 106 108
-0.05473601688044638 0.015037122806555262 0.01351023839381784 112 106 109
-0.04558286120711699 0.025469304288964125 0.014459389996261448 114 108 110
-0.03547454149399257 0.03492531647600422 0.016602675916078634 111 106 107
-0.005015920233432421 0.054211321063170434 0.02651911829274484 116 109 112
0.005012737585963405 0.07551033451944636 0.02467802496369545 123 116 118
0.004559655204871555 0.08597786558242267 0.015643040738963644 114 107 110
0.0047970672840008475 0.09576221695774824 0.006328019871201978 109 102 106
0.015530705484571562 0.11495232767575418 0.005302672167578488 117 109 112
0.025232113967925886 0.12477984094965275 0.003776136435433038 120 113 116
0.024698990661939226 0.13552894079164654 -0.0035060452908211616 115 108 112
0.034557959127746944 0.1449292942930514 -0.0048264057127928315 113 107 109
-0.14493340362375326 -0.07476555243840466 -0.014167078660938285 99 97 101
-0.13524524628974552 -0.06510718102991071 -0.013348075413563348 101 98 101
-0.11431931700448046 -0.055009191368036094 -0.006528040030779088 102 99 102
-0.09519316413779051 -0.045663081665462936 0.002464739709913882 104 101 104
-0.08536692354441987 -0.03515696779119963 0.0053047759007513896 107 102 105
-0.0646440529494222 -0.025320761710640155 0.015362311624243116 109 104 106
-0.05586712901256472 -0.014678552446859025 0.016563686865435082 111 106 108
-0.04627182641118993 -0.005337231533176411 0.016403694904854254 112 107 109
-0.03587489948260784 0.005226831826763823 0.01574807326520794 112 105 108
-0.024790165036877886 0.014738265673707795 0.022861817303465565 112 107 108
0.006097019777195183 0.04485087556034391 0.027243977333666455 120 113 115
0.015469245673491394 0.06625712005933922 0.017118477028133686 113 106 109
0.02554748302061897 0.08600009926011597 0.006504916281000742 112 106 109
0.035355108545013406 0.09522075308396552 0.007061088028751869 118 110 113
0.035022931249497596 0.11631937835854406 -0.0037589774384240828 115 109 113
0.04517522747501988 0.1356017960669368 -0.0038454822593886155 113 107 110
0.05561297310461734 0.1451045776812143 -0.0053154986442040374 106 100 103
-0.14545786892247958 -0.10522753877515073 -0.014395070874904029 104 102 105
-0.13482133872965618 -0.09506630474640153 -0.014121559813183544 104 101 104
-0.12549379037381253 -0.08434989033602067 -0.00780649110245238 124 117 121
-0.10513564312953544 -0.07529845648202513 -0.0047087199443095985 103 99 103
-0.08463286686212948 -0.06491477354732504 0.0036751733311548708 104 100 103
-0.07350237119521497 -0.05498290751000557 0.012048064685685839 104 99 101
-0.05561591717899357 -0.045777080019051834 0.015556749687062835 104 100 102
-0.0443224061881916 -0.034613299905534224 0.025312987137241737 110 105 108
-0.034542896306751905 -0.02542125478040797 0.02680064637614638 112 105 108
-0.024783519123813283 -0.014604689306673727 0.026592928576176893 110 105 107
-0.015124198019343015 -0.00480078083476877 0.025906238367002298 112 106 108
-0.004996031156286929 0.005165332806957365 0.02724157815565216 111 104 107
0.004227407414557827 0.01514116155735789 0.026579509429389386 116 110 113
0.0155051132532118 0.034820823841873946 0.027166344051538793 121 113 116
0.02547877724576474 0.04493092927047795 0.026610431969517075 116 109 111
0.025912049998162046 0.05546856445011175 0.016565453232383055 109 102 105
0.03581308148927269 0.0650531343287304 0.016346036211033126 115 108 110
0.03506594906047322 0.07360537410114486 0.004301168344986783 111 103 107
0.04652233415577493 0.08468710955114413 0.007445155602738657 120 112 114
0.05532833145197883 0.10441881909016164 0.005143809027666918 118 110 113
0.05586519334265149 0.11603684985516773 -0.002721313488176758 113 107 110
0.06489205790358314 0.1253836085546083 -0.002840718956272092 118 112 115
0.06484142216523284 0.13395334470976758 -0.016586034755944577 106 100 104
0.07504190648324756 0.1442554119261213 -0.013103499651034705 103 99 103
-0.14550938639201266 -0.12433921603509501 -0.013781684134478908 115 111 114
-0.1252835310678526 -0.11509507781309215 -0.013983027931573832 108 105 109
-0.1144609025692362 -0.1049587423926894 -0.006903696926895137 112 107 111
-0.10490738345861218 -0.0952131454831779 -0.004863402045062767 106 101 105
-0.08456533785663738 -0.08512746865574858 0.0027168017331135647 105 101 103
-0.07458695780364669 -0.07496302253609821 0.006348292420849054 97 94 96
-0.05554331527243337 -0.06495163553259199 0.016170233299460237 105 100 102
-0.04520018139919371 -0.05471141799705004 0.023825999651668317 113 107 110
-0.025241366276814985 -0.03540966213098454 0.026544788297203286 116 109 112
-0.014805237497399138 -0.024988864969007048 0.02643967201112821 116 109 113
-0.005570783366339037 -0.014544771242812608 0.026826110302815596 115 107 110
0.004708002428840333 -0.005621269496160668 0.027396741119244693 124 116 119
0.014828851138438645 0.005049863113475568 0.026430951632285645 124 117 120
0.024943001032130364 0.01527174687735075 0.02668376768212754 124 117 120
0.0449223731759494 0.03513180553569607 0.025475651375232732 120 112 115
0.044857883614727735 0.04459300141397708 0.024855049517352488 121 113 115
0.0550692067406245 0.06567986368963545 0.01504139177812468 123 115 117
0.055741758309880665 0.07624165828543968 0.007566556930727755 116 108 111
0.0655268730741368 0.09482314920105506 0.005973912368289564 118 111 114
0.07581701029835772 0.11451899787154836 -0.0030182643922580647 114 108 110
0.08451197081102942 0.1254845328209364 -0.004055206808717488 112 107 109
0.09556434441597766 0.1462541035582469 -0.013170261929734778 106 103 106
-0.134691148087737 -0.14471654460983163 -0.013451587166356598 110 107 111
-0.124692489065028 -0.1356201817273888 -0.013680356416306431 104 102 106
-0.11497881765047567 -0.12497593358182293 -0.014477553919319921 101 99 103
-0.09577066222858567 -0.11516847067285729 -0.0038320889658761174 99 96 100
-0.07471704223252247 -0.1050678498699264 0.004888468395127556 102 98 101
-0.06434114242662416 -0.09530457660876286 0.012317407100171113 92 90 93
-0.04404720869101196 -0.08508670332545093 0.022292334891623227 104 101 104
-0.034592695884986625 -0.0749815207001432 0.025108666851271645 120 114 117
-0.024961945759358412 -0.06491564390446905 0.02627561743261021 125 118 120
-0.015120061980414953 -0.054774623762139096 0.026955641194037473 126 118 121
-0.005690854990858131 -0.04501580515734615 0.02679892397605197 119 113 116
0.005138827053327614 -0.03510254530865837 0.02615047304800036 127 120 123
0.014624004843179295 -0.025113714739568704 0.026995846354401304 125 118 120
0.025197471644528385 -0.014892391084968776 0.026801425400122682 123 116 119
0.024761372737657772 -0.00435169756051778 0.02642210289436806 125 118 121
0.03479630945289544 0.005507611891385631 0.02686353158212193 121 114 117
0.04472181995004783 0.01475173423806162 0.026739185446555295 121 114 116
0.044803581905037804 0.024478298105793665 0.015578687742714719 111 105 107
0.05555596289413846 0.035228929640323356 0.017232593188973692 119 112 115
0.06427532659287218 0.04446934182755635 0.01635668565835208 120 112 114
0.06520058260741383 0.05501598155349582 0.015670946382046424 121 113 116
0.07457443019058657 0.07549890108089236 0.007057267354761147 119 111 114
0.07500214022417166 0.0837929852470807 -0.006219178812956383 116 108 112
0.08426744009013533 0.09563695125486049 -0.0029399935339911956 105 100 103
0.08628210933686142 0.10627910164846054 -0.0025436250720277513 110 105 109
0.09432370630912014 0.11489919429520917 -0.00269392408682091 100 95 98
0.10480155109880712 0.12471975754846294 -0.004097114313267451 96 91 94
0.11509371136907702 0.1462047482346115 -0.012426309633605939 98 95 97
-0.10558305303935067 -0.1443653251078511 -0.006111374062065352 111 105 110
-0.09521630846011364 -0.13509777456338737 -0.0038520932157243507 100 95 100
-0.07476628023961614 -0.12485881556524021 0.004401388601194504 104 100 104
-0.054360856704332446 -0.11452471663708938 0.01477877499528537 96 93 97
-0.04562290888544983 -0.10456446074014386 0.016700927727851676 105 100 104
-0.03537771716530563 -0.0942334170756325 0.015170086114724342 117 111 114
-0.02525766454105559 -0.08497989149596444 0.015035860146379358 121 115 118
-0.014829325916515848 -0.07501434027431945 0.02547377913819354 121 114 117
-0.00495579549526852 -0.06525356000556388 0.026307255896518802 124 115 119
0.004506691386752998 -0.05546385442434261 0.02639387286611988 119 111 114
0.0154981514196712 -0.04561870507787463 0.026621978390374553 126 120 123
0.025216713292280226 -0.0344363168023894 0.026991001436276668 125 117 120
0.034950590265663134 -0.024995987024717444 0.027414181697108905 122 115 119
0.04507742132980408 -0.015252124278001936 0.026997837404592304 122 115 118
0.045183929171296 -0.005101611346284637 0.026407248740464316 124 116 119
0.0559540429580045 0.005320614480135909 0.0165419923776976 123 115 118
0.054539561709053434 0.0153606714751649 0.015581579090573358 122 115 118
0.06528407799980274 0.025092903288847404 0.016357248200773167 121 112 114
0.07496169143484448 0.03519874136474326 0.015014696707173118 123 115 118
0.08473075714469443 0.04465601966296154 0.012696967503081162 122 115 118
0.08594171761305205 0.05560398680446593 0.007557991757155364 123 115 118
0.09463990022130048 0.08318001243939588 -0.0051494619385857865 104 100 105
0.12505107732182183 0.12457813726967079 -0.0038919352599148037 103 99 102
0.13471255200776616 0.13546790947234003 -0.014095502086028364 98 94 98
-0.054980980402448365 -0.14489678483448654 0.013748375847463823 95 91 95
-0.04558792919120449 -0.1348316140009274 0.016330892567450857 94 91 95
-0.03552329645368361 -0.12502336896004176 0.016338804280870218 107 103 106
-0.0255725016493447 -0.11494010386893419 0.015569210047374006 115 110 113
-0.015252054418079222 -0.1053504955731828 0.015542159798392815 121 115 119
-0.004664434584083511 -0.09484830198039555 0.01565725661156965 123 116 120
0.004877306068125804 -0.08511799729805798 0.024528868014274445 122 114 117
0.035189436276815075 -0.045127001317030555 0.02716895750794835 127 120 124
0.045328853348593254 -0.0349596164063068 0.027028313404348383 121 115 118
0.05509119760285702 -0.02504376148562905 0.026753765326956756 118 110 113
0.05497637452614779 -0.015483554508548355 0.016414303073495885 114 108 111
0.0651627460824033 -0.003589832940193402 0.015913754524425814 123 114 118
0.08577348518271438 0.0356732656685101 0.006468158187263373 122 113 116
0.09494682125739114 0.05516942293097781 0.006508256480041411 124 115 117
0.10496847538272097 0.06510240688787323 0.003994932018937431 124 116 118
0.10623383377709265 0.07447025699546782 -0.0026682680406391554 108 103 106
0.11516540927218517 0.08584572414156137 -0.0024906550952843794 113 107 111
0.12513760596953424 0.09444752702827727 -0.0024851078719933997 114 108 111
0.13537028942514479 0.10506375100248985 -0.0026636355427453575 113 108 111
0.14541404808909933 0.11475144313660716 -0.002638336694250077 105 101 105
0.14547566698414777 0.12442280089353112 -0.0038458822907202054 103 99 102
0.02469177439910099 -0.08524360899153387 0.02515381801119145 122 114 117
0.034301569827187156 -0.07493332176111475 0.02644749158624251 116 108 112
0.04501656352205009 -0.05531432749678541 0.026812110527643103 125 118 121
0.05443144718599301 -0.034192618603397715 0.016602429853278134 117 110 113
0.06440306628213728 -0.0252367672386894 0.015140728499518905 121 112 116
0.10528667814073882 0.0346298314746016 0.006271524984018393 125 117 120
0.1052065951950976 0.044266760499514266 -0.0040070291282331555 116 109 113
0.11593610068267585 0.05501649519448372 -0.0028767319211450287 116 108 111
0.12532666381811453 0.07490687872471428 -0.0027793464794850027 114 107 109
0.135256078694568 0.08508033464451703 -0.0029562820394487647 108 101 105
0.14529688585353293 0.09450452521198417 -0.003439068176137796 111 106 109
0.015117591945133672 -0.1155358997018541 0.02404357308099466 115 109 113
0.02463123772257569 -0.1054329827224583 0.024330749409576566 122 115 119
0.025246737661571268 -0.09539371860207797 0.02424497749724275 125 117 120
0.04566791395932071 -0.07681156592629759 0.014581745018453149 123 116 120
0.07640177742668589 -0.025551670942357062 0.004360643022388303 119 112 114
0.08486036840167918 -0.014488936432544694 0.006116759192879837 116 108 111
0.09585075258442914 0.0039442900914575816 0.007499583844169773 118 109 112
0.10565627683857501 0.015040677680223881 0.006165110599442717 124 116 119
0.11485221636990042 0.035468199575782546 -0.0030312986088864755 110 104 107
0.12524088734793828 0.04458316595534123 -0.002614898347472543 115 107 111
0.13468182247265878 0.05536003161666478 -0.003385658786370723 119 112 115
0.13516929375309455 0.06515609527813322 -0.003802260647282947 120 113 116
0.14439915495145048 0.07467164198256189 -0.004000726693962884 121 115 118
0.005313504341692508 -0.14605489839541583 0.01576341143077494 110 105 109
0.015459786903060461 -0.1355497639776864 0.01570604126482793 108 104 108
0.03507990236122776 -0.10413909042619042 0.01569045019006913 120 114 118
0.0455311081802922 -0.09488818442330611 0.015714917208723783 124 116 120
0.054595082238291764 -0.08502271181915294 0.015038885479478813 125 116 119
0.06577438993683947 -0.06502759845220589 0.007047706842575496 115 108 111
0.07588679062046856 -0.05567881229432528 0.007084734733984854 120 112 115
0.07500247615344864 -0.044102765399804345 0.006295933759529211 122 114 117
0.08536012548899333 -0.0345158428858843 0.005901493075994772 121 112 115
0.09600118732852583 -0.024160258161946495 0.006799140565502165 119 110 113
0.10495150096495169 -0.014966574610727269 0.006663771768481773 121 113 116
0.10508938499943365 -0.005905390977663064 -0.00490344705857837 124 116 119
0.11483445154980859 0.0048294498163031505 -0.0025412834165475197 119 111 114
0.13510764667204989 0.03560759523952702 -0.016406150457717084 116 108 112
0.14485392852946816 0.04643240423254806 -0.015641048674962205 116 111 115
0.14574181897613983 0.05553017950152154 -0.013841831704287868 120 116 118
0.025497615038656007 -0.14567801348819231 0.01578446049384861 116 108 113
0.034473259205570254 -0.1354567689096162 0.01537097662572238 120 112 116
0.035237142806687216 -0.12523053738334028 0.016987459516153696 124 116 119
0.04639056652412036 -0.11501543180049012 0.0066928778282600646 121 114 117
0.05555666939255749 -0.10549716327381627 0.006497687451647259 122 111 115
0.06575150379986945 -0.08491323310289127 0.006158949233564502 118 109 112
0.07409127132321526 -0.07560997683796356 0.005613848090998529 116 107 110
0.08516733321061808 -0.06556738942713225 0.004881743786426643 121 112 115
0.09598125833844873 -0.04587402026754041 0.00677192620308611 115 106 110
0.10489275358566062 -0.03492770329045903 0.0065773924515059815 120 111 114
0.1149587663222736 -0.024472633519564396 -0.004280711497461356 117 109 114
0.114707313947239 -0.012717819199937924 -0.0045105337013482 115 109 113
0.1254783985171049 -0.005188990176949012 -0.0026737979074450855 116 109 112
0.1352045174284909 0.004952011282183737 -0.002452046425421247 118 110 114
0.14523566928983836 0.025563905413219904 -0.004180294521371404 118 111 114
0.07548321666966168 -0.0955527156676588 0.006210519372181874 119 109 113
0.08570847689053526 -0.08563937905135768 0.006738089498781652 120 110 113
0.10491379146481326 -0.05529272341713968 0.006608385144004542 120 112 115
0.11492838852107048 -0.04522764422090231 0.0050281137478810365 121 112 116
0.045646392367018104 -0.1454993232009196 0.006660949326840643 115 106 111
0.05573337805145911 -0.13544333107851084 0.006841322929110723 116 107 111
0.06516536108137944 -0.12480802812999922 0.006978025058049961 119 110 113
0.08500673543764056 -0.10515982156218782 0.006724901258530092 127 117 121
0.09531340382979468 -0.09498207109909541 0.006087959040709766 121 112 116
0.09489864845745065 -0.08493531699752947 0.006198164773519954 122 113 116
0.10480327171174302 -0.07629472958391417 -0.003032891103170276 128 117 121
0.13604009083416385 -0.03615974651919078 -0.01597660166951115 114 108 111
0.1357799559413374 -0.02474262826123445 -0.014996520661130774 116 109 112
0.1449697959382722 -0.014917900506300822 -0.0031770898901611415 118 110 114
0.06621866665995918 -0.1440657269446449 -0.0038801350401484204 118 108 112
0.07556220494270269 -0.1355486353605602 -0.004669186767533584 121 113 117
0.08525797883423741 -0.12452982805918182 -0.004278307215055858 120 109 114
0.10485003313515408 -0.09575850914965854 -0.003043868137563108 118 109 113
0.11517264402024731 -0.08529133806365775 -0.003622745398362998 120 110 115
0.12622541041056404 -0.07528858563142576 -0.003049732771835968 122 111 116
0.13485163860581637 -0.054854618385478914 -0.002613152198816089 116 108 112
0.14528801708585165 -0.044677206771612535 -0.014088650070979564 114 109 111
0.1447089904961004 -0.03320517685975744 -0.014768675599793866 113 107 111
0.08565783707937975 -0.14513814209143452 -0.002680771858564685 121 112 117
0.09498337942001468 -0.13529182265049974 -0.0026223179062530243 119 109 115
0.11583745149662976 -0.10554142718345053 -0.002235151525215872 120 111 115
0.1255581066548795 -0.09497218059533608 -0.0027928378154736385 118 109 114
0.13496808795059106 -0.08511484552032295 -0.0034957485801209096 118 109 113
0.145253207778711 -0.07540351016729274 -0.005031786401168394 121 113 117
0.14457298015374342 -0.06438061966015438 -0.013836349933290021 116 106 111
0.10499392933676625 -0.1355531897850748 -0.003781081669044092 118 108 114
0.11470385949334166 -0.12516607422453715 -0.0038903072458465497 120 111 117
0.13488937419849834 -0.10550320117433051 -0.004304165140265784 117 109 114
0.13507993095423654 -0.09498336812323081 -0.004009878003838389 121 111 117
0.1451482362967458 -0.08466720131607397 -0.004849354517968562 123 114 119
0.1142226575486215 -0.14409448638880987 -0.013221880261908205 123 112 118
0.12369601539926624 -0.1343274207092563 -0.013884190681455712 123 112 118
0.13474015834621889 -0.12449729308011843 -0.012770219732301458 126 115 121
0.13462832270421152 -0.11527403916829596 -0.012887715847160778 128 117 123
0.1444975075784004 -0.10485011465876397 -0.012778849284700503 118 108 114
0.13393990802266417 -0.14326729511334457 -0.012761607261781093 123 114 120
0.14493761215096063 -0.13554443774018246 -0.012537405330178275 122 112 119
0.14580543283431385 -0.14497296008026345 -0.01273608468319431 126 117 122
-0.14515969642252705 0.12510707008459668 -0.014027955288973387 110 104 109
-0.11409955880651278 0.1257455858328172 -0.014158634324153775 104 98 104
-0.11520658784785616 0.14492079347306658 -0.014232096776986189 115 109 113
-0.14552056278699438 0.0744847783150145 -0.013930741523059334 117 110 114
-0.13546845011909608 0.08492643901827847 -0.007054585596664035 121 114 117
-0.12503879105744015 0.09457693866219605 -0.013045658409125012 121 114 118
-0.11483986241027859 0.10481681894580967 -0.0050609531573038305 118 111 115
-0.09578066689401765 0.11510723531229232 -0.004025499352676543 119 114 116
-0.08476528159363654 0.12548374377325458 -0.0036118064959787064 112 106 110
-0.07493099173714494 0.14507144911638548 -0.004931531179954957 104 99 101
-0.12537936439777647 0.065274047194322 -0.01324703474282667 119 111 114
-0.11469080448948143 0.07490749599939613 -0.006955400814373528 116 109 112
-0.10561278967680268 0.08531470737679332 -0.0047279213627471565 108 101 105
-0.08553134312321886 0.09498581044953426 -0.004843498080562555 104 98 102
-0.0649284634254551 0.09448177720548757 0.012180885572324418 111 106 107
-0.054602254867506854 0.12551289243662267 0.005346663287182585 112 107 109
-0.044089350372343676 0.1340907457470911 -0.004823237378025021 108 103 107
-0.14509353912751444 0.024898960651857177 -0.01634718884121007 124 117 120
-0.13544678653501616 0.034956325408875805 -0.014562843225604763 120 114 117
-0.11361192272582236 0.04441340319418629 -0.007706469850984726 113 108 109
-0.10463870596705876 0.054780845489381565 -0.00694956441678822 109 103 106
-0.09544501898802402 0.06531785935306758 -0.0044150978029678265 108 101 104
-0.07483643143343378 0.06475442690315007 0.00389350395274035 110 105 107
-0.054749408327258615 0.07505154660890101 0.014085895282893534 107 101 103
-0.04618880542695302 0.08521948705424537 0.016258923012056226 108 102 105
-0.035078446498001445 0.10568556909416879 0.006052953387551554 110 104 108
-0.03585656039305032 0.125081905994516 0.0054135969594254554 114 108 110
-0.02591358084829378 0.13474739846874162 -0.004488084413066723 111 104 109
-0.12338555842701697 0.013058986001084544 -0.008909416912660761 111 104 107
-0.09503007754640966 0.024836054211844354 -0.0039068045164111906 111 105 108
-0.07486450125684105 0.03499690824701886 0.0037908956825739343 114 108 110
-0.06192126729362633 0.04506549086812707 0.011221073060406917 116 108 111
-0.05334418910312314 0.05600830329079687 0.012324164866596293 111 105 107
-0.033857247546669945 0.06490999603670318 0.022741458319327404 115 108 110
-0.024396739498267133 0.07504483271339889 0.02558309809144303 116 108 110
-0.014954927373863485 0.08520004435860114 0.015811140886145592 116 108 112
-0.015349407220472186 0.10529512669686032 0.006576989599714085 110 104 107
-0.005601108806428311 0.1357992280167324 -0.00331825310274876 110 103 108
0.00553013949608141 0.14512734041778833 -0.004707665142730252 115 108 111
-0.14431781052643322 -0.025008775050347768 -0.01740218945402895 113 107 111
-0.12290518648807461 -0.02586089263806925 -0.009058267698455923 102 98 102
-0.10502367626636247 -0.015072456648807292 -0.004324640655018519 110 105 107
-0.09595086419910126 -0.004997601967480841 -0.0040242523469801615 109 103 106
-0.08524825889269323 0.005545682921395677 0.0034060357122516886 111 106 108
-0.06452017850226867 0.01488923377790835 0.011377613758741807 107 102 105
-0.05433308452985556 0.02510868135072843 0.012448215621541131 113 107 109
-0.04466855163204654 0.034554392367916735 0.0141483685146072 112 106 108
0.016148822462264102 0.10570271749544448 0.00645101287271424 118 111 114
0.015275446658329448 0.12459329141884844 0.004203250519752638 117 110 112
-0.1455698392494955 -0.0644294646350466 -0.015699043434231716 98 95 99
-0.13543900649176022 -0.05460609086869812 -0.014581520266378482 105 101 105
-0.11424334331003785 -0.04488198433799317 -0.00666854097207319 99 95 98
-0.09407161954324009 -0.03544801154703909 0.003097522344067657 106 102 104
-0.0855253705685281 -0.024991911815903003 0.005657316559694177 111 106 108
-0.07516609605437405 -0.015402062867950875 0.006777348048285948 109 104 106
-0.05484633360324942 -0.00513478445161776 0.015838691263837114 113 107 110
-0.04490733536753306 0.00480698573272411 0.016642372527612147 114 108 111
-0.03372191406525857 0.01423022891708422 0.021771332283623157 110 104 107
-0.02409372337444378 0.024947127814572565 0.02239650340479213 109 103 105
-0.014733723551404778 0.03538540429001766 0.02493109072886981 105 99 102
0.004546281628650521 0.054793692918277966 0.02578629143596589 119 111 114
0.014723254203964637 0.0641385119169118 0.02608295069169616 119 111 113
0.015029885266351422 0.07488196184816395 0.023735298583966617 119 112 114
0.025457425479697354 0.08490477031668058 0.0151970764924756 118 111 113
0.03397328321860886 0.12478482024281885 -0.002637039865366127 116 109 113
-0.14466062385519057 -0.09541015607547032 -0.013997321934703391 101 99 102
-0.1347854535569127 -0.0854761837190141 -0.013877015535021983 101 99 103
-0.12525137462984764 -0.07480072356001524 -0.0076328297703083196 122 116 120
-0.10463895594481612 -0.06506828847862638 -0.00442259016805465 100 97 100
-0.08515577106305626 -0.054862127715195635 0.003947325048092562 106 101 104
-0.07387302686723911 -0.045306194839111226 0.012384065265822362 105 101 103
-0.054361636163484085 -0.03538896471390319 0.022230387249751057 108 103 105
-0.044943235084228005 -0.02554359369669638 0.024438528344805616 112 106 108
-0.03467435127676032 -0.015670741650049284 0.025453677285712708 111 106 109
-0.024963711816484303 -0.005285250095969544 0.02553749942559434 116 110 112
-0.015141256760150669 0.00440421860428607 0.02602761136327152 110 104 106
0.02513552534838895 0.05480823582328218 0.025429133121984755 118 110 113
0.03510259831013414 0.06452040013431752 0.024030085917561835 121 115 116
0.035170688801685515 0.0755948577220094 0.015723698001521097 121 113 115
0.045318130846447334 0.08489230786706169 0.013680153995125123 118 111 113
0.0450384588382737 0.10441964080638634 0.005978387030989673 118 110 113
0.055059674125885444 0.12530651359106154 -0.003111373123561112 118 111 114
0.06479834678605026 0.13547872560456817 -0.004538290909567344 113 108 110
0.07500113967577668 0.14492376391611336 -0.005449306282064741 112 107 109
-0.12516944510040462 -0.10505480739725674 -0.013502486503855543 107 105 108
-0.11535217743014609 -0.09566718552937342 -0.015548656174494496 108 104 108
-0.10455365366729627 -0.08508776893449889 -0.004492698370145946 101 97 101
-0.08428742623807056 -0.07532435479299436 0.003140440392902482 96 92 96
-0.06437817181518073 -0.06504904867803774 0.013563253415357284 98 94 96
-0.03550487974050583 -0.04455225245881477 0.026940876029366612 119 113 115
0.015105132089008622 0.015344460903845008 0.02588695012730955 121 113 116
0.024598532275082415 0.025813401038525738 0.02733748278407658 122 115 117
0.035112739948661154 0.034765741505298674 0.026380949384627043 120 112 115
0.03451240960524076 0.044449346330234375 0.015055942056964403 104 98 101
0.045516052385284535 0.05501533518835713 0.016340091535633667 120 112 115
0.06505510554419405 0.08583103618818434 0.007045397855597554 116 109 112
0.08522604583377189 0.13558178087623385 -0.005370251876706211 108 103 105
-0.13501044727731676 -0.13469092499241547 -0.013397926331034404 105 103 106
-0.10473648813065606 -0.11519860304856686 -0.005739765198727433 102 99 102
-0.09563643511974476 -0.10512267677665466 -0.0036031936389489677 103 99 103
-0.0753260789917454 -0.09523641611024841 0.0050074677886252925 101 97 99
-0.055637553136602444 -0.08541583974062517 0.0161866368725374 97 94 97
-0.04409398498895067 -0.07525690693764125 0.023014928290605592 108 104 107
-0.025113241354648805 -0.05487170744364952 0.027213020149824265 122 114 117
-0.015090082889771077 -0.045665178333902524 0.026846249203666125 122 115 117
-0.005131301723521357 -0.03536995015902872 0.026882280791134625 120 113 116
0.005613435032756269 -0.025019365575005073 0.026726538674236276 121 114 117
0.015305500455135894 -0.014719658257818248 0.026790870167448837 122 115 118
0.024991289240108076 0.005082604298488831 0.026565758758390404 123 116 119
0.045226866127861635 0.02497474924799371 0.026270960817973726 119 111 114
0.06531229352613595 0.06495626360625911 0.00691088883340036 118 109 112
0.07509584863998021 0.08517959538179344 0.006416941633184518 121 114 116
0.08424588552798135 0.09479581604855743 0.004587151709372228 119 112 115
0.10570469703323655 0.13551286930301099 -0.013336470517120981 90 88 91
-0.1149873583375647 -0.13482249549587527 -0.013563778634064484 104 102 105
-0.10455344048909848 -0.12485091296016668 -0.006233791191350055 105 100 105
-0.08600423257239644 -0.11564049066850146 -0.0032977564829675685 100 96 100
-0.0656203688738072 -0.11543493813272984 0.006406221408928255 98 95 98
-0.034600885663883106 -0.09504115173310368 0.023043513022958872 112 107 111
-0.025249388768780613 -0.08496146968828389 0.024753776703926856 119 113 116
0.04477555584801691 0.004093066602355689 0.015208977818153106 115 108 110
0.0858166912416509 0.0655066984303105 0.0073527818166283865 122 114 117
0.08531770717390415 0.0753460556783918 0.006419765494021182 122 114 117
0.09593699568717923 0.09528040456518162 -0.0033954933543240418 104 99 103
0.10521916931514623 0.10553779361659281 -0.0026860065179553244 104 100 103
0.11507344100510665 0.11442886242581386 -0.003277507246317107 104 100 103
0.13507144147246217 0.13458957828159893 -0.005468930574428847 94 91 93
0.13526581629880594 0.14577317574023477 -0.007186500400756688 98 95 97
-0.0852363011805964 -0.14471523239025488 -0.0040758207282086505 91 90 93
-0.0747420341796915 -0.13432616739688188 0.0040969322166999255 102 98 102
-0.015211402984749003 -0.09497373974777436 0.024095365219612388 118 112 116
-0.005274160473330372 -0.08515338318462204 0.024230498760145845 122 115 118
0.005179741882563927 -0.07495191678640903 0.025344759205383545 127 119 122
0.01477085748071613 -0.06480167345272794 0.026871484424753272 116 108 111
0.025214014039787395 -0.05504502918654207 0.026881897128635472 123 116 119
0.0746881294493492 0.02444296261857031 0.015511614242924035 121 112 115
0.09521820236594998 0.06503985533191711 0.005713415994461342 124 116 118
0.11540089245937243 0.09489487180023407 -0.0022525454820176167 114 108 111
0.12496910112312337 0.10415840183491137 -0.002924839956979031 116 110 113
0.13480176918447676 0.11482178744929868 -0.003336379131459112 107 104 107
0.005572568635116798 -0.0862018568097219 0.015937763422889214 123 117 119
0.04469901243364209 -0.035919006199823314 0.014652982275176807 116 110 113
0.07491495921123188 0.005240468043397548 0.004872147014608741 112 105 109
0.0852652410974539 0.02412710205253865 0.007049067940963728 123 114 117
0.09595120733778581 0.035464105879681816 0.0072264229675994655 123 115 117
0.11604837561061884 0.0650091462692413 -0.0025713116713853837 113 106 109
-0.025329383490389674 -0.14572537907067765 0.0157196757399555 105 101 105
0.01460607342101289 -0.09502427498315195 0.015188778967943824 113 107 111
0.055403096516197285 -0.045647569871640814 0.014336556440474406 118 111 114
0.0645952774107599 -0.034499759426068116 0.01568974360568909 118 108 111
0.07536130326322169 -0.025167581451766223 0.01667327565662965 124 115 118
0.07491271659461883 -0.014633744187683047 0.0036533845961038334 115 108 111
0.10554976304017756 0.025514045379321053 -0.0037993695228674684 123 115 118
0.026494439096349933 -0.11557971251572392 0.015359433449207996 113 107 111
0.0649541140239411 -0.06545848808744055 0.015121169507737219 115 106 110
0.1050993204589752 -0.005242049035412449 0.006215480183042655 120 112 115
0.12483824983260994 0.026100408899464352 -0.0022004960394418718 124 116 119
0.1353179752571771 0.03590252869719631 -0.003412091879287654 122 114 117
0.14493054038261863 0.05474366151236653 -0.004962255460535142 121 114 117
0.04514995991822349 -0.11532622757818842 0.01727184012209372 121 112 116
0.10576479565505686 -0.02232822062782647 -0.0037856907686475614 117 111 114
0.1038038378179405 -0.0454156183042044 -0.004376170616294968 124 116 119
0.10582721912603486 -0.035503903820226335 -0.005308031811560064 119 111 114
0.14526595681859772 0.014387846208024194 -0.015061593517779526 110 103 107
0.07597750852198522 -0.10550077053479968 0.007115708900057058 125 115 119
0.08472896993686868 -0.09548934881600847 -0.003769939796273794 121 112 116
0.10480863548515734 -0.06522036865461803 0.005776022900260824 117 108 113
0.12547668384428665 -0.034629597783301214 -0.0032059509163223504 120 110 115
0.145688550736308 -0.005558832764126748 -0.01588476562656611 105 100 104
0.08500982412776209 -0.11467431739928004 -0.00296757993683651 117 106 111
0.09495083619306317 -0.1042089374005708 -0.002892667173881164 115 104 109
0.14547941809919746 -0.06511337235792256 -0.0043414565274458574 120 111 116
0.09526679733233084 -0.14524411915626687 -0.0035370505980355424 117 108 113
0.12510488963822622 -0.10506639052110806 -0.003243917564859927 122 112 118
0.13502281106711175 -0.11534266406325858 -0.005023013883440723 121 112 119
0.14560791788772828 -0.12429925570816737 -0.012368738987259174 116 105 112
-0.13500860674781748 0.1058973161387501 -0.013456277933125637 110 104 108
-0.10481870769292018 0.12498636180495488 -0.004799349221652572 118 112 115
-0.10511841404257229 0.1450891151525098 -0.013955024350939331 112 105 110
-0.07482531890562076 0.12560551340749715 -0.0046255416415945895 108 103 108
-0.05620647093446874 0.11541964540078745 0.005797697495794855 110 103 107
-0.04566075913144674 0.12460633427445311 0.005705188285424466 114 109 111
-0.04487592674447439 0.13504640707729018 0.004282437720789375 112 107 109
-0.10482426256665893 0.04462740660540322 -0.006484223576820589 106 101 104
-0.03485274169927132 0.10531669639343978 0.015136874781079713 117 111 113
-0.024567307010466066 0.11505956039290859 0.005976256520570302 117 110 114
-0.14467633357661852 -0.0047979164966284885 -0.017564742324408595 121 115 118
-0.12559888561109447 0.004902518565750984 -0.013933568881795413 105 99 102
-0.0859098271409042 0.03535423897702887 -0.003473867545942109 110 104 107
-0.03386413298190289 0.055062827854881716 0.021881671367341354 113 106 107
-0.025348620365065494 0.06519059274107904 0.02462075890137405 112 106 108
-0.13551990450084114 -0.04446459454900844 -0.01582713115825817 105 101 105
-0.09387688742219333 -0.0039657856658228035 0.0018020251385720803 108 104 107
-0.07484944423677349 0.004869833779160399 0.00564380352457962 109 103 105
-0.06554514750694695 0.015370506584688115 0.006159161919663681 111 104 106
-0.05587499318589048 0.024302717420812945 0.006182156946410049 108 103 106
-0.024758978950557415 0.03496855988097863 0.02271851479249038 104 98 100
-0.014407544232830428 0.0456695747517362 0.025562041407920972 110 104 106
-0.004450226386300587 0.07498213864371274 0.026155973722980355 122 114 116
-0.0053671182451272646 0.08478408384798651 0.015859810842423872 115 107 110
-0.12353950197521696 -0.06561206923151458 -0.008525167874746975 118 113 117
-0.06449050657862489 -0.015668160610832774 0.014573224727185115 111 106 108
-0.035677674040536185 0.014786042801844654 0.016883357579402253 112 106 107
-0.00561954614885424 0.02470982468580018 0.026990808091066274 113 107 109
0.015066661681114434 0.07439676358781787 0.016967815565526432 118 109 112
-0.06479455490172287 -0.05546657339635604 0.014312777837756968 98 93 96
0.004953439955616913 0.03473949305345106 0.026848116922248855 122 115 117
-0.09480745838122373 -0.08514002418110883 -0.002893893268220311 102 99 102
0.05470858162290298 0.09524626608996825 0.0063937325029749924 117 109 112
0.06499525032606532 0.10491987569391947 -0.0015609745251756874 118 111 115
-0.08480052975812855 -0.10507175439447704 0.0022846969113123386 103 99 102
-0.04653186646786845 -0.08497860892223429 0.016307224914931397 109 104 107
0.07542488567039919 0.09607160315622292 -0.0035230313842128796 115 109 113
0.10449071823135046 0.13504760084175063 -0.005776500153699862 94 89 91
-0.08629123633984338 -0.1346759619556429 -0.0038968423005173282 100 97 100
0.054946873994490046 0.004788475305408332 0.026346846349067136 123 115 118
0.08605160835004082 0.08541463083049741 -0.006325265422957124 108 100 105
0.12562587405152165 0.13520285633037277 -0.0064340776951515985 100 96 98
0.1344154373838924 0.14472506472034144 -0.011946668310618221 95 93 95
-0.06396976488953997 -0.1465417218786208 0.011232261416711329 103 98 102
-0.04570120146861417 -0.12503751988323772 0.016568399691530608 98 95 98
-0.036023584418460014 -0.11505349267380693 0.016699842143723272 112 108 112
-0.02550046541093514 -0.10432034427074736 0.015244202809875936 119 113 117
-0.015535149004582473 -0.09484800179484866 0.014805172158266357 119 113 116
0.055343047686053894 -0.006438458546574225 0.015161722904994679 126 117 119
0.08497072774611647 0.053917246990907546 -0.004912519925833166 124 116 119
0.14500494454969126 0.13417152549190015 -0.013513868573938163 99 95 98
-0.03574907599877039 -0.14468714514577027 0.015719413931634597 101 98 101
-0.025506017798775257 -0.13397763670157464 0.014842137614566951 107 102 106
-0.015237619794487515 -0.12463716164741087 0.015985975288029496 109 105 108
0.024683759584168144 -0.07504596108014494 0.02628479045989969 116 108 112
0.03439794452231736 -0.06521999170747765 0.026609537503258358 124 117 119
0.10509863479240598 0.045104158276120576 0.005472173290210287 123 115 118
-0.005549377152126581 -0.13475095243665486 0.014732371475457341 114 108 113
0.005206405794301745 -0.1249548073740157 0.014698632156146986 116 110 114
0.07521210279790505 -0.05525654257807867 0.016756859877530356 118 109 113
0.12602653120805282 0.04447992465666592 -0.015014034154970926 118 112 115
0.14497901541296554 0.06475443729267022 -0.004552334495437702 124 118 121
0.06591296283583994 -0.07522408587341167 0.006311745801074542 128 119 122
0.10412285873827695 -0.014233118867423697 -0.006906357671578466 115 108 112
0.11454536804469542 -0.005724833892562453 -0.0033043340865726023 120 110 115
0.13548292234987971 0.014778195411985101 -0.00246823217505552 122 114 118
0.14395592110336475 0.03662624824415054 -0.014228715356354294 114 108 112
0.05507956245769762 -0.1449098235675007 0.005838783161054892 116 107 112
0.07473619227063766 -0.11496631187897882 0.00679825779311119 122 113 117
0.11490547753282529 -0.06509831835436349 0.004596521982473363 121 113 117
0.13544524235893185 -0.03572135453582603 -0.0020792235342930055 120 111 115
0.14523229329487444 -0.024822223598690414 -0.0030281449511481125 121 112 116
0.1062094574889223 -0.11585010831042623 -0.0024247621498840115 120 109 114
0.14482034602423252 -0.05472758432032364 -0.014620107027906351 117 109 113
0.11476301394344096 -0.13528110307005872 -0.004561329752216339 123 113 119
0.13521283165506517 -0.14558768112764772 -0.006248367139726545 128 119 126
0.13527604881712782 -0.13462900945013503 -0.012813110593413411 131 119 125
-0.12540706124113962 0.11554489124963542 -0.01418375262181239 107 101 106
-0.12480845398551865 0.13527530378371058 -0.013943921538590478 116 109 113
-0.10543330856998111 0.10492677997016618 -0.004148964567641315 120 114 116
-0.08517408960356672 0.13424574253609098 -0.0044695071704863 115 110 112
-0.08477145189489654 0.1447209352041251 -0.00692982678084717 109 103 105
-0.11514893968950024 0.06503091365621858 -0.0077721458704388055 113 106 109
-0.09369602490224829 0.08490609342599505 0.0013627386201702902 107 101 103
-0.07215178949858658 0.09529950901034215 0.011161977445693487 110 105 107
-0.055471496708557 0.13402967052512652 -0.003691023259530698 101 96 100
-0.05532399459292602 0.14491938684875205 -0.005263074239253669 103 97 101
-0.08381412352428047 0.06513453178407436 0.002190455440598299 112 106 108
-0.06395787613996638 0.07547163707355216 0.011843087012926322 110 104 105
-0.04370860652203071 0.08445557690909121 0.021902121596179647 111 106 107
-0.02464999374691804 0.14540669084665567 -0.003919246791597909 114 107 110
-0.0838707637541902 0.03572564471750294 0.0019979193751186886 114 109 111
-0.07519964387576668 0.04530413371112921 0.003076067616423356 110 105 107
-0.06479888478881408 0.05527572353842059 0.005474136438223866 110 104 105
-0.02552163399599796 0.08512823038927925 0.015979175859699928 111 104 108
-0.025038107187745406 0.09532214697055125 0.01515036793709879 115 108 111
-0.014665836345312794 0.1245749849696198 0.0052020170913002805 117 110 112
-0.14514635994165787 -0.04512659681179004 -0.016940521544480756 104 99 104
-0.06550551116395105 0.025356109216600652 0.006434702393459655 111 106 108
-0.03344502093319693 0.045833324762729034 0.021513160202177837 111 105 107
-0.015154824287609081 0.06472516564368168 0.026288541244626578 114 108 110
-0.004235808744057186 0.07583229684212851 0.01745936829250133 119 112 115
-0.005398554893838909 0.10528738493958138 0.007032627350733016 114 107 110
0.004949144687757604 0.1148452142791265 0.00591535990435621 115 108 111
0.0048972188952097285 0.1249078655271259 -0.0032192774284284242 114 107 111
-0.10458366741516603 -0.045190689489875896 -0.003788071414017762 103 99 102
-0.07408325128020025 -0.025532080846722947 0.012789240361949936 108 103 105
0.014938793065477142 0.09510775537917358 0.014903094862499452 120 113 115
0.02546726846903016 0.11595244166238843 -0.0049468421901104585 116 108 112
0.032873474044081495 0.14604709371777494 -0.01514498303990177 108 101 106
-0.0933667663509886 -0.06402175594336805 0.0015691842911174352 107 103 106
-0.0643407862921917 -0.045322547708427224 0.015368771358105838 102 97 99
0.025408053403753898 0.06431154460197369 0.024523619513191618 119 111 114
0.035361048683563635 0.08533201050703858 0.014398549350421112 120 113 115
-0.13517579806030924 -0.12541274590547402 -0.013488965100951713 110 107 111
0.014155638121162316 0.024636079742498523 0.026222898401119892 123 116 119
0.0449106542726709 0.07553587515065689 0.01448698249296985 118 110 113
-0.07413448346577987 -0.10743972991883577 0.011218570619346094 114 108 112
-0.05467183821271409 -0.0949793663001989 0.015986840358534697 93 90 93
0.04534427878909537 0.045514699598961136 0.018434043779872004 120 110 112
0.08455825524709583 0.13559516921387252 -0.015862069335244085 105 100 103
-0.09543214098898294 -0.1453492151492286 -0.0037375982043335062 102 98 102
-0.06297784277751557 -0.12490651411725733 0.011699006871329007 97 93 97
-0.0249029843011214 -0.09477959655822109 0.02393457953483879 117 111 115
-0.024724412045523315 -0.07479685376532784 0.01580286821555887 121 115 118
-0.015039103206846604 -0.06511596809393515 0.016930590837432532 123 117 120
0.06387141976789025 0.05436589169894244 0.004655024868845188 117 109 113
0.05503970235193405 -0.015112306575882023 0.026611604314745067 121 113 116
0.07441083767495404 0.046448547981156094 0.007265535274140929 123 113 117
0.005331767165369603 -0.09523634262674859 0.01595985456497847 117 110 113
0.07351352031055741 0.013714751203380504 0.004697258821120908 122 114 117
0.055246626176165825 -0.05542006251036005 0.026202817924562995 124 116 119
0.09397380845262551 0.034800949416776646 -0.004317155573443698 125 116 120
0.10466969223277989 0.014092374068029843 -0.00644356818289286 128 118 122
0.05508187152601211 -0.10540283697373 0.017103823401432627 118 109 113
0.06456243823507486 -0.0947389831953507 0.016429427010726645 123 113 117
0.09514340408856681 -0.052739497504499265 -0.006220580155441862 123 115 117
0.0463245291707858 -0.14572299067501202 -0.0032087265141542975 118 109 113
0.08546081703221921 -0.09500328655281885 0.007016450873970132 121 112 115
0.1055436994867154 -0.06394756570411238 -0.0029335755063309783 121 111 115
0.11483093375138592 -0.04516182362657122 -0.002233590016386968 123 112 117
0.11505729524684497 -0.14490484224964428 -0.006058327269741433 128 118 124
0.12372368751025155 -0.12601186773017875 -0.013343471221362788 130 118 124
-0.13500342343994545 0.13468169752934772 -0.014087661006575065 115 109 112
-0.11515429942909541 0.13477197921230835 -0.014175358164700325 115 109 113
-0.12511624613848277 0.054710626740884984 -0.013559575824844718 121 113 116
-0.0838810360473498 0.08455235623559991 0.0030402659079383043 108 103 105
-0.0648962443434124 0.10414107564721946 0.011836119296749523 114 108 109
-0.06545893035145021 0.11542112670929847 0.00617661491937851 110 105 108
-0.14561242966367513 0.005034571728744043 -0.01763852077687268 124 119 121
-0.12571533104838978 0.014101061177955608 -0.014403064683096496 113 105 109
-0.11329033857858768 0.03458802165387576 -0.00803295068599858 106 101 104
-0.04576294732244652 0.10492871937803414 0.005399716406852743 107 101 105
-0.11476885162402002 -0.004788842959120541 -0.007789990150942537 102 97 100
-0.0960438506228493 0.00551395493820204 -0.004477237677046666 110 104 106
-0.014979713177206255 0.1355023004848924 -0.004504243448000815 114 107 110
-0.11400722028268127 -0.03531511881913241 -0.006724731466776079 100 96 99
0.015513925658744565 0.09633556981226361 0.006558919090167467 117 109 112
0.02494001530476733 0.11446644096924749 0.005414579562104377 118 112 114
-0.13490101548559397 -0.11541436532016494 -0.013725984484897043 108 105 108
-0.11451364278322096 -0.09466027967687708 -0.0070238108156145005 111 106 110
-0.05385853851787899 -0.04533786366856176 0.02226089733011184 107 102 105
-0.11433378106541356 -0.1254786693180267 -0.007138793125565161 123 116 121
-0.074878902118225 -0.08512286635655612 0.005767621627468505 98 95 98
-0.04433598555232739 -0.06529740606865451 0.023745567965212835 110 105 108
0.044910540333076156 0.09481362670529148 0.006594243812631231 117 109 112
-0.034664182833701596 -0.08527933833043513 0.024259263559278665 112 107 110
0.07743489706901976 0.13434290105618882 -0.016177872066317867 111 105 108
-0.07505372023304674 -0.14457988884609857 0.004538243952995524 102 98 102
-0.06258517923267377 -0.13489012915358953 0.011454868499008097 98 96 100
0.09471323218273459 0.08503241028903154 0.004404489666503725 120 114 117
0.12453466452207827 0.1341927043815005 -0.012836514288554887 91 89 91
-0.00487285171677453 -0.11498940686709799 0.015350097664058671 116 110 114
0.005758549440035533 -0.10502363253270777 0.01510663855089633 111 105 108
0.03502685297546295 -0.09495147714823847 0.025094154343251532 119 111 115
0.055038650217024615 -0.06529098438783763 0.026370337171150383 124 117 120
0.07532734853114371 -0.0057363684357498905 0.004532364112243272 125 116 119
0.07511785071553738 -0.03620279377796056 0.0060584106827217465 124 115 118
0.03592147815792699 -0.12452834645312898 0.00638048385524697 123 114 118
0.11478985522651738 -0.05511838713706912 0.005413925926632668 121 113 117
0.1450237427209128 -0.04590102639712597 -0.003273628306316195 121 112 116
0.1460405925454994 -0.08552833191120407 -0.012656072918270636 125 113 118
-0.14506351735227302 0.13518187396697084 -0.008398887716126424 110 105 108
-0.13529473330924363 0.1147042902165302 -0.005395404617223813 110 105 107
-0.1250333665391559 0.12399928214366693 -0.006032615487215818 110 105 107
-0.14479802762723 0.07536792548591972 -0.008141459431136018 119 113 117
-0.12459643219558174 0.09512218046738524 -0.006095155355169877 124 117 120
-0.10497936838438178 0.1350998667444045 -0.015032695356203026 114 107 112
-0.09527431021997447 0.14517287933213516 -0.014901545160776521 114 108 112
-0.0938658669440347 0.10450628384699143 0.001452303909793155 111 105 108
-0.08561690167045359 0.11510995059312007 -0.0037314852120568917 109 104 108
-0.09308476014601444 0.07392786261244191 0.0006265202784425175 113 106 109
-0.05517208651337904 0.10438872167988346 0.005615041650186717 106 100 104
-0.14451097405694413 -0.014981352407432133 -0.01751535724858524 121 115 118
-0.09279971840947325 0.04366065305565846 0.0006129958201088303 103 100 103
-0.06334150712956041 0.06618513193973395 0.011841518994190647 106 102 105
-0.043435784746386034 0.07476583423086733 0.021312886568306644 115 109 110
-0.03441434600200962 0.08465567537946965 0.02327284010842351 118 112 113
-0.08507197990466564 0.014905614492847497 0.002151354619394455 110 104 106
-0.07493695959247017 0.024577656833606323 0.0041915724439280985 112 106 108
-0.05356173396797331 0.04512921422175504 0.011522640971885715 109 104 105
-0.10232379189780615 -0.04429117261986567 0.0019895809459650887 114 108 110
-0.08495156172130873 -0.015276894975977267 0.00457174943160143 113 107 109
-0.07346926175182973 -0.005331962152420823 0.010960116091990409 105 101 103
-0.03429778723071624 0.03531831326506797 0.02094618131190186 108 103 106
-0.04531966843244425 -0.014812091029810492 0.015756192619154764 108 103 105
-0.034176544461507814 0.004618207298994231 0.02232189988903671 111 105 108
0.024796358780980646 0.10404727736289754 0.012357873387546734 122 116 118
-0.12444105757333397 -0.11542607155167674 -0.007230427579279629 128 120 123
-0.05323281788312946 -0.05580606290402817 0.02224560624805972 109 103 105
0.04500896416764943 0.11436727565838081 0.004280433965269334 118 111 114
-0.12440425068889478 -0.14517089707325015 -0.01330923945945383 106 103 106
-0.11428960858527965 -0.13505624479909067 -0.007316598211645688 122 116 120
0.055978982435706835 0.11423956467097315 0.0035244555506320206 118 111 113
-0.083680173346507 -0.13611740112330695 0.0017148702333061926 108 103 108
0.07492968441030301 0.10464165150743598 0.003922931812941911 121 115 117
-0.05424430128690312 -0.1349846305110735 0.014014152274209907 96 92 96
-0.015171761513695882 -0.08476789870357211 0.02441770361572636 121 114 117
-0.0047729260777723175 -0.07500299270117128 0.02534437787748076 125 117 120
0.08443039721209876 0.10447799767281248 0.0037120439060354623 115 108 111
-0.004723844632808182 -0.09554926708025266 0.024443180446228018 122 115 119
0.005205057375571189 -0.10528981601193335 0.02315654675243551 122 115 119
0.014961698084004335 -0.09492830884460082 0.024250907732929938 119 111 115
0.07527616275171965 0.015030555543490852 0.01638895276518749 123 114 116
0.03390115049928648 -0.11467699574097659 0.023046337621155176 125 117 121
0.044333953497817095 -0.10467784261744513 0.023306014389182873 125 116 120
0.04524889471064537 -0.12544349725958168 0.01575290056263087 122 114 118
0.11507590346533071 0.0053476782765750925 0.004862235125136315 124 115 118
0.1452891194975983 0.07616747407268308 -0.014045090186358689 112 106 110
0.14486175512467234 0.04478692446266071 -0.004928967173268582 120 113 116
0.06504575645701101 -0.13512180942590077 0.006225544819470433 118 110 115
0.11491874919105519 -0.03550022586350139 0.005163981505533466 122 113 117
0.07462291263808515 -0.1343055489279546 0.004660877919337688 120 111 116
0.08438668750265378 -0.12479298680031434 0.004496306670373898 122 112 117
0.08496924433205495 -0.11512078238043105 0.005880951234595149 123 113 118
0.09514410589619864 -0.10508852628385257 0.005178786331276573 118 108 114
0.10470366542579318 -0.08494017360225986 0.004901297745684119 123 114 118
0.12481781834026512 -0.05496157697192735 0.002839426833430266 120 111 115
0.11517066222436351 -0.1257822606163124 -0.014304325865238736 124 115 119
0.1250264574728552 -0.1153917140700972 -0.014420162443782438 125 115 120
0.14518633365358974 -0.13527224125673276 -0.005252581010294773 125 117 123
-0.14563152426568476 0.10481793782305958 -0.0064532450577250745 114 108 111
-0.10481371796167727 0.11453572212423796 -0.00425154010590753 118 112 115
-0.08385660299242349 0.12452173102024171 0.001724533778570278 114 108 110
-0.1249800998093415 0.02507155732150407 -0.014478091547578543 115 109 111
-0.10410691940848307 0.03508220138925239 -0.006345633070590139 112 106 108
-0.09528839906007266 0.04491924293046984 -0.004422292671803077 108 103 105
-0.08406196520514402 0.0551306209034801 0.0017231306886904749 112 106 108
-0.14437777047757902 -0.03506468224183514 -0.017468866139418816 106 100 105
-0.1256778590699853 -0.0247370315259273 -0.0140707642365777 103 97 101
-0.10418699725188908 0.004498630187694718 -0.004767458008133242 111 106 109
-0.09137538682720799 0.014441853344962969 0.0007135207359539652 108 104 105
-0.025118051226327164 0.10437733131309024 0.015464698744889063 117 110 112
-0.024912922006856346 0.11455715894786316 0.013615070508165844 116 110 112
-0.12566446543729398 -0.05476309916753954 -0.013709811831797019 97 94 97
-0.005537416703228439 0.12541471927357756 -0.005132335211983463 115 108 112
-0.12524292912707 -0.07481662268612334 -0.013967622579915302 103 100 103
-0.08387501234432211 -0.044520841093148876 0.012764991161867542 120 112 116
-0.0745414298586612 -0.03511172634439685 0.012573635795689854 110 104 106
-0.07258579608317574 -0.06339938474484448 0.01193922596788308 97 93 96
-0.06188562339581724 -0.04425678053647414 0.02217279841526637 114 107 111
0.03450937704215054 0.11518432065763616 0.004813741627714072 118 111 113
-0.06450648653224043 -0.0751659747067698 0.013236394307607403 98 94 97
-0.053035490972989506 -0.06504456593952315 0.021402701633602285 102 97 100
-0.025744395674433786 -0.044637192188322905 0.03153058249630926 127 120 124
-0.024765589392917814 -0.03524048568209517 0.0319159416469452 124 117 120
-0.08436414550901288 -0.11506245205267067 0.0020338088103347574 110 105 109
-0.06455586068104326 -0.10478668335596754 0.012073008073970189 92 89 93
-0.005037611414529277 -0.024922256864950455 0.032182362489375844 123 117 120
0.005030066532921923 -0.015285620814939315 0.031922449968737186 121 116 119
0.004789516571505681 -0.04418733551889411 0.032106178169943135 114 107 110
0.0148085599913473 -0.024528057191413388 0.03236653603807581 124 117 120
0.09457987712416072 0.14520873318650124 -0.006381249266980668 105 100 101
0.10464935328102276 0.1451197002040561 -0.007493325886119304 94 90 92
-0.004641348995151861 -0.10532012130451389 0.023723000150970924 125 118 121
0.035259499617298365 -0.05412197873891146 0.031872662423575185 128 121 124
0.07444135751083265 0.04492779551725968 0.014582767599392147 121 113 116
0.09541014126800877 0.07496556022089508 0.00528106535812145 120 113 115
0.005076730460036266 -0.11471613735403544 0.023255345478883527 122 115 119
0.014786500487133071 -0.10505421286607537 0.02390523126104922 116 109 114
0.06493813268062058 -0.015038307927065292 0.024369356091921066 122 113 116
0.004831713688337978 -0.1348798784648456 0.023533007881184 115 110 115
0.01483645493697104 -0.1252304493401405 0.023747533891479666 118 112 116
0.044978923431466936 -0.08495294352778192 0.025645678990620348 116 108 112
0.08537124406616779 -0.005292354428637804 0.014939150848395848 125 117 120
0.11541063767266618 0.015165800987598808 0.00474416718655468 129 120 123
0.06529043129765406 -0.14483596350347408 0.004220598555059788 117 108 114
0.0938271781912306 -0.08465687065345155 -0.004415962799544237 128 117 121
0.10536365588426301 -0.14555952182119467 -0.00494628749479971 117 108 114
0.12523705714228264 -0.13577596705391784 -0.005230841968989421 126 116 123
0.13475818624124802 -0.12568490469728533 -0.005296701280294136 127 118 124
-0.14492717573012673 0.12506862163978638 -0.00721366395243293 112 107 110
-0.14525951373466575 0.0851767677884215 -0.007259432305842926 118 112 115
-0.13539709380982257 0.09492512156425986 -0.005949686535858263 120 113 116
-0.12474643563502234 0.10509832444345928 -0.004977381959561537 121 114 117
-0.1146292577436772 0.1345766712616893 -0.007352840410863234 107 101 104
-0.13462607747211455 0.06617823015757152 -0.008507792396099449 120 113 118
-0.09434785358413458 0.13453726116811401 -0.014142184466188904 111 105 110
-0.12490036130840092 0.06561250760635079 -0.008103324057071997 121 113 117
-0.08447952616901434 0.09534877994582432 0.0033191976388932992 108 103 105
-0.08437097307726321 0.10510323847907381 0.0029670084592852536 109 103 105
-0.07509462600539372 0.11523118553205662 -0.005242677086887915 98 93 98
-0.07511846975679871 0.07786967330736046 0.01094999644882122 116 112 114
-0.06407133533856654 0.08507007568936359 0.012746485998568058 110 105 106
-0.13569915339736885 -0.015063921076524284 -0.01625697729258214 108 102 106
-0.12527342229936247 -0.004933253130436713 -0.0141006132730624 104 99 102
-0.1042269694604116 0.0152787025153484 -0.00569701530768428 109 104 106
-0.1254517512336348 -0.034285275330299333 -0.014256480321632074 100 97 99
-0.04232123932890766 0.05635786432749366 0.022099600484014558 115 109 112
-0.10488751032482903 -0.054963645245169945 -0.00402810388379665 102 98 101
-0.02444159053179505 0.0547217219986185 0.024190258612268593 107 101 102
-0.0956017041999481 -0.06564085443685638 -0.0035253091452029364 103 100 102
0.0050261800055135235 0.07544141186253098 0.01678148208960885 117 110 113
-0.09555393673729828 -0.09553750116695951 -0.0035157187426942413 102 99 103
-0.10537131103662999 -0.13407642638679781 -0.014972080624172534 105 101 105
-0.06458418215973272 -0.12531088578869007 0.006673316342547128 97 94 97
-0.042757627303820954 -0.10509363527860792 0.021630463155396216 108 103 107
0.04481536582124399 0.05481903231473164 0.02396489673834761 122 114 116
0.06512389625317505 0.14571450184829737 -0.005607782888456688 107 101 104
0.06501083505151753 0.10459853306464767 0.004488395442880643 118 110 112
0.07438243051943015 0.1141226188379294 0.002193504672747644 119 113 115
0.08502073539389711 0.14509476418323136 -0.006243630584776335 109 105 106
0.054945166524155625 0.024488823184609983 0.025234559717728637 123 115 118
0.0743875047663479 0.06526091322972546 0.013215427498627455 127 119 121
0.0947729275013901 0.09460624603587307 0.003043144851509793 115 109 112
0.11506159621278948 0.14521248416444713 -0.0077862157200904525 98 94 95
0.08478864551992416 0.03502413465013544 0.013296539194879109 124 116 119
0.10455961063493459 0.08428882463930412 0.002832271241625064 118 110 113
0.03506123758622807 -0.10534080419147725 0.024094698768468346 121 113 117
0.054684298062302863 -0.0750954370311271 0.025959467021428588 124 116 119
0.08511286584263597 0.004860541485923084 0.014946378362225569 121 113 116
0.10503499548348849 0.054802067654827175 0.004715864962082659 126 118 120
0.12546626411078052 0.10538340064528412 0.0012376565965746805 120 114 116
0.1448504650976693 0.1453358593021468 -0.006424127486210169 105 100 102
0.08499955824138943 -0.025246523138050977 0.01518311438888598 125 116 120
0.14491372182292162 0.10383670533367581 0.001456536338788672 116 110 113
0.05468225044644246 -0.11523450485008688 0.015741332915928184 122 113 117
0.07524136766225127 -0.07540219982628557 0.01606348871910761 122 113 116
0.07488106614481761 -0.06515688015932866 0.016666676577804462 118 109 112
0.1145274952432321 0.025110628745200165 0.005048525299961386 131 122 125
0.07504389217685743 -0.12467008796228952 0.006135155083552214 122 112 117
0.11540754808365541 -0.025078851589726996 0.004727945269328781 117 109 112
0.1253608900801963 -0.04509096179803168 0.0033718843524757677 119 111 115
-0.10202319268561937 0.0947872560276224 0.0006295713626903362 109 102 105
-0.08449602578697832 0.07495719553289376 0.002463120423896656 112 107 108
-0.06503847704701615 0.1355553494843421 -0.004038668260149387 99 94 98
-0.05563079639418399 0.08484546400600679 0.014557810077839007 107 102 103
-0.12562197150496615 -0.04408819807893551 -0.013984250316201336 98 96 98
-0.041822940671828714 0.06815862265425351 0.02223969013042629 113 107 109
-0.07545460482905099 -0.004476892513204987 0.006219207477497041 106 102 104
-0.1151986760707874 -0.10433809965336112 -0.014028633454840726 107 103 107
-0.09348157500844985 -0.07450574709895609 0.001070102970534111 110 104 107
-0.05625220553700223 -0.023915325296755875 0.016605917223693666 108 103 105
-0.014128601007445507 0.04597777881680706 0.030803643396220493 106 102 104
-0.09261269687806128 -0.10567079135422476 0.002041226809151062 121 116 119
0.005305125100237974 0.004637378703634069 0.03232832246438462 122 114 117
0.005582226370399371 0.015120993020996832 0.03234656937119988 129 121 123
0.015361775369567442 -0.005359929964839948 0.03218253447339238 128 121 123
0.03518784328322045 0.05467723711822203 0.025255667390596193 119 111 114
0.014714420096393194 -0.035187526619958324 0.03262225163122094 132 125 128
0.025094894360760955 -0.024967035416837643 0.032114654667036446 121 115 118
0.024980332625063165 -0.014975772361196628 0.03188250884697931 121 114 117
0.034225951680454114 -0.02505884968001056 0.03185597824192166 120 113 116
0.06470575476606868 0.06489069237215943 0.014554401180440137 124 116 118
0.06473494366303 0.07487051587063366 0.013735307971683807 124 117 119
0.07536142430463157 0.05510783030133822 0.013945805985689303 124 116 119
0.004517910212986093 -0.12490833800516155 0.02367251766127168 113 108 112
0.054775123676156945 -0.045067885056544466 0.026915822161436665 122 115 118
0.11475680760721531 0.1352522536410633 -0.006532007582788199 98 94 96
0.04471750562803743 -0.09509745876390631 0.02457873521908762 125 116 120
0.06512209354603114 -0.044821995000115876 0.025025795537750507 122 114 118
0.08540661066021972 0.01490052818488226 0.01476790960879287 120 112 115
0.08499079004751169 0.024822388583662314 0.01395517805816819 122 114 117
0.10474043394308245 0.07556642458449121 0.0037305001072078132 120 113 116
0.08513759245760333 -0.0151482232403908 0.014643315931139845 124 115 118
0.054475810650486935 -0.12465388936399197 0.013807846917746362 121 113 117
0.0651818221603455 -0.10479469188736992 0.01498187597970658 125 116 120
0.08494952482013875 -0.055221618657108 0.014157934971555155 120 111 114
0.11467264964631421 0.03534679666943219 0.004049152546407255 124 116 119
0.1450094893397968 0.0946625423711027 0.0014214241080584343 120 114 117
0.12499660324101641 -0.024992406737102013 0.003891012542326506 120 113 116
0.12459310297212371 -0.005088230913268052 0.0035057178916732975 122 114 117
0.09516510684251889 -0.1149753879294746 0.0040020355851249564 119 110 115
0.12432643262515852 -0.07528225456951551 0.002461569133824498 119 110 115
-0.14508049970621137 0.13503532188901674 -0.013970808986303138 110 105 108
-0.10531949062788458 0.12564429487433026 -0.014069767241509027 111 105 110
-0.0938775624321687 0.09512076719494232 0.0012161918391743742 110 104 106
-0.0752316637043959 0.14496384364114648 -0.014788248345108841 103 99 103
-0.1450979508316815 -0.024610887469274742 -0.024433747068361024 110 105 109
-0.1128808207553079 0.025195729540064177 -0.00758807314408201 109 104 107
-0.09158074655131707 0.05793960392671316 0.0006110730021043898 122 115 120
-0.06502182093223059 0.10566887153814662 0.00609230693599957 109 103 106
-0.11484907774311436 -0.015104591302956449 -0.00736127911784633 108 102 105
-0.08524798760256211 0.024183976760618453 -0.0031953694118577684 112 106 109
-0.05450505083987533 0.06518650173904153 0.012779678064299816 109 104 105
-0.03509421068688602 0.13507665630957355 -0.0044443123286801315 110 104 108
-0.05383004408034628 0.03451638405459415 0.012388503847968173 110 106 108
-0.08286259381043705 -0.05381346128284422 0.011073620569150658 112 106 110
-0.08607360186501929 -0.08496371149400044 -0.0034880096431564997 100 96 99
-0.07247595209502165 -0.07450960276970824 0.011363700694439403 98 95 98
0.005097030361597006 0.03453507916556385 0.03196535789307354 125 118 120
0.014952544580532167 0.014590610032206209 0.03263190307988058 129 122 124
0.06494431725924871 -0.004987093975711555 0.024302263468374177 125 117 119
0.10466838614530255 0.09500569565516238 0.002029070763575959 119 112 115
0.12540861181599958 0.14597201166532847 -0.007670315475738094 98 95 96
0.07514098453207801 -0.08495636072402954 0.01495163502408254 126 116 120
0.1149612944597859 -0.0748235771085859 0.0035113181165340296 125 116 120
0.1250820101574299 -0.14512157895801245 -0.0062244875417345955 126 115 122
-0.13536014012788267 0.08461217203939093 -0.014689054284417552 119 112 116
-0.13544881205948067 0.04497422324832948 -0.014302512828739337 117 111 114
-0.14489078926831242 -0.014431923435631716 -0.024246945081562395 120 113 117
-0.13554471265646983 0.015065025524614388 -0.016157021318095422 126 119 121
-0.1154138442050832 0.034376017007727716 -0.013100112687316949 113 107 109
-0.10492892881386687 0.05491601103879543 -0.0135484755762037 109 104 107
-0.0748937404714245 0.09462342841035122 0.005303676620709975 106 101 103
-0.11482491227104065 -0.015089660070726601 -0.013348192345300656 101 97 100
-0.08572860171431214 0.05524365220673901 -0.0031817036902819784 113 107 109
-0.08533665591241554 -0.005119894180576092 -0.004265090965820383 106 102 104
-0.08576119395904311 0.004775440205808732 -0.0041240371762444146 107 102 104
-0.0744262902612678 0.026203963835059286 -0.004639681538258053 109 104 107
-0.05581825661742268 0.054771054905552785 0.0073630683614352346 108 103 105
-0.013099931543797759 0.0643042056589879 0.031560055860322095 116 109 111
-0.0865794275183518 -0.0948340517289786 -0.003556401299350474 98 95 98
-0.004723353346871353 0.05473924712748315 0.03201627772848485 117 110 111
0.00479929556060387 0.10466298981134604 0.014316498229734837 119 111 113
-0.06563199205330315 -0.10573417053196527 0.005986395550971389 102 98 102
-0.05555143917325871 -0.13481149544425333 0.007042741474317862 97 95 98
0.024684466940986492 0.09418367825880719 0.014736227925957532 118 112 113
0.06497348600430491 0.11314765519930789 0.003626239444759759 120 113 115
-0.09535027124313668 0.09530164608069448 -0.0030799829604151647 108 102 105
-0.06403133904709153 0.13578868311765363 0.002869219921446995 108 104 106
-0.12488301799643732 -0.065425533422699 -0.013305863456304776 99 96 99
-0.1047570108469332 -0.02477043571156128 -0.004051780967321464 109 104 106
-0.06542427901984754 0.0050013671068483 0.00618788622430487 108 103 105
-0.08604609158970948 -0.12529583029334368 -0.003349018568578905 101 97 101
-0.0352163992315594 -0.05391656987326805 0.03173312199116058 132 125 129
-0.0025625245743422483 0.034971008095946145 0.03147912895965532 124 116 119
0.005115481885082338 0.13465569616241416 0.003918772549380255 117 111 113
-0.005310329599065201 -0.005802160046277741 0.03141799225615334 109 103 106
0.005522685739314724 0.025236368752149036 0.03177286013560865 128 121 123
-0.00451053244688545 -0.043468043108141514 0.03163689097957084 115 107 111
0.004886892399323298 -0.02546829048319029 0.031964111746993665 123 116 119
0.025099120404977943 -0.004994381074000246 0.03215684632502178 121 114 117
0.03481443758633095 -0.034960602221976875 0.03215948072792995 124 117 121
0.03536357124423271 -0.014420519311247671 0.032137933372345655 119 111 114
0.04530010087497967 -0.004960626812138433 0.03187041862438253 120 113 115
0.05418890576566482 0.04428462104598808 0.023226183762031047 118 111 114
0.005458279826422521 -0.14440475389120716 0.02275413166470599 114 107 113
0.02422476739200462 -0.12508684661150246 0.022677561350998056 123 115 119
0.06507568760519905 -0.025198033067001645 0.025029361022961903 123 114 118
0.08394599374022908 0.06444124170598835 0.012105133132262478 125 118 121
0.0348229309602249 -0.14500303971463893 0.014061278400970573 123 114 119
0.06429034433062428 -0.06488786243995973 0.024453977066645753 127 118 121
0.10493615838375335 0.10481154249378828 0.001931651418841013 116 109 112
0.0940426929752976 -0.004855740786885361 0.012777926661666031 121 113 116
0.09513882238526267 0.0146358909135827 0.01246683626827877 121 112 116
0.11464074959985565 0.0954827941959686 0.0015764951385703121 118 112 114
0.11513797538472366 0.10515881443370675 0.0016029755116465927 116 110 112
0.11491959821196916 0.044502582792418394 0.003518357136244949 122 114 117
0.11421467785130658 0.05475326409375581 0.002821850741506016 122 115 117
0.12364076217851067 0.07585452593975753 0.001962658049303081 118 112 115
0.12476991070243729 0.02511543387233598 0.0026426913268425356 128 120 123
0.13374194191083208 0.08650766839513709 0.0011973668652079687 116 110 114
0.09463981145316885 -0.12487244499575563 0.0032121306599755227 125 115 121
0.1052317240479651 -0.09535697280266113 0.004884101884807517 119 109 114
0.12504643235147717 0.004780798057217137 0.0035550287333842964 121 113 117
0.1147993943139367 -0.11439868231809695 0.0020735427475678703 121 112 119
0.11476091699678509 -0.08491655614965697 0.0036949066856252584 119 111 115
0.13442097447868437 -0.005239552357103852 0.0024902176734362094 120 112 116
0.14439574278705627 -0.09425891279496626 -0.0057050127616829925 121 112 118
-0.13491268814512566 0.12451527022126632 -0.006942373205500355 110 105 107
-0.1353498572107534 0.14285161408423935 -0.008663607564594195 115 111 113
-0.14599964189246095 0.05533270193339817 -0.008513272601372654 124 117 120
-0.1355312492763116 0.07529211224790319 -0.0080040877657506 118 112 115
-0.08521785479059912 0.1452484688521153 -0.013962281520322492 108 102 106
-0.12326665736594777 -0.055772204630701636 -0.00887072730313932 96 93 97
-0.0934218816533042 0.03325419485079585 0.0010591598111724526 112 106 108
-0.0835625645590866 0.04464816647673389 0.0018672471214588218 112 107 109
-0.12439653510046424 -0.10480975146311144 -0.0069037989203496975 124 117 121
-0.08414995918079002 -0.12475604783883422 0.0017383831064534238 105 101 104
-0.052753927105659175 -0.07437784050558337 0.021216787515069446 100 97 99
-0.013441618613628165 0.05475822770299564 0.03171126151943573 115 108 109
-0.0054624272657913045 0.1440308992877968 0.0024539228021823734 117 113 114
-0.003426886694159919 0.015875234250348823 0.0313677961592233 114 107 110
-0.0030327249279384363 0.026093196893372122 0.0319716532652755 118 111 114
0.004324556615024863 0.054382140376172776 0.032051303821570724 123 115 117
-0.03482466548470267 -0.1250608117980784 0.02253643464422048 111 106 110
-0.03444250789403801 -0.11495332137067622 0.02262549376816288 113 108 112
0.005374240385741598 -0.004894200325564835 0.032082541349966805 122 115 119
0.014957806661583584 0.0252104186764589 0.031950341100548986 125 118 120
0.014767640647904963 0.13486762002736008 0.0030297523595707687 118 113 114
-0.025037390900549378 -0.12518320315888215 0.022569799406535238 117 110 115
-0.015261214649115526 -0.1152470575859742 0.023345349838681896 118 112 116
0.004801478637845725 -0.03488111322121369 0.03225807970275282 124 118 120
0.015295995097209443 -0.014904146112696557 0.03198872880287087 125 118 121
0.024809494303269015 0.02442282136288419 0.032007288239030825 120 114 116
-0.005420817707164032 -0.12466538530519483 0.02315587367595404 114 108 113
-0.005510127385438169 -0.11494342019896166 0.023217000762393487 122 115 119
0.024309726179242788 -0.036068113421736464 0.032491734473263124 128 120 124
0.03546028069351641 -0.004679861307529501 0.03206563778318054 121 113 116
0.034622942544052036 0.01471446810712165 0.03211025230081684 124 116 119
0.04521311066209595 0.1250022322793354 0.0027227384836734756 118 111 113
0.026103186162525896 -0.07558270978318352 0.03159096305732504 116 108 115
0.034583160258894505 -0.06442321727417577 0.03170117372674995 129 122 126
0.04465441209581968 -0.025080384756241827 0.03170169219704843 122 114 117
0.045027753016270135 -0.014824683660584337 0.031913582891652456 122 115 118
0.05496295309826629 0.0346037014298072 0.024084652132687033 122 115 117
0.05519095149714024 0.08503132211125601 0.013073401930572059 120 113 115
0.05577279179731632 0.09351491051125266 0.011988390165496444 121 114 116
0.06490710565080836 0.12447563051999397 0.0018123079739177867 121 116 117
0.01457383720072534 -0.13458233867803698 0.023211027994061096 124 116 121
0.04526060597021595 -0.07485043286526473 0.03104317580991513 123 115 120
0.044154926690286415 -0.06526172020255064 0.03166269106379406 133 125 130
0.044868287347782976 -0.05475988439285657 0.03200466476047418 133 125 130
0.06418908644674737 0.024857064435780844 0.023192197312779748 127 119 122
0.06388056786848226 0.03456317133588913 0.022582157032260047 122 115 117
0.06314251791359062 0.044880690727796234 0.022639441678731317 124 116 120
0.07384691789675761 0.07480524996474457 0.012253958774824714 125 118 120
0.03440567102376387 -0.1244715793732095 0.022475087783064382 133 124 129
0.05477739187695737 -0.08513978983392971 0.02435789769913888 126 117 120
0.044270334968369345 -0.1441841325653644 0.012930645071856815 121 113 119
0.06440695915612786 -0.1243641894338056 0.012975877418175654 125 116 122
0.06441431592456401 -0.11460447215790835 0.013238193701874495 125 116 120
0.0847592067401916 -0.04498288913607289 0.015403710353483892 126 117 120
0.09434859560720478 0.005188240414247383 0.013015364911169244 122 114 118
0.08419729666927725 -0.08421435928296868 0.013066689111749021 126 116 121
0.11387558961075557 0.06431161279699493 0.002680308172108663 122 115 118
0.11476001852746413 0.07525556491999559 0.0020749777216040903 118 111 114
0.12510837834060998 0.08499300978929476 0.0019520891665742181 119 112 115
0.125331216913779 0.09449208645984922 0.001569367388699266 120 114 117
0.08482737298108613 -0.1443655077774325 0.002223423102486535 124 116 123
0.12459073415597689 0.035399269080614 0.002565390350793638 122 114 117
0.12457332883690657 0.04455480669916935 0.0023943990096771156 117 110 113
0.1335870628040272 0.07509653446326384 0.0011064388932979358 121 114 118
0.13516433100264297 0.09561010089369215 0.0015269891379237424 116 111 114
0.10470390524926249 -0.11465210008134741 0.0025709840250104873 123 114 119
0.10556392035836962 -0.10533930135850014 0.0033733019693635465 121 111 116
0.12472074388825637 -0.014878453114709332 0.0036636743888314497 123 115 118
0.13466527166326794 0.014856022239443777 0.002006884562778376 123 115 118
0.1442570464733183 0.08585898441318494 0.0014541177736032457 119 111 116
0.12451637415040546 -0.06500865066691906 0.0029392394289315736 121 112 117
0.1349891388677208 -0.05470363493118582 0.002474472128032622 122 114 119
0.13417329211142173 -0.03519869045808055 0.0022501648758644108 118 109 114
0.14531385313112383 0.014569575333954185 0.0019741367886398973 116 111 115
-0.14500831815207238 0.14411937616790568 -0.008543825141674266 113 108 112
-0.14526216964798566 0.0662095253177756 -0.008151343811622727 121 115 120
-0.13672484532496276 0.044131295105179505 -0.00856068940728058 122 116 120
-0.11456099102579725 0.14436061407032727 -0.008221324359964166 111 106 109
-0.12360151856210753 0.043793641467722064 -0.00906021450498777 108 104 107
-0.10266685126382673 0.10487611619036807 0.0012869799205658561 127 122 124
-0.09443484413669873 0.11417214669910661 0.0014887602242689886 121 116 117
-0.09552436358193074 0.14476668162075132 -0.008346528846730443 112 107 109
-0.14616777548663895 -0.11491488629645098 -0.00584669259008525 126 119 122
-0.09342089790494698 0.0643550151883879 0.0017178259522057538 110 104 108
-0.07468365480722147 0.10504320494333823 0.005345277347374106 107 101 104
-0.13460388574382 -0.11508780704746033 -0.006277817714263886 126 118 122
-0.12497943676715495 -0.09501075897288973 -0.007532981233165572 129 122 125
-0.0730437214882631 0.0540921679114123 0.01044415080386385 126 120 126
-0.1245643883603889 -0.13559507859279527 -0.006871362677258322 122 114 119
-0.04510328941058152 0.11443192203585953 0.01305255249681952 117 112 113
-0.04486636598485722 0.1437649546978307 0.002406185676065357 109 105 107
-0.09197660412196987 -0.11600401889548043 0.0012500482405972055 114 107 111
-0.06443357443732306 -0.06097266364201359 0.021545094609150217 105 98 102
-0.044318176607609304 -0.005174534151929067 0.022038905438498946 114 107 109
-0.022093078831122215 0.06451338103154215 0.03086163630219904 115 108 110
-0.025570327432805372 0.14420933255516524 0.0025909114908961887 117 111 113
-0.05260782282096529 -0.08464907298021375 0.021965436554567088 102 99 102
-0.042420001440467536 -0.0691780204453088 0.03066499278811663 132 128 133
-0.017522370250079695 0.03605198167063592 0.030413247803002474 112 106 110
-0.004962010024493511 0.06343684077146723 0.031626666106502575 119 111 113
-0.0433007399363389 -0.11529752957415362 0.021468932110489242 103 98 103
-0.014431601854538519 -0.044102947307749066 0.03175076289960602 128 121 125
-0.01535517170641675 -0.025015832569093087 0.03213639758084872 122 117 120
0.005080057260983895 0.11415667140720603 0.012473070536949241 119 114 114
-0.025016179781741442 -0.1149686396851908 0.023163722614917438 119 113 117
-0.004591778355524592 -0.05364065552777136 0.03152833851960817 122 115 120
-0.004671527874680493 -0.03461951863996599 0.031938825128342965 123 116 119
0.014415352595062875 0.03471413867218072 0.03193715031395687 120 113 116
0.015169198500724967 0.10523100840856119 0.01317384555985684 123 117 118
-0.02466545698771099 -0.14474464726154423 0.023526873365747675 105 101 105
-0.015279057067142287 -0.1256134945213166 0.022844528744643003 114 107 112
0.0044362688296589676 -0.0642415217805237 0.032108921587302074 126 115 120
0.005674936361398721 -0.053331290310357576 0.03161178806821939 121 114 118
0.03423627136824069 0.1342278740665024 0.002601408299531018 118 113 116
-0.005197122299655709 -0.1352329683071029 0.02374912330252721 110 105 110
0.015271806223032248 -0.07594881305795013 0.03202384101643055 119 109 115
0.016740586638346405 -0.06351705535989502 0.03143789800105217 114 107 111
0.024896153211990492 -0.05443079966851772 0.03190888769803606 120 113 117
0.03545421358107998 0.0046923588126840865 0.03212672756313425 122 115 117
0.034619762824050916 0.024649882636325643 0.03180474061048995 120 113 116
0.04493496378901975 0.09394729876642338 0.012425983051440942 122 115 117
0.03606732514724251 -0.07397131878305777 0.03164445842649171 117 109 115
0.03499724325079451 -0.04472210374632092 0.03210061583827153 133 126 129
0.04459314206446839 -0.034280096590629014 0.03193094205692841 123 115 119
0.04456545751905561 0.004302341686069409 0.03199828835987674 123 116 119
0.05476855614709374 0.12416222777010037 0.002164684442541851 119 113 115
0.02504190076384833 -0.1153905654695774 0.023879460129319456 118 110 115
0.05454693591530403 -0.04482435570388766 0.031943111772188316 126 118 123
0.05312768345831157 -0.03498591214188215 0.03190978129149372 122 114 119
0.06414795133882074 0.08541842561424966 0.012181575119162874 120 113 115
0.07539897965211452 0.1245546415380987 0.0013215023556515937 115 111 114
0.07197215643836549 0.134989624040399 0.0004960015601591205 116 110 112
0.043820627653719024 -0.11433410815757938 0.022290804706720454 130 120 125
0.06474258252853815 -0.03525392142240274 0.02510930982769801 119 111 114
0.08500762611674925 0.11300533903086019 0.002193626556988326 117 111 113
0.04439509712343732 -0.13452781090905197 0.013660775748867341 120 110 116
0.06443616363286858 -0.07515892589505217 0.02378053747302954 126 117 121
0.07375492718115532 -0.054320494112037966 0.02282646659839305 124 116 120
0.08427391175030492 0.05501591566938622 0.012342233631871155 122 113 115
0.09450255519061254 0.1039480199592257 0.0022987815746265024 110 103 106
0.09561369621389298 0.11352915543184647 0.0017377923063026878 99 93 97
0.07423775395240395 -0.09492730337132022 0.013982448328095436 125 115 120
0.10523262503084775 0.11348509380967016 0.0017440915051201737 107 101 104
0.08465601561990777 -0.06532997171586566 0.014413835270073568 119 111 115
0.09413573570496052 -0.05453931268292451 0.01260225770705924 123 115 119
0.09417386523537748 -0.04459535494165559 0.012820168694732195 121 112 116
0.09430106531344269 -0.025732420582571375 0.013550164191117008 124 115 119
0.09371567050207602 -0.015110462157847301 0.013227790973434602 126 117 121
0.10392750751171204 -0.004586855068128385 0.012272544538340605 121 113 118
0.10398069635501714 0.006261713056873569 0.011518079066028603 124 117 121
0.11490145468304884 0.0849449305993743 0.0018002767365266114 118 111 114
0.08400200871902934 -0.13492196636195056 0.0031840452862527727 120 110 116
0.12384360197693908 0.05472529298824409 0.0022342998445380835 119 113 116
0.12444283611536279 0.06505732489967116 0.002362479323515944 120 114 117
0.13507796028028005 0.11430885692629107 0.0014991149393391986 118 113 115
0.1037896764659364 -0.12545751944425637 0.002366642083857501 121 112 119
0.12505088806239623 -0.03545916052340293 0.0033525938302235154 121 113 117
0.12466778926118562 0.01460875239035216 0.003648446218137598 126 117 120
0.132807196045159 0.04319124215303575 0.0018977304787041883 117 111 115
0.13353858027576598 0.05451234397991492 0.0013829393150232257 119 114 117
0.13278826076409178 0.06617138256613977 0.0014740658427126647 124 119 122
0.14502764215546118 0.11424947823216079 0.0014405652772740674 113 109 111
0.11501015137843872 -0.10488954941388891 0.002677967648091533 118 110 115
0.11475239005184854 -0.09460549066082516 0.0029844930036230506 119 111 116
0.12452400486936795 -0.08481849295218918 0.00227469804385708 122 113 118
0.134596369305764 -0.015214702305341629 0.0021619194317015287 121 113 116
0.13491724062786334 0.004535850587232776 0.002468407802422967 117 109 113
0.14301498407647112 0.054131551216621034 0.0015233410783100031 124 119 123
0.1457240832894906 0.06296451733948406 0.0009277453496662202 129 123 127
0.12461619374696149 -0.10468809474719634 0.0024348585634156434 126 118 126
0.13367415560181548 -0.09383314478409671 0.0021492961550394043 119 112 118
0.13401675709667457 -0.06520222185461129 0.002034302259421658 125 118 123
0.14443843393778175 -0.04554512715606488 0.0019592833301970932 121 114 119
0.14438450182807896 -0.03512509908839026 0.0018147054003477226 119 112 118
0.14386623378064223 -0.014550126838957986 0.0016259697147623577 117 111 115
0.144045768805856 -0.00495976486850901 0.0020287855993729844 118 112 116
0.14520279943204686 -0.11576377484008558 -0.0057793695769387315 123 115 122
-0.1446858815503765 -0.1453625484179607 -0.006215608233515416 121 115 119
-0.033575374486955085 0.02478875804598335 0.02114367145440506 111 106 109
-0.003354424586763506 0.045605824213803235 0.031629498755407354 116 108 110
-0.004652561731295212 0.10463391039374294 0.014567697119748028 115 108 110
-0.035208445706738846 -0.13440227338356717 0.022257863591817705 110 104 109
-0.03510512835175842 -0.10495765689756513 0.02279931094739158 115 111 115
0.005348863345755285 0.04501226083838983 0.03211303705383056 122 114 116
-0.014862607693502677 -0.10465061591662174 0.024127436929648926 121 115 118
-0.015084733139935707 -0.14523979920375038 0.023943531638253655 108 103 108
0.014870407107836821 -0.054140917886098296 0.031666305876659855 118 110 113
0.045127840886396195 -0.04477680581907438 0.03202343829504918 125 118 121
0.053426379907765366 -0.06546091043048391 0.03159629427740288 127 119 125
0.0648762483790191 0.01544707067983489 0.023077925878036507 130 122 124
0.053318255647155796 -0.10485265829231866 0.022746300256700665 130 121 126
0.05433822937495882 -0.09515896359146861 0.02287379381119199 126 117 121
0.06451367432010792 -0.055743443091411965 0.024827019654483123 123 114 118
0.05441801958714712 -0.13411473797954393 0.012883700782043922 122 113 120
0.06316460399888188 -0.1344383263244929 0.012051910602589876 123 116 122
0.07430576977730922 -0.12406069942262576 0.011900760541552244 121 113 119
0.0739038401847936 -0.10472181952599365 0.013359808034897516 130 121 125
0.09446432507434761 0.02440895916171079 0.012492510440764487 124 115 118
0.11474354748989038 0.11478980258159388 0.0018676121126946271 112 107 108
0.12410923848506983 -0.09487245707180386 0.0023309572615453577 122 114 120
0.13390050294851 -0.045623899289547944 0.0025213760820666283 121 113 118
0.1448013732036261 0.07597081887896058 0.001524000954749194 126 120 125
0.14494051296999375 -0.1049604491007981 -0.00608595607015089 121 113 119
-0.1362682515515503 0.054667119563951934 -0.008569021712422992 126 119 124
-0.12514148701815375 0.025147098680696034 -0.00861471842767969 111 107 110
-0.10314617038253882 0.08740837330397971 0.002865469760525985 96 92 94
-0.11460656425913665 -0.1154259072289798 -0.0072534052958402396 118 111 116
-0.10494995280535874 -0.06441713058891212 0.002263799982799871 114 107 110
-0.09272166314461916 -0.08520836986161319 0.0019261653872132294 106 102 105
-0.035795269979022985 0.14463772383962853 0.002048870192427093 114 109 110
-0.015115221991067426 0.11493431558223606 0.01308334575571266 117 112 113
-0.04346318182086591 -0.14407296060770947 0.02180081727815324 105 99 104
-0.015173766813820334 -0.03462124912363876 0.032039318680605264 126 119 122
-0.013544603489924688 -0.006540565393708905 0.031141950937061815 117 111 114
-0.004096841724982963 0.005430817980573188 0.031407980550846426 107 102 104
-0.025580175403253885 -0.13532540063671222 0.023072494123762232 109 104 109
0.014844337417668474 0.044611160939015605 0.03209355761728401 122 115 118
-0.015108272382376647 -0.13508622105698667 0.02332727200277452 110 106 110
0.014934265005827164 -0.044886949976532434 0.03248785583696986 125 118 120
0.023676568413756625 0.13449378655914926 0.0022244516875423847 115 109 110
0.025824446121779095 -0.06377772194026425 0.031088910761793365 116 108 113
0.02466963564483815 -0.04530823294602435 0.03233077693773076 129 122 125
0.035211403729406614 0.1250746717098126 0.0035061909408191506 119 113 114
0.014898453970154338 -0.1444605672470518 0.022619959543846952 124 115 121
0.0334846506057881 -0.0842258929932882 0.03219802486512524 127 116 123
0.05360338002130893 -0.055156038494792864 0.032050223307442796 126 119 124
0.05380296196009948 -0.14324424268447036 0.011996026145059034 123 112 120
0.07414757754986932 -0.11411278796049582 0.012536668319816495 127 119 124
0.09413061319986937 0.03540692563383527 0.011866801464861814 126 119 123
0.0746505191073145 -0.14406726124249566 0.003097128849705725 116 107 114
0.08393055528514158 -0.09510049535092029 0.012864608408581167 125 117 122
0.09368224611198625 -0.06530746173037896 0.012682856698911118 121 112 117
0.12495836286282365 0.11490145638856984 0.0019507533719942405 120 115 117
0.13477223131016539 0.10515434116787532 0.001299115170303035 118 112 115
0.13435204069887244 0.024436257981998215 0.0021029078422111027 125 118 122
0.1443891972486572 -0.02428008132721596 0.0021794316173162024 117 111 116
-0.12454688727048843 0.13530740476642275 -0.008350304286036638 115 109 111
-0.05489751615330371 0.11439742988555089 0.01207896312063819 116 111 112
-0.03536883835050103 0.04474296277274578 0.016664880832075374 110 104 106
-0.04279404871446419 -0.12526914626631272 0.022088382249861097 105 101 104
-0.025030297104066852 -0.1053847637487535 0.023855715967999378 119 114 117
-0.005076926809003012 -0.015270657546807011 0.03200762100886844 115 109 113
0.02465910046653362 0.03473034700721163 0.032072865209089266 125 119 122
0.0643752827983844 -0.08430081655739914 0.022665060195977412 126 117 122
0.0737712982881786 -0.02496003048213325 0.022950233996245854 127 118 122
0.07330191942189665 -0.01584614406122938 0.023173819005645056 120 112 116
0.07386153958743902 -0.0055255122227151655 0.022354459016456957 124 116 120
0.07484560519978264 0.08487483461643121 0.011811144590345168 122 116 119
0.09349721947396927 -0.13464003421843318 0.0021638437166780354 122 114 121
-0.14603338205614552 0.11411851947951149 -0.0217316712207934 103 96 102
-0.1448987039090517 0.14548539426267051 -0.021948043046078447 104 100 104
-0.14542584414208404 -0.13478864561103104 -0.022859429954520356 106 104 106
-0.14609982690025033 -0.11513553542468617 -0.022517168248600884 105 104 106
-0.145074736005261 -0.10473147842596893 -0.022374762718308003 112 107 110
-0.14507717691219083 -0.08557623332000996 -0.025042130211798554 95 92 96
-0.14491221286813658 -0.06524058955784226 -0.02546157269437533 98 95 98
-0.14499207491996222 -0.054771533388429876 -0.024751972675103352 97 94 98
-0.14488328479916912 -0.034505135900212494 -0.024906837419442808 107 103 106
-0.14476582273437938 -0.023123658236905344 -0.031025275249861713 121 111 119
-0.14515180180105608 -0.005117773296570155 -0.024185345539863286 121 114 118
-0.14409017533707164 0.014771585150082034 -0.023261944673923618 125 118 121
-0.13639766824483301 0.02436468620827121 -0.023025747405855286 128 120 125
-0.13511696001744603 0.04457531490089623 -0.02157536533990135 127 118 123
-0.12523785900599244 0.07458113799895284 -0.01348910253106968 125 118 121
-0.1333631952432729 0.12178755895294299 -0.020836565111223827 105 100 102
-0.13492358574276356 0.13337278488919785 -0.02278623641045237 116 112 114
-0.13635454553449575 0.14675705832093436 -0.021760124174432155 100 97 100
-0.1252237573038297 -0.14432597096254757 -0.02238234325929675 109 105 109
-0.12431840939791104 -0.12474905008216246 -0.022353889509298487 102 99 103
-0.11543074802915503 -0.08539833500716812 -0.014834895371768565 104 100 103
-0.11417006744088647 -0.06481241163848912 -0.013998806210702573 97 94 97
-0.11506202316206607 -0.054801152438185535 -0.014669947232189482 97 93 97
-0.11511218321971678 -0.03522650818559408 -0.013338050198677646 101 97 100
-0.11618665284372141 -0.02469640499958578 -0.01447358854035139 100 96 99
-0.11520929569021147 -0.005030561778435409 -0.0143121661369411 102 96 99
-0.11535127894411859 0.004411826210207775 -0.013930926042870835 107 101 104
-0.11520734959048576 0.024950189025109447 -0.013959363058088248 110 104 106
-0.11491195076426221 0.05469206561766513 -0.014043284973731808 116 108 112
-0.1065223016603689 0.0756363002375194 -0.0136399255444463 115 109 113
-0.10546583426012959 0.08479039067726034 -0.012904104958192249 120 115 119
-0.11386816490215472 0.09575774602586148 -0.013089394075104295 125 119 123
-0.11426804735898805 0.11515874784018555 -0.014892769045283681 105 100 105
-0.11341712180149073 0.12460515053704929 -0.023147594147594003 108 101 105
-0.11622564135890166 0.13648722010509928 -0.022211522314433685 110 106 108
-0.105129111931866 -0.14487051530196346 -0.015142957987382263 103 99 104
-0.09545612396645939 -0.12487713961054706 -0.014807324461284969 105 101 105
-0.09551692258908374 -0.10384682746375667 -0.013608069586298059 104 100 104
-0.08566330207047161 -0.06521071045111135 -0.004069442437795258 106 101 105
-0.08539097802085448 -0.05515715877566735 -0.004208001816906619 107 102 105
-0.08506969736828662 -0.03511583239411891 -0.004022675925785517 105 101 104
-0.09589627587963068 -0.025070207928180464 -0.003872305754838602 107 102 104
-0.09554896850761747 0.0034288972787577254 -0.014255386894063735 101 96 100
-0.09572834395716429 0.015438014880826668 -0.013751851581306785 108 104 108
-0.09507909758203692 0.03680832698000914 -0.013718358149599541 107 102 106
-0.08569851325875402 0.08500828043880344 -0.003379131168935535 106 101 104
-0.0952111411739627 0.10416991918454274 -0.012338503121317512 118 112 117
-0.0954647681734877 0.11567454670054815 -0.013746349626665702 111 105 109
-0.0975539352735159 0.12666334693478576 -0.022173200938259807 103 98 101
-0.0953881018155304 0.1421684413634583 -0.022202060537123675 103 98 103
-0.07452172330276301 -0.14461608106355214 -0.0041400996465286765 95 93 96
-0.07476254214737449 -0.1255625694929094 -0.0034773324516515843 100 98 101
-0.07532452463213683 -0.10613947001029936 -0.003924103298264233 105 100 104
-0.06601462473806727 -0.08590317733508036 0.006557372866746643 102 98 101
-0.05556318574096745 -0.054366992313031035 0.005823502477099507 104 100 103
-0.06366660966337322 -0.033718320786437855 0.005945442095905368 104 100 103
-0.06533652329205905 -0.025536548813294774 0.00564272018081072 107 102 105
-0.06430712489393543 -0.013679110607896679 -0.0036144665076372068 102 98 102
-0.06484608076405701 0.003905148199300074 -0.0038651179997362924 107 102 105
-0.0640057284625434 0.015426110422903802 -0.00393311271758819 104 100 103
-0.06514664889725423 0.03425864020488863 -0.005607215454616366 108 103 106
-0.06441127434441266 0.04535048551562785 -0.004859814185848466 109 105 108
-0.06543088702651981 0.07507863629399944 0.006320177366944797 107 102 104
-0.06494796853793001 0.08605093774653066 -0.003919549759212142 105 101 104
-0.0655429961242293 0.0944953421105852 -0.003583178681565749 105 100 104
-0.07500552283315005 0.11656995668371875 -0.012391432114873086 103 98 102
-0.07600181441285309 0.12599213757429603 -0.013978443775620127 105 100 104
-0.07529687926699896 0.13527586123876528 -0.02033487285746577 87 82 84
-0.08352754794723057 0.14630166145413792 -0.023795212051977432 111 105 109
-0.045119323578280496 -0.14586072557631738 0.00426962415031026 98 95 97
-0.04531051785439149 -0.12580798878879546 0.005916443026879737 104 100 103
-0.04532409352961546 -0.10527994590259784 0.005091878176050366 98 94 97
-0.045145248773510165 -0.09414291342389221 0.006015425264025942 106 101 105
-0.03456516351988084 -0.07483054678876486 0.015033552659343499 118 112 115
-0.03548405729408698 -0.05525354999383792 0.015604246907872942 112 107 111
-0.03518039939707909 -0.0447241853349424 0.0151419505584524 106 101 105
-0.03576386616694104 -0.025281156505913973 0.014755395759659774 108 103 106
-0.044844382890910285 -0.014499187462085835 0.006190921165131005 109 105 108
-0.044225771056073546 -0.0059653231892374545 0.005676549871553399 105 101 104
-0.045538416888514496 0.016017432383181027 0.00409411832185117 105 100 104
-0.04513108810631113 0.024841262352897266 0.00485370882317608 108 103 107
-0.04575935655367955 0.04536005585220178 0.00648735460329418 111 106 108
-0.044375132547743154 0.05427491866551636 0.004961138834371932 108 104 107
-0.04492694556775093 0.07501234600529509 0.005540875776932622 103 98 102
-0.044859695136686195 0.08462920525734625 0.0048958866477165405 107 102 105
-0.04744015300324775 0.09522579973182006 -0.0019344990373334296 105 100 103
-0.05481481339771156 0.1057487998930259 -0.003886821324778744 103 98 101
-0.05765860017690194 0.11588402604708437 -0.011288416680558244 100 96 102
-0.055783006021629056 0.12583806639727088 -0.013039083258854148 98 95 98
-0.06301001159334985 0.13808190044622187 -0.020819479760550097 104 95 98
-0.06764931398070179 0.14422511982630126 -0.022048614636177594 101 97 101
-0.025750455756307213 -0.13504318224693543 0.008068695782786316 110 107 112
-0.026272156298222323 -0.11622386007238371 0.007638490194047526 134 125 129
-0.026884660303326053 -0.10469159258762109 0.008668767983253731 124 119 123
-0.025526490344703556 -0.08351653732686215 0.008973008052787002 130 124 128
-0.025253084467079977 -0.0648754258406101 0.01659602041363944 120 114 117
-0.024837098470481187 -0.04611281508234314 0.016751273378026454 114 110 113
-0.02536863930070755 -0.03459339255850082 0.01587755671630961 104 99 103
-0.026078552562421947 -0.015874239553391407 0.014658943317954518 108 104 106
-0.026459763625527242 -0.006010119778521756 0.008401460329810151 111 106 109
-0.025136071417331696 0.005663830002067012 0.015514711219868423 107 101 104
-0.025536662656757424 0.025208118423968535 0.016877799478804786 109 104 106
-0.024977030527207206 0.034646889040599996 0.01649089558727416 108 103 105
-0.026212147170062185 0.05532825230506082 0.016138442121745217 108 103 105
-0.026221196163121553 0.06396674956886488 0.008775551823266236 105 100 103
-0.024705398028002815 0.07625502001688586 0.007240115217463794 106 100 102
-0.03518021042415544 0.0840756157280353 0.00655183771186454 105 100 102
-0.035565853925799994 0.09693823173095727 -0.0015775574791213292 109 104 106
-0.034687157420697175 0.10525701138344747 -0.0033302287908816225 107 102 105
-0.043812353193838915 0.11758333405995794 -0.011045631611662776 110 104 107
-0.04533220666951216 0.13575622496936632 -0.01282965102627192 105 100 103
-0.045749622948549076 0.14472765574061996 -0.014572466250109417 100 96 99
-0.01509990109617819 -0.14504338408465922 0.0065841372302732765 111 106 109
-0.013498828106352395 -0.1267409298338528 0.007800434154510112 131 125 128
-0.01605670235729833 -0.11544825428904955 0.007406140138694506 119 112 116
-0.014866060979443152 -0.09297313247258131 0.008506685294533883 134 126 131
-0.0056849672753852215 -0.055459251749266116 0.017271270985306557 124 118 122
-0.004108631018095515 -0.04523697779851783 0.015559376883706436 124 118 121
-0.0052286285221707605 -0.024765980972928047 0.01674064830005643 108 103 107
-0.0036253408157543325 -0.014689191879300345 0.0166915721232384 110 103 108
-0.005711544937558316 0.004291176440045811 0.01602692911032123 117 112 115
-0.00568449582661034 0.013903616466142977 0.016169961034692683 109 103 107
-0.004833908301024928 0.0349362036551878 0.015479279825028877 109 103 106
-0.005709894145246709 0.045490627166193676 0.015528304694308189 106 101 104
-0.01403627498884119 0.05459739739567687 0.007814884080209805 113 108 111
-0.015619220542917742 0.06594140129773063 0.007262965541528138 114 108 111
-0.013730918720992535 0.0755992795159326 0.006962960926213472 112 106 108
-0.013859974346936588 0.08663352257671644 -0.0029879469907949374 110 103 106
-0.024256225859167296 0.10450926606548583 -0.0029648459785382303 110 103 106
-0.0238945535574076 0.11580278505279333 -0.005403303585367933 114 107 111
-0.025004068379968502 0.12453068642979527 -0.011533519287923363 109 103 106
-0.024478493082469834 0.13505238076602114 -0.014396292156616287 106 102 105
-0.03417230374685214 0.1454490941757361 -0.02129858181886196 103 98 100
0.0043677834346624485 -0.1439887477754567 0.0068864415382656015 110 103 108
0.004603272752594437 -0.12381979107933556 0.007243822154161217 125 120 122
0.005215503293297841 -0.10528682503358378 0.008127216646407667 129 123 126
0.004043323390872433 -0.08302830437294205 0.008745237255763039 135 128 133
0.0046777612768155105 -0.06559173423515882 0.016040208209599765 119 112 115
0.01495978047835502 -0.05478247262316688 0.015241114299530711 129 122 126
0.014720828185057688 -0.03590815824467152 0.016254436696376235 126 119 122
0.013857667752014309 -0.024126235412836004 0.016145039053577684 130 124 127
0.004170578836160559 -0.005569656006157741 0.01635226466192543 118 113 116
0.005610567609382106 0.005968276266982271 0.01735014360542185 116 111 114
0.005626244769972195 0.01447031674187568 0.0168530262129536 117 110 114
0.0052920627432086614 0.03405309014376351 0.017317504145835504 105 99 103
0.007554474820128813 0.04414153433003942 0.008752783338887035 104 95 95
0.004314416741558011 0.054951377192543234 0.007795320382226495 113 106 108
0.001974397117354603 0.06510951184849695 0.007130373348627856 119 112 114
-0.0009893175916700914 0.08563041532779442 -0.0037929088445119627 117 109 111
-0.004377908435615444 0.0953037454992634 -0.004014446891072846 109 103 106
-0.0050913240175552875 0.10654226959760066 -0.0042406602735746025 109 103 106
-0.004380314168252769 0.11523739164274299 -0.011814663397546868 110 105 108
-0.012659839036860283 0.1252995126869159 -0.01186485697247681 113 106 110
-0.0145373609452952 0.13500263621733463 -0.013855188197844348 106 101 104
-0.015538771269170248 0.14867333730942264 -0.022176709708943032 108 103 106
0.015809105451631868 -0.13448794804187114 0.006604486855574667 111 106 109
0.01651337251977525 -0.11450465196488958 0.006891912975136712 122 117 120
0.021870014161518264 -0.09687731994181148 0.008201523964783908 126 118 120
0.02337486435629943 -0.07917784903912561 0.008992452099073622 127 118 121
0.0233608676064172 -0.06395684358958464 0.009141556551109375 145 134 140
0.024974200204824992 -0.04568600608753552 0.015039959227182983 124 117 120
0.026467672731138054 -0.03488069344310602 0.01580784823956627 127 120 123
0.02366083934690088 -0.014516784491228396 0.01609258456457483 126 119 123
0.026539410310839284 -0.003906029782676211 0.016715829087429745 123 117 119
0.022792854711529698 0.009035285274327842 0.009181587127713997 127 118 123
0.02143070819900239 0.021933328406795405 0.007488300835765793 118 105 111
0.023689867900852535 0.0352566269005198 0.007510121587840368 112 104 107
0.019101308616173318 0.04749226658124998 0.00687962446025155 111 104 107
0.016175567146944902 0.06571915614042229 0.0059962550520598805 114 107 110
0.017457085393089395 0.07466907379937289 -0.0011915495767534183 119 112 115
0.015209783226084975 0.08426636427835771 -0.0027963028059358 112 106 108
0.005882516440074176 0.09633836494094511 -0.0047803873999824435 113 106 109
0.005407350504027991 0.10584297566981044 -0.011381431062101904 111 104 107
0.0043249118350657334 0.11573948533743952 -0.013295275123328112 108 102 106
0.005722526307437188 0.1266876554313115 -0.013769619874321203 111 103 107
-0.0016275901039277674 0.1397073971174383 -0.022285231475780876 113 104 111
0.029965844079103854 -0.1473660374640089 -0.0050221416710657385 138 127 133
0.03582523515480597 -0.10537443005708888 0.00659828903205234 122 113 118
0.03702017204113719 -0.09301993617718048 0.007049721788514744 133 125 130
0.03795526871997973 -0.07410905450400007 0.007435990713327456 132 123 128
0.038392274084637634 -0.0584092253839269 0.008345352073235612 120 111 118
0.035553409947636616 -0.04409496486634797 0.015124776790346095 120 114 118
0.03889456369659988 -0.028045430493379375 0.00963068729919725 130 121 124
0.03845477523021423 -0.01389731091655877 0.00929930603518514 131 120 124
0.03804460746499294 0.0001352340968864274 0.009006566020048346 130 119 123
0.038061440205238106 0.011712179352590169 0.006383421280129364 116 107 110
0.035197330979552494 0.025336626511742528 0.006988579902834006 112 103 106
0.03641342257319225 0.037907433998595724 0.006431137764290644 117 108 112
0.03450993004674346 0.05445098443112186 0.0053115903940603075 117 108 111
0.03410158041024415 0.06381769823173734 0.003442687378689067 113 104 107
0.023938206789253867 0.07434986485584057 -0.0021513350420446775 114 106 108
0.026022936330736938 0.0850672629101973 -0.004556265618547334 119 112 115
0.024731074896114834 0.09649304028905613 -0.011678483114415772 110 103 106
0.015753246151213162 0.10697394698707309 -0.012722720469148852 118 112 114
0.013262685737394518 0.12256597392864947 -0.013680637415235593 119 112 116
0.015487362890609464 0.13610407570444588 -0.016318396291627065 112 105 108
0.015700689674481388 0.14364249070656837 -0.021857467375071327 113 106 110
0.045839856617648334 -0.12426481688860425 -0.004804589505436829 131 122 125
0.048421575222037105 -0.10499651609367455 -0.0006081491594782662 131 120 124
0.04965287650120409 -0.08779463028599443 0.0016194977688503975 130 119 123
0.04867658189012623 -0.07607208104542001 0.005680457189193883 128 118 122
0.05430739113925506 -0.05449266211405379 0.005909462136398147 111 102 106
0.055272821183574884 -0.037106697688257494 0.007396416988777044 116 107 110
0.05456113216962939 -0.026036430873067305 0.006547981048513773 123 112 116
0.047699156696256205 -0.014068435679553773 0.0065062438009989565 130 120 123
0.04779091431231447 0.005770093255572539 0.005731617042623316 126 118 120
0.04667379880725109 0.014115966149585019 0.005153245757470393 115 106 110
0.046880603076553784 0.026348902123778578 -0.0009735757623738905 118 108 111
0.046284426997247254 0.044395092730135866 0.005242135688322034 117 109 111
0.043632561343869246 0.053777224190323804 -0.0015897863753611796 118 110 112
0.0436921657283608 0.06458096873589063 -0.0019384319224788893 110 102 104
0.03616143769724781 0.0745451676012357 -0.004663623807024886 118 110 113
0.033705512456149306 0.0867845946676997 -0.012159147405022719 120 112 116
0.0362212224810389 0.09743002967848638 -0.013613829565569918 112 104 107
0.033286688837344466 0.10498667104515265 -0.013762194906283776 112 104 107
0.028198210169306265 0.12308985200675254 -0.020937711205346154 121 114 116
0.02528996490574033 0.1355235289924539 -0.02247999208807394 104 95 99
0.024544807413359786 0.1474436897112689 -0.02271246508529003 110 105 108
0.05531434838823858 -0.13644494485052117 -0.0030741561519142665 116 108 113
0.058287758417986966 -0.12577445218045763 -0.0032072747084357367 114 106 112
0.05923511989852534 -0.1069269620536375 -0.00590836512338927 130 123 126
0.06497092884060077 -0.08561112041282692 -0.003012341329020507 126 119 120
0.06312320457138344 -0.0726149180684789 -0.00371852936480536 127 117 121
0.06270392294836136 -0.05610708361896466 -0.0014976801941559332 121 112 116
0.062135055595837874 -0.03930651273428587 -0.0009184557471523247 125 114 118
0.06542648952122096 -0.02479083383811881 -0.0024987060407113404 126 116 120
0.06151804831346419 -0.010456597035421233 -0.0007375938694144102 111 100 106
0.06439553618382482 0.004585220809026939 -0.0028247844658269385 119 110 113
0.059579139214558874 0.016339634510947887 -0.0025500428606318737 127 118 121
0.05742176914658889 0.028202625539510418 -0.003039198351937056 128 121 126
0.05736928716834779 0.04372803758943919 -0.003067173016892725 124 115 116
0.05558220234630442 0.05609102204144449 -0.0032145402618998027 121 112 115
0.05490093830860244 0.0640856953575062 -0.003635546770139516 117 109 112
0.05215317148165066 0.07896851646381292 -0.010982861233792884 132 123 126
0.04360519297347714 0.09390933755307095 -0.012660418994666833 114 106 108
0.04597790518838269 0.10651843270880754 -0.014038180054557719 115 107 110
0.04479804888905153 0.1134479644776888 -0.014462691868784643 115 108 111
0.04463577519007259 0.12699527608239258 -0.021605262821116484 98 92 96
0.04467403531885159 0.13556975474866262 -0.02272983746288999 100 94 97
0.03565852461450528 0.14598464909015205 -0.02407572358744081 117 110 114
0.06974133853277209 -0.13671104639959297 -0.016473876387525066 138 129 132
0.07068921410076412 -0.11914609291765865 -0.014245626385526955 136 125 129
0.07272780512735919 -0.10403563680931516 -0.012617923449536828 126 115 120
0.0743678520874635 -0.08369504536600578 -0.006095148113715559 125 117 120
0.0741705403939291 -0.07419673833510863 -0.006035963002018141 118 109 113
0.0716764842222739 -0.0549753112419096 -0.0049579357885236874 128 120 124
0.0755231367876722 -0.03637958129572658 -0.0038882176616422013 124 115 119
0.07518794590475346 -0.025088699499080453 -0.004172980412742278 128 119 121
0.07588982472575258 -0.005748525633095469 -0.004018870069852442 120 112 114
0.07670199743139543 0.005490030060422368 -0.0033487765835226724 122 113 118
0.07627493318241103 0.014562010210995005 -0.004408114600057096 121 113 115
0.07491950443988957 0.03506147740727158 -0.005868915743326954 122 114 117
0.06509544661256565 0.04648414217044649 -0.00408356510218566 124 115 118
0.07485694865887957 0.05558265377434028 -0.005573231045140259 119 109 113
0.06471559375473183 0.07416896023111674 -0.006395561190449989 117 109 111
0.06657271818551544 0.08722758579544321 -0.0135719734201712 112 105 108
0.06421302173736332 0.09574668169118956 -0.013504351243647976 119 112 114
0.06532942483573424 0.10613628690932338 -0.015717767159863314 120 113 115
0.05722426690157856 0.11839147604566197 -0.02088508000499928 104 97 102
0.05660304858128953 0.12603353437127177 -0.02303200458041682 114 106 108
0.05588055785946688 0.1451739588281014 -0.023170609564185807 101 95 100
0.08553485876812805 -0.13571638013129944 -0.01529418633945738 122 115 118
0.0861067924557967 -0.11489269746591042 -0.013554311929380794 121 113 117
0.08554786652329713 -0.09680528199877447 -0.013339137730055729 123 116 119
0.08610536900254069 -0.08350767547213296 -0.013642725433474334 126 117 121
0.08393259066425848 -0.06841831824600952 -0.014572175835167789 116 108 114
0.08438629787467311 -0.051380833570992324 -0.011661470379377148 124 116 122
0.08721485308421437 -0.035301030784844034 -0.012207801017191988 124 114 119
0.08408303765673036 -0.02214635552627464 -0.011928384409051307 116 107 112
0.08391447381212247 -0.007560894452267486 -0.011363703183452034 122 113 118
0.08332130491607631 0.0063600283790914425 -0.011483696034064406 130 121 126
0.0865927516292613 0.025605013539715782 -0.011568279234986184 121 112 115
0.0838139674857401 0.037194764214136755 -0.012370816188211268 119 110 113
0.08494624655074122 0.04613066868478729 -0.011803067463216651 126 116 119
0.08510694813937394 0.06428665984241168 -0.011120182409256885 127 119 122
0.07650988224152568 0.07609914844972505 -0.012985298886016813 116 108 112
0.0734432475393916 0.08504128634470226 -0.012920782753036097 114 107 110
0.07504393038780871 0.09545203779622052 -0.013685903020825516 116 109 112
0.0743339860889431 0.1063009411299368 -0.022330778276187124 118 110 114
0.07293430716594211 0.1162911577272451 -0.022712169250800905 106 99 102
0.0744784905157686 0.13586665133953296 -0.022307826332406133 103 97 100
0.06421725335537347 0.1455124573004875 -0.022772122381969448 99 91 96
0.09634616450281806 -0.1463835174520256 -0.02316913055165541 122 116 119
0.09784930420342336 -0.12647919547004505 -0.020247489520916595 119 113 115
0.09502878247562738 -0.11280411324950132 -0.014689899171060478 122 114 120
0.09704468050629525 -0.0961374072857636 -0.013251164661059703 124 116 120
0.0956690697920064 -0.08149225379015856 -0.020670296089195794 121 112 115
0.09529949290768323 -0.06526993449226215 -0.013607109678208123 121 113 117
0.09610749841858088 -0.04795804156139885 -0.013228410693555653 119 110 115
0.09591949173281283 -0.032571208048612466 -0.014531738682578343 126 116 122
0.0950740074434353 -0.01608085722564963 -0.013869334026039995 125 116 120
0.095507267663493 -0.0056096260331120655 -0.012768375865631213 137 126 130
0.09524587362178548 0.004682048715018761 -0.012454377953832382 119 109 113
0.09585986404339845 0.027000202612411373 -0.014460549264946701 130 122 126
0.09689742191354679 0.034940735297831385 -0.01444920524983248 124 114 119
0.09424403386478987 0.04455762233679853 -0.014565029387195469 128 119 123
0.09403816717959296 0.06416121648099359 -0.013583380840110376 121 112 116
0.09396988300457884 0.07467862871792035 -0.013740883176747187 117 109 112
0.08885699558538451 0.08644831779279433 -0.02017395959613999 129 120 125
0.08668302679630568 0.09574001181925265 -0.020691752518506523 96 88 95
0.08584410626165538 0.11359412370383991 -0.022477338569442933 102 96 100
0.08433302682961447 0.12232440064302903 -0.024024138851129993 113 105 108
0.08370541363913193 0.13414625442723618 -0.023481517713542222 108 102 105
0.08579303041107167 0.14601075272507444 -0.02347888057762209 111 105 109
0.10409985150937057 -0.14362365216986483 -0.024567268550425236 130 122 126
0.11487962311756375 -0.12405870894203888 -0.02334772438288899 130 123 127
0.11481589110822096 -0.10539311158701545 -0.022821031621100517 125 117 122
0.10920825929187489 -0.09274771545575011 -0.02372591473233343 128 117 125
0.10917541011774667 -0.07694821122339479 -0.02256537259055935 126 115 119
0.11427551925665191 -0.05506569078156875 -0.014230057579833153 124 116 119
0.10615906103685709 -0.04299290649100305 -0.01544178588680852 123 115 119
0.1058788767141493 -0.033922185018098225 -0.012072831051053523 126 118 122
0.10536987899738776 -0.016556971620915628 -0.020423796565602226 118 109 113
0.107015615088414 -0.0035979840849643674 -0.020397483695195895 134 125 130
0.10561946524383406 0.01425348188766693 -0.014193544366404276 125 116 119
0.10499356559420611 0.023002722531936852 -0.013645603422039085 123 114 117
0.10506382449501261 0.03759864943269098 -0.0203649845417605 133 122 128
0.1054970550795356 0.05349358069921691 -0.02057790477860307 123 115 119
0.1034596847061165 0.06400631835301118 -0.020910438272225385 118 108 108
0.1034302140832184 0.07495558955362677 -0.02051210035561568 121 111 116
0.10512796322429364 0.09405177558484608 -0.01452400897809982 109 102 107
0.1039967447408315 0.10548571581124824 -0.02122534632749068 91 84 90
0.09736895244713188 0.11594417249093415 -0.022072614707790143 94 87 90
0.09322505519617214 0.12513119019829788 -0.02422649770362341 107 101 104
0.09556572493435 0.13648238546859984 -0.023075087074609726 102 97 100
0.1261536352858808 -0.13625513091600705 -0.024433193189903987 126 118 122
0.12662386928493727 -0.11479994034183308 -0.023499041014430695 118 110 114
0.1267247521108137 -0.10494002207795565 -0.022558288064413328 124 117 121
0.12714757263777865 -0.08329039815207051 -0.02248355552676371 125 118 123
0.1242146348145942 -0.07683647067779782 -0.02233011718758789 121 113 116
0.1227799538710029 -0.054708496939594065 -0.023022701559309744 128 118 122
0.12427607062406232 -0.044631781541907944 -0.024401895067298784 116 109 114
0.12516513953268102 -0.02834757463762516 -0.021981273028561288 118 110 114
0.1210676805698094 -0.015437140466974253 -0.02259270275862052 112 105 108
0.11839671488358892 -0.004042391332405952 -0.022015345859593045 129 119 124
0.11578820114681021 0.01633095600420048 -0.02173303095043111 124 114 118
0.11748565123128224 0.0264000756528589 -0.02402145255672261 116 105 109
0.11357405483908806 0.03622646033926594 -0.022348967394007546 120 110 113
0.11820722819575401 0.05555349045800101 -0.02201555460067872 114 103 108
0.11705892864537788 0.06718819067572658 -0.021912293289093127 130 120 125
0.11634773022309808 0.08138140026831009 -0.02107874722748282 122 113 120
0.11577451121957433 0.09315152064581919 -0.020332716862954903 123 117 121
0.11361902502807411 0.10520968752833884 -0.021566048397733184 102 96 100
0.11566680978589272 0.11459086266290561 -0.022072172287847813 94 89 93
0.10701085398362438 0.12440282200535929 -0.022918986418553777 100 94 97
0.10620127985907801 0.14512882977628286 -0.023597751320704647 101 95 98
0.13414631598992977 -0.14755227869493415 -0.031111355667026903 135 125 128
0.1354069144286771 -0.13314629668173628 -0.03152259097420703 123 113 117
0.13432881470554442 -0.11840039593904506 -0.033456497380961125 128 119 124
0.13381875462990622 -0.0972415294194041 -0.022531528296638126 123 115 119
0.13593092556887618 -0.08400214766188734 -0.02348779314134906 123 116 119
0.13599106733796595 -0.06433929366592125 -0.022598897948009088 122 115 118
0.13340775228982882 -0.05757972773527866 -0.023015118195632216 123 114 118
0.1362060572910898 -0.03579929781676491 -0.022614122991854585 118 111 114
0.13524677654858824 -0.02330296906580659 -0.02292551694377523 123 114 117
0.133961103235679 -0.007323057385605097 -0.022246249593180834 118 110 114
0.13387296869370763 0.00352748044293566 -0.022432727707311584 131 121 126
0.13161855106012646 0.015486065905217802 -0.022214917916686432 117 110 114
0.12698169775228166 0.026095180448480193 -0.025789000032390985 122 112 118
0.125312593670274 0.044967754692536124 -0.022417699639309813 128 118 122
0.1286822224088529 0.05671955061071249 -0.025695457471445193 140 129 133
0.12963333543145125 0.07435867849539651 -0.021339246408480672 126 113 118
0.13593388728665537 0.08503627112722309 -0.01631062741540909 121 114 118
0.1262642692298663 0.09491756026100412 -0.0149142579490961 129 122 126
0.12320527854546974 0.10465678585437256 -0.02116743156132685 107 100 105
0.12546178269317423 0.12448131271125498 -0.023245273750310016 104 99 102
0.12354833920450023 0.1343139073437852 -0.023322023935613875 103 99 101
0.1253360886694068 0.1452136169709943 -0.02280809229424745 103 97 101
0.14567788215241934 -0.1254149545771218 -0.03351348865940457 118 111 116
0.14503303062768835 -0.11237933418561724 -0.033740080056916366 128 119 124
0.1480847124471465 -0.09645677874782954 -0.03259414259460025 131 120 124
0.14835081159544317 -0.08263055861101709 -0.031004287166123523 118 111 114
0.1468638920418252 -0.06631469558453162 -0.031383141198150555 114 103 107
0.1464121106223786 -0.052589929505398036 -0.024476621296443457 121 113 118
0.14464672381030297 -0.03547390220879594 -0.023694984199556374 122 114 117
0.14588780354538022 -0.025201924910045498 -0.023878820826796376 121 112 115
0.1465052694360449 -0.004076168899701388 -0.023810911039649385 120 113 117
0.14521213466859448 0.005653463612639125 -0.02326660700357784 114 107 110
0.1443649164488994 0.024736105574094884 -0.022643439527661707 128 119 122
0.14524562796351542 0.03379256756727571 -0.021676245953507544 122 115 119
0.14460214137955404 0.04630528125742084 -0.022714210451592737 132 125 129
0.14670862264028597 0.06330051082999595 -0.023487312064067217 132 124 130
0.14451754819687954 0.07316387473863413 -0.02072055940710123 130 121 127
0.14269078058156892 0.0895503652587677 -0.021407321437604043 114 108 112
0.14582003530469165 0.106043027947231 -0.021052412314338298 106 99 102
0.13518618443386962 0.11580436565689281 -0.022531736499029054 94 89 92
0.13469031951580376 0.1238030678043476 -0.02412586669547513 105 98 101
0.13495761720768384 0.1346901105411018 -0.023790032531389876 105 98 102
0.1350536719047231 0.1449228424198565 -0.02315608825439328 100 95 98
0.14482617367988554 0.12574192168730988 -0.02335811527499664 112 104 108
0.14752419894143168 0.13460585918311183 -0.02330322836117471 109 100 104
-0.1346724175199439 -0.13390814116566593 -0.023175564963636753 109 106 109
-0.1358704516355945 -0.1152899183340032 -0.02207250087257709 112 109 112
-0.13557340729007708 -0.10495465829268777 -0.022110149760134274 114 109 112
-0.13461430986975723 -0.08535249954448725 -0.023881603233143187 100 96 101
-0.13555967989841583 -0.07472517845612685 -0.024612198255140185 101 98 101
-0.14440814260760906 0.025118953569056555 -0.023227770216636866 124 116 119
-0.14554158804658476 0.04448306381389765 -0.022107460731050046 125 116 120
-0.14566242595031823 0.11489083395577637 -0.014601673622269556 109 103 107
-0.10542055918923116 -0.11495695473303515 -0.013996963560859216 104 100 105
-0.1050455258541787 -0.09494025618889212 -0.015311322102258603 108 104 107
-0.10465262393181494 -0.08519003720946111 -0.014415134438105796 107 102 106
-0.12430993486814428 0.014921400868329908 -0.023191868918149068 122 113 119
-0.12571509893805138 0.03466952352497205 -0.022117561535771286 122 115 120
-0.12566147905356254 0.08483361117813785 -0.013139905275158697 124 117 120
-0.0749861868899236 -0.13464280099656803 -0.004023905369456231 101 99 102
-0.07471243394028777 -0.11540213385342328 -0.0037828285970098233 102 99 102
-0.07565177251327274 -0.0453824265394108 0.00656411009507545 105 100 103
-0.0854591211949533 -0.025179863154773316 -0.0035863089255522337 106 102 104
-0.09617954231415865 0.044654741175396875 -0.014440314138525132 113 108 111
-0.09530351456583201 0.07541688970377317 -0.0037154124641503995 106 100 102
-0.10503349920198952 0.10469000211159518 -0.014245919388761356 115 110 115
-0.04490366073480197 -0.11453497101814232 0.005325500720639718 104 100 103
-0.045741403077673826 -0.0749729087635872 0.015985321534310447 109 104 107
-0.045981037250286814 -0.05509478746122684 0.015418718287169807 107 101 104
-0.055371375079808945 -0.03485963617485148 0.005663530316663151 102 99 102
-0.0548980058218391 -0.024688169833210254 0.00494274440623186 105 101 104
-0.06569741660104957 -0.005056089907873937 0.0062994931583883725 105 101 103
-0.0756401136087208 0.035615415556735155 -0.004055016111826371 109 104 107
-0.07498059864089567 0.0855160914398147 -0.004735859527916877 106 101 104
-0.08515115771324536 0.11424388399948952 -0.012190466559834637 112 106 111
-0.09431146505365326 0.12555082642145834 -0.013869399729542953 107 102 106
-0.09753108888635753 0.1337021471435129 -0.022778560045318013 104 99 103
-0.10508376060712818 0.14606962763597114 -0.023270048988775684 116 111 114
-0.0342845397228066 -0.11599187327721078 0.007107940837493707 103 99 104
-0.03453243580421025 -0.10498113325931448 0.007290426664187832 108 104 108
-0.03442653931802242 -0.08532410899169103 0.008886976048485222 107 104 109
-0.034735840730126796 -0.03587800515256806 0.015306779675556765 100 97 100
-0.04534842284770829 0.004368799823659556 0.005205477123393114 107 102 105
-0.04535730740478801 0.03475473320939364 0.006810188927406147 109 104 107
-0.04601027003342057 0.06423304103705124 0.004914483673586893 106 101 105
-0.05503490970783572 0.08486208302619162 0.005913101380624807 108 103 106
-0.065049560460297 0.10421653700611855 -0.003994271466181189 102 98 101
-0.08242749999912795 0.13721363417470298 -0.023284797699724174 112 111 114
-0.01520653759296906 -0.10554806593212566 0.007757044925338264 124 117 123
-0.014889108492848531 -0.07443861701991066 0.016419536931495095 124 118 121
-0.015277944514010733 -0.05695728844182468 0.01698804476804746 123 117 120
-0.015902054721433335 -0.04426552904348491 0.0174453907372304 125 120 123
-0.01604611685219312 -0.024737563007285926 0.016325358156695446 103 99 102
-0.014865982770159053 -0.015312981502646018 0.015530980149204166 108 103 107
-0.01557406640396612 0.0049790495950798675 0.014565808896763436 107 102 105
-0.024802886159180478 0.015355504938642132 0.01561977663834464 111 105 107
-0.02531748898299522 0.04436968148791593 0.016786590869450203 109 104 107
-0.034793665073105204 0.06536940993542707 0.006659915057664675 105 99 102
-0.03523948160519481 0.07532387023483521 0.007521258680272636 105 100 104
-0.03541674582786418 0.0953400217272391 0.005157584140086595 109 103 107
-0.04616700158129273 0.10548149788862678 -0.003168529951820722 106 102 105
-0.05552005957342825 0.11473845837038536 -0.005113373157683454 95 91 95
-0.06505795294944183 0.13482968878347515 -0.014223408559760231 100 96 99
0.004970068102560088 -0.13602962024336865 0.007919758299748942 111 105 109
0.004407857118027991 -0.11515363556155506 0.005425875653800205 117 112 116
0.003372223310552878 -0.09703697109946285 0.00810383386576452 123 118 122
0.0044827502164606165 -0.045776641522019844 0.017763314302172626 126 120 123
0.00551776992385437 -0.03484102879477487 0.016080949731143643 122 117 120
0.003204504367541637 -0.015408748902879604 0.017546850722117605 117 111 115
-0.004441201462062147 0.02403887204946177 0.016045567128060385 105 100 104
-0.014966183915283213 0.0652481161807005 0.015065955972742275 110 105 108
-0.02578976302975786 0.08645223685061339 0.004566063524190959 106 100 103
-0.024251521886829948 0.09601266388613738 -0.002001070434614838 107 101 104
-0.03650806449329891 0.11583867698908162 -0.010951935739743957 111 107 110
-0.04513443381482982 0.12466353182384067 -0.011315225763689738 107 102 106
-0.054653167600185404 0.14481734533409452 -0.021489987007689587 104 99 102
0.018857819622899175 -0.148475477896567 -0.001166714626596399 140 132 134
0.025340427616034722 -0.12404006230229066 0.007618267824997615 111 105 108
0.026026130231741773 -0.10690799721167028 0.00839946627212033 126 119 121
0.024838564758656784 -0.08555565321919836 0.015469424919817154 115 109 112
0.02472005815589485 -0.07604311565070399 0.016571098163929515 123 117 121
0.015270627453980584 -0.04541796050696741 0.015372942210216522 122 115 119
0.015426253546071246 -0.014587707707169514 0.017094509887682463 128 121 125
0.01568246855986633 0.0036324696103032035 0.016656285265606485 118 112 115
0.01500555060545069 0.016362256169487218 0.016744518125194154 122 116 118
0.004187942471851186 0.026945566971884428 0.017095985903083782 114 108 111
0.006048412683861076 0.04322748581628913 0.015565751650222219 110 103 106
-0.0034873501408375085 0.06555270890762734 0.006290475885996035 112 106 108
-0.0053993927075074045 0.0758973843708279 0.006107347282884967 113 106 108
-0.01693829303748772 0.09695013769250357 -0.0030303266014295007 111 104 107
-0.01897046780253797 0.10873801994363219 -0.010678078711935823 106 97 102
0.03441183414602467 -0.13981002643850393 -0.003943764621841983 127 121 125
0.03508118039684687 -0.11724616202471402 0.007316859665149401 118 111 115
0.035332665169965666 -0.08046780426592132 0.00969831572687585 130 124 128
0.03522063169102066 -0.06522503456707146 0.014437120120179356 130 124 127
0.03475435712243639 -0.05509363905406134 0.014836187757691984 128 121 124
0.031735046596749195 -0.03751229327271721 0.008433044398075462 123 117 121
0.03341655810801357 -0.025637815666315192 0.015311836807819112 122 116 119
0.03387518694141114 -0.005463884961149246 0.015382298038216299 128 121 124
0.025537185376184327 0.006316997319664262 0.016784498846862617 119 112 115
0.02520145311165109 0.019485734906410035 0.00855364796968977 113 104 109
0.01541630099496248 0.05683092492146857 0.006354480304379684 112 105 108
0.011134251655521066 0.06812658469454519 -0.00021670733777467976 113 107 111
0.005487983418107893 0.07863141475275852 -0.0021361822716094623 107 101 103
0.004710172015685972 0.08732514593888437 -0.0028802413904603363 112 104 107
-0.002661386843583635 0.10082657495446617 -0.011807902225511202 113 104 109
-0.00545637385573407 0.1251849974480123 -0.012886472714882713 109 103 107
0.04633212536259226 -0.13725317057457925 -0.0034622937090529695 129 123 125
0.04849074509831164 -0.1151803670743412 -0.004008059022826083 118 109 112
0.05542439551056063 -0.09563069388098047 0.0063736056543881505 126 118 121
0.04747111291424061 -0.06334594424891227 0.007680859860793736 117 109 111
0.04680592659727517 -0.04702142913320462 0.005062437182955182 126 120 122
0.044178952518296344 -0.03334606636251847 0.004069000414111956 123 114 117
0.04587034513582472 -0.001965172097261584 0.007489647134307553 113 105 108
0.035517977159949685 0.04570024903450232 0.006449735124535787 113 105 108
0.02603300053644403 0.06414561211819114 -0.0006919542173389748 112 103 106
0.017447321034828378 0.08147021320799985 -0.010018974167422035 115 111 112
0.015880357983921706 0.09517952501714835 -0.011822275722082665 114 108 110
0.005587027569018049 0.12846225309568102 -0.02185734511716908 109 102 106
0.005273393768918944 0.14329918383754095 -0.021684625228920985 103 96 100
0.06311376327382708 -0.14814487704664228 -0.01309314614361412 125 115 121
0.0614271541237717 -0.12885017617693983 -0.011518142976858714 121 115 119
0.05982886703801821 -0.11261208653390409 -0.010688998316568665 128 119 122
0.06267671362247229 -0.094009642715006 -0.004418923793582441 126 116 120
0.05825780275459175 -0.04398189490708282 -0.0006652800990547547 125 116 119
0.05697890103946297 -0.014664827626013843 0.005222081293726833 124 114 117
0.054555289148105555 0.004274235454861756 0.006228820885786172 127 118 120
0.054336182901261534 0.014245598377672627 0.0059817849369210585 120 112 115
0.04684632505671302 0.03847638872522413 -0.0012259597169713143 123 114 117
0.03863832808516748 0.06502229534121479 -0.0026313295392344227 107 100 102
0.025602608441333108 0.1148265330020779 -0.012420909067419165 117 110 114
0.024276272213988887 0.1258599869645993 -0.01554835231831271 112 105 108
0.0753690369875411 -0.14327157857449824 -0.015364777751121689 123 116 120
0.0765096906230482 -0.1241107354837008 -0.013104740329068248 120 112 116
0.07308564797266476 -0.08908122223707038 -0.010948280960982881 125 114 118
0.06878980546846086 -0.04208776371036427 -0.004369599683855474 126 116 122
0.0686910657160415 -0.008567877351737585 -0.0037065657829983834 126 120 122
0.06549644595511261 0.018208222505418203 -0.0028122531791643923 118 111 114
0.06559668849081914 0.034965583248589865 -0.0022902219267713075 125 116 120
0.0506095220526222 0.06695662490492144 -0.010759054549308922 107 98 101
0.04821641412867017 0.07982634742336325 -0.011437519507659366 118 109 112
0.03662948979306969 0.11655669701361727 -0.014846235784404622 115 108 111
0.03468988643753777 0.12582598605714723 -0.015053487808977447 111 104 107
0.033027043737120364 0.1367009406483211 -0.02130716771793693 99 94 97
0.08932608667138187 -0.13486209684443973 -0.02038265299417452 126 122 125
0.08511959339670468 -0.035534920346541043 -0.00428108300775451 124 116 119
0.08354975192815292 -0.02370109875711568 -0.005968308107289766 128 120 124
0.07605824248832067 0.024436001758314577 -0.00427277842384359 127 119 121
0.07557427057048935 0.04454201159193667 -0.0039592004649688095 125 117 119
0.06749075135919969 0.06031175722595161 -0.010361648996663031 122 113 116
0.06457938689698628 0.07267386547190124 -0.01174017669969385 130 121 124
0.05447558435370059 0.09629372675853287 -0.013288597005754932 113 105 108
0.05578839183195342 0.10513404152528917 -0.013202473618684017 114 106 108
0.053861818627550795 0.12321351432104907 -0.015699475481956167 109 103 106
0.045362691961926764 0.14705876686922098 -0.02261658755149031 111 104 108
0.10560591853570414 -0.13296355098160145 -0.023220329638612924 126 117 122
0.10426227679232539 -0.11465330420094605 -0.021415905225986465 125 115 118
0.09998675629762671 -0.09561463157390582 -0.02022886637832566 130 121 124
0.09659687111426093 -0.07777504644181937 -0.016173716421937268 124 118 120
0.08869505179398784 0.010925937007025821 -0.012950747293579035 117 106 112
0.08404310374705576 0.05411029398162358 -0.011092719206418078 117 107 112
0.07890672100477615 0.06611997471076946 -0.011885391813333257 123 115 118
0.06347027349340575 0.11192058588238635 -0.021288890285854456 119 112 114
0.06606483161649006 0.12727744124172777 -0.021351825574248993 113 107 109
0.06418461691751862 0.13588955725115157 -0.02178731841235457 117 113 116
0.11478393683546124 -0.14405797219498148 -0.02312206495806875 131 124 128
0.11353320089380448 -0.08937373502502433 -0.022540414834945954 135 126 131
0.11523744356585813 -0.07368812813370572 -0.01619079009530269 116 108 112
0.10535501343729725 -0.029598713966718204 -0.020433128473431927 123 114 119
0.1050325588171599 0.006202738928559892 -0.013598798679161717 131 121 122
0.09515468160259058 0.05556807889429353 -0.012440293482336119 119 110 113
0.08592210393773578 0.08340082944080347 -0.013767546420011604 113 105 109
0.0851179236524804 0.10745183988261257 -0.022770542890479712 101 96 99
0.0756081873200856 0.12755619507227714 -0.022544916364082106 126 118 122
0.0747715985069814 0.14401273488786703 -0.02240869929702946 100 94 98
0.1276974914827029 -0.09704784303087018 -0.023252236302053236 129 120 124
0.12424919943153456 -0.06667533380182504 -0.02175008209234049 125 119 122
0.12328572143593611 -0.03391304394275391 -0.022136322959650845 118 112 115
0.11988017734586565 -0.022021203805827616 -0.020208728768265405 113 104 111
0.11480549762981823 0.0051679958890492594 -0.02092695466860206 135 124 128
0.10815007602921795 0.04597543133425641 -0.020645556256712938 109 100 103
0.10144485067707504 0.08529666245496087 -0.020787718672973354 119 113 117
0.09898950522658323 0.09788080552636363 -0.021270927473165724 104 98 104
0.0956506214572928 0.10945310631117983 -0.02324432116963593 84 78 80
0.14561504803137512 -0.14286409786248755 -0.03244831515551453 110 100 106
0.14428344287507786 -0.09337122468043073 -0.02433014630779477 123 116 119
0.1369664264722767 -0.07610574612819443 -0.02296111252426387 123 115 118
0.13403534725096355 -0.04654865320032711 -0.023067784676343517 124 114 118
0.13336365019924223 -0.013790115816324 -0.02373386711315595 116 110 112
0.1288278647299686 0.015364414671689327 -0.022379724217560182 126 119 123
0.12483586692587674 0.03292746600433701 -0.022397997843374224 116 106 110
0.11988298997369384 0.04982390355624389 -0.024422865029849805 116 105 111
0.11734514521045264 0.07833615875461031 -0.020931101750946923 127 118 121
0.1046109121521673 0.11607301440421777 -0.02294527846410408 99 93 98
0.1045774854958527 0.13332929971717303 -0.024099114014963178 99 94 97
0.14556650717828726 -0.045904231855314115 -0.021843739693600372 124 116 119
0.14570243895180815 -0.014059290820465675 -0.023640733125370107 116 110 113
0.14265552889188338 0.013417163266824317 -0.02172934983924645 116 108 112
0.13692921164794158 0.03530772734244434 -0.021901947434539732 123 114 119
0.13443814290603234 0.04685106462814681 -0.02250380178502487 123 114 116
0.13542450463216754 0.054246612344627965 -0.023293896017123245 127 117 121
0.1351207609210583 0.07325972746439449 -0.02059282679234503 130 122 126
0.13101540763068614 0.08451064776009276 -0.020713070088921426 128 119 122
0.1269575601811666 0.09526156783198186 -0.02032460581392831 119 113 117
0.1251193923013779 0.11664480585187177 -0.021830980188013802 95 89 93
0.11677999538139235 0.1347222982467603 -0.02376133761531619 102 98 100
0.11418779339400385 0.14411126496668106 -0.02403411927923659 103 98 101
0.14524571550438495 0.09446681584692657 -0.015231463011780957 121 114 118
0.14375339623950162 0.11573615367888013 -0.022917809297109192 103 95 99
0.14534053899800647 0.14456686107264602 -0.02333236193066813 109 102 106
-0.13593111595835644 -0.14500077220670923 -0.023028329864656142 110 108 110
-0.13462298170346965 -0.12571008065764253 -0.023334229918573337 108 106 108
-0.12530961374667385 -0.08483966903939529 -0.02268850890549945 106 101 105
-0.12516672763601985 -0.07432422786826155 -0.024271031119012382 105 100 104
-0.12550120895480357 -0.053932798900960977 -0.025394909296237934 100 97 101
-0.13601231785795875 -0.044775872844631755 -0.02454073769976468 105 100 105
-0.13544888104899092 -0.02548418939551534 -0.024036794688295827 108 103 107
-0.14506864444466622 0.0951695485635033 -0.014237403085546269 111 104 108
-0.08646161203675226 -0.13606465040084822 -0.014649300268820609 100 97 100
-0.09483569230751504 -0.11513185883115713 -0.014764786983636907 105 101 106
-0.09641085395687334 -0.05557752139870918 -0.0036412213278186273 103 99 102
-0.10466346025971345 -0.034724426878710246 -0.003965693259433305 103 99 102
-0.10472723326335 -0.024328304288760504 -0.013258366139690683 105 101 104
-0.11555659649319634 0.015121387181318842 -0.013720978510736859 104 99 101
-0.1252604699525784 0.024360558774692512 -0.022576787533860044 122 115 120
-0.12571743446745584 0.04397880705653849 -0.021836824902981954 124 116 122
-0.13610926145467428 0.10898794197736872 -0.02079878277583258 102 101 103
-0.14749276374196754 0.12463516662859453 -0.02121468260001817 112 108 112
-0.14602322471526316 0.13505909758907503 -0.02148558314569174 111 104 111
-0.04628201425112056 -0.13613010087805577 0.005797341642396266 100 97 101
-0.05500037783117103 -0.11505314226691796 0.0069964932709628965 101 98 101
-0.056318241035458634 -0.10535687623901367 0.006242225705299567 100 96 99
-0.055918942988137044 -0.08509348942923943 0.006982988111085713 104 100 104
-0.05663793727963884 -0.07529575667417503 0.006554150137377794 102 97 101
-0.06455234399148022 -0.0449691673609083 0.005749361053338656 104 100 103
-0.0759394270164954 -0.035269409173120075 0.006917619685561897 105 101 103
-0.07498683430981089 -0.02468530326935471 -0.00468365968683599 103 99 102
-0.08474946660046404 -0.01466907073908246 -0.0039517948934437224 103 99 102
-0.09458088911716438 -0.004805060063933996 -0.014151685545089505 102 98 102
-0.09462768674786042 0.025363729638123667 -0.015137974689429047 105 100 104
-0.1158045221389364 0.10436059574329767 -0.013521360935977424 107 100 106
-0.12310975746487418 0.12813256821440464 -0.02132347060670864 122 118 122
-0.12582089141630887 0.14483155239146656 -0.02134509146328024 101 96 100
-0.0353977718063636 -0.14547430026587171 0.006215193608772231 96 94 97
-0.03525425626145271 -0.12572602438350633 0.006865106719054557 99 96 100
-0.04577815556018731 -0.06484502569818987 0.016141719727337165 114 108 110
-0.04574784258333291 -0.0450535278905665 0.015290825981157696 104 98 101
-0.04494510736511346 -0.03415459362552097 0.007815566698571419 100 96 99
-0.05474723648930981 -0.01339814385669931 0.004443163610060353 105 102 104
-0.06612368725736834 -0.003916849529661063 -0.0040055918745366004 100 96 99
-0.06610151630583667 0.025030889538280685 -0.0047813575981843865 105 101 104
-0.07600072722008801 0.045057953057647974 -0.0033466332059883122 112 106 108
-0.07471786629468746 0.05487911880152712 -0.003728878266458894 111 106 108
-0.07515773614338842 0.06538121850279013 -0.0039304175708376465 108 103 106
-0.1067832698966143 0.13575868553062073 -0.024239244043053193 111 106 110
-0.11367496918554573 0.14609565947052758 -0.02204979791938364 101 98 100
-0.02513923896149668 -0.055122358373928065 0.0169883836028653 116 110 114
-0.03586922438465084 -0.015401157490035714 0.007869458451110811 103 99 102
-0.0547513883114073 0.06500092350640096 0.007112374621709267 108 103 105
-0.05473351213558899 0.07365448772169167 0.006381875232306509 105 100 103
-0.06493714090385032 0.08509770944239838 0.0063302684646424105 108 103 105
-0.0740982314219285 0.10584756019500867 -0.010695495352926207 112 108 112
-0.08449631718820459 0.12407375460744807 -0.013915108290132126 113 108 112
-0.08543316390230313 0.13549944943895048 -0.014886317181228206 103 99 103
-0.004723664632542937 -0.10592303858494193 0.008062562326206169 122 114 119
-0.004235164581673156 -0.09493855235950843 0.008421873109551736 129 122 126
-0.014881345561414464 0.015995528528565294 0.014885851493059325 104 100 103
-0.01601413643273592 0.02493653944452602 0.015425256033030839 111 106 108
-0.06476655116262775 0.1260539023053648 -0.012493271001926641 102 98 101
-0.07409404480213921 0.14729724696915747 -0.022092499135988264 97 90 95
0.015559250412940928 -0.09388549733469947 0.008963256455690405 132 126 131
0.014764787691768512 -0.07543784340675515 0.01646223955910761 115 108 112
0.014809687312735402 -0.06517341693616818 0.01696056498827461 130 124 127
-0.01609528876155292 0.04431244650573611 0.015887793470994782 108 103 106
-0.03022177808319626 0.08944202572585486 -0.0022970588783987056 104 98 102
-0.0346919426555431 0.11579895270206836 -0.004983178646112227 113 107 111
-0.054933300862122565 0.13569077666732715 -0.012954331367161025 101 96 100
0.03708038514806438 -0.14590072641188231 -0.0028150326804016633 107 101 105
0.03525348860683593 -0.08462433482178784 0.016680781215350774 116 109 113
0.027072756556660246 -0.05577658803011191 0.014516037042283103 130 124 127
0.024525068120002123 -0.024420457121521452 0.016788204711597296 124 117 120
0.015012459810247299 0.0244320597936043 0.01652808605737545 119 113 115
-0.026183304856573497 0.11704652678352534 -0.01015196762318138 120 114 118
-0.03217820976752661 0.12513325112466914 -0.011076751748881009 113 106 111
-0.03600491472538213 0.13567033496208894 -0.012544523173118226 106 100 104
-0.044038577784155736 0.14843158099307457 -0.0210282336234503 99 94 96
0.04780650283137386 -0.09765451609716493 0.008067218733750464 132 121 124
0.045531742090749 -0.04573882844392779 0.015638235815751498 124 118 120
0.03535395579661121 -0.0331235926785044 0.01616360253420493 126 120 123
0.03624787640889314 -0.016481666941982696 0.015934856881378714 126 119 122
0.03484860732636302 0.005428452125965228 0.016441951727772065 125 117 121
0.022402786599196582 0.046012338189409224 0.008229497483760118 113 106 108
-0.026465595731415607 0.1448086858777047 -0.013607553599882957 111 105 109
0.06616702189094222 -0.12511662966180448 -0.003254037682411485 126 116 120
0.058064256069840614 -0.09178983267570107 -0.0010651390472925515 110 101 106
0.05563818184437878 -0.07573727223781115 0.007429019069607001 126 116 119
0.05627431785146085 -0.0643112878693534 0.005769033169987492 118 111 114
0.05698316337392504 -0.04306774705488196 0.00668008534064483 116 109 112
0.025820850672013063 0.06391095346036008 0.004874760861069934 115 107 110
0.015074068114773029 0.0948261031055806 -0.004499480767707352 114 108 110
-0.004185117155209846 0.13545045483768509 -0.013802557455771747 109 103 106
0.07485694159711115 -0.10529088628179774 -0.003616120725554651 128 120 123
0.06520299338996151 -0.03381222847185038 0.004719584719330358 122 112 114
0.0663979784765482 -0.026871916691951037 0.003453818056265612 123 115 118
0.05448988182704085 0.03479426076267408 0.004638862541955224 121 112 116
0.02820002617388434 0.08630157326551924 -0.010192061574937017 112 106 108
0.01328210752555642 0.11824103564392952 -0.02006889064712114 113 109 110
0.07574911340416286 -0.06458937832435226 -0.0034582563894279606 123 116 118
0.07667013685992038 -0.047202103632605186 -0.002997218424613979 126 117 120
0.06609897062656664 0.024845358628525327 -0.0038471856815222027 121 112 113
0.054424179449452804 0.07522733426061884 -0.004250593061604457 115 107 110
0.04459028740139294 0.08420000695368222 -0.0046912264164429545 111 103 106
0.1039793110800332 -0.12735682797680337 -0.022279568978109843 122 114 118
0.09594526047945685 -0.1065192148786818 -0.012827736888846123 127 118 122
0.09509365460293384 -0.04321501495970975 -0.006482467506184808 120 112 116
0.08585768731341992 -0.01460881160126744 -0.0035808624335094525 121 113 116
0.08555090826254758 -0.0032681842750670277 -0.004191432256395477 116 109 112
0.06628670825457096 0.05300347184406002 -0.0030387122799455744 120 112 114
0.06556827400429908 0.06586766979201662 -0.004558618776485936 117 108 112
0.05830755754796338 0.08450857077251717 -0.011403337671705371 117 108 111
0.04366960482823484 0.11811456300864298 -0.021036791491104045 116 110 112
0.03903714577217135 0.12688062517727974 -0.022371748714948403 99 90 94
0.11513690651442192 -0.1351459833825194 -0.024839869240187995 126 118 122
0.10622561077384668 -0.0855611611734533 -0.013575386339040818 119 112 115
0.10652582106700198 -0.0761874553013231 -0.013932952689205297 121 114 117
0.10660144419805166 -0.05561312728888997 -0.01334203349133023 119 111 114
0.09879815474659837 -0.026000628671293158 -0.013742882333886985 130 121 126
0.09509552947251868 0.0172754069016563 -0.01069349360679328 126 116 120
0.06280901165835934 0.09913505615990009 -0.021941554429684484 114 108 110
0.05340955952529389 0.1371958321256291 -0.02195253175839736 89 82 87
0.11854912297258136 -0.06582313015121777 -0.021729445105009737 111 102 105
0.11679776701047517 -0.04493907487947357 -0.01336066699136377 115 108 111
0.11420817622347013 -0.03506120555822791 -0.01494082465256887 129 120 123
0.10461037330073841 -0.024580047901021695 -0.014324293004621569 122 114 118
0.10565934907572777 -0.008224935911569642 -0.013303437466250678 129 122 125
0.08758619021526011 0.07109353334819131 -0.01376931532259218 116 108 112
0.08311760659633147 0.09408000089398877 -0.014824983473719121 111 103 107
0.13883812483134533 -0.10728266597302949 -0.03028813306453826 111 102 107
0.11538977196506901 0.016233848657115052 -0.013287478507037723 124 116 120
0.115247724213052 0.02457251673172948 -0.013680105653915614 122 113 116
0.11531118871106272 0.03399536245890614 -0.013882188040184795 120 110 114
0.1047914767728299 0.06373383139100784 -0.015142389921394002 115 107 109
0.10454232204427827 0.0749053188822882 -0.014638921012265686 121 113 117
0.09705542326032346 0.08856405682137147 -0.020025607760191577 129 120 125
0.09428093619126673 0.10430903631693743 -0.01557657133504734 97 93 95
0.1454458282462832 -0.06513134584144314 -0.023323050899059637 123 115 118
0.11499689538252603 0.08438961495971166 -0.015246744811904467 130 122 126
0.11618907182645491 0.09601282109441063 -0.015233821538716608 116 109 113
0.13256410169573393 0.06549494682972783 -0.021322134297899014 122 114 120
0.1261096988247738 0.08515705294294841 -0.01529922488718029 132 125 128
0.11498741247479152 0.12533759148234594 -0.023091853247702163 107 103 106
0.14621040648811093 0.05708520255075986 -0.02222450989444813 137 130 134
0.14405495704689736 0.086440488994769 -0.014816117507420845 124 116 120
0.13499435066527368 0.09539444707104772 -0.015319362028588177 124 118 121
0.1355361586557436 0.10745859465485408 -0.020867343067666355 113 107 111
-0.14554238508447254 -0.12384777462312342 -0.02281448644817158 110 108 110
-0.1354260345150298 -0.09534555220859879 -0.02295743537190178 105 102 106
-0.1049880285457846 -0.12566199321732036 -0.014534879903004694 105 102 105
-0.10479229289674806 -0.10390084980889369 -0.014908535119300584 104 100 104
-0.10596929602340666 -0.07534404413711875 -0.01477789582976061 111 107 110
-0.11476435736307315 -0.046361812835297625 -0.01263207951082195 99 96 98
-0.1258575135740398 -0.024976374071688113 -0.025160886602929255 104 99 104
-0.13563908148383783 -0.01395230136546414 -0.025117491153965527 112 106 111
-0.134969938125607 0.004815588084360921 -0.023650754272891285 120 113 116
-0.13523855946169208 0.015543383370275582 -0.023039366737157195 130 122 125
-0.1450072456935806 0.03515287053552068 -0.0227046103882041 128 120 124
-0.06432834282824201 -0.14603073718099324 -0.004647364700393252 102 99 102
-0.06467896171194111 -0.1351226913935219 -0.005248177693456035 103 100 104
-0.08589600769739608 -0.04461456055842537 -0.004423525062676955 107 103 106
-0.09514460691577056 -0.03498594921228031 -0.0035537766058107113 103 99 101
-0.10619366330780726 -0.004929016880523403 -0.013511758170025985 106 101 104
-0.10492356483514637 0.004617558562543039 -0.01325001224311603 106 101 104
-0.07524590635883652 -0.014802410935480747 -0.005424362554496889 102 99 102
-0.08623949050925926 0.015176273573226998 -0.004431137308460603 111 105 108
-0.0954602600246263 0.055096098193095924 -0.014422465280981003 106 101 104
-0.10600121182101696 0.06467635869036574 -0.014052127802338705 114 107 112
-0.10522197668160091 0.09307911065757632 -0.013277678174247777 131 126 131
-0.02451268241018194 -0.1460496758630976 0.007675228493461006 98 95 99
-0.03538241819873913 -0.06497970471260044 0.016214307814207622 119 114 116
-0.04462371057413139 -0.02492422438745978 0.015333021945389155 105 100 103
-0.05522147059405484 -0.004443230459160018 0.0031734986778230063 104 100 103
-0.054854248758297246 0.0047296204121188914 0.005493445945329138 110 104 107
-0.07583215854151118 0.07478643518540076 -0.004341645141897976 107 101 105
-0.10500424625525673 0.12251614510436676 -0.020573054942964797 105 101 104
-0.004845319637067663 -0.13688710578895796 0.0065945198402050376 122 116 120
-0.005769660848674037 -0.1236481966368766 0.008068903327050209 132 126 129
-0.0045004644973225885 -0.08451354616558526 0.0160609885834951 122 116 119
-0.024341608106956694 -0.02410464345157469 0.014843492202962424 106 103 105
-0.035181433382881495 -0.004368784437505747 0.007041540328640588 106 101 104
-0.03589044573882595 0.005291932919935625 0.005844810408816814 110 105 108
0.014701875407569084 -0.14521855220382535 0.0063776819326256465 118 111 114
0.01474155905015969 -0.12481743453063951 0.007811950569227899 120 114 118
0.0051636663131919 -0.07558237192133153 0.016988406203821017 118 111 114
-0.006810606226574778 -0.03344175194282919 0.017620470246490348 104 100 103
-0.006394585807468594 -0.005994430199200577 0.01581583514001604 113 108 111
-0.01445241937565876 0.03471868555014279 0.015466483774276535 102 97 101
-0.057106287011492944 0.0965168820265301 -0.00234875768258083 103 98 101
-0.06596638458387495 0.11544912273802692 -0.011060247227005715 98 95 98
-0.07523396867166321 0.13467495481545746 -0.015099718606555802 100 95 99
0.025518760406217762 -0.13520858242841935 0.006070010178613463 119 113 116
0.02435764032484672 -0.11565239591705893 0.008015705457759611 111 106 109
0.023062018247894386 -0.0642528963243585 0.0153753537003451 131 125 127
-0.0057178310199370985 0.054152207853276985 0.01599714901916199 108 101 104
-0.044741841752453666 0.11477665579060849 -0.00338925493159301 105 101 104
0.04574892330321996 -0.10537189226083638 0.008048405240396982 128 120 124
0.034904388766798355 -0.0740059546576264 0.01518908571474192 129 122 125
0.016046146130329446 0.035483199854642884 0.01578133691077816 112 105 107
-0.02412802809002979 0.12484862595175315 -0.004835337638433756 111 105 109
0.057875262955919646 -0.11877533956722683 -0.0013876379719960086 128 120 122
0.05748948726482386 -0.08703803894964252 0.007794155821894898 126 116 119
0.044638975266439236 -0.023984054390749618 0.015381428438070515 120 113 116
0.03589368831185074 0.015094568390296968 0.015088840784358317 121 113 116
0.024967773627776035 0.026587501638311785 0.015159435488594431 114 107 110
0.006187572501504706 0.07371625809946562 0.006109216641824947 114 107 110
-0.014327042835284621 0.11466903055939316 -0.0054886003472065445 108 102 105
-0.02541930017510439 0.14491330635877728 -0.02096207487764168 102 98 100
0.06712635205981379 -0.11690985417563118 -0.002964016816414783 120 110 114
0.04537840259340181 0.023086845846131715 0.00676893827604072 115 106 110
0.02710688962666016 0.05515534780452339 0.006052420510757445 113 105 108
-0.014811553578787393 0.1446877737765157 -0.014053599046247311 106 100 103
0.08523642889219912 -0.14530435337430964 -0.013359729343385295 121 112 117
0.06466018861746702 -0.016440677494712726 0.0057348255183269446 127 119 121
0.0643188504523899 0.00426077213572475 0.004892276109930192 126 118 120
0.05591063939006946 0.02499191292947731 0.006192289281964969 118 110 113
0.03358921375706931 0.08431059561722032 -0.004196882585752871 109 102 104
0.024292657727001454 0.10448183555508003 -0.011609045902023385 116 109 112
0.01625947736503913 0.11566152621449868 -0.012570172027156434 113 106 109
0.005081513450575559 0.13464538262219256 -0.02154096712745468 113 107 111
0.09518390136022938 -0.13445118810527168 -0.014816266760414957 118 112 117
0.08430591503669306 -0.06537433615606886 -0.003846651195730022 120 111 114
0.08519279216631834 -0.054467688475035324 -0.003869796011793978 126 118 121
0.046914247252336456 0.07384042458280685 -0.003635023346293414 115 107 110
0.043494529132489995 0.08753631346004179 -0.01149851575346783 115 106 109
0.0248391901882974 0.13358576399818603 -0.014247112573817746 113 105 109
0.10530284202444118 -0.10622514657128888 -0.01551289485375773 122 115 119
0.10316946263699327 -0.09210992139309536 -0.012187465443109793 122 116 119
0.08394519350899361 0.006806173455894386 -0.0030541108398126626 118 110 113
0.12380269262334342 -0.12387499188137771 -0.022529857305686782 122 115 120
0.11491153004743183 -0.08542051596676627 -0.01536617439023664 123 116 119
0.10399385688605961 -0.01154732588990956 -0.01084223136076548 124 116 120
0.09492260155542528 0.013754146834299515 -0.005643367949075751 122 114 116
0.14491439410272702 -0.1448180212235047 -0.027040730926751532 115 108 112
0.13656954772085664 -0.1258744323300138 -0.02415347967017381 118 112 116
0.13587479251035112 -0.11390272059841829 -0.02430181266721726 128 121 125
0.12263857063542276 -0.045139504087235854 -0.015164285997929877 122 113 116
0.11555432078717123 -0.017473172289880656 -0.012663716305764183 124 116 119
0.1159123867473663 -0.004694571249839186 -0.013878184971097718 122 114 117
0.07494880591552179 0.10392094683564033 -0.014946703780907955 118 111 114
0.14610778761499865 -0.10693359885501308 -0.030987713189047028 120 109 114
0.14515209653008895 -0.08700367911712305 -0.023779121737359986 131 124 127
0.12420895544767445 -0.013290907506311211 -0.015325004276403431 115 107 111
0.12528876361289548 0.007036780210215277 -0.014785604827024956 129 122 124
0.10553062356043465 0.05565441108028296 -0.013965408457617021 122 113 117
0.0944457689183252 0.08653841458773648 -0.013864806817609328 111 104 107
0.09548998948067984 0.09645364686537379 -0.014317790866317546 96 90 94
0.1157764065090602 0.07425228255572759 -0.015531436329920751 122 115 119
0.10625450393681343 0.10526136733330123 -0.015448188210343205 92 87 90
0.1261618873990677 0.07483951959644718 -0.014571756118370293 114 107 111
0.1355305799805655 0.10492610572656708 -0.01605155184154443 107 101 105
0.14574076435420893 0.10394323095482953 -0.015981820787900083 108 102 106
-0.1459673296681444 -0.09492704022466632 -0.02420937540218731 93 90 94
-0.11367267520237903 -0.14534944238492564 -0.02179817804297473 110 105 110
-0.11558289830542555 -0.12486464306152524 -0.021892182531451032 119 114 118
-0.12493231647385997 -0.11491871557437203 -0.022653986288741164 111 108 110
-0.12549729031437756 -0.09424690452872266 -0.022507549428389936 104 100 105
-0.14451614704825563 -0.07432740958403315 -0.0314229710409701 88 84 88
-0.1455646739096316 -0.06552065397328524 -0.031609009221432595 102 96 102
-0.07582948173520569 -0.14499196227550057 -0.013336554466746966 101 99 103
-0.08508774536561278 -0.12535443084346853 -0.014858763412143351 102 98 103
-0.09646555282809409 -0.0944940288527846 -0.014617716968886234 106 101 106
-0.10561077144788242 -0.0648178880800248 -0.014288899237641851 102 97 100
-0.13488403475907856 -0.004074382753088478 -0.024626468037541243 119 111 116
-0.06491419641136546 -0.09511178899073557 0.006516919561067737 101 98 101
-0.06642655976562917 -0.07594611181938152 0.006301199734265461 96 93 96
-0.06487175803397978 -0.0648567217691005 0.005921809750927621 101 97 100
-0.0756573159056265 -0.0548191085617437 -0.004732090434382138 107 103 107
-0.094891527702311 -0.0341642419425871 -0.014093639822392083 101 98 102
-0.09496812356090646 -0.024389746757335736 -0.014866900608867068 98 96 100
-0.1055653909856754 -0.014937280100765253 -0.013656724422876331 104 100 103
-0.025900964676771922 -0.12476848276294054 0.00873372049137143 117 110 112
-0.07486776320195922 -0.005787054346367096 -0.0051368092791742705 103 99 102
-0.08574994138246707 0.0144218756588593 -0.01353249116178232 105 100 104
-0.11542891839400463 0.07505030643863085 -0.013572224126878089 119 112 117
-0.11527034398929331 0.08582553275819033 -0.012490029884185976 123 116 121
-0.03611533802438542 -0.02354851207577512 0.008415743916249885 100 97 100
-0.056017763854223246 0.007203229628388586 -0.0034765628377837476 104 99 103
-0.09527043594131346 0.08530142860025852 -0.012515949286444977 112 106 112
-0.09531591477301322 0.09433000115353132 -0.01214304122162647 123 117 123
-0.0038444793670489264 -0.06630019898298721 0.016815878338867798 119 113 116
-0.014228592438757499 -0.035137660455234726 0.016489539093115586 104 100 103
-0.035808464727965415 0.023771694555572608 0.005742004750585363 106 102 105
-0.07470727054714477 0.10533878225903903 -0.005479082998217093 96 91 95
0.015586216378955088 -0.08569526489322975 0.01593065121335446 120 115 119
0.006334610849116627 -0.055493149785546175 0.015639366437796474 132 127 129
0.005257941770507868 -0.02578858226152302 0.016783869873769664 128 122 125
-0.02655205132930907 0.06435415432882903 0.01529052587922433 111 105 108
-0.04461981259061146 0.08901142420007288 -0.0006273175974543799 102 99 101
0.014869346697439056 -0.00408044288403784 0.017443888747197548 125 118 121
-0.015734820995484303 0.07458893095191528 0.01545499889211613 110 103 106
0.0449590524836669 -0.06489755994697732 0.01483687322897946 124 118 120
0.024804602805959072 0.015003434932691165 0.01693187568582563 125 118 120
0.014792785414105392 0.029005427442550857 0.009706219547026551 105 99 101
-0.01499814526910355 0.0847706761293999 0.004687293472081228 109 103 106
0.04945430050906924 -0.02583450294573053 0.008831839535963448 132 126 130
0.04347299584208778 -0.013858320706702787 0.015039656311560446 126 119 121
-0.01362716710467474 0.10712787406451661 -0.0048271687594620815 106 100 104
-0.017690611966264258 0.119745006414119 -0.01004540359852557 119 113 115
0.06580174354552897 -0.04424374744947159 0.004301002548333233 119 113 116
0.0571337363056007 -0.0031074569631188154 0.006712182216916079 138 128 132
0.04463054462531073 0.033924558962712716 0.007012257706867218 119 110 113
0.09578418940771843 -0.12662096345438664 -0.014681065543207559 123 117 121
0.0855688970368769 -0.0762710226645742 -0.0037636326296132338 124 117 120
0.06601760037408622 0.015585850302283344 0.005047542763301269 121 113 116
0.02472707203574476 0.09368070177372638 -0.00459138274017011 114 106 110
0.0034289582563626353 0.13296557892341762 -0.014963977519887218 110 105 108
-0.001992905575059767 0.1405677447218191 -0.020484681107988623 104 95 100
0.0955891826312063 -0.08536723020390066 -0.013104443381373676 111 104 108
0.014897518994447634 0.13660850981690098 -0.02100723529531856 107 101 105
0.1257488550855321 -0.14444518041139406 -0.023822335325860075 126 120 122
0.11545347071761874 -0.09229043411618232 -0.020864693779713672 117 106 110
0.10439964041417993 -0.06407119129177097 -0.01292355306897294 122 115 118
0.09548299421251853 -0.01481027280017457 -0.0064636547460561284 122 115 117
0.09367008505250753 -0.004320413112037213 -0.00572776085131258 123 116 118
0.08657232185908997 0.015115661116986244 -0.003982428521251314 124 117 119
0.08487235937357393 0.02354737616780618 -0.0033364719432156104 120 112 115
0.07460828800800011 0.06275295901708217 -0.004893111138030856 118 109 111
0.06593122258875427 0.08445545847834213 -0.006190942281503742 117 108 112
0.11427373553194453 -0.025311395334983455 -0.013054908376319563 119 112 115
0.05578686529756683 0.11620885022085761 -0.015576102062139616 118 110 113
0.12544043770151683 -0.03406356794545746 -0.014743926947583369 120 113 115
0.11557545151795567 0.004616626400535338 -0.013111462170668498 131 123 127
0.10616163614243042 0.036504786125253604 -0.011244665066285011 119 111 114
0.10472318122540526 0.047339851667178974 -0.012387352850149105 122 113 115
0.12930315485870192 0.00378269760951222 -0.02009018134159135 123 115 114
0.1250985632125026 0.015423278825228415 -0.014870563343599177 121 114 116
0.12361009241447964 0.035271412348309446 -0.015157676483316037 114 107 111
0.11549202102055799 0.04518321667546517 -0.013701912151394867 114 107 110
0.11529431467468144 0.05431930585974796 -0.014413083432909974 117 108 111
0.13495863652549397 0.025141430777396872 -0.020853060572091797 124 117 120
0.12434313022484418 0.06330493000086174 -0.016503684135385523 122 114 118
0.1297162420227697 0.08164473993889731 -0.020082178508578297 124 115 120
0.09439684427329385 0.14377903321680255 -0.022945433292275576 113 108 111
-0.09431773416601066 -0.14589697572966703 -0.01505180976918211 100 98 102
-0.12434983521047324 -0.08553311458030606 -0.014201743964489427 102 99 102
-0.13532703851373282 -0.06455855971560671 -0.02422360477808696 103 100 103
-0.06599414218736444 -0.12467069852964305 -0.005054443772782093 106 103 107
-0.10488045341197873 -0.05472476851981288 -0.014802683489430325 103 98 102
-0.03572488599086489 -0.13514646110100179 0.006439936979294079 96 93 98
-0.05560427542156755 -0.09469011625298064 0.006428480633727258 104 99 102
-0.06541408683980894 -0.054073994616676585 0.005877018103006979 101 97 101
-0.013499412595498741 -0.1362198042943524 0.008599564538106267 118 114 117
-0.05473363119641184 -0.03502866973081042 0.016892047098440967 104 99 102
-0.0653683882617082 -0.01419966271707653 0.005290952035282766 104 99 102
-0.10479669451485663 0.03580690203805871 -0.014320782684931213 110 104 108
-0.10474058462053536 0.04464558372798683 -0.01416956350180654 109 104 108
-0.12443091368301272 0.1262098262122636 -0.014625339794295889 113 106 112
0.015197828639667371 -0.10614147247324625 0.008289838241284228 121 115 118
-0.014779804960794674 -0.005900321024531919 0.014504889224228533 107 102 105
-0.036334030759484125 0.07481954046801283 0.016204524377014848 111 105 107
-0.05504417760903789 0.09453911155974251 0.004806753522149593 105 99 102
0.005804640775499942 0.055217156675163706 0.014436701856215076 116 110 112
-0.05552967605192389 0.145510633602702 -0.015590600634779265 98 93 97
0.07513199995906447 -0.1370890486969071 -0.011900885106721687 124 117 120
0.06596051486426706 -0.05574163118496232 0.00602831672821074 118 110 113
0.046766161353597825 -0.007033045593021854 0.015690562081442466 127 121 123
-0.005452890047038595 0.1165329300293053 -0.004633821025855237 114 108 112
0.10546798642230784 -0.11512369454245851 -0.01415745617979336 115 108 111
0.07495605003265104 -0.010450678679000347 -0.0025752250943851807 120 110 114
0.04439665538522514 0.05330223375838096 0.003444740118988384 116 107 110
-0.005333526310622787 0.1449677307097407 -0.01430188740383614 107 101 104
0.11443416490496608 -0.10547721875064568 -0.01594333621944683 122 113 117
0.11637313869838088 -0.096260269670622 -0.015268174056568789 126 118 122
0.09590936703702797 -0.025329648402986266 -0.0055888396550828195 118 111 114
0.03585901063243351 0.09472202167399121 -0.006127658816656921 115 108 111
0.13580086425524926 -0.13473209449981335 -0.026021045572297175 119 112 115
0.12498745672312896 -0.0838075460506794 -0.01594291791647117 122 114 117
0.11524802917804397 -0.0653457462158621 -0.015358295006290188 122 114 118
0.09532641161136482 0.005107941710100523 -0.005916442729892034 129 121 124
0.08493039483105526 0.03465940472424928 -0.0030729453418677313 121 112 115
0.056053130272502506 0.08468419623567283 -0.006641294699782203 117 109 112
0.14648822617575813 -0.10471276907135296 -0.024324991747306304 127 120 123
0.1252279119794556 -0.026693598826174267 -0.014604751509601221 120 113 116
0.08535407418770613 0.06441370558229692 -0.007386340643137331 121 113 115
0.04526551405889273 0.12551502777803747 -0.015693220260560917 110 102 105
0.1248814678715038 -0.005832367626298726 -0.01373744589033779 118 110 114
0.07515008523217982 0.11510119497982363 -0.016382647515592236 113 106 109
0.06542829437288421 0.12594245186418485 -0.01756600088316666 112 107 110
0.12441682815895538 0.026459662825784443 -0.015205123595346632 124 115 119
0.11476754949587312 0.06559588029672263 -0.014214931286520592 118 111 113
0.10489585151197668 0.08565878160107376 -0.013793172769909276 132 124 127
0.0852257497657849 0.10586397336601464 -0.016364907505176666 108 103 106
0.12646632496201604 0.056099099393964846 -0.015477515544491208 119 112 114
0.1365841054844737 0.06629320120992825 -0.015275266065727298 120 113 116
0.13430618565208916 0.11505596558365623 -0.017842437301820058 93 87 91
-0.1453252238351576 -0.07555487945279901 -0.02448288461860694 95 92 95
-0.06557659389018547 -0.14453870115963818 0.006973429875759686 91 88 92
-0.08572070493292136 -0.10536972825904568 -0.0036065850804670014 103 100 103
-0.13542939602987014 -0.036421954587585965 -0.024737153128162936 102 98 101
-0.07522164007275879 -0.055070904373045064 0.006779053562427025 100 96 99
-0.10570505578546877 0.024693646636640178 -0.013499514164987065 107 103 105
-0.004221114970096645 -0.11501758220361732 0.008446705910668807 131 126 130
-0.046078238693765906 -0.025693488356722003 0.006085850259231275 103 99 102
-0.07569178343203684 0.004894498289433962 -0.0039984546245477705 104 100 102
-0.07477828639939725 0.014925522214079709 -0.00449531292106534 108 103 106
-0.03417714222569267 -0.015220520440142172 0.014426765187588243 108 104 106
-0.03630369209259642 0.05541872763875187 0.016931795162464052 109 104 106
-0.06584280125386113 0.0942696349744603 0.006745380041227588 107 101 105
-0.07505187925374857 0.09563156657563693 -0.004781177731577549 103 99 102
-0.015914550133137344 0.055888569913372696 0.016120691805428515 106 100 103
-0.04537028601276343 0.09490802305512731 0.004521331500820519 105 100 103
-0.005421583808406128 0.06563597708875253 0.014063183772283914 112 105 108
-0.02474463614399208 0.09500030463982088 0.0061471233446754245 109 103 106
0.025925535483652454 0.03420223100802647 0.01488603050977099 111 104 107
0.015974359937316572 0.04493035125923291 0.013607034193638779 108 101 103
-0.014761063187628324 0.09473166129579144 0.005108045221775986 110 104 107
-0.04472214550476887 0.12600484599401324 -0.004977776449488971 101 95 100
0.035501857873803326 0.036127633636549486 0.01194097747985201 114 106 109
0.013840508158166587 0.07423775431800243 0.004617101527640355 112 104 107
0.00473712468766949 0.08487501571885797 0.00472605714690207 114 106 110
-0.034457820372304444 0.14589158595345972 -0.0140207098712236 107 102 105
0.10530930293417773 -0.12536960839023886 -0.01512187959236011 123 115 118
0.09369973248137874 -0.07414230991975593 -0.004874155663023211 123 114 117
0.025270836159596532 0.07541208827162589 0.002954585371418202 110 102 106
0.005921135172161809 0.10424108680080701 -0.0038830288166502177 112 106 109
0.0045977331617879655 0.11564975185100113 -0.004968872932162682 112 105 109
0.13313206547819417 -0.14588716193347417 -0.025493047451187374 133 126 129
0.11511141133859784 -0.11721895143388394 -0.014629984823376005 125 116 120
0.09196507194853928 -0.03707401773282305 -0.0043098213388189964 124 116 119
0.06510322771334537 0.0347238005693746 0.004381580014468808 119 111 114
0.1444596494786246 -0.13435370256443172 -0.026159318358945916 122 115 119
0.1249931021270662 -0.06634954343746693 -0.015747990581017897 127 119 121
0.04551056632501677 0.09364940419325621 -0.0061476338776636314 116 108 110
0.015628184266884122 0.14582835728745683 -0.014408314541974642 105 98 102
0.09639249484663329 0.025660609751083377 -0.0055478093387236575 124 116 118
0.07618772169912523 0.07505808485672262 -0.006602935737310032 118 110 113
0.06493234713493176 0.09473185298118622 -0.008005730747328091 117 110 112
0.036178840249838994 0.1343781153713947 -0.015035904146899334 113 105 109
0.027080840558636528 0.1455635729875847 -0.01625060161987723 111 105 108
0.13292311368568405 -0.015831449620811715 -0.01576134741513424 117 108 112
0.06492761092399284 0.11429489445420689 -0.014212238959995167 117 109 113
0.0542272581706162 0.13483340609954053 -0.01621755975955023 101 93 98
0.04381835480836449 0.14483713363300393 -0.01567560818814553 104 98 102
0.1428930255576029 -0.015226613011516128 -0.01695377863833721 116 110 113
0.13407787912880573 0.0037717188535830726 -0.01636028462196395 122 115 118
0.13434409888207455 0.023948570194508904 -0.01598985552675957 117 110 113
0.0959160544209593 0.11421452527722975 -0.017292262322993673 89 82 86
0.08669750922293315 0.12577214478412196 -0.017763731335073276 115 109 113
0.13525060074992692 0.0744422611957727 -0.015208391192381416 120 112 116
0.11480560854926591 0.10298250755191148 -0.01580694941088655 95 89 94
0.1047333039551187 0.1129246991448728 -0.018781508807738562 88 82 85
0.14430762627331387 0.1138979422408427 -0.01649512011484883 86 82 86
-0.09593029988047289 -0.13550642947917232 -0.014271420093893832 102 98 101
-0.0540597393381156 -0.14560067289849918 0.005937319065458679 89 87 90
-0.05583785423253695 -0.12506163169213694 0.006349319527667031 98 94 98
-0.12561684119695893 -0.04448581338876542 -0.024314179324350427 100 96 100
-0.10568357813692823 0.01569719898659932 -0.014394165789844232 105 100 103
-0.024157053026986362 -0.004735978673302692 0.014669460105659842 108 103 105
-0.05507296016951831 0.025030991818815376 -0.003304383002003669 108 103 107
-0.1051032883242755 0.11594169628871252 -0.014762337990985612 111 106 110
0.04503689646899327 -0.056112657936770886 0.013901499777845857 124 117 120
-0.06547096460472289 0.12502156256970265 -0.0055835590760907145 95 90 94
0.03465816010890306 0.02515395355450199 0.015470002230087064 114 106 109
0.06630241960872155 -0.006019256059007896 0.005719526146814299 126 117 121
0.05439218666815119 0.04410649666445237 0.00443266768228825 123 114 117
0.13471892012069667 -0.10721438771269425 -0.02209517423490877 114 108 111
0.12579424708579276 -0.09568988512199 -0.015857203052265168 121 113 117
0.1325737556540482 -0.06428361096528533 -0.013550890409837701 119 111 115
0.005398157042488805 0.14544576768492629 -0.014573187139022097 106 98 103
0.08415960162736816 0.11505055889798389 -0.016478814076720243 103 96 99
0.13570480155586367 0.04613086594505637 -0.01695034055254509 124 117 120
0.12510076367506098 0.10662544043976098 -0.01685993030948888 98 93 97
-0.045210828863213086 -0.033486661631528615 0.01424880599559574 103 100 103
-0.024674596187488688 0.003709740070371166 0.008409407619857001 105 101 104
-0.035398453719577186 0.014965413366411235 0.006403922157618158 103 100 103
-0.024876378190203784 0.07470622079660066 0.01506040738763708 110 104 107
-0.0651471366437266 0.11571145433819177 -0.005045040184205112 95 90 95
0.02510218884289156 0.04603997244418053 0.012169523986843475 114 107 110
-0.004454669247525941 0.08532045115092744 0.004771416050650679 109 102 104
0.14534577769264465 -0.1235078136219364 -0.02588400398620074 116 110 114
0.12417765667894368 -0.07323835664257031 -0.0169040763799867 122 113 116
0.01474214064492832 0.10466706002219422 -0.005050190482987527 115 108 111
0.14461107315563695 -0.07583218572454825 -0.02214726806222131 120 114 116
0.1329470532126571 -0.05231919578950715 -0.016616888797671994 118 111 113
0.10526162827729413 0.004114752571842119 -0.0063352522874029205 125 118 121
0.08483903029032087 0.04419515864319935 -0.00574951811646656 123 113 117
0.13544807877870918 -0.0035512894231571465 -0.01647757962563569 121 115 118
0.1143407388899423 0.11549544923812124 -0.017382899444787915 87 82 86
0.10390239040411327 0.1245199826789201 -0.016884751995053997 90 84 88
-0.10597102392809307 -0.0456980978607898 -0.014226679054428266 102 98 101
-0.05655295701234692 -0.04593436102963659 0.004672277291663601 104 101 104
-0.05617576713689549 0.045515708084154394 0.0068990509839939535 108 103 104
0.09622218479101806 -0.06629722447605105 -0.006210956866990197 118 109 112
-0.06508709584536107 0.14425977864201978 -0.015116781228451354 99 94 99
0.15190560647776402 -0.14379917668413741 -0.026598169145003958 108 103 106
0.06429465623488485 0.02551691946819421 0.003312608579408627 124 116 119
0.1261130909075855 -0.05515826287977721 -0.015762112225637753 118 110 114
0.0949315033959117 0.04614766797661032 -0.005551733542338037 123 113 116
0.08343716680344587 0.07432727649021627 -0.006720898738709217 116 109 112
0.04357901793269099 0.1361977623086699 -0.017562460510771608 111 104 108
0.07491691702040613 0.12328185243114342 -0.01621941953023731 114 106 110
0.092613526134699 0.12542526920999922 -0.017190078059336384 111 103 107
-0.06547173306598317 -0.11540241353404929 -0.004325390247542549 101 98 102
-0.12560899708129622 -0.035087781990576696 -0.02358826631507231 101 95 100
-0.07656960851419584 -0.0338008618053992 -0.00581123147458699 105 100 105
-0.1250116942536241 -0.015311277658750401 -0.02410605295464261 103 97 103
0.0897423552691079 -0.10972557333837951 -0.011365244960707566 118 112 116
0.04509005775868581 0.014778543759647721 0.015567603597068259 117 110 112
0.1456148468636235 -0.1140146708325772 -0.024759826636821178 121 113 117
-0.12527964732449565 -0.10537206018326159 -0.022090194911168363 112 108 112
-0.08542911981847728 -0.0067825381349668765 -0.013494096291880612 106 102 106
-0.09524149951186428 0.06546115537568277 -0.013561684590528558 103 98 102
-0.05410473630789872 0.12563950746810595 -0.005275997513324952 93 88 93
0.0359903316545542 0.10319144264711731 -0.0055292139610506 119 111 115
-0.08540958190847403 -0.07478245264102222 -0.003482547402989456 103 99 102
-0.10522200429888882 -0.0340762132626871 -0.013352283817443852 103 100 103
-0.09631700405296298 -0.015323584873821202 -0.004418442348896634 108 103 105
-0.0560465998043911 0.014219683157432116 -0.003563605614754428 103 98 102
-0.005615121014541064 0.09583807253933002 0.0056748479668011775 109 102 106
0.13520388424015983 -0.07566854843286674 -0.013299530093702563 124 113 118
0.13555169936600375 -0.04453186983106745 -0.014633520788958809 120 113 116
0.01558658790623567 0.11395273905314977 -0.005549386580532756 114 106 110
-0.004928739874389858 -0.14262693986610422 0.009126345038239872 115 111 116
0.08622897366647389 -0.04031564535033422 -0.0022345940955860177 126 119 122
0.01540725505842158 0.05478568513326007 0.01430773956675991 116 108 111
0.04486382579210603 0.0647434765772854 0.0037131996759116347 116 108 111
-0.12455046699051538 -0.13483358462009004 -0.022318122172776136 106 105 108
-0.11450284856372824 -0.07510593944508613 -0.013902749158493736 102 99 102
-0.055685536971713176 0.01527729783971793 0.006092388822974294 109 104 106
0.005422266291215543 0.06415292422646507 0.016082000692762118 117 110 112
0.055412683492416834 0.055395590043044174 0.004156341681955655 119 111 113
0.015231199361353637 0.08492731301532953 0.0047227444166265216 118 110 114
-0.034912923652988426 0.12570444612382317 -0.004691159223817285 107 101 105
0.026013328617388722 0.10544338291565863 -0.006085711277925726 117 109 113
0.13782442749308532 0.014123908899610349 -0.01686042850666003 123 116 120
0.14806145749470156 0.02457903734422316 -0.015735620686499825 128 122 124
0.12430556275865573 0.1127412951121674 -0.01775023357630381 87 81 85
0.14482507773392103 0.12599033367940626 -0.015488411005865468 102 98 100
-0.1348498464135844 -0.054385707187620286 -0.023746483532382803 99 97 100
0.10544157502438933 -0.05362493114257781 -0.004087615271405928 121 111 115
-0.015104793771938543 0.12507372427365793 -0.004849605802878887 113 106 110
0.055301180082495904 0.14624486091485941 -0.014758955905103103 107 101 105
0.11592966520983017 0.12536754969372424 -0.014172079893371199 103 98 101
0.1351977552061533 0.12419157281216975 -0.015992038581289503 100 95 98
-0.07660876005103821 -0.09524608529851702 -0.005073512757473462 99 96 100
-0.07592660125469913 -0.06523788792473985 -0.0041698456334583345 108 104 108
-0.034715919870577906 -0.005025709518442559 0.016142681119853043 111 105 107
0.04420945822606224 0.07713786960320104 0.006123780562455454 120 111 115
0.05371878856379343 0.09390765852795524 -0.004828340226207289 120 112 115
0.04419507319752088 0.10359525196377717 -0.007243006050713707 116 107 111
0.09301983116442224 0.13438479688827043 -0.014244974892669333 112 107 110
0.12560353904621172 0.1258276529852793 -0.01563167225596318 106 101 104
-0.0753856168221851 -0.025446701618996145 0.006503777611651808 107 102 104
0.0991471413064419 0.05763489016884857 -0.002372297308021687 116 106 108
-0.09669788267117037 -0.04502437307151456 -0.0025428030673052154 107 102 104
-0.12300998581319857 0.05447798121052645 -0.008675393181799091 115 111 114
-0.06599980642690913 -0.10542762999243835 -0.005334054038318077 98 95 98
-0.07480101889571142 -0.07453783392660236 -0.004170016481127858 102 97 102
-0.1248018338344784 -0.06520697762396781 -0.02332611883632921 102 97 102
0.14558666687635952 0.005269319447174703 -0.013742592404228881 124 117 119
-0.05501262363990462 -0.13490175689816605 -0.003355767242482036 96 94 98
-0.09627196911726596 -0.07594198073927046 -0.014878568594324942 103 98 103
-0.12564350470722258 -0.005880453119538558 -0.023713146600889953 107 100 105
-0.0854197451754662 -0.10584207207181771 -0.014852322778931944 105 101 106
-0.07486542973300388 -0.08479906961921314 -0.005216944151283761 99 95 100
-0.1255068624764215 0.005643658023931254 -0.02415153270845762 121 114 120
0.0148069661335305 0.12610716193612367 -0.003247285456302512 116 109 114
-0.05632257412943486 -0.14521330665588492 -0.004090166427828811 96 94 98
-0.08574019579887855 -0.14480365747105187 -0.014329805566752873 96 94 98
-0.11618170252506084 -0.13509517642408575 -0.02187541847030826 108 103 107
-0.07662185750743733 -0.1256159232610146 -0.012793035402169993 102 99 104
-0.10425771422993509 -0.11500625646383643 -0.02101749663238763 115 111 115
-0.11607001864267787 -0.10576460653835335 -0.02146933331425603 115 110 115
-0.0640903140344146 -0.09515182737435687 -0.005455531072441055 100 97 100
-0.08621567594104942 -0.09440347760355104 -0.013902293534260169 103 100 103
-0.11504305728981958 -0.08551116565231191 -0.022382285919029438 106 103 107
-0.05477198484846327 -0.06475086782543321 0.005603098383086147 95 91 95
-0.095824594115568 -0.06498747813536236 -0.014461021308246558 100 95 100
-0.11663864867628611 -0.06405904022431436 -0.024257454685903946 99 94 99
-0.07460366623732008 -0.04618297081066171 -0.0049795447395146915 101 97 101
-0.06558042474305714 -0.024866615492299644 -0.003409945074751656 106 102 106
-0.14464135835088632 -0.005439615834142382 -0.030370844040461364 140 130 137
-0.11378957073534364 0.005012309632503916 -0.02501624897103733 99 93 99
-0.0844606072067605 0.024160475375731863 -0.013296227393357833 106 100 105
-0.036172090282947766 0.03513004430920354 0.0043742875444210405 104 99 102
-0.1162687005815807 -0.09528077444227182 -0.022210654758545046 119 112 116
-0.04678850228636876 -0.07513062364758646 0.006033849522734746 94 91 94
-0.09591024294968935 -0.04518741195046457 -0.013932592579498467 101 97 102
-0.11596025303035322 -0.003403818635982221 -0.025461521285171842 98 92 98
-0.11468139937734868 -0.07454542241074823 -0.023055271946593528 98 94 99
-0.09485769819944134 -0.05343776023412622 -0.013600621613233055 101 97 101
0.08686147390931179 -0.12656538046800123 -0.011111156421189289 126 117 120
0.14961603721684413 -0.13765378010614404 -0.030719338766034165 102 96 102
-0.10445523126682096 -0.13633036142531751 -0.02109461345279845 117 113 119
-0.07568252582474562 -0.1160484264420587 -0.012891302852432574 103 101 105
-0.03644374304773732 -0.09469402142447875 0.007360290033992351 100 98 102
-0.047752187590712446 0.004956008035257007 -0.0007154462827420235 104 99 104
-0.13531611079238104 0.034249248844612265 -0.02163897102157881 126 116 121
-0.02564280264867875 0.01638288823748526 0.007351644530494232 109 105 108
-0.035609403841663785 0.045170255006306545 0.005352200573041358 103 98 102
-0.06549123818483885 0.0546418444945034 -0.005600661625384129 107 102 106
-0.09495794609380347 0.07532802207404397 -0.013813768012756068 104 98 103
0.09327200067993999 -0.14333314166122071 0.0019526510740364433 122 114 120
0.07364119690841758 -0.06538430272545574 0.023112428142522307 124 116 121
0.07432544695709453 0.0053006436212613165 0.022454953590951177 123 116 119
0.1348809199903451 -0.02488368503323519 0.0023092459681271476 119 111 115
0.03513461012687887 -0.13356876350015703 0.022596721362220476 138 127 134
0.10466531827232756 -0.13426571201899523 0.0015845297541328437 123 116 124
0.0838311021273826 -0.10527606202104862 0.012339320542494517 129 120 127
0.024197031616248473 -0.1350777744836965 0.023004422605350433 133 124 130
0.08489215877730054 -0.07495264669718894 0.013299740907551687 123 114 117
-0.06397652808186446 0.056804488047203706 0.01124864277254869 111 105 108
0.053795447876463204 -0.11500669094016056 0.02232858453483676 127 118 123
0.13371302421386147 -0.07426287085086228 0.002274946113403969 122 114 120
0.10338526565167229 -0.035177408912898424 0.012388388634829202 120 112 117
-0.057150166155606565 -0.12436691963102606 -0.003962835511566054 102 100 103
-0.11394082916225223 -0.11520600766876603 -0.02230403603508417 115 110 115
-0.0657763920727568 -0.05531235059447245 -0.0026066493488966624 97 94 98
-0.11524477778579523 -0.025151446212630546 -0.02548067609833908 103 98 103
-0.10323625348168837 -0.1255269977292714 -0.021445042093254374 116 112 117
-0.09564179386645412 -0.08419612462107372 -0.014636477657638626 104 99 104
-0.008119875958148337 -0.08729090938946005 0.00964889583821793 117 108 111
-0.14499507349407786 -0.04760317827844449 -0.03220066764515981 114 105 111
-0.04580144706347922 -0.04360498183493786 0.008099286553168583 99 96 99
-0.09548041501193655 -0.014728314276497897 -0.015899147079644932 98 94 98
-0.02204766832360361 -0.015943649142931768 0.009027253536915247 100 96 100
-0.11460443185448915 0.0244780830674717 -0.02356430720750607 116 108 115
0.06414277546292455 -0.09509630952544107 0.021782897868227874 128 120 124
0.06498577322286009 0.004524801595526478 0.024182719184012484 126 118 121
0.11462769118825421 -0.12341240445731377 0.0016809264286936632 121 112 120
0.13460282825461178 0.03470140259234299 0.002294139477518318 127 122 126
-0.1054901567961013 -0.14530260730870198 -0.02100723948441345 111 106 111
-0.06536067679372111 -0.0351357249775064 -0.002586406234320915 102 98 101
-0.02772567579108068 0.023289297689066454 0.007055824793704003 108 106 108
-0.05579619496844705 0.03496989019995584 -0.0042958456338081374 106 101 106
-0.14440946723931686 -0.1448976023329388 -0.023284569862346616 105 102 105
-0.08506646519782066 -0.11583071463119747 -0.014543086679030268 99 96 101
-0.08531577570440096 -0.07500707495867621 -0.01235038117048908 104 101 105
-0.14562833906666386 -0.032817695900995064 -0.03126817758996441 133 125 132
-0.004977774651311277 -0.14516996351282094 0.023442560292124333 109 103 108
0.025142582519579355 -0.14382751407311908 0.022323434873225467 129 119 126
0.0822730000033373 -0.11348486758854825 0.012432807674020248 125 119 124
0.04381362670805539 -0.12407821071669416 0.022632998249269305 132 122 128
0.07404022428838776 -0.04447504931679519 0.022292114514636516 126 118 121
0.09396747873257941 -0.0351404146203597 0.013354212093972102 124 115 119
0.10415816646069807 -0.014922276801371157 0.012186991271912154 121 114 118
0.034916618621407616 0.09491575809019093 0.0130689091146271 121 114 116
-0.0671750148237987 -0.13362576552836702 -0.011064807018851652 98 96 100
-0.0764659121302688 -0.13541111598032932 -0.013765699574797641 97 94 99
-0.0459347053241681 -0.08481395098739437 0.003870792187383232 93 91 94
-0.07514247422890087 -0.0961260073671239 -0.012151596793498948 104 101 105
-0.10368439262572621 -0.09176424695241889 -0.02030415931131485 120 116 121
-0.043630423849973655 -0.06543966475577206 0.007650983220860564 94 91 95
-0.05648615113843281 -0.07243476101604666 -0.0014465341669013625 98 96 100
-0.10698905569173892 -0.05550807197540314 -0.02213243507739454 102 98 102
-0.1345598714240765 -0.05548929180743932 -0.03178452569297836 111 106 112
-0.10594437067448358 -0.03504052352435568 -0.02291187703218638 95 90 96
-0.07854085190262243 -0.01771067083419675 -0.012021165920447885 111 107 112
-0.11493012304168126 -0.015390834612258602 -0.02575982558860662 95 91 96
-0.0744834848365781 0.003209438607689534 -0.011687774854624007 100 96 100
-0.08513202457636034 0.003891339571696453 -0.012995796122080894 98 93 98
-0.11456726389890196 0.014494642203671457 -0.025007989480164194 106 100 106
-0.04664488145391288 0.035401919898346866 -0.0017927477458615378 104 100 104
-0.0854460433408645 0.035008707001561376 -0.015462684022195038 102 97 102
-0.05544105418843155 0.05485567854504246 -0.004068462047177087 108 104 107
-0.08475721497017069 0.054914536930460424 -0.0136198093971712 103 99 102
-0.06548360381031604 0.07514627612894548 -0.004567981796194058 105 100 104
-0.11505279746648012 -0.144998869345042 -0.006537166431571702 125 117 122
-0.13487353714830036 -0.13519291092022934 -0.006247787179906642 127 118 123
-0.0013919340897964039 -0.1117407271224472 0.03038168695675214 133 127 131
0.09244455797580108 -0.114182103752814 0.01178304992417716 126 118 125
-0.003448596496226414 -0.07537710130801409 0.031909970382274694 120 112 117
-0.015538343008969398 -0.06641553066416665 0.031432923921345765 127 120 124
0.0934318148367153 -0.09445068753154 0.011712593114717364 126 119 124
0.07323194390465927 -0.07475215426274105 0.022000443456685552 125 117 122
-0.015090872331307464 -0.053860085514142876 0.03163628083669722 130 122 126
0.10345618123804803 -0.07454424934202963 0.012481132408913687 116 108 114
0.07255875227077167 -0.03502511260540555 0.02342489941028352 126 117 120
0.053721040082089375 -0.024970695828418824 0.03204926329850458 125 118 122
0.10384667124709863 -0.024934687742065018 0.011896735422969894 120 113 118
0.07425257487073486 0.014244429816285414 0.022459272022284222 127 120 123
0.10523678031452476 0.01504908027057855 0.01222271185670988 121 115 119
0.10378258866612326 0.035157468188998404 0.01158787779968351 127 121 124
-0.13548432678261468 0.1354236087171418 -0.00845501766596977 113 108 111
-0.10539067855838104 0.1454677226881813 -0.008703454922791414 114 110 111
-0.12410073886921397 0.14348594789155372 -0.00871145836970928 119 113 116
0.07288897891544968 -0.08486648864787324 0.021854288682638456 127 120 125
0.14228991003727737 0.024340311981466196 0.002353600795655608 125 118 122
0.12402498312210504 -0.11369567559713145 0.0014367950497904574 123 114 122
0.09399716912422523 -0.08576307734588759 0.012471862300052382 123 116 122
0.10393354379320202 -0.044752478892609526 0.012217197424705497 119 112 117
0.08221501002067043 -0.03457594078739777 0.021954983422922375 127 120 125
0.09405408130111681 0.044415781102645914 0.011529484748799635 124 117 120
0.10487656730503399 -0.05422960006648374 0.011915256412062203 122 115 120
-0.048368072943962594 -0.13493568543673146 -0.002181371432023201 94 92 95
-0.04603988318867536 -0.05280893495476899 0.007288827172125805 93 91 95
-0.06414959975460045 -0.08494866172371358 -0.004662723190000212 97 94 98
-0.07706161777883766 -0.10467736322129903 -0.012374811129156074 104 101 106
-0.0667705865646137 -0.06569431620678993 -0.003930862349470093 101 97 102
-0.06674942660692865 -0.044084967476899724 -0.003922469762034508 98 95 99
-0.017378663245838494 0.025859341073268132 0.007959291766552487 104 100 104
-0.05500225293887606 -0.004514013490203657 -0.0019613071075907235 103 98 103
-0.02609672180136974 0.034488958777215584 0.006124822583752946 103 100 103
-0.0857008386794302 -0.024241151221362268 -0.01177535855987207 104 100 104
-0.03465363755620762 0.05560426085644509 0.006738328120842216 107 103 105
-0.11597665294412683 -0.044120137684240016 -0.026311922340486054 107 102 109
-0.13456771073356966 -0.06390992920874954 -0.031045569583982146 101 96 103
-0.0544552158194255 0.04488062429691068 -0.004180562521736445 103 98 102
-0.10554936855071749 -0.006530548757146363 -0.022871183765724997 92 88 93
-0.13562145460382666 -0.04521156481297046 -0.031737641956034394 103 96 104
-0.06483534486663116 0.06406804581812618 -0.005226055363505339 106 100 104
-0.10414665522667525 0.01598395738677704 -0.023270846878469722 97 91 97
-0.1044509741956684 0.033841108454264815 -0.021956864345750633 113 107 112
-0.08546331485906676 0.07437657646854454 -0.013511661077007395 99 93 98
0.13421663141888385 -0.08416282727828618 0.0020911772067546243 121 114 121
0.0944523745511493 -0.0751352400636196 0.012555774910824175 124 116 122
0.07244205875280095 0.02465868334533787 0.02272512579207583 127 121 124
-0.048138378390456926 -0.10604926444545773 -0.0015441843478091188 95 92 96
-0.0553178534374496 -0.11482037355820122 -0.0035999642860861103 100 98 102
-0.05581842726655928 -0.08423463293923024 -0.0028349940104440557 94 92 96
-0.05473068648974565 -0.09605716100918524 -0.0030826973473596754 100 98 102
0.05365811740552671 0.05473156172748461 0.022775315341076408 124 116 119
-0.08611134544899074 -0.08475623209339551 -0.013157138002354785 107 103 107
-0.07746092038185709 -0.03492303191135498 -0.011065984092050563 95 92 97
-0.08375909215708659 -0.04379435198415457 -0.01204610781200377 91 88 94
-0.10643965397460939 -0.07365486449395871 -0.022133671210137137 112 107 112
-0.07576090077505107 0.015066700178238936 -0.010879515891186362 101 96 101
-0.10628192157633778 -0.024200491792273085 -0.023439348316422026 95 91 97
-0.12644517814283637 -0.03493169071034423 -0.03162756975617061 105 101 107
-0.1433307865523983 -0.054740685697004694 -0.032133287059018585 116 108 117
-0.05521121814408378 0.08435582196821577 -0.0022434653664585454 98 94 97
-0.08440739150141754 0.046205283632082796 -0.01505716744370237 105 100 104
-0.13668002684056407 -0.026288910060529865 -0.032394446257578105 134 127 133
-0.08513121097450671 0.06370662390411365 -0.013639786886550249 101 96 100
-0.14707666434773012 0.09624851933771586 -0.02216882089745991 101 94 101
0.0730144187568891 0.03426732045252393 0.021498506640584364 124 117 121
-0.06627839995072977 -0.142733388233221 -0.010679623082571199 99 99 103
-0.05493345594145123 -0.10524560491408091 -0.0027652899484875704 101 100 104
-0.06483991251174812 -0.07497977203434812 -0.0036168738462037464 99 96 100
-0.05723070129765635 -0.01733192162278798 -0.0023776277134196057 93 90 93
-0.0855892655167285 -0.06700793677978749 -0.01260956978226754 104 99 104
-0.024005767276003086 0.045675103070279055 0.00760232393704755 106 101 104
-0.10923357512530574 -0.08174615957163017 -0.02378903982239655 114 110 115
-0.0854266166593354 -0.014987198126403959 -0.01281681136619122 105 102 106
-0.1480838108071506 -0.0822582037410277 -0.03169059715247591 102 96 101
-0.09650503349455404 0.0017759610701373236 -0.02060922722336415 102 99 103
-0.11740744465647968 -0.028458260897069654 -0.03020134963763832 113 109 112
-0.07400238271900436 0.05502994365726689 -0.01210850340120316 107 102 105
-0.09507903080718179 0.02789647901720624 -0.02150836749358398 96 91 96
-0.10441190615157975 0.004909338860259274 -0.023145363280289804 92 87 92
-0.1475139594344197 -0.014993720124734248 -0.03143128984498763 113 107 113
-0.08410741195305423 0.09555511985099405 -0.012500486827211246 107 102 107
-0.1456912045093679 0.08539534514456894 -0.021897083755437863 105 100 106
-0.14459857369065332 0.1046014455395805 -0.02209405329692273 104 98 104
0.14343683923182257 0.004435747331988149 0.00300832048678178 116 110 114
0.08304618241576203 -0.024008360632352812 0.021143066360104323 125 119 123
-0.03778881125414424 -0.07844399430448364 0.00827928780005168 96 93 98
-0.06942065244171436 -0.11694198862078344 -0.011187606401780459 110 106 110
-0.05511594618566418 -0.03572306430762334 -0.0003852493333984519 99 95 96
-0.08656921763481445 -0.05427426946610653 -0.012535382947587492 101 96 101
-0.02757215259409736 0.05448134591659184 0.006829743863335014 102 97 100
-0.04715024149892505 0.016867875981256622 -0.0012013223217898772 109 105 109
-0.08809666288245328 -0.03624410912997885 -0.01344254803908925 102 99 103
-0.10599095185710425 -0.045361882292669894 -0.023106806249470726 95 90 96
-0.11488680681229306 -0.05520776860831293 -0.025192738882104927 102 97 103
-0.14685439828426006 -0.0994031981189561 -0.030464173451281495 76 72 77
-0.07667199680851952 0.02694843670885858 -0.011103434471433249 106 102 106
-0.10543059972888857 -0.014165391170343917 -0.022624515419164992 87 84 89
-0.11535011456705549 -0.034159577257999355 -0.02590986980799524 103 100 105
-0.07389537443560672 0.04430410975032075 -0.013278110625366898 103 97 101
-0.09734214182748165 0.014586199790741472 -0.021363280380612172 108 103 107
-0.10540590903709444 0.02539848073822855 -0.024050165431539955 108 103 108
-0.11529600848675506 0.033649975394663356 -0.02381930802748209 122 115 122
-0.045485394090311854 -0.14680533991574446 -0.0016495087811803921 96 94 98
-0.045763659987185276 -0.12488449432912 -0.0014569445071551668 95 93 97
-0.057539741659907384 -0.14708781973320348 -0.011178771923979536 102 101 103
-0.06825054872376635 -0.10801573642515203 -0.011679499513879033 96 92 97
-0.08512825092534859 -0.14010478957522585 -0.022152118410692978 101 97 102
-0.09432997844239999 -0.14834396431497937 -0.021307163960373077 126 125 129
-0.05821442318456327 -0.05651043946051673 -3.16164374662975e-05 112 111 113
-0.07446304462768794 -0.08763532373017473 -0.010565646363303335 103 98 102
-0.04613990915215904 -0.0016615416479228984 -0.002121678569216079 104 99 102
-0.07812944479337736 -0.04162457852639352 -0.010713600919202426 109 103 108
-0.04627317240920703 0.026359033923905754 -0.0015011780114235485 110 105 111
-0.10582467342947137 -0.0646084054055208 -0.021949125470466107 103 100 105
-0.045838227962635175 0.05357543404016717 -0.0009968797241749483 112 108 111
-0.06505289415314326 0.025338934799263007 -0.010898656877176172 106 102 106
-0.06864299439341692 0.013188131400455314 -0.0123216779198011 118 112 117
-0.09769515661673128 -0.024861272803436633 -0.020787507955156437 96 94 98
-0.05351277467642618 0.07515650431383246 -0.002881785303371872 108 104 108
-0.055419570362408174 0.06572724626390233 -0.0037294630225217173 105 102 105
-0.06713648715916498 0.040281774358740086 -0.010794325236647029 100 94 100
-0.07540178440751019 0.03634151732591105 -0.01251323341428492 110 105 109
-0.09831465551305879 -0.005218355521448351 -0.020907945736369726 94 91 96
-0.1258868042597273 -0.046749153507718154 -0.031083119020059852 101 96 103
-0.088801465757121 0.027304176865538432 -0.020874599975382324 113 109 114
-0.13573802606210064 -0.03674513742433753 -0.03208038907416768 114 108 116
-0.1356188152582358 -0.011996322797963166 -0.03260292150659635 127 118 125
-0.08585728737161931 0.08470490491864263 -0.013370718715130042 95 91 96
-0.11419366337205648 0.04377730622026503 -0.022405129553775174 115 108 114
-0.08532803289937893 0.10445406800803328 -0.012263779795374867 118 113 118
-0.12045369219505264 0.06142334430513313 -0.02025713421226072 123 114 121
-0.1268194291072888 0.055642897924580194 -0.02295525130593253 131 123 129
-0.13706095106309948 0.06464765123210643 -0.020543941981339287 124 116 123
-0.1453165410210405 0.05344317231885132 -0.021483805978567305 129 119 124
-0.1456092330178383 0.0750141854982043 -0.02129187944427796 100 93 100
-0.12654689429171262 0.13523581955667152 -0.02555551081561952 110 101 107
-0.04800634588320296 -0.1190854383936624 -0.0018519691270434957 82 80 84
-0.039108992990132485 -0.04206515687673007 0.009495419633143265 98 94 99
-0.09780907422243697 -0.12620678913638703 -0.0208990682460584 110 107 114
-0.019093578851944404 0.031117904076993358 0.009847618320148799 103 99 102
-0.057102496336259495 -0.025279297107322213 -0.0015106261008552557 101 97 101
-0.10367890799666157 -0.10819292948236747 -0.020850473308668627 117 112 120
-0.07692976393286782 0.08545469199961846 -0.011637273390461389 100 96 100
0.0839290190959836 -0.12327464048462598 0.011919698219722746 121 113 120
-0.03782851162213796 -0.032148392386128405 0.00891523150393203 93 93 97
-0.0497761544237304 -0.010933355380948667 -0.001942133893807707 96 92 97
-0.046658707218446484 0.04489795097016771 -0.0017223409364711857 104 100 104
-0.07811965173752211 -0.00839255464910485 -0.010794709454757356 112 108 113
-0.0793699306678155 0.07193207062265648 -0.012217730620145676 98 94 98
-0.1457602849403996 0.06464962785793259 -0.021904927441012707 116 108 114
-0.06808315290657163 -0.12454335008563572 -0.012288842477232054 98 97 101
-0.015096449821587532 0.01610907469817352 0.008911217321120768 111 107 112
-0.0580862416395434 -0.06329892711939034 -0.001225689593163326 93 90 95
-0.06995991591096706 -0.09814196293426028 -0.012159228463493155 98 98 102
-0.08752195252201034 -0.1390306862717885 -0.021304328581295162 116 115 119
-0.09985780793965082 -0.06992824489345204 -0.020571014601061588 111 110 114
-0.04448182521481808 0.06672046044250463 -0.0018105485786682474 98 94 97
-0.07700848980353887 0.0660705307741438 -0.01171277064558988 102 98 102
0.08202679005278625 -0.06411141237448476 0.02219993373786755 115 110 114
-0.03771796149408896 -0.05679869247946372 0.009554095994261824 88 84 87
-0.09874997768276757 0.034795522073380374 -0.021141733033592236 103 97 102
-0.12655821417995367 -0.024066559228683997 -0.031743807415705816 95 90 96
0.14449750459630753 -0.054788280117816175 0.0019019884676979332 123 117 123
0.10383157555480908 -0.08347950366474734 0.011950773958021157 126 120 126
0.1052083849337804 0.025148834142083076 0.011818744827609329 130 124 128
0.08223484215288933 0.014063626424269794 0.021777044632776188 120 115 119
-0.04719133075284637 -0.09435839872671183 -0.0010875438209950739 94 93 97
-0.018395128413773776 0.00651116072784217 0.0098685499547565 113 109 112
-0.0665301338111578 0.05097988686062202 -0.011142532174349351 103 98 102
0.11407097735117147 -0.05669419351573891 0.011526745205847289 122 116 120
0.10331795141265615 -0.06427033656290748 0.011656868834853715 123 114 121
-0.07950179350421216 -0.0679385706736269 -0.010079858741787406 108 107 111
-0.06712951722579881 0.06694522945353205 -0.010890610927427677 111 107 109
-0.08922982250783318 0.037377334202070955 -0.020169033462511754 90 84 88
-0.09863765054260265 0.052330080923669454 -0.021291194039234962 107 103 108
-0.10242173195071232 0.04349632781484921 -0.02255847752105944 107 101 107
-0.11550213503027928 0.05540214278704138 -0.020159049352297842 140 136 139
-0.13467949641585056 0.05453820809424309 -0.020950788165651928 123 114 116
-0.1397673515942517 0.11012913041470312 -0.021082526238744514 105 99 105
0.08209996139278385 -0.053727028688278645 0.02193313149259868 122 114 120
0.08335039654004334 -0.006129045143535145 0.022375074975711805 127 122 126
-0.04896733511655382 -0.0870245917051144 -0.00033879267637471067 82 81 83
-0.09749677040513116 -0.03632213485867035 -0.02035395185143285 87 82 90
0.08372023285412843 -0.016237509361971554 0.021683387301984658 124 119 123
0.08318978597300215 -0.04354284605148856 0.022048693891009608 129 122 126
0.05273839602012677 0.06344432342882203 0.021630976833448983 128 121 124
0.016724343854899404 -0.0803379556543958 0.008536427272019531 130 121 126
-0.0065645896092857425 0.027800877270392127 0.009209981571666637 115 109 113
-0.007303842797763083 0.015458034452174946 0.008763215155570103 113 112 114
-0.008731668766430833 0.0030077858525806578 0.009047103782220178 98 97 101
-0.01787858602112613 0.04000617574652415 0.004809443867784036 112 106 110
-0.02688490372261343 -0.02236369472885394 0.008652120129583052 105 104 108
-0.03200434874043134 -0.0698752848651544 0.009657750540744248 107 101 107
-0.03053026023246741 0.027467523676901084 -0.0003837198800558106 106 102 105
-0.04173454016166234 0.07606797810605906 -0.0013854174004064301 112 106 110
-0.06599091952438474 0.0750674993504995 -0.010087195696462326 117 113 116
-0.06654133506122417 0.03866833369464495 -0.012513498110659604 98 92 96
-0.07656458895060891 0.09951888824875732 -0.014070321608182113 99 95 98
-0.0841912236678064 0.12560559416499445 -0.021782111472493537 119 115 120
-0.08590031190074221 0.11240298011094024 -0.02062505586388108 128 124 127
-0.08978850515716785 0.050088386033862065 -0.020516080915756962 95 94 98
-0.09963656780165275 -0.11314936970958392 -0.020662723265187477 101 94 103
-0.10099226873418365 0.09798790803617913 -0.021736580691606555 127 118 123
-0.10090829823361713 0.08592424584162389 -0.022746365512106737 119 115 118
-0.10082973838154308 0.07390928353311976 -0.023745411601944877 134 128 132
-0.10135284442829107 0.06169624066402421 -0.02396885700700957 113 107 113
-0.1154880104009437 0.10808020996192425 -0.021410098082261575 125 114 120
-0.11480882093203926 0.09636009302184806 -0.023155434881422132 145 136 141
-0.11530020532982155 0.08412064951071885 -0.023360321733205347 101 94 103
-0.11521438313454824 0.0722139356200345 -0.024319370422163478 137 131 137
-0.11396060521053897 0.06085093982148143 -0.026813613595639274 140 136 139
-0.12155050663651135 0.14702926477739986 -0.03050782659374629 116 107 112
-0.12640793880844614 0.11984688145947481 -0.025614620969049207 106 100 104
-0.12857704483189014 0.10664163403705451 -0.023501008615082974 116 110 114
-0.12904346071135797 0.09443666706771087 -0.0236739242280265 130 124 128
-0.12894362288203887 0.08257732295917858 -0.024606388520351907 136 127 134
-0.129424820758699 0.07050632530670778 -0.024749897094870965 139 135 140
-0.12685908516038447 0.03629853698633642 -0.030587973903596355 112 101 107
-0.12620109054901163 0.024857871753262095 -0.03226390086607356 135 126 131
-0.12554581824072764 0.013441552292994846 -0.033934433998596636 137 128 133
-0.12606057686918992 0.0016750423815233284 -0.03401115554851697 132 123 130
-0.1265834331452632 -0.010018404981983503 -0.03407178965510638 114 108 114
-0.13577548187550237 0.1446701200884296 -0.031154430730626292 104 99 107
-0.1396853408572245 0.023786718311471 -0.03322772710205668 143 132 138
-0.13731310488326076 0.013067582893314666 -0.03726760517008454 127 118 123
-0.1366575265511858 0.0017358473540999286 -0.03891150355373196 127 118 123
-0.1498262499856391 0.14229871299921787 -0.03165760271999496 119 113 119
0.044925527660577516 0.1336401225448571 0.002046869374173212 123 119 120
-0.14408165984957616 -0.13481567867383046 -0.006541155514714141 122 115 119
0.09467457706288206 0.05531106463325134 0.012171601859263007 132 124 127
0.08331470088925613 0.006759926621970978 0.022140502610145947 122 117 121
-0.13503024254017185 -0.09484466525755442 -0.0074828092427469675 125 119 122
-0.13561912107299381 -0.10553774339128623 -0.0066738388420353 131 124 127
-0.1454178818332565 -0.10496470646850119 -0.005581824859591823 132 124 127
-0.14499804380844264 -0.1245748239886989 -0.006027980906564161 126 119 123
0.09368907438177994 -0.10397596977804183 0.012654070239376465 124 118 124
0.05443126006412842 0.01429070056859879 0.03160700772944239 128 122 126
0.0338977719626125 0.04455409296392719 0.031233974638131122 120 113 117
0.03415914077330107 0.03488255123460474 0.0319015898423456 125 118 121
0.02441187813096584 0.07439622697494133 0.023973754280924024 120 114 116
0.0047330194624886435 0.084680848048029 0.02325496675066718 121 115 116
-0.03470189419503943 -0.1451780830289632 0.022454887832212802 103 97 102
-0.1145987386834381 -0.07484563554617904 -0.007119632756783419 106 102 106
-0.13525585849587235 -0.12473065210978293 -0.006436241500059301 131 123 126
-0.12472849287645354 -0.14491164330581233 -0.006793944632694723 128 121 125
-0.14513223384186602 -0.09527151930799123 -0.006151590538417966 127 121 124
0.1432914453418373 0.04453332603673864 0.0014890838362249803 122 118 122
0.1449255211368369 0.03195278616641476 0.0017364328384649344 122 119 122
0.12522257456371566 0.12253132657838053 0.0016951970429086459 111 107 109
0.12434202275297335 0.0057195297755499586 0.010997599080621479 124 118 122
0.12291602458407923 -0.00538429371494395 0.01190258063141758 119 114 120
0.09487419446060766 0.06468225982583377 0.012004030483901907 125 119 122
0.0940390651623143 0.011922981619321704 0.020613033138090153 120 116 119
0.08522232471100322 0.12375057109055985 0.0021629335747425462 114 110 113
0.07875814501777034 0.10339183731453133 0.012942058275592139 108 107 111
0.07202206714021908 0.0570688987023546 0.022305672574736368 127 123 126
0.0638330433094122 0.038704845723082804 0.031355875872544736 120 116 121
0.06122422162338648 0.02291131445074937 0.032341166486271 126 119 124
0.06242875085169486 0.011709211466692737 0.034373869774415367 140 136 139
0.0633515659666841 0.004053959352002839 0.031839932655192776 133 127 131
0.06265254325273989 -0.01337927952026722 0.031195946295083057 122 116 120
0.06340533822638493 -0.02400944196159043 0.03154802115502522 119 114 119
0.06301447228865321 -0.03364913685479755 0.031233315022191493 129 122 127
0.0636664157157429 -0.04498340823954486 0.03230556217478612 126 118 123
0.07060240650155392 -0.05924891295738555 0.030829837613503885 122 118 121
0.08295465948761525 -0.07550889255928908 0.021436748622535834 127 121 127
0.05194735636675457 0.07404751266090898 0.021982260478716837 120 114 117
0.04316092338459943 0.06494141388168634 0.023141172747993804 123 116 119
0.04446679789584886 0.04430944403751956 0.03180009648416153 119 113 118
0.04446833554376485 0.02464296927827392 0.032446920528971676 119 113 116
0.045068988860368295 0.015005969231306192 0.03216322042312004 122 115 118
0.05428676309869226 -0.07440800332777671 0.03131446087299923 120 113 118
0.045698098823001916 0.11428647911489857 0.010689473621564183 121 116 120
0.04254116799084468 0.10353535164980865 0.011810079867952655 112 106 108
0.03437081764700934 0.08457185548424798 0.02163116018778427 123 117 119
0.02459730558656774 0.06327244723968765 0.030990956900390092 116 109 112
0.024127355420917245 0.05472298830405966 0.031967541090907714 115 110 113
0.05187407421699192 -0.12435957261260384 0.021877676354100983 122 112 119
0.034408097478804696 0.14251833260156274 0.0024420974268539917 120 116 118
0.026316346814375335 0.1260906392531413 0.01049485552330931 133 129 132
0.015084406364847511 0.09216113097437877 0.02161653249206554 120 114 117
0.012320643720285202 0.07284060372967158 0.03080790852240506 114 109 112
0.014475272062950201 0.0541153301485981 0.032461424932557326 117 111 113
0.004076324118617538 0.0945026437737754 0.02143088756751199 122 116 118
-0.0037738640940309285 0.12371256442442528 0.011005905122109926 120 115 117
-0.015483809835305042 0.09424823092271276 0.022435709998353297 120 114 117
-0.015292842644011343 -0.015223147414725005 0.03178531898555963 114 110 113
-0.03420628588093737 0.09399422918910572 0.022822576707945495 119 114 115
-0.02481405586840501 -0.02543998455740294 0.03147272650518724 116 109 113
-0.04372138861423854 0.12390928123798199 0.011329773491904215 119 114 117
-0.05665807568152068 0.12231342191969218 0.010577495146772512 114 109 112
-0.04298186039836738 -0.09488218072778166 0.022231424884700014 107 103 107
-0.12492921923842805 -0.12556205220966096 -0.006857107997547065 131 123 127
-0.14444008018840535 -0.08563673555979132 -0.007605061236918571 124 118 122
-0.13433890820051825 -0.14443347794463043 -0.0064191337523180495 126 118 123
0.10344833207317344 0.043742899304974193 0.011338772247816896 126 120 123
0.11336746415643965 0.005414191193947737 0.011128669296023385 118 114 118
0.11305351810250582 -0.004499834133028143 0.011032257950669422 127 122 126
0.0508801487637218 0.03286755437581033 0.030683419243717796 125 120 125
0.053699042441233656 0.0034496728840516166 0.03262558371857804 126 120 123
0.05549781762581561 -0.0051688100280562355 0.032528622181435755 124 117 121
0.023940438513631465 0.04501050433437483 0.03208895757122579 116 111 114
-0.13560164098862373 -0.08453703682350218 -0.0072623851383331545 124 118 121
0.07229081775606251 -0.13324205941517536 0.012673951703180707 125 118 124
-0.034410532943439875 0.11385256752052471 0.0138196995265836 113 108 109
0.10409498281063004 0.0541057857204587 0.010877060401160155 122 116 118
0.11562531629916843 0.014452655603824333 0.010867556216529684 128 120 122
0.14314280482572164 -0.06409903332710597 0.002103360755899989 121 117 122
0.14265240369613022 -0.07434636041439956 0.0014386811955766354 120 113 120
0.05218887115347341 0.023869046733056065 0.03151820935699331 121 116 119
0.03464536620639402 0.10420704979286369 0.011615052292605543 123 117 118
0.07325228767989278 -0.09607730211874893 0.022669856373253583 126 119 124
0.015511203383233172 0.14299648275749635 0.0023567351749799667 120 115 116
0.004271480219950077 0.14500590241218844 0.0019255686392715089 117 113 114
-0.006023227438942213 0.11446804613403236 0.013049742628681927 117 112 113
-0.0057950798746287235 0.09518075157755253 0.021936068235281006 126 120 122
0.0643825402766312 0.055291304534882714 0.02142156138427667 122 116 120
0.13237222338047389 -0.10310062952013342 0.0024888067580726854 127 120 128
0.1350067654738822 -0.11290476235731566 0.0024473179518773036 120 113 120
0.09190773470025185 0.07354137949873696 0.010804394513837745 127 120 124
0.03533125688967938 0.05379505047542819 0.03159802885684326 121 114 118
0.04326532294162736 0.034602173318771516 0.03212919486991256 124 118 121
0.024673964732648716 0.14307739639815772 0.0015261856138219416 120 115 117
0.015786975864064683 0.08368886585539673 0.0221300899885965 122 116 119
0.113733223445814 -0.13226928208550692 0.001484464702386079 124 114 124
-0.03347859651946411 -0.03489443514095035 0.03134883209973331 117 111 114
-0.025331140417657622 -0.053551604555129084 0.03129438224512169 123 116 120
-0.13495653507346395 -0.07570216314849218 -0.007821154303021799 127 120 125
0.08589836113599437 0.08482077985534854 0.011802101894368889 119 114 117
0.08374946930642786 0.07489170804648541 0.01095606474177267 122 115 117
0.05459264100770644 0.10331608587587651 0.011247212144629955 120 116 119
0.06210945505773773 0.07242659051533255 0.02085615378683851 123 120 124
0.1146782252150914 -0.025358550940308502 0.01125158837470684 118 112 116
0.11464807559988312 -0.04433944580400514 0.011207634454216778 124 118 124
0.1417597265046065 -0.0839359992469892 0.0031179362165128324 119 112 119
0.14552237021770117 -0.09170755437494554 0.0014688080156500065 130 126 133
0.03666674736923463 0.11460736018586783 0.011160579158851349 122 116 117
0.0632182683728276 -0.007038335073769541 0.030893589729864133 132 125 128
0.014597066501415065 0.1143100108992462 0.011646865854960827 117 111 113
0.06277757631874017 -0.06501928898614082 0.031274795435353386 129 122 127
0.08132838212555374 0.13278367171293826 0.0005981207086132034 114 114 116
0.08252868429802679 0.09325552346192079 0.011718112571092176 126 120 123
0.11171412892349314 0.031905075269763494 0.01110670725238494 117 116 118
0.11600869968096439 0.0232873454460026 0.01151235989387774 141 135 139
0.051916941197166645 0.1412935075534595 0.0012980544490435546 119 113 116
0.06371668067265751 0.06571096346000523 0.02173906332064084 124 119 122
0.08349494729409415 0.022090067875367297 0.021612568485923245 119 113 117
0.1521354415348327 -0.073577378466389 0.0014220265351127803 122 116 122
0.11243611272898857 -0.06380020419348631 0.011512685317480361 133 124 131
0.004078030774527938 0.1321211479648597 0.010575301850759944 120 116 118
0.06243181229741923 -0.05406779123788047 0.031801209774594254 130 123 128
0.13697002017698653 -0.12347005233655056 0.0016277100765593004 127 120 129
-0.0067862940920826965 0.07258564808306818 0.031936056534846324 125 119 121
-0.024958434329988902 0.09403672707726422 0.023017814655623133 120 114 116
0.04387427033483149 -0.0858871103422754 0.03175630410481397 114 104 110
0.02547257146587521 -0.0840077907183045 0.031946109255330514 130 122 128
-0.02401486968511219 -0.017055061482625276 0.031130316019519728 112 106 110
-0.004601743223371556 -0.06328809727261887 0.03212057153018115 121 114 120
0.035226229461650424 -0.1447909253968179 0.02128201160187221 129 119 126
-0.024890279465376017 -0.08587567569792488 0.03186664763374277 128 120 124
0.1443913487491426 0.12406360450707098 0.0017062170550831007 98 96 98
0.026743109523195828 0.11435941869675936 0.011903234900626688 121 116 118
0.10501096529870661 -0.09438399414475812 0.012801152011451636 121 113 119
0.1007454633951886 -0.11185025634572365 0.010573759314960962 118 108 116
0.06211450180664561 -0.10537247695217859 0.021637874299255972 129 119 125
-0.014226690263521049 -0.07434799420692666 0.032111685270966334 132 124 129
-0.05288781147146562 -0.015529578547884998 0.021814929761474974 112 106 108
-0.07226585956500918 0.005044020508797686 0.011165584628627512 108 102 105
-0.014246117715994513 -0.1325956384437733 0.030312739774797925 130 118 125
-0.06303716336290635 -0.1147671868540661 0.011772812442169819 97 93 97
-0.0927456621093451 -0.09395743758458189 0.0017432807377926423 107 102 106
-0.0720930518385684 -0.13302583121701728 0.011920525329405518 103 98 102
-0.1325520736913398 -0.06606561656218957 -0.008865537077147212 101 97 101
-0.09493502504319216 -0.13511166136280955 0.002100701698192625 105 98 103
-0.09451595150046467 -0.14624452959349174 0.001338181714291689 117 110 115
-0.1504210869916604 -0.09818963274851727 0.0008488380608531187 120 116 121
-0.1444289604040917 -0.10686781768965034 0.0008929856025854388 135 129 134
-0.15172025892345586 -0.14251274215867352 0.0007148617948094701 143 135 141
0.07246786798131427 0.04402684771853044 0.021217499549355548 122 117 121
0.005447639901385047 0.06353844848993176 0.0313366764103109 125 118 120
0.05449779688015154 -0.014322143919660732 0.031924860870753226 123 114 118
-0.016257644575152726 0.12352272309558827 0.011779014537040059 119 114 115
0.104815453133605 -0.14586928964735066 0.0026878893214420663 125 114 122
-0.0747377889648388 0.13331718337178108 0.0013936640610078882 108 104 105
0.003230971612290095 -0.0875116737428085 0.03178165441934233 131 124 128
-0.025443721234576357 -0.06584378565882228 0.031693619805189956 122 114 119
-0.02319750451013298 -0.07728067237162281 0.032182262087714575 131 123 126
-0.013660007901031198 -0.09585215826459564 0.030986142248778232 129 120 124
-0.07324577111025665 0.014039813927423308 0.01025615221175132 110 105 107
-0.053349370141242185 -0.10452477951738019 0.021763020989084614 93 90 94
-0.043311104958190426 -0.13465457095809724 0.021396653549448922 104 99 103
-0.12338301275717894 0.006139347010463443 -0.008301693299342987 104 99 103
-0.10258448044666944 -0.09409501923332869 0.0011270412987172869 112 104 109
-0.11323759087071644 -0.1522146463077793 9.408852209491503e-05 126 120 126
-0.14648829447369419 -0.1232550881596343 0.0006493627111907596 136 125 133
0.08176914573361437 0.03299545622785727 0.0204529715984042 126 126 130
0.12647448579025422 -0.12200830354622 0.0014691607534935331 116 107 115
-0.06408955234541441 0.1426713376874168 0.0011874089327226223 95 90 93
-0.01476168471871262 0.0038198169055182474 0.03232798831434743 112 109 110
-0.03412534568175374 -0.045068656309208165 0.03157627983944779 130 123 126
0.13277476221396745 0.12425430367073803 0.001495892921229511 108 105 106
0.09771948570718042 0.08271237050893854 0.01043775059257962 122 118 122
0.04076001172975202 0.1453080609559696 0.0013497130919747358 128 124 129
0.06347444269332031 0.09452460311970001 0.012308473402819776 122 116 119
0.03406425217489018 0.07443772013244108 0.02348597376633611 123 118 119
0.03698924239915835 0.06030120819816154 0.030988175638290927 117 116 120
0.1136219689544301 -0.01438654444373279 0.011456659525225343 121 114 120
-0.012901013664194567 0.13304873880130444 0.010697607954167465 117 113 114
-0.003917951853922852 0.10259182801905253 0.020777010996939183 123 116 120
0.113651365495492 -0.0338629884147193 0.011263778856615907 118 110 117
-0.04341165583526294 0.09398460807802564 0.021770722903117403 117 111 112
-0.0431675081667918 0.002348193254304881 0.021229292399055296 115 110 112
-0.1259766513400532 0.03830853282588098 -0.00872081712031475 102 97 102
-0.1476611500808951 0.044720849468205225 -0.008883313906452889 115 111 114
-0.14377431409949062 -0.0768120631008471 -0.008420021162372329 122 114 119
-0.14668820113277856 0.03256149379376541 -0.009449805144345846 126 119 122
-0.12278700992126537 -0.03416157693791455 -0.009538896306426875 99 95 98
-0.14750805145927526 -0.11470509000183671 0.0009616210500265066 142 133 140
0.14735526151434036 0.13069471933329846 0.0008588726389292534 77 77 81
0.06368721535948517 0.13408121554507954 0.0014842665430723212 119 114 116
0.026401896591606917 0.0836663875481233 0.02146854309625164 125 118 121
-0.013573023294493648 0.10421163873943197 0.02088310290319643 123 118 122
0.0027818468140095184 0.0716234746507936 0.0318272822364967 123 118 120
-0.034384707868594794 0.12345363536303255 0.011790207676466475 116 112 115
-0.10486847546842 0.11411645346201418 0.0010914125836804845 129 125 125
-0.04158290157699979 0.01673861166335462 0.021619268492301585 109 106 108
-0.03424299670945483 -0.026765547280789604 0.031103216471847755 108 103 106
0.0069474987256521415 -0.07494827257243931 0.03225096610519599 140 133 137
0.061870808281646705 -0.11486477379300418 0.021213483629075342 132 121 128
-0.09323345511945082 0.024110000266903586 0.0009063236683560794 113 106 109
-0.10200479999400759 -0.005283705997176036 0.0014531437087403898 106 103 107
-0.12319408960939278 -0.015364928594800339 -0.008075632048883896 94 90 93
-0.10264746270968436 -0.08737440178800995 0.0015686109945608484 102 98 102
-0.05499701923166996 0.14283232195543433 0.002078970118670235 113 108 110
0.04320971510062727 0.0740007013180393 0.022155293970337244 124 118 120
0.013639471921198144 0.06382549272250732 0.03133363024031455 121 116 117
-0.023606016189083995 0.12314041157929499 0.011804445414396344 117 112 113
-0.06147817769001803 -0.025800763854397207 0.021037993112207887 112 109 111
0.05386062420095758 0.13280285685667545 0.0025799344599095053 112 108 110
-0.0336612660264974 0.13165362942965353 0.011468932370891138 118 114 115
0.06219754213280674 0.10115956151815604 0.010483421869503537 114 109 110
-0.034550229470086465 0.10442055236116424 0.021244959258638323 113 109 111
-0.11739947149141554 0.11284357691895137 0.0005585027763982028 113 110 110
-0.10233105427818119 -0.025091284391757396 0.0012031054731489466 109 105 106
-0.10329909630717801 -0.055262153358263 0.0013995002171901844 106 103 106
0.09547626736722209 0.12143403676000876 0.0017190461617140884 93 88 88
-0.023776805257231255 0.13188188838493023 0.010526261330580211 116 113 115
-0.06352433984987908 0.1142315057805289 0.011632071474595591 116 111 112
-0.07137091311700454 0.14151853731762773 0.002100777584873703 109 103 103
-0.07199493039852915 -0.08456700251409043 0.01288175192516161 97 94 98
-0.08391609722884086 0.13176362873787884 0.0010023861046704423 114 108 107
-0.046625802821045156 0.11135002950123629 0.020491106858861907 117 113 116
-0.02506200847904575 0.10508039953830768 0.02045569231827373 119 115 115
-0.07215205944305854 0.10375009616243717 0.011975453308118778 117 110 113
0.07371655948735875 0.09541160279055716 0.011464652439061002 124 119 122
-0.08237075399285884 -0.03460457366200329 0.011804961676100567 113 106 109
-0.015290492177149433 0.07379281259189112 0.031152807700969298 120 113 114
-0.06119572202379806 -0.032975737429291385 0.021754735704174966 101 98 100
-0.06226602140259493 0.03505233989188459 0.011784599175434618 108 101 102
-0.042141358556484466 0.15131830783676553 0.002097635964453848 110 106 106
-0.04218826686246394 -0.04263661881000276 0.031325149990488785 124 117 119
-0.05439177253366733 -0.005715769617100602 0.020751050756304013 122 116 120
-0.07387842630226908 0.08807405183988241 0.011372039567767259 108 102 105
0.1149316782773175 0.12245332561935351 0.0015915571592745592 104 99 102
-0.08251872613787936 -0.015486201265162683 0.011671417535127312 100 98 99
-0.10025079975146267 0.12276399064525068 0.0005812003082886763 122 116 118
-0.09805519498964183 0.12171350148536222 0.0001326018569743348 124 117 120
-0.08175967195153173 -0.02727282886930075 0.012091348658694412 109 103 107
0.10527493405513966 0.1214660314462496 0.001113480723355098 97 92 93
0.02450331592984206 0.09035285034045265 0.020162253085095005 121 112 115
-0.05350837247559032 -0.09511637128508674 0.022414039484688425 96 92 95
0.09143028122116406 0.09155011159953519 0.010242852753107767 130 121 128
-0.050663937980780074 0.0030261384809606717 0.020662887184340006 115 108 110
-0.0530219839991192 0.1502420547358031 0.00036599597596054245 125 119 121
-0.10337572293469931 -0.01654928358076746 0.0021912029313454484 116 109 113
0.00627050491295008 0.12519882250859973 0.01185473146414373 120 116 118
0.016893130710805254 0.12309168345201568 0.010956062821837476 122 116 118
-0.07075955694872431 0.11764587262374049 0.01046101933035326 112 106 108
0.10402264577948597 0.06819590293962752 0.01004582843871027 129 123 127
0.11028066980625276 0.0522780713307498 0.010011033100542521 114 108 112
-0.053709048986745306 0.07328132553317646 0.020949190738142665 104 98 100
-0.024291065705971213 0.057811570598645834 0.03133613683402037 104 98 100
-0.10111463579075236 0.07542848200503671 0.0018302790938329871 102 96 98
-0.018655183915955626 0.02551729651658735 0.03160966524449993 102 94 96
-0.0707433885796412 0.047229847756713905 0.010380869856165154 118 114 117
-0.04085296657677299 0.030223941447956898 0.02138820818541659 110 104 107
-0.012241717982472054 0.013160980658307675 0.033341519475086234 108 102 104
-0.0727526568463416 0.0346240426588762 0.010159856719260896 111 105 107
-0.024050059321383647 0.0051513556834181795 0.031382272910864706 126 122 125
0.09046424382949383 -0.017155007409094092 0.020229672419071254 130 119 125
0.12338573742168558 -0.014787169101608016 0.01157895621982874 125 116 122
-0.07472509833114811 0.022159440055316226 0.010036820950589442 128 119 124
-0.027237426494321294 -0.0049624007183100005 0.0314575051020024 116 110 113
-0.13890259473934718 0.0398322774922355 -0.008491363912112804 120 116 119
-0.03808963644319087 -0.015016770446716315 0.030798822824201988 118 112 114
-0.04605479875758919 -0.026323429366231277 0.031195642230983738 118 111 114
-0.07045128658621629 -0.02469698292933631 0.021417341690379788 115 109 111
-0.05154981850601341 -0.03603544237334916 0.030701322667543662 108 102 104
-0.13312966088063583 0.00010721931290758047 -0.009192880148979898 101 92 95
-0.09191904117362128 -0.023441253908297377 0.010006923167575565 119 113 117
-0.045888708132328426 -0.050965571356304196 0.03221218103483603 117 111 113
0.06334860628639119 -0.07893298748948935 0.03251886292063555 129 119 126
0.11249378057641288 -0.07371502286447784 0.012013077485957147 128 119 126
0.12165305242124747 -0.07892232726032117 0.010497484811691327 122 112 122
0.1508716736490218 -0.08490948174235424 0.002306233424385906 124 114 124
-0.09362677662068666 -0.03523518367427547 0.01034940526324768 113 107 109
-0.06482317402900896 -0.05078533595438883 0.022854263417120158 96 87 92
-0.036789143760147754 -0.06419029297600101 0.033099916336707 136 126 130
0.08124608227560517 -0.08620484883561316 0.02160439277403753 130 119 126
0.1150946011971187 -0.08542733354304144 0.011240848632947664 132 124 130
-0.03524158285068569 -0.07619411596263555 0.03330554117386134 135 126 129
-0.014182811730807963 -0.08428797190390022 0.03208609057826717 127 117 120
-0.004741296751095862 -0.08514515557020508 0.03129934568335491 128 118 123
0.01396853955135521 -0.08887562553377007 0.03319046550755672 137 126 131
0.023254237809831022 -0.094958681823687 0.03179850779271126 130 118 124
0.03149598564902278 -0.09317781842484063 0.03296851854062255 130 117 123
0.04470061299645128 -0.09607550787804164 0.032252627587677996 130 120 126
0.11275328966873484 -0.10189676739408335 0.011410622018253713 118 107 116
0.14195327124013873 -0.1011681303973998 0.0028263790684046053 131 120 130
-0.04142632214152779 -0.0846374924692988 0.031178058776431872 124 113 119
-0.034126419830339524 -0.08730907320105752 0.03281564889926469 128 118 122
-0.005809833551265724 -0.09610437767822305 0.031555694877692775 137 127 132
0.003505778395936604 -0.0976959684943261 0.032086812612846516 132 122 128
0.012784410884454974 -0.0987964004475147 0.03174996841224309 121 110 117
0.024697520618585107 -0.10172250553841758 0.03188283925035362 124 112 120
0.03553781922098144 -0.10300388465695459 0.032753666621424815 126 114 122
0.04491651307785097 -0.10334352691755491 0.03112827024755438 125 114 120
0.1017481959518215 -0.10646315279111368 0.012677032245120678 114 102 111
0.14921151870249305 -0.11221171649011094 0.0010832840958128753 137 126 136
-0.06135003023918208 -0.08466811194781326 0.021318205043262983 98 92 94
-0.016153880329047448 -0.10536845376898868 0.03134316010323118 132 123 128
-0.006952031584534009 -0.10648361990230495 0.031001952605812955 136 126 131
0.004653959217580342 -0.10758819673622276 0.030498762977888044 128 117 124
0.017880149020952925 -0.11069507579936172 0.03171710420705365 121 111 121
0.025048991664739485 -0.11195064399124857 0.03216010827885618 126 116 124
0.034334465979650425 -0.11276315498104444 0.031421776679130486 138 124 130
0.14687228531234353 -0.12317396669771749 0.0020316123662521557 142 130 145
-0.14018439779938202 -0.05817015346015647 -0.009425553342908843 118 109 112
-0.1103577034461064 -0.07158532475370694 0.000914090738706852 116 107 112
-0.10189644477443918 -0.07753745499006329 0.002952256925969232 116 110 114
-0.0809045899042749 -0.0846294646415742 0.01079027399546817 112 104 108
-0.06322347070742643 -0.09516700580670606 0.021339724019964867 99 93 97
-0.026638550305829428 -0.10896652838356294 0.030875654136369335 135 126 130
-0.01917311667388622 -0.11213552845676661 0.03173148549049176 135 124 130
0.006957615129805965 -0.11781775796820948 0.03037645341551154 124 113 119
0.014642922285728298 -0.1212971239460379 0.03249002209697971 128 116 124
0.023795191721337206 -0.12211820495227224 0.03175017135985947 134 122 130
0.12640565368560064 -0.13145999635031558 0.0026934265372953736 135 124 132
0.13563136992617977 -0.13229389099489772 0.0019522116549321455 136 126 136
0.1444693710987841 -0.1340132557545669 0.0030463042041110056 128 116 128
-0.15116244979544463 -0.06690563837911834 -0.009450296516190337 107 98 103
-0.11191061149513497 -0.08233158543235791 0.0007662242404006259 112 106 110
-0.07689431769673133 -0.09758413632394239 0.012112666246950343 110 103 106
-0.027552714915116523 -0.11920043271464828 0.030401558625000047 126 116 122
-0.02309285762020301 -0.12556543030428474 0.030194639411117496 139 127 132
0.004298077604282607 -0.12456895299490223 0.03162281944189477 134 122 128
0.012533311461177364 -0.13404947706924084 0.03144374176559739 137 125 131
0.021702653985671456 -0.13193920664487696 0.030415526784540514 134 118 127
0.0454341134411139 -0.13579771095271473 0.02127715782056644 133 121 128
0.08255885923354396 -0.13577308554443074 0.011522898676859405 133 122 130
0.12442377726655679 -0.14175637507276373 0.002851289118466327 128 116 126
0.13509374133242255 -0.1434985578384807 0.002598138483839422 128 115 128
0.1462222233318236 -0.14594998575261042 0.004531808827357153 132 120 136
-0.05724829723049081 -0.11550564453161555 0.02090099864904832 104 96 101
-0.006362718019923205 -0.13630145943600414 0.032106156800832175 117 104 112
0.0032345430741145195 -0.13438168417711904 0.03083628745766709 126 118 124
0.06256714835032329 -0.1445950130990065 0.013604777970871895 118 104 114
0.07179250596047833 -0.14455961138481388 0.01103635337707315 120 108 118
-0.07786868611836574 -0.11766127674406096 0.010558644440165854 122 111 117
-0.05208044251277258 -0.13571074204940375 0.023141584960075956 102 96 102
-0.02501306617948338 -0.140797983119492 0.030486292228189493 129 120 126
-0.015963269462289948 -0.14206184090883184 0.030653025007569945 126 116 122
-0.004581303159186788 -0.14460343456097594 0.030778283590154738 120 107 115
-0.10413691328098693 -0.11497193986007576 0.0011157614237041757 109 99 104
-0.09722540367981862 -0.1247559662155864 0.0005003698624992392 126 118 124
-0.07241586141230341 -0.1403639160142504 0.011905098515706869 104 95 100
-0.05487514054746652 -0.1498330308436242 0.022474993289752332 86 81 89
-0.10124311704087435 -0.13834143017357492 0.000984504033100353 117 108 115
-0.1026146517918967 -0.14920126119426563 0.0031912080425418043 117 104 112
-0.042419204094045 0.10480282228722464 0.02042868804460766 117 111 112
-0.04436909538594437 -0.03883454249310661 0.03044605283452806 118 112 115
0.012291154360035743 0.13103559056189973 0.011104520113415117 128 122 124
-0.0682805195536119 0.12256140772578517 0.011310905703557084 95 90 88
-0.11721243069317701 0.12017193037984508 0.0005288412615850335 111 107 108
-0.1277482834044279 0.10521796424017038 0.001930075607242343 124 115 118
-0.1152724290075872 0.10257687018339467 0.00421041504365216 119 113 115
-0.029983721778623795 0.07593630411072538 0.030981474089374128 111 105 107
0.1001286458989285 0.08265308146248884 0.010139621714278735 130 124 128
-0.1269100999804456 0.09145175414604301 0.0009926283119569002 118 109 112
-0.11509889471141159 0.09067162539294693 0.0009517523917572657 123 118 116
0.11014420458009831 0.06794544445388206 0.010657781797144938 123 117 119
-0.10156679784125709 0.061665489746601576 0.000956381865297562 103 99 100
-0.041264374188025185 0.0433189520246432 0.021391622852048098 111 105 107
0.15051090146519508 0.032319592100392536 0.0014113492076366363 120 111 116
-0.1359271258646007 0.029654500662542937 -0.009177430921430196 124 113 117
0.09593748463272814 -0.002812712235100656 0.02062687849666578 111 102 107
-0.060524327319434815 -0.01979178022730016 0.021420596665315705 109 103 105
0.125573795969029 -0.022457699666386943 0.010536645278108825 124 115 120
-0.13286231601114146 -0.009716428175712166 -0.009833876261636343 116 110 114
0.12476913190516706 -0.034610507416358016 0.010775273327001234 124 115 122
-0.1316782489155397 -0.022897964972974583 -0.009338832510030093 116 107 110
0.09364827492056446 -0.05083370283491628 0.02060370893820329 121 108 114
0.12404134002931275 -0.046117280297998386 0.010206168542284733 129 118 126
-0.13026097509468537 -0.03641841633735765 -0.007913471145800988 135 126 129
0.09311434990014701 -0.062147173351770224 0.02011201376787275 138 129 136
0.12317617480654366 -0.05852150991572791 0.011472292277345697 115 104 110
-0.08145169286611632 -0.061224521887717265 0.010750081069590856 105 99 101
0.05325085645659837 -0.08521104634989307 0.033882955518602265 134 121 126
-0.08076091923913488 -0.0731683184691504 0.010863410231790493 114 108 110
-0.03567346878463502 -0.09689830335442884 0.030738284280363515 128 117 123
-0.0257538609989596 -0.09699636592906974 0.03022993743279634 128 117 121
0.1112582139949478 -0.09235415179755996 0.011734746581062216 121 110 118
0.013858191583061681 -0.10964007176366358 0.030578253528728894 125 114 120
0.04290397636633926 -0.11038511606255991 0.030074327800246436 133 122 128
0.07171581013686175 -0.10702498185875586 0.02148816326273184 128 117 123
0.15011915322487596 -0.09907257861906016 0.0004732776445315334 120 106 117
-0.10154424194280255 -0.10281792587731103 0.0021718686985781055 118 109 112
0.033132224143739696 -0.12099499059965907 0.030321364649433247 132 121 127
0.09022334763016772 -0.12467133814508885 0.01201447831835134 117 104 112
-0.10003370981117256 -0.12540081875651482 0.0019534654712477506 118 107 111
-0.03436474440653445 -0.14034646697428027 0.030388380349431587 119 108 114
0.004373110443836856 -0.14187151091645406 0.03134750093576433 133 127 131
0.013828730152595607 -0.14151883656185044 0.03000928821238147 138 129 134
-0.14137307882748468 -0.1345684914488745 2.9305962527481633e-05 133 122 126
-0.024102735654984192 -0.15210060613642518 0.032530705433431284 119 108 114
0.041817028285221026 -0.14840199059032122 0.020422261200364167 115 99 106
0.11809982425308257 -0.14225022422054096 0.002215227012841492 119 105 116
-0.05176158946097881 0.09208076089482992 0.020616738259050416 111 106 104
0.12651027782975846 0.1322740694935479 0.001246407792995785 88 80 79
0.13733262384601563 0.13061020176112556 0.0022264918513432708 98 94 95
-0.002902720507533263 0.13153086052057575 0.010181960432536719 114 109 107
-0.021121121173095614 0.08034411594855637 0.03079872250032667 115 110 108
