ply
format ascii 1.0
element vertex 3476
property float x
property float y
property float z
property uchar red
property uchar green
property uchar blue
end_header
-0.14395929164456056 0.14598608057746337 -0.008257417258454754 109 104 107
-0.14423584887609467 0.10571328055319203 -0.009542474071257901 112 105 109
-0.13420300301588528 0.11548596703391399 -0.009100327040964935 110 104 109
-0.1341525060628326 0.1253015093201897 -0.009408383126871648 113 106 111
-0.12356519865291189 0.1456251941572235 -0.008825561417824812 118 111 115
-0.14429616372179951 0.08597463017439823 -0.009509444364611049 119 112 116
-0.13336373051532988 0.09616506294603551 -0.00933114592699301 111 104 108
-0.12402433839503915 0.10531346385297907 -0.009003057050562598 110 103 108
-0.11314796843506168 0.115259051661315 0.0006897764185755826 120 114 116
-0.09412602698484143 0.1251473346901033 0.0014747659818087214 118 112 115
-0.09377955145413441 0.13484062198599245 7.155890267159914e-05 116 111 113
-0.14372741853065496 0.05571405606446789 -0.009183649164536912 119 113 117
-0.13316875727584335 0.06595074927572715 -0.008238932997979656 122 115 118
-0.1237674181996669 0.07681698313488061 -0.002638164766166606 123 117 120
-0.11337305609510871 0.08613127262299039 -0.0012019881695420256 120 113 116
-0.10404767185357078 0.09619947996095662 0.0005563371133761657 115 108 111
-0.08447369166699056 0.1056307546734942 0.0009851796748251021 112 107 111
-0.07293161555992937 0.11507846613549205 0.010569224784336643 106 101 104
-0.0633876801679901 0.12563476187936473 0.010912210025164945 109 104 106
-0.053330742553794754 0.13524933613415774 0.010402208677013577 102 98 100
-0.04393023408823532 0.14532474836953055 0.002770134305369961 109 103 106
-0.1436217232388198 0.03608889832110602 -0.010516299990820942 119 114 117
-0.12356530068901378 0.045681600911533 -0.008692137565933034 116 109 112
-0.11305326552477496 0.05539383592191633 -0.0032921984541487374 112 106 108
-0.10315478488548346 0.06542899675829342 -0.0012200088930281097 105 99 102
-0.0844128553649537 0.07434932068617033 0.002424544529992658 108 103 106
-0.07354644585632125 0.0759874770349721 0.010840061740056464 108 103 105
-0.05101030847187113 0.08431552955448497 0.02688964974706859 96 92 95
-0.044755796474365235 0.09558307138654887 0.022545318385886453 111 106 109
-0.04416367889318287 0.10544236631971715 0.021442869240866816 116 111 113
-0.033896449926041586 0.11573910729245758 0.011713385187098602 114 108 111
-0.02424610234946822 0.13547552360611367 0.011130800448968761 116 110 112
-0.014528781438274272 0.14429447580286778 0.00978474090590273 116 111 113
-0.14387047736524033 0.005851417388556895 -0.019694795895517793 127 119 123
-0.13362449246262043 0.005620420199128082 -0.011601594977502298 115 108 111
-0.11233514519208289 0.014986081783295645 -0.003044630376598738 109 103 106
-0.10339154576288839 0.026207131715689128 -0.0014997163865473756 111 106 108
-0.09383955220847501 0.03538798928202393 0.0007441991902575823 109 104 106
-0.08407054727811099 0.04580816697141503 0.0021479758237349387 112 106 108
-0.07350857285054588 0.05580880079332557 0.008835087566057692 112 106 108
-0.0439250391756575 0.06579120835967617 0.021465101941945498 107 101 102
-0.033581171498109234 0.07537432389939018 0.029210003848810333 111 105 106
-0.02412708001125206 0.08493356770104206 0.030499873142367406 119 113 114
-0.013914647539333623 0.09611649074907527 0.022093192809758702 114 107 109
-0.01366201777200826 0.10562353620584611 0.021763715857959113 115 108 110
-0.01393728607407637 0.11472996421925616 0.013441633999321861 112 105 108
-0.004572929326963319 0.1346617000999324 0.011248774569107323 117 112 113
-0.004389815103651372 0.14645619495861528 0.0029611821911951436 112 106 109
-0.13356027796753012 -0.024172707277840502 -0.011781531288198751 104 100 103
-0.12366591904036024 -0.014143014880858427 -0.00960908949345541 99 94 97
-0.10358153138025485 -0.004844557954548742 0.0002735285020952511 110 105 108
-0.09287480277988774 0.005403530200134602 0.0063952674460202715 111 106 108
-0.07367547982806207 0.01489807297632103 0.01095614114399033 111 105 107
-0.06177634189846039 0.025083214409361364 0.01686988537549858 114 109 110
-0.05545542618497299 0.03561258510182825 0.01188239363923898 110 105 107
-0.044058232574212944 0.04537485769486848 0.020130423516775395 109 103 104
-0.023438138985426932 0.045475673380393086 0.02935332721816012 106 100 102
-0.014471444863509708 0.055048694192744066 0.03225752917536752 109 103 105
-0.003936411259229177 0.06499360506094058 0.032539916716253836 114 107 110
-0.0039275568412157225 0.08531941835965351 0.03115327698782629 120 114 116
0.006069543449499736 0.09567136472457753 0.021935844503765643 119 112 115
0.006117454585910178 0.10557488724446443 0.013703136256420686 116 108 112
0.006107072082761981 0.1252765753023656 0.01214322967507105 115 109 111
0.017405473978442495 0.1355077068756552 0.003798627791850929 114 107 111
0.02632035940118901 0.14597326479881176 0.0035593401103964054 115 110 112
-0.14374067373598529 -0.053912528875487184 -0.012826782765956026 104 100 104
-0.12199216174641546 -0.045308451346419636 -0.004397595054580162 103 99 103
-0.10193234816816554 -0.03184023775427806 0.005336711841467341 110 106 109
-0.09373271500627457 -0.024654311396076763 0.007531411483142973 108 103 106
-0.07209877676238075 -0.01497327719683083 0.01698589113163182 111 106 109
-0.06330225149359393 -0.0049994300043850505 0.0186789197109319 111 105 107
-0.054061524109981024 0.0056170704755183955 0.020087388429422235 111 106 108
-0.04392956704310253 0.015424261941016006 0.021823125925409113 112 106 108
-0.034555482803352 0.025287794295033403 0.022205054557282486 115 109 111
-0.01342040556802036 0.02526377904156407 0.030878370833625015 106 100 102
-0.004598616465613534 0.03519596117917984 0.03281275336376913 114 107 109
-0.004168163460548307 0.045111458914520966 0.03298591720885896 114 107 109
0.005252620914901173 0.06561617447544645 0.03277681142051228 121 113 115
0.01587313281644831 0.08560134931410973 0.02224716273947041 120 112 115
0.026576367572285646 0.09634272381212257 0.014790893154170945 119 112 115
0.026485477996981845 0.10610543150865438 0.013573584717547486 119 112 115
0.026715536773887345 0.12607571041699484 0.00428704158534696 114 107 111
0.03481774934834781 0.1363380936773071 0.004345469113226684 116 109 112
0.04646960694094435 0.14566353079421823 0.0026840106777982235 110 105 107
-0.14410798436422084 -0.08444468928917141 -0.009612909308187652 92 92 95
-0.13327876178874945 -0.07426793783835556 -0.009281022455334409 97 96 99
-0.11365112453246268 -0.06423732103964035 -0.0025444389791850573 100 97 101
-0.09311162063822857 -0.05423370303161303 0.006734851636736064 111 106 110
-0.08391554666023338 -0.044821395852361466 0.00943780119754547 108 103 105
-0.0639700717012645 -0.03489489847091628 0.020862407386645396 108 103 105
-0.05274011339084224 -0.024820750923153414 0.027717861571229963 109 104 107
-0.044325473982492536 -0.015011354645894077 0.029037562343851447 112 107 109
-0.034265271168184445 -0.0047776919390636104 0.029590540206034546 115 110 112
-0.024100816197776813 0.005140211460344587 0.03022177229064068 113 107 109
-0.013471524284735512 0.014644088973855818 0.031341931724171615 105 99 101
-0.004482102547210296 0.015227460885992665 0.032822405990280565 114 107 110
0.005354548521828166 0.024877285137991603 0.032904128126406744 119 112 114
0.015984394779821047 0.04493685238380746 0.03355822505258224 119 111 114
0.015551212242393737 0.05515888590951868 0.033050849407857685 118 110 113
0.02670122907793679 0.066602905237616 0.024295510535702607 120 111 115
0.026651129906821003 0.07573390177964745 0.023534946345100536 118 110 112
0.036413965098396506 0.0870017154554141 0.0147439115669831 118 110 113
0.03600639888731911 0.10554020867212265 0.013129625446172778 118 111 113
0.046103895725607774 0.11572008029389595 0.0042117066942107175 117 110 114
0.04628669224188933 0.1261702899159186 0.004931006963343738 115 109 112
0.056620492749288355 0.13584060494911715 0.004080693562993207 112 106 108
0.0665258822807818 0.14587189626120892 -0.006282693415370945 95 90 96
-0.14336564574084584 -0.11430196668548324 -0.0106380206589674 114 109 114
-0.13332605685742718 -0.10489666179658025 -0.010090755108062198 107 105 108
-0.12383902244568717 -0.09479919973432546 -0.010073414023002727 109 105 108
-0.1132306358351612 -0.08429922457118307 -0.002707042151486738 113 107 111
-0.09476827783787801 -0.07468102674213883 0.0004967363248854512 100 97 100
-0.07412285232252767 -0.06491489662452994 0.011036624590499693 101 97 99
-0.05484664422587422 -0.054964917970942474 0.021943272834040812 103 98 101
-0.04429134731107207 -0.04454684446565762 0.030570396267896947 114 108 111
-0.034264473260999906 -0.03461990135852995 0.03259380730898244 116 110 113
-0.024981257367905536 -0.02508313054144721 0.03239155527015747 113 107 110
-0.014128353132060921 -0.014559908585300258 0.03279310190070728 113 106 109
-0.004252737305880515 -0.004001381924992934 0.033349336247087996 113 107 109
0.006174650444726622 0.005128179668325317 0.03282633409763859 121 114 117
0.01579940981289414 0.005002007915404547 0.03901758451412307 126 119 121
0.025373093436313693 0.01511188783694127 0.038795977818168556 122 114 117
0.026440864770696997 0.03567015825971017 0.03418857090724335 121 113 116
0.03564157248051846 0.04541232750568465 0.032393629766878165 115 108 111
0.03754853284499579 0.05678742240758866 0.02454555401594072 118 109 112
0.04589350214122939 0.06606822252813385 0.02365303211876126 117 108 111
0.055893365531731194 0.07623876532721802 0.021991875818467926 120 113 115
0.056576904746389614 0.08671931354667088 0.015024301672349026 116 109 112
0.05578477762317781 0.10609635648258084 0.003613090480109392 112 105 109
0.06701798627678333 0.11575119245989533 0.005565064853543308 115 109 112
0.07636234366444872 0.12566402328837062 0.004503408144176759 114 108 111
0.0762098743690488 0.1358150846121823 0.0032425197776911963 114 109 111
0.08671187324027672 0.14611436829870184 -0.00491860801284405 98 96 99
-0.14353114125126862 -0.14502597772703785 -0.010435959177812142 112 109 112
-0.14319921727815554 -0.1343427922819903 -0.010136044339078595 109 106 109
-0.12323956513982796 -0.12450093067779852 -0.009656153079798443 106 104 107
-0.11390777556567824 -0.1144054452538904 -0.010800301600623837 102 100 104
-0.1035674418354732 -0.10494348193640983 -0.0012848665532523363 106 101 106
-0.08376488229960526 -0.09444702987287029 0.007106753021297879 103 99 102
-0.0634300228436519 -0.08457579290824721 0.017863528093240218 94 91 94
-0.05432183482116169 -0.07508167036638377 0.0217721378347275 101 98 100
-0.03425455702434994 -0.06486580374895327 0.031004360985405512 121 114 117
-0.034327024560879646 -0.05479793192726009 0.0316091432875865 120 113 116
-0.024276733186058757 -0.044972050210838305 0.0328036534477099 123 116 119
-0.014922420492783542 -0.0350654703578673 0.032939537183888035 119 112 115
-0.004172591837248439 -0.02449655723366668 0.032627689703705186 120 112 116
0.005802927081426582 -0.014576831575614691 0.033447664508312026 120 113 115
0.01614032478539442 -0.0043342242647867605 0.03319899019600896 124 118 120
0.025763172476382965 0.0049086312518011365 0.03862887933582505 122 115 117
0.03590916066084646 0.014865268918370022 0.03408371680062357 119 113 115
0.03594221080388473 0.025534637540526678 0.034105670523422615 119 112 115
0.04597272065068706 0.035289394943176955 0.021842306576333542 118 110 114
0.05620189683835926 0.046223846004225966 0.024683974968241547 118 110 113
0.055767949506345615 0.05619741764612874 0.024313874103247014 119 111 113
0.055747687947888036 0.06671594959949448 0.014187234088311327 109 102 106
0.06572671969652874 0.07642709179145893 0.01496860455023647 117 109 113
0.07526849669213126 0.09527579196486098 0.013259622300039383 120 113 115
0.07611709175642065 0.105822268968424 0.006134750797706425 109 103 107
0.08577452914894178 0.11598645693424665 0.005777592545602391 115 109 111
0.09573417841499998 0.1257752240457703 0.004434966540590838 98 93 96
0.0962845587481591 0.13570937199783967 0.0027359910290700954 97 92 94
0.1076686739876795 0.14529234677296352 -0.004043815019902057 94 93 96
-0.11420150634061194 -0.14488487342130643 -0.009555106834997003 104 102 104
-0.10409271938126301 -0.13416864828016115 -0.002573669073925011 111 106 110
-0.09415019065400401 -0.1247728789234116 0.0003821482398676541 103 99 102
-0.07364512054603843 -0.11429156352381953 0.009160173998674638 106 102 106
-0.05326948323111862 -0.10415726931636794 0.0205246573788906 94 91 94
-0.04504075047291271 -0.09421727538753363 0.021773717180102185 106 101 105
-0.03418577195570972 -0.08441129693117182 0.02048478542685217 120 115 117
-0.024110580918960043 -0.07476334259845645 0.031095889043831284 123 116 119
-0.014374892305046277 -0.06479451887398462 0.03233940329025094 124 116 119
-0.004125390764079386 -0.05473565036316505 0.03261820385579767 122 114 117
0.005964095636010344 -0.04559368374055889 0.03274476963672868 120 113 116
0.015973190577827166 -0.03435274757890683 0.03326107029170339 124 117 120
0.026451614901937353 -0.024875551737213775 0.03355294936628857 123 116 119
0.035156239035139314 -0.013793522903925607 0.033937579286686795 119 112 115
0.03546526645098409 -0.0042121277502009755 0.03357359092468392 122 115 118
0.045982241563900364 0.005931807829814219 0.033822218256675265 122 115 117
0.05605443251771414 0.0155595619884934 0.03301053328369445 122 114 116
0.055779323642607105 0.02540150909834213 0.02397854291055463 118 109 111
0.0662767161223217 0.035514594925782524 0.02416983733640192 122 114 116
0.06668814307773493 0.04558646396424515 0.012392475566097115 107 102 106
0.07593874519182915 0.05593914509287851 0.015347662736474057 116 109 112
0.07638126209209732 0.06626218100412164 0.015608365085327671 119 111 113
0.08611589934475793 0.08543994427984257 0.01379565082099165 119 112 115
0.09656599051192778 0.10680386236633947 0.0061630554010850165 108 103 107
0.10603730565452446 0.11603054806051956 0.005429049386852085 102 98 102
0.11643317504552157 0.12512663409663272 0.004524339721750266 95 91 93
0.11690422561979154 0.13517640450115567 -0.0037205015660118444 90 87 90
0.12659439946303522 0.14511523110027383 -0.003945663983702002 94 92 94
-0.08305386665882573 -0.14519573058866844 0.006310969544879146 110 105 109
-0.06363894612090171 -0.13444653745972848 0.011198957698942004 99 96 99
-0.05354660654589274 -0.12445270686788358 0.01915656658485757 91 87 91
-0.0439210646149793 -0.11451620083768389 0.021162563319199502 101 98 101
-0.034041662008327055 -0.10419762138831712 0.021299416768182207 111 106 110
-0.02363037632674206 -0.09478248476311842 0.020332536521549347 113 107 110
-0.014061008917064665 -0.08445041781367013 0.020623052989138028 120 113 117
-0.00348720975265899 -0.07506959242144111 0.022144219749366992 121 115 118
0.006074824170164254 -0.06441213246178144 0.0322037683140394 119 112 115
0.01561580676828312 -0.05496199026345913 0.03310834705741954 118 110 113
0.025958495542985644 -0.04459768175146501 0.033152970728332856 125 118 121
0.03605436472260038 -0.03501524570084939 0.03350631140150662 124 117 120
0.04531571806104984 -0.024624806372894194 0.03388296035537226 120 113 116
0.05647058877896716 -0.004305939050764042 0.0334418438378178 124 115 118
0.06566670278532065 0.006176829152230458 0.023259699058581242 121 111 114
0.06638346465203021 0.014993158264086872 0.023460900588778925 122 112 115
0.07622737958522738 0.024292694715426902 0.012540098359901889 115 110 113
0.07599818744626358 0.03522469501222615 0.012465162650979803 114 108 111
0.0877266736198532 0.045837076987762765 0.0150555584390021 119 110 113
0.09602633601471137 0.0664792070455868 0.0026563935459807675 113 108 112
0.0959617219077824 0.0763180583407297 0.0043834893169303665 97 94 98
0.10667208696816267 0.08671648388638632 0.005774715790591224 103 98 101
0.10684773845579405 0.0955502523985697 0.0057649020614354875 109 103 106
0.1162030937729049 0.10538674364886474 0.006003681889100055 107 102 105
0.126103463883089 0.115390491340864 0.005080932752516848 109 105 108
0.13674734879551115 0.12549040200403713 0.004711430930033872 100 96 99
0.14618285842535853 0.1357554152826637 0.0038576303081250844 99 95 98
0.1458291916354009 0.1469219368569138 -0.0030179835138078002 96 94 97
-0.04385236155890608 -0.14435343101232556 0.021592772330329208 93 90 94
-0.03501213398807286 -0.1344157933838039 0.02126459375323108 100 97 101
-0.023631790015666544 -0.12386209618595 0.020573207037268733 107 103 107
-0.014751319061695082 -0.11448501166635132 0.020783659208823985 120 114 118
-0.004543704862978705 -0.10511179830283758 0.021322196282284038 124 118 121
0.00585513524112357 -0.09500229853741178 0.029823076320842974 120 113 117
0.01558349308245718 -0.08469568609855778 0.031125492312334822 120 112 115
0.016191848219506734 -0.07482991067773698 0.03248173677783932 116 109 113
0.02563239976527155 -0.06483840382653247 0.03288685816709995 115 108 111
0.03623250599833487 -0.055202416284715464 0.03331999114098754 124 118 121
0.04594705331541427 -0.04534190269888774 0.03410995109576748 123 116 119
0.05596362624486688 -0.034711099389903716 0.03363639367589971 119 111 115
0.05516357374880862 -0.023716619039230346 0.022461528266645374 120 112 115
0.06521313822852881 -0.015045364207897562 0.023018357386122082 126 116 119
0.07666134017684581 -0.004508448753103913 0.023881342572513665 118 110 113
0.07611758972551412 0.005730122486922832 0.0240212348111872 118 109 112
0.08634366536510711 0.01489310871373765 0.014814354914750602 110 103 106
0.09672669202598862 0.026091617389396353 0.015287821130714491 122 114 116
0.09691142323693717 0.045616800326056195 0.01486923285247066 124 115 117
0.10652920521320426 0.05598850108805313 0.003678113259357402 110 104 108
0.10729480650000002 0.06441179111205364 0.0037452962110343675 117 109 113
0.11738848624077412 0.07582653738283432 0.00660839417354645 118 111 114
0.1262570395186923 0.08563852483934252 0.005963257503715805 114 108 111
0.13621845420488587 0.0952657191340387 0.005857409572202543 114 108 111
0.14614238033232635 0.10574264027442272 0.0060184967047597435 116 111 114
-0.014218019682082486 -0.14457264737977962 0.02046868600134573 108 103 108
-0.014104891698895063 -0.13487224060351954 0.020094527302751443 109 104 108
-0.004198042377901796 -0.12454467876423106 0.02100795182240628 116 111 114
0.005745757805884691 -0.11423619040962857 0.020285910771334188 120 114 118
0.015787820745179953 -0.10395655948535129 0.02115723294677417 116 111 114
0.025720528772207353 -0.09409846302219774 0.021491735354694164 116 109 113
0.03568079981335373 -0.08456999344156654 0.03180128177916091 120 112 115
0.04518143860533317 -0.0746542074703556 0.03267215603330452 116 108 112
0.045140927299973585 -0.06501053656656267 0.03315144946700732 124 117 120
0.05725413075737288 -0.055086635881797505 0.023431301782413757 113 107 109
0.06494428748880995 -0.045135610362250916 0.022742151379302897 117 109 112
0.07629002858655903 -0.034744470711963446 0.023622907771552116 120 111 114
0.07645786291140017 -0.014302121570635309 0.02378324970396381 122 113 116
0.08527572428444526 -0.003364280310575183 0.014554987058959233 108 101 105
0.08614303653345866 0.004534413330481055 0.014845828504011208 117 108 112
0.0967529432336247 0.015597305643426455 0.014882470034144814 122 113 116
0.10618233014966869 0.025397732157294333 0.01450459751364751 126 117 120
0.10711052907710943 0.0339493072217152 0.00344971118304996 117 110 114
0.11760165353107152 0.04565507276551322 0.005517292402988637 109 103 108
0.1263705287429112 0.05571260120025594 0.0058135584120403904 116 109 111
0.12643060327343078 0.06547270754092381 0.005819937417463882 118 111 114
0.1363053313657883 0.0756644403378928 0.004987981969293793 114 108 111
0.14616087761714688 0.08539466062688182 0.005444786661670647 113 107 110
-0.0038246925192250247 -0.14438080892670274 0.02183279398662138 105 100 104
0.0064027701934161775 -0.13541332683709748 0.02060955250370225 108 103 107
0.0167992983558873 -0.12482165675913415 0.021743678167901306 115 109 114
0.016822895909084378 -0.11444675798269235 0.02173355242263183 119 113 117
0.02653895211147679 -0.10463712668056403 0.021707243597457602 119 113 116
0.03649697193045073 -0.09475389748076729 0.021694319573542085 118 112 116
0.045897240666791364 -0.08497966104230603 0.021960684805277568 123 117 120
0.056684521672144356 -0.07501719093399845 0.02228539751828435 118 109 113
0.0552314356056094 -0.06489706927676889 0.022160159009693654 118 111 114
0.0672490787391533 -0.05579635744019689 0.022842006792253608 116 108 111
0.0765083658534097 -0.04511733887919869 0.023769754405043392 118 109 112
0.0854238292735895 -0.03512352723393936 0.022803016157768894 125 116 119
0.08458378223456017 -0.0249037552799266 0.013692743454040951 121 112 115
0.09707006978821603 -0.01391690951597337 0.014889662484580376 119 111 114
0.09692906087288584 -0.005261450628822306 0.01492527186143423 116 107 111
0.10595461715618726 0.0054633882976425924 0.01426812734698765 119 111 113
0.11629874878203196 0.015666249714333856 0.005050442569756463 116 109 113
0.11667447639961419 0.02547968663574822 0.005224543625921779 117 110 113
0.1264749227911934 0.035997158108999436 0.005730789189962816 120 111 114
0.1363059296829281 0.04556691919077653 0.005293660755228482 117 109 113
0.1355799440561421 0.05595906470608069 -0.007577110873698818 118 112 114
0.14632034399389648 0.06548623500783986 -0.006572078311034893 120 114 117
0.016774520265654912 -0.14522912463673107 0.022926355381189263 104 100 103
0.025898305326680384 -0.13538081389186685 0.023012501694564848 118 112 115
0.027215293110554206 -0.12483931726925021 0.02246313099244948 116 110 113
0.037081264033346016 -0.11464120036734166 0.022605953723796212 114 108 112
0.04671864720040768 -0.10524461396911916 0.021762575131025277 121 112 116
0.056721273314004915 -0.09544902654939552 0.022867465145290995 113 104 108
0.06623160207039099 -0.08488994897441002 0.023604962514112655 118 109 112
0.0672199705410526 -0.07584357888094745 0.023493128273289927 114 107 110
0.07615293693571452 -0.06553433577807762 0.013654044353366913 117 108 112
0.08531431485425302 -0.05456729922405355 0.013404251312667231 116 107 112
0.08638363261208809 -0.04493081307521408 0.013564214583650619 123 114 117
0.09691309402372415 -0.034355311121067336 0.014305673544762683 120 111 114
0.10667128954645919 -0.02431199152027548 0.014067324236355417 118 109 113
0.11588188189500018 -0.014176060426575814 0.013180553521309486 121 113 116
0.11611866504578885 -0.0041425388905120784 0.013142661913924315 120 112 116
0.12696702495138906 0.005698956054172038 0.0062569474838459534 113 106 110
0.1270963083667331 0.015927068670937395 0.005747425452599618 116 109 113
0.13666948005607119 0.0259111582455704 0.00546431905575931 121 113 116
0.14601869384608313 0.036185401135290965 0.0035382475507954023 119 112 115
0.02633333458602185 -0.1435582529956661 0.011674484938523372 121 113 117
0.0367807161236689 -0.13442220438043065 0.011375716580264147 115 107 111
0.04689022350555649 -0.12551108586579832 0.011362737856843538 118 110 114
0.05687150721507098 -0.1145428968296809 0.011780261136069727 123 116 119
0.06641285233259236 -0.1050620221664844 0.012362726638221612 123 114 117
0.06669938116505024 -0.09541611133279866 0.012868770774955511 121 112 115
0.07616972429198242 -0.08527102007719768 0.011480855726336925 120 112 115
0.08655656315044269 -0.07569186065814505 0.013424193372707645 118 110 113
0.09617579720890275 -0.06439296062768238 0.014623756314085495 117 108 111
0.09690223928679201 -0.0551474261251949 0.01400750132518218 117 109 112
0.1062324084888734 -0.0444809729375162 0.014655824155383386 121 112 116
0.11570963451204584 -0.03394103300246294 0.004669542545345366 117 110 113
0.1265378142302285 -0.023120381429603924 0.005477970801262379 116 109 113
0.12691351716271704 -0.013541362459306405 0.005684924206852887 113 106 111
0.1373740663657984 -0.004078472952546588 0.005904039319870376 113 106 110
0.1462663634864505 0.005273474060008737 0.005496793977647881 113 105 109
0.14650281176415975 0.015810956706892167 0.004970505977762635 116 108 111
0.037540515808722266 -0.1452768657267923 0.012269559198985928 118 108 112
0.047286971700889385 -0.13526409493493557 0.01262826006365042 117 109 112
0.05721926373131986 -0.1252577920794796 0.012480449338812222 112 106 109
0.0662529471967147 -0.1149121681560422 0.013212583958788774 121 112 117
0.06822613350869564 -0.10726689490651685 0.005128039598045785 126 117 119
0.07842788728203536 -0.09578790577162727 0.0031353282091762004 120 112 115
0.08654227855575759 -0.08377843368473693 0.0026698361899805696 118 111 114
0.09709045375469309 -0.07456647988947497 0.013678896561664065 119 110 114
0.10652165121874942 -0.07472498961010389 0.012815181384152809 120 110 115
0.11686254853760564 -0.06534931677169488 0.004562788110321559 120 111 115
0.11698434536906797 -0.054885066970219845 0.004627251433967787 116 107 112
0.12608177566936782 -0.04438077766429624 0.00527096985600905 113 105 110
0.13633148973770984 -0.024399781290339814 0.005649037039722845 117 110 114
0.1364641623677424 -0.013955791391402416 0.006066109481290687 119 110 115
0.14678508938318285 -0.004975406664272876 0.005557525440561794 116 108 111
0.05690158843221877 -0.14445112465988305 0.0024303796223744513 123 114 119
0.0667546946077307 -0.13463528478736353 0.002556510988122745 118 112 115
0.07664480956174144 -0.12321727759544816 0.001576910833565058 118 110 115
0.0773699287350069 -0.11389606480748153 0.0035004933974449545 123 114 117
0.08709961060221016 -0.10552205898227808 0.0021794595942656366 117 109 114
0.09757329495519074 -0.09519241583141849 0.003767437204529742 121 111 115
0.10656273569072477 -0.08633420841889612 0.004231165087643868 119 109 113
0.11634279083909625 -0.07508676596120975 0.004233973505604581 123 113 117
0.1273763767849608 -0.06537437204330832 0.0044617199742602075 117 108 113
0.12659996147523223 -0.055169017054109634 0.004556365070367484 115 106 111
0.13709337351265377 -0.044679479307241525 0.005431238138584339 118 109 113
0.14637655492386442 -0.035105420766132794 0.0051967913487022035 118 110 114
0.14523570866014668 -0.02315961440426569 -0.009561140414959014 115 109 112
0.07788272148592597 -0.1453416287169224 0.00347688430048052 118 109 113
0.08586312336938819 -0.1344398738970657 0.003954074247445065 113 105 110
0.09724986424033753 -0.12455261223966935 0.0034448519841255576 122 112 117
0.09648864020745014 -0.11403725189746584 0.00323502695779183 119 109 114
0.10629500419166533 -0.10504401381980881 0.0029821129575020792 123 114 119
0.11693439889444482 -0.09548980248070103 0.004293546295745941 121 112 116
0.12673440751541623 -0.08479629112526434 0.0047701283521024256 117 109 113
0.13644396084269148 -0.07407280072996884 0.004957881920507546 119 110 115
0.13695721153121618 -0.06438304483442277 0.005411025097629222 120 111 115
0.1459979150390337 -0.05456320987888748 0.004381977971694885 121 112 116
0.09676691373319851 -0.1436249436666298 -0.006776651030271728 115 107 112
0.1059058908667633 -0.13436102752426485 -0.005942209857208275 116 109 113
0.10664188920731636 -0.12484818165879807 0.004107374887332715 115 106 111
0.11662691058424864 -0.11464214397781329 0.004252840154704713 117 108 113
0.12826804551455614 -0.10482052240084105 -0.005863006268439639 118 110 114
0.1370491770548878 -0.09442025724437908 -0.0056094075515150076 124 114 119
0.13807017410436387 -0.08424296362649744 -0.004763964753782138 122 114 117
0.14692845325634743 -0.07482166098918593 -0.006113857660049359 124 114 119
0.10563211674928172 -0.14279700873789067 -0.007567055013605573 118 111 116
0.1155295190839833 -0.13348840964271427 -0.006757522527817684 124 115 120
0.12635221760051135 -0.12469031189415855 0.002800871962115923 126 117 123
0.1264702242673844 -0.11434585806165706 0.0032544664918491614 116 107 113
0.1373610236160757 -0.10489875743145691 -0.004702012333106083 121 110 115
0.14727154728335634 -0.09488309373544872 -0.005320538980021532 114 104 110
0.12573012442008827 -0.14350297252565805 -0.005239563183220119 126 114 121
0.13633844491516284 -0.13490116972867147 0.0019081955333038747 129 120 127
0.14617166629853084 -0.1245977265336678 0.002334133300792571 124 115 122
0.14566715933597507 -0.11406577211340778 -0.00511516292770077 119 108 114
0.1465709157706018 -0.1451619368974819 0.0028014266677824154 118 109 117
-0.14372266342561224 0.11501089444716597 -0.0017500599998969222 112 106 109
-0.13346012058365742 0.14572576557905853 -0.008285153151244848 118 111 115
-0.1440356222402507 0.09534855748962864 -0.0023070831894288525 117 111 115
-0.13376270670202997 0.1050880814953066 -0.0006114542006871284 117 110 113
-0.12336445407627883 0.11565921493780555 0.00020123635176642115 117 112 114
-0.11313102328423014 0.12550250578026975 -0.0004589538494881411 113 107 110
-0.10357929763068244 0.13513534509145606 -0.0007701408296881913 114 108 112
-0.14333326229421559 0.06506859139511219 -0.008834478298447612 117 111 115
-0.1336874798198517 0.07499568235077551 -0.008784497533021142 123 115 119
-0.1234598927396053 0.08547998749221614 -0.0021245570258049563 120 114 117
-0.11384659807203606 0.09539479611095883 -0.0005841373965722084 123 116 120
-0.09469192406555134 0.10575175859588665 0.0023213762774394317 114 108 110
-0.08374263147928059 0.11530524011892922 0.007435034306466668 107 102 104
-0.07307527264466321 0.1250664883093631 0.009404546281561805 105 99 101
-0.07383753522929629 0.13569428179887932 0.0018245260954503073 107 102 105
-0.06357593811211128 0.1454108538131871 0.001768589066322249 101 96 99
-0.14336560360794814 0.045024196965048974 -0.009272122626662785 121 115 118
-0.13370687967461742 0.05581413399795276 -0.008713593933032324 120 114 117
-0.11384290559282317 0.06532193758977352 -0.008492012516624188 114 106 111
-0.10385803842999172 0.07526328877827358 1.2998417812149637e-05 105 99 101
-0.09455133229832126 0.08550706769383798 0.0017301704516972521 104 99 102
-0.07342940772670987 0.08541336102783455 0.011364515437231684 109 103 105
-0.054460873998221734 0.09542001896859056 0.020707950558801154 111 105 107
-0.05447889105386533 0.10524292300284735 0.020183861997414395 114 109 111
-0.04407949240770322 0.11617997216029488 0.012020382689210012 111 105 109
-0.034258209344286375 0.1348817139689792 0.011309031916761426 118 112 114
-0.03320236712333419 0.14536715622361493 0.0030653041231592203 111 105 108
-0.14337113671471272 0.015154618276366447 -0.012875588085494067 127 120 123
-0.13352999594009307 0.025238661159191336 -0.011486875975508074 125 118 120
-0.12402446269708262 0.03534805387090284 -0.00927553127040066 119 112 114
-0.1143684837301471 0.0457918717550856 -0.008356147829284347 118 111 115
-0.0939387677781324 0.05533576858985668 0.0005235337755887847 110 104 106
-0.0841237660698129 0.06461340356619771 0.002665267695428013 109 103 105
-0.06405943084050542 0.06509142390029503 0.012127718344752951 107 102 104
-0.04443941436460022 0.07547967638097303 0.022578131419411077 110 104 106
-0.034349730000616994 0.08547979381587782 0.02208009555705734 111 104 108
-0.03413800181937757 0.09585942810264006 0.02264307238940322 112 105 108
-0.023500042197580586 0.1066613178509795 0.012973087013184514 109 103 106
-0.024167146365967652 0.12572291989667964 0.012040467747088867 116 110 112
-0.014192877807630472 0.13562683512762483 0.010594611685982469 117 111 112
-0.013899240643036576 0.14595950047963718 0.002515223057936887 109 103 106
-0.13375898765708438 -0.004686736498604577 -0.011754395305545305 108 102 106
-0.12022949718332726 -0.003584202834445665 -0.0036252806387025664 100 94 98
-0.11239801101306138 0.005767334227153627 -0.0026932361951775372 105 100 102
-0.09428025278295318 0.016030821303245082 0.001138915633593883 109 103 106
-0.08286203864962602 0.025494416235525376 0.007216874430687166 111 106 108
-0.06403564160909395 0.035566431310762245 0.011533309652026851 110 104 107
-0.06399819398819483 0.045830182918394094 0.011232732293640964 108 102 105
-0.04410667362578067 0.05551519652267984 0.0208455468162407 111 105 106
-0.035304072057079076 0.06529772555101541 0.02231781209645378 111 105 107
-0.013386731939295012 0.07572145414887503 0.03196346141059497 117 110 112
-0.014033155328094796 0.08579587275713453 0.031114185781288144 119 112 114
-0.0042076024728599695 0.0955760274254027 0.02159129485553829 116 108 110
-0.0043745342613101534 0.11501464245581612 0.012577402809627016 113 106 109
-0.003785414674262868 0.12545806069475793 0.012245853641758266 116 110 112
0.006000771115044526 0.13601480888926323 0.0033887949083039057 110 103 107
0.016880139700165137 0.14625458795975277 0.003925571103706505 115 108 111
-0.14323557232533113 -0.043856355336667145 -0.019627719635195932 97 94 98
-0.13376167228120292 -0.03460019981439897 -0.01185898658207114 107 103 107
-0.1132485609250894 -0.02438894198247959 -0.0025792125791796964 104 100 103
-0.09250710654893933 -0.014245874017304306 0.007445296612901074 112 107 109
-0.08346551475622568 -0.004917353735706861 0.009511318571741135 109 104 106
-0.06330550150028721 0.005466147447197157 0.01782571541972717 112 106 108
-0.05373351252969947 0.015496319828538878 0.019134559258705414 112 106 109
-0.04459821382522611 0.02592442710666877 0.02028018319455887 114 108 110
-0.03452550106563459 0.03536972681592367 0.022628531444582697 111 106 107
-0.004223667932248222 0.05460387527537015 0.03310993656205499 116 109 112
0.005826109386891045 0.07591469848329369 0.03154074360012617 123 116 118
0.005505793980136276 0.08643352289137664 0.02255981039406693 114 107 110
0.005880261342256363 0.09627089006461105 0.013305325460173222 109 102 106
0.016623248740477513 0.11546830788833383 0.01255031091297687 117 109 112
0.026343974036561236 0.12530596938444094 0.011225331268922167 120 113 116
0.02591730054259258 0.13609634621826666 0.003997381623254245 115 108 112
0.035792586749384556 0.14550570479716185 0.002878475785933071 113 107 109
-0.14348370545477312 -0.0741618918881578 -0.010402381637383506 99 97 101
-0.13381132184902728 -0.06450675141840101 -0.009383286448171053 101 98 101
-0.11299242841854239 -0.05444437789501515 -0.0021930771541622644 102 99 102
-0.09400546720565275 -0.04514656303775886 0.007138349333655944 104 101 104
-0.08422550163684024 -0.034655199767175314 0.01018511954168829 107 102 105
-0.06365807383829626 -0.02487310683121323 0.020607878875446857 109 104 106
-0.054902795354574235 -0.014236476023357036 0.022001255352742114 111 106 108
-0.04530851207278538 -0.004892811691356256 0.022038282525043723 112 107 109
-0.03490557644352568 0.005676534651084984 0.021598723481814748 112 105 108
-0.023931026070562276 0.01514906305602071 0.028931834385651244 112 107 108
0.006879510898319233 0.0452412805929996 0.03394781303892197 120 113 115
0.01639699719562198 0.06670648180404035 0.02408605509271839 113 106 109
0.026628142958094056 0.0865113453250355 0.013737393112431752 112 106 109
0.036424027964444335 0.09573029432335078 0.014492984726894075 118 110 113
0.03624868124184978 0.11689024247044698 0.003789621008614018 115 109 113
0.04639630564504956 0.136174514410998 0.003965146249549283 113 107 110
0.05685252014585545 0.14568724859936702 0.002705857965227699 106 100 103
-0.1439970691820486 -0.10462216817425458 -0.010811871731863463 104 102 105
-0.13336837400893262 -0.09446090515750238 -0.010321124697124304 104 101 104
-0.12413915069990547 -0.083779149774989 -0.0038060400447860483 124 117 121
-0.10383195686459103 -0.07474217565679935 -0.0003520890458159603 103 99 103
-0.083459665895075 -0.06440310407973816 0.008397067027306221 104 100 103
-0.07245832577523195 -0.054517325373802474 0.01699224598728398 104 99 101
-0.054628741613525794 -0.04532871186157251 0.02082091127038127 104 100 102
-0.043485434397787286 -0.03421890331067789 0.030808724062216655 110 105 108
-0.03373160768599884 -0.025033880695676896 0.03249509921411968 112 105 108
-0.023972922735091936 -0.01421469651530483 0.032495275276855404 110 105 107
-0.014306854427841385 -0.004405437136036599 0.03200926820084059 112 106 108
-0.004202322057808438 0.005554567787407334 0.03355297963267906 111 104 107
0.005027500774179396 0.015535532291694033 0.033086041328354236 116 110 113
0.016290222911299425 0.035213387041380835 0.033953943397613734 121 113 116
0.02626856320217443 0.04532814424505013 0.033605152332512336 116 109 111
0.026849614848255286 0.05592297918734932 0.023628032015681193 109 102 105
0.036750421942305184 0.06551027793781519 0.023611608524141098 115 108 110
0.03618165482523576 0.07413096310577157 0.01160585385802091 111 103 107
0.04758688486273378 0.08519647365695666 0.014984238079197305 120 112 114
0.0564214255620312 0.10494244221022384 0.012927599487382107 118 110 113
0.05707313161453008 0.11660523761382696 0.005137766733699438 113 107 110
0.06609843133340022 0.12595401435243153 0.005206890745971715 118 112 115
0.06625154977037911 0.13460201043191336 -0.008488559839288137 106 100 104
0.07639614401380747 0.14488572707787506 -0.004794930243479153 103 99 103
-0.1440529834442952 -0.12373704168964268 -0.010308295404717012 115 111 114
-0.12382869671524985 -0.11448856892317312 -0.01015391867327848 108 105 109
-0.1131158638661998 -0.10439099605507002 -0.002855580138416962 112 107 111
-0.10359641922972698 -0.09465562036603305 -0.0006168698554621524 106 101 105
-0.08337272761364863 -0.08460999204807099 0.007324593156727192 105 101 103
-0.07345240949023739 -0.0744647805889426 0.011163047376357416 97 94 96
-0.054560536135745706 -0.06450644268403619 0.021326085334719032 105 100 102
-0.04433580467258157 -0.05430835666938046 0.0291941943882621 113 107 110
-0.02442478791626446 -0.03501913148353635 0.03232166873044919 116 109 112
-0.013990865111649183 -0.024596182803693252 0.03243231478738503 116 109 113
-0.004765851040895129 -0.014152940161808349 0.033016583501742545 115 107 110
0.005500999179559018 -0.005231143156828003 0.03379199637694222 124 116 119
0.015632506840580086 0.005446994448735953 0.03303878399025846 124 117 120
0.025739175148417493 0.01566893809023733 0.033501358972961484 124 117 120
0.04572942885607583 0.035538860731554565 0.03270592379858249 120 112 115
0.04567187362677152 0.045003432028654776 0.03213837593769334 121 113 115
0.05602377179367391 0.0661476157848675 0.022599169657170824 123 115 117
0.056805570563372466 0.07675198827254541 0.01519558528746134 116 108 111
0.0666087910438958 0.09534387578070902 0.013855667606010647 118 111 114
0.0770275376115442 0.11509239558484503 0.005131086966119241 114 108 110
0.08573430919720414 0.12606510139578878 0.004287048839106302 112 107 109
0.09691677837057838 0.146888152463232 -0.004542854229663657 106 103 106
-0.13323580142783392 -0.14411413681317878 -0.009932354706798392 110 107 111
-0.12323711542419401 -0.135014967655968 -0.009959450099146044 104 102 106
-0.11351525800943318 -0.12436474295069419 -0.01055034512139727 101 99 103
-0.09447117492614945 -0.11461499633440538 0.0004374129726078422 99 96 100
-0.0735530741401171 -0.10456081185363375 0.009529827952237615 102 98 101
-0.06329206329176594 -0.09483836304203334 0.017168910182016092 92 90 93
-0.04315238237889935 -0.08467420865440263 0.027504822510216798 104 101 104
-0.033743647416869534 -0.07458369620919797 0.030520037097025537 120 114 117
-0.0241339785997053 -0.06452305126451119 0.03188849821398733 125 118 120
-0.014305924848124095 -0.05438445177585741 0.03277368634437485 126 118 121
-0.004877872130788994 -0.04462334263106153 0.032813879902401796 119 113 116
0.005957825594433159 -0.03470475871762497 0.03238426312946391 127 120 123
0.015426774686667059 -0.02471934837613948 0.03342856829132487 125 118 120
0.02599940776330955 -0.014495337876393555 0.033450841291785646 123 116 119
0.0255664004104775 -0.003952724150367618 0.03312512937528189 125 118 121
0.03559112994376678 0.005905562106993208 0.03377303900317656 121 114 117
0.04551507445423214 0.015151880591587397 0.033850099923780665 121 114 116
0.04576156746204504 0.024941962731060287 0.022747714072655693 111 105 107
0.0564852755945907 0.03568475854181163 0.02462377393514449 119 112 115
0.06521446741223028 0.044931455110980345 0.023931280273413284 120 112 114
0.06614725060089784 0.055481987418790644 0.023319618519607163 121 113 116
0.07564394367322474 0.07601525503264758 0.014964247848523522 119 111 114
0.0762683999127061 0.08438500793430713 0.001743200929195104 116 108 112
0.08548057459588629 0.09621160396705096 0.005228288069901194 105 100 103
0.0874864156937442 0.10685165240129564 0.005715459434429948 110 105 109
0.09552720311304776 0.11547378861307897 0.0057347912642346874 100 95 98
0.10602243169770662 0.12530392468228552 0.004544732998363171 96 91 94
0.11643282213504463 0.1468377758372831 -0.0035067207755682447 98 95 97
-0.10424101180019196 -0.14379999224109802 -0.0021550307108792206 111 105 110
-0.09391159350182554 -0.13454377014818195 0.00031209441605704186 100 95 100
-0.07359005495724041 -0.12434868494256217 0.008929240493395593 104 100 104
-0.053344954381412873 -0.1140705841676572 0.019669892513590165 96 93 97
-0.044639273578768575 -0.10412001360467531 0.021779482042160972 105 100 104
-0.03437488765598371 -0.09377871565029958 0.020461213908587503 117 111 114
-0.024256277213373974 -0.08452290563554096 0.020531364198279122 121 115 118
-0.013987956305145145 -0.07461533772429584 0.031180978947586768 121 114 117
-0.004130462860823282 -0.06485784204363565 0.032217906610417436 124 115 119
0.005327213320030298 -0.055067228993963095 0.03250207773587624 119 111 114
0.016311557787362572 -0.04522172795369565 0.03295093999623403 126 120 123
0.026020701270966916 -0.03404002358179471 0.033529257018326826 125 117 120
0.03574478310762345 -0.024600655745220485 0.03415202186734078 122 115 119
0.04587427436767163 -0.014852906133467762 0.03394298713918578 122 115 118
0.04598707517363989 -0.00469917200412446 0.03341194017681945 124 116 119
0.05690114458193959 0.005780935475698651 0.02376871139073128 123 115 118
0.05549869434042078 0.015826074160240487 0.022844472526835528 122 115 118
0.0662279489694354 0.02555549528598203 0.023836484940917484 121 112 114
0.07592205625296021 0.0356704236197996 0.022696696230435732 123 115 118
0.08572237536130733 0.04514238055886931 0.020579527499371943 122 115 118
0.08700743652689004 0.05611968361018139 0.015521769396717674 123 115 118
0.0958880859799665 0.083769182614121 0.0031034675781566735 104 100 105
0.12626664742524638 0.125164476744529 0.005052424689599912 103 99 102
0.13607715271162535 0.1361138699363779 -0.004943013393063696 98 94 98
-0.053941968845460646 -0.1444363823645516 0.018457178207849277 95 91 95
-0.04459117618827883 -0.1343845574391522 0.021237458755978766 94 91 95
-0.034530247426230565 -0.12457485693849416 0.021452060831514776 107 103 106
-0.02457156624107186 -0.11448572449428034 0.020889119453290694 115 110 113
-0.014254273245155786 -0.10489441554381912 0.021071349770400503 121 115 119
-0.003672195392465665 -0.09439130293626587 0.02140491409503202 123 116 120
0.005733148038085192 -0.08471018925458812 0.03047379967163808 122 114 117
0.03599231631292431 -0.04472990399474775 0.033795635870860735 127 120 124
0.0461301563417774 -0.034560209724097644 0.0338648690496777 121 115 118
0.05589303463192377 -0.024641339718683417 0.03379313272018551 118 110 113
0.05593070784187941 -0.015022327647905462 0.023507783480330276 114 108 111
0.06612045591107742 -0.003124264070654437 0.02322770407089663 123 114 118
0.08686053842577697 0.03619547603316471 0.014315926232885594 122 113 116
0.09602736260589362 0.055692600368151206 0.014604591665230326 124 115 117
0.10608305253518092 0.06564141262774949 0.01229834878735207 124 116 118
0.10744573289193317 0.07504732802759741 0.005708368493395608 108 103 106
0.1163707971494217 0.08642307016809773 0.006084611403356083 113 107 111
0.1263396377517648 0.09502634639881251 0.006288586370729365 114 108 111
0.13657118877680635 0.10564510391029461 0.006323896948619065 113 108 111
0.146611015547902 0.11533415084176506 0.006554883924637613 105 101 105
0.14668829396689465 0.12501224951969753 0.005403555064426561 103 99 102
0.025536062842284716 -0.08483609514875379 0.03139478229842148 122 114 117
0.03512281990059211 -0.07453177007575394 0.03289102965669338 116 108 112
0.04582623685711178 -0.0549134075939982 0.03352796904666472 125 118 121
0.05538770833891235 -0.03373225012571748 0.023581058377431394 117 110 113
0.06537786101437601 -0.024766561606826155 0.022319983115575072 121 112 116
0.10637474817546039 0.03515639946624258 0.014405685266795346 125 117 120
0.10644622604943353 0.04485179062626881 0.0041821941744390285 116 109 113
0.11715490472334558 0.05559667267279908 0.005534365266278799 116 108 111
0.12653797475519163 0.0754877259060279 0.0058858122109336 114 107 109
0.13646637825462085 0.08566366346254128 0.005915647286725606 108 101 105
0.14651093055634923 0.0950921109157813 0.005637068054597637 111 106 109
0.0159871705569056 -0.11512313878879481 0.029968551737144508 115 109 113
0.025492917239022504 -0.10502045505856372 0.030455808524937997 122 115 119
0.026107119107443958 -0.09498076360516108 0.030436504123701958 125 117 120
0.0466660985454035 -0.07634042248009947 0.02118637176790252 123 116 120
0.07753678187585249 -0.025017987657884874 0.011719232916068231 119 112 114
0.08596534823019189 -0.013964055390609936 0.013664907802088587 116 108 111
0.09692916973712647 0.0044627959069843725 0.015317287239828255 118 109 112
0.10675080444902713 0.015568232643815108 0.014193139238050297 124 116 119
0.1160783521594136 0.03604939826492171 0.005252132275988787 110 104 107
0.12645733754449934 0.045163554694249694 0.005876072117667828 115 107 111
0.13590606006371803 0.05594619895837982 0.0053082811406359315 119 112 115
0.1363972641179162 0.06574455995619816 0.004954884829279741 120 113 116
0.14562667969578647 0.07526260642615056 0.004948961691881917 121 115 118
0.006315855560856568 -0.1455960250730144 0.021368588963761915 110 105 109
0.016459228357722705 -0.1350890606845706 0.02152311381417503 108 104 108
0.03606951035230925 -0.10367557305606806 0.02198052144287873 120 114 118
0.04651686038192287 -0.09442323318428414 0.022214290211922273 124 116 120
0.055587473385053855 -0.0845525696855999 0.02173037268846754 125 116 119
0.0668802215173501 -0.06451035340087304 0.014021687897952046 115 108 111
0.0769885917733244 -0.05516026250995625 0.014263498519129806 120 112 115
0.0761132935878667 -0.04358005041196752 0.013527549057439888 122 114 117
0.08647328841332796 -0.03398932534618692 0.013342978128341006 121 112 115
0.09709711697342689 -0.02363727433175223 0.01445895733199891 119 110 113
0.10604615180671269 -0.014441491816829974 0.01451010058614747 121 113 116
0.1063550195757359 -0.005314449747577399 0.00299809311570496 124 116 119
0.11606092110450182 0.005408349270334618 0.005567140166682398 119 111 114
0.13653181941824533 0.0362684276502128 -0.007816771774265652 116 108 112
0.14626283635556533 0.047090303771108226 -0.006844050279083146 116 111 115
0.14712139821516027 0.056177814039119305 -0.004979895065684503 120 116 118
0.026497291398475162 -0.1452159367207175 0.021694150478935283 116 108 113
0.03547556257331585 -0.13499101927178944 0.02147345220307957 120 112 116
0.036212586159924544 -0.12477404920272864 0.023159472713278517 124 116 119
0.04751640530868754 -0.11449854634800202 0.013091535061869587 121 114 117
0.05668201996343959 -0.10497780730346223 0.013087947564877675 122 111 115
0.06687563014427512 -0.08439059825357388 0.013019329259870198 118 109 112
0.07522029742455354 -0.07508300827867416 0.01265227126636623 116 107 110
0.08630356802317175 -0.06503458107867645 0.012143440061849788 121 112 115
0.09708303491229298 -0.04535053091064137 0.014307653004967669 115 106 110
0.10599370310596562 -0.03440181241593639 0.014309049536746445 120 111 114
0.11621861435663634 -0.023883314147198992 0.003662740233472034 117 109 114
0.11596768940205625 -0.012127421735118271 0.0034961974643152637 115 109 113
0.1267081670843973 -0.004607415813189803 0.005536976172187382 116 109 112
0.13642733353333789 0.00553376003200116 0.00596221658305679 118 110 114
0.1464780863312388 0.026156831808284473 0.004501974301320617 118 111 114
0.07660814246306219 -0.09502859636128996 0.013156019896559523 119 109 113
0.08682187028158082 -0.08511674380196489 0.01389321904372201 120 110 113
0.1060193736995435 -0.05476667425226887 0.014224247961448465 120 112 115
0.11605399785407984 -0.04469109251137362 0.012851585668359764 121 112 116
0.046780425980602315 -0.1449818819973444 0.012874667275765589 115 106 111
0.05686105979883304 -0.1349254185414901 0.013263456401477103 116 107 111
0.06628727357921935 -0.1242895126280879 0.013602070227382553 119 110 113
0.0861252929756542 -0.10463690898504657 0.013758229795660023 127 117 121
0.09643779712567381 -0.0944539906919611 0.013333793209320311 121 112 116
0.09601892183384537 -0.08440809725566466 0.013495050321525086 122 113 116
0.10605854411758531 -0.0757133596413743 0.004462817625294783 128 117 121
0.13747569488786723 -0.035500041958324624 -0.0077824711061802495 114 108 111
0.13719804952262424 -0.024088743228983252 -0.0067413214423444855 116 109 112
0.14620735206694202 -0.014330081398696216 0.005270271512989114 118 110 114
0.06750792993887517 -0.14348478557153516 0.002651291639821846 118 108 112
0.07686010637481795 -0.13496179031519387 0.002050869211317359 121 113 117
0.08654617800104639 -0.12394379268967196 0.0026497659476479073 120 109 114
0.10611033837583066 -0.09517675193941216 0.004341575234246316 118 109 113
0.11643784099115483 -0.08470474632793755 0.0039770850211467935 120 110 115
0.1274782790278041 -0.07470360211893155 0.004772626999405746 122 111 116
0.13609188290302782 -0.05427103499027314 0.005454874531710111 116 108 112
0.14669643594576742 -0.0440266074414043 -0.005804784135866593 114 109 111
0.1461247880486616 -0.03255098076187618 -0.006427991808969328 113 107 111
0.08692722175544539 -0.1445608180550366 0.004135593604053007 121 112 117
0.09624837644827934 -0.13471345400729176 0.004389876611525007 119 109 115
0.1170868593072707 -0.10496231133129649 0.005259009534148641 120 111 115
0.12681213076722397 -0.09438845206120519 0.004907271974538031 118 109 114
0.13622911684192787 -0.08452571555349767 0.004401615808600646 118 109 113
0.14653365939948687 -0.07480407959203586 0.00307521718158182 121 113 117
0.1459826336548882 -0.06373125664950065 -0.005675561438481278 116 106 111
0.1062752257576486 -0.13496655553364617 0.0033797338407603886 118 108 114
0.11598310142585186 -0.12457738426271273 0.0034752003484125812 120 111 117
0.13616762655097098 -0.10490914072493128 0.003475885454515665 117 109 114
0.13635111959940519 -0.09439112624884097 0.0038329652785960414 121 111 117
0.1464282866003956 -0.084068677864387 0.0032032387782044854 123 114 119
0.11564647291503882 -0.14345233721332318 -0.005970297504227709 123 112 118
0.12512624287313326 -0.13368008977410667 -0.006434923779060244 123 112 118
0.13614999851670592 -0.1238546547848077 -0.005099606327933558 126 115 121
0.136037625960472 -0.11463089927141615 -0.005166178901594244 128 117 123
0.14590146240338783 -0.10420613744916896 -0.004850052713835661 118 108 114
0.13535440893004244 -0.14262453231891098 -0.00520999494451703 123 114 120
0.14634558667853514 -0.13490126539632002 -0.004777041887777696 122 112 119
0.1472186468998317 -0.14432835771581554 -0.005016449470940329 126 117 122
-0.14376210415084056 0.12570664508682888 -0.009127148478205954 110 104 109
-0.11270365471189372 0.12635101968063586 -0.00878887650485729 104 98 104
-0.11381426050180758 0.14552615151679812 -0.008769591219238794 115 109 113
-0.14411171057841124 0.07508456355245194 -0.009323961909418164 117 110 114
-0.13416634013280476 0.08548848860201842 -0.002238574275916963 121 114 117
-0.1236505263118069 0.09517472668008055 -0.008017617150048839 121 114 118
-0.11357491105986182 0.10537057528347094 0.00017722636783534806 118 111 115
-0.09453594147515096 0.11565806159838382 0.00155672982092637 119 114 116
-0.08353058743201508 0.1260338583961517 0.002194543377242374 112 106 110
-0.07368253746131366 0.14563039523418367 0.0011339838256212154 104 99 101
-0.12398070763663213 0.06587340489860445 -0.008391131750921715 119 111 114
-0.11339000331105198 0.07547257050793957 -0.0018852645700182975 116 109 112
-0.10434897915583576 0.08586840368776562 0.000537254990786897 108 101 105
-0.08427047662651103 0.09554332128650962 0.0007776586994563415 104 98 102
-0.06392479515847667 0.09494558227615871 0.018105621470339416 111 106 107
-0.05350514412029713 0.12601688032916147 0.011603883282977921 112 107 109
-0.04284322997539834 0.13465434068719778 0.0016416810560259355 108 103 107
-0.1436361222120236 0.025513407973898457 -0.012016401413596296 124 117 120
-0.13401969869807961 0.0355620218331338 -0.010030433382390212 120 114 117
-0.11229235658358958 0.0449834365738204 -0.0027939285230304846 113 108 109
-0.10333408068872944 0.05534787267111135 -0.0018435907109777133 109 103 106
-0.09418202828364484 0.06587177414915968 0.000888349424433962 108 101 104
-0.07370006897701421 0.06526435554096802 0.009501396844002889 110 105 107
-0.05377055275329262 0.07550648044395218 0.02005209696720113 107 101 103
-0.04524600688549031 0.08566327184412026 0.02241105661706952 108 102 105
-0.03398914183801682 0.10618907165822188 0.012489517579917961 110 104 108
-0.034762448105422825 0.1255886114590961 0.01194916958212951 114 108 110
-0.024674685010881495 0.13531206924180525 0.002252815344819377 111 104 109
-0.12203902517286189 0.01363477964702641 -0.00432189261586928 111 104 107
-0.0937646107667954 0.02538779716824145 0.0011719977669582661 111 105 108
-0.07371914748924047 0.035507902120311956 0.00922872712292328 114 108 110
-0.060891185608880544 0.04553607177244196 0.016909248245528963 116 108 111
-0.052334333502701745 0.0564738285181514 0.018203073945264527 111 105 107
-0.03300785093604394 0.06531916727573707 0.028961702190151827 115 108 110
-0.02359350792140205 0.07543918991433674 0.03200248021371017 116 108 110
-0.014008921795629254 0.08565153622959688 0.02243111777629356 116 108 112
-0.014270068575944617 0.10579890092541798 0.01330680976504047 110 104 107
-0.004382279117160525 0.13636055938602265 0.0037327824411275633 110 103 108
0.00676619657229101 0.1456982818145906 0.0025634812804196418 115 108 111
-0.142832180861628 -0.024387369019752754 -0.013344180691849148 113 107 111
-0.12154673208629539 -0.025283536904787657 -0.004685418862981723 102 98 102
-0.10374083613855913 -0.014519328954164742 0.0003769798356688765 110 105 107
-0.09467606457210548 -0.00444485515226685 0.0008706830422413837 109 103 106
-0.08408860041241327 0.006057638783284569 0.008520455655650797 111 106 108
-0.06348459399301169 0.01535898436843601 0.016854794598018856 107 102 105
-0.053317238988916105 0.02557383897126912 0.01813612917910827 113 107 109
-0.043681622866737775 0.035011292246709874 0.02003469448816591 112 106 108
0.01722641114996444 0.10621239977576621 0.013655029691834122 118 111 114
0.01638207299668438 0.12511534399919777 0.011502171866841328 117 110 112
-0.14409971011103404 -0.06381733854762871 -0.011884755375503181 98 95 99
-0.1339892136775491 -0.053998828237529495 -0.010559606437368689 105 101 105
-0.11291689446714391 -0.044316521773941395 -0.002274684501370838 99 95 98
-0.09289608489210749 -0.03493508384236532 0.00784609023851186 106 102 104
-0.08439175695923795 -0.024492346460317168 0.01059319451963671 111 106 108
-0.0740528235055443 -0.014907333789639255 0.011922942233534677 109 104 106
-0.053873644348233746 -0.004688559424437399 0.02134605594551494 113 107 110
-0.043950289442106674 0.005250103987852615 0.022355204540042962 114 108 111
-0.0328453108786755 0.014645781641186845 0.02770479167739451 110 104 107
-0.02323024878041867 0.02536052815361788 0.02853521621306061 109 103 105
-0.013911879280707765 0.0357857205982797 0.03126920555596609 105 99 102
0.005348292160763914 0.05519199535359567 0.03252376987737184 119 111 114
0.015517338975782379 0.06453664877883433 0.03302612320529261 119 111 113
0.015856411541397376 0.07529336613613404 0.030744616917095083 119 112 114
0.026408167875917064 0.08536643640773912 0.022420842860732704 118 111 113
0.03518022552822374 0.12534897345152618 0.004943953621153693 116 109 113
-0.14320832979637083 -0.0948070827098214 -0.010346259773162138 101 99 102
-0.1333385572789796 -0.08487232933177848 -0.010021398878247312 101 99 103
-0.12390175454978955 -0.07423108912390926 -0.003574327640319874 122 116 120
-0.10334217302106369 -0.06451372447887312 -2.3101551477767296e-07 100 97 100
-0.08398910518062323 -0.05435226064287836 0.008718662794161187 106 101 104
-0.0728363958931253 -0.044842748076168566 0.017377819884437574 105 101 103
-0.05347716849358092 -0.0349786274326044 0.027571706070973843 108 103 105
-0.04409536591566153 -0.02514445900040462 0.02997678571371499 112 106 108
-0.03384531282693803 -0.015275864465811211 0.031201923725787405 111 106 109
-0.02413961923518961 -0.004889418265831303 0.03149041451677281 116 110 112
-0.014328034225149012 0.004798717248294535 0.03218284977660763 110 104 106
0.025940571540918174 0.055211971856053185 0.03247517587416314 118 110 113
0.03592505070308897 0.06493360285598695 0.03128099051551518 121 115 116
0.036114783891928647 0.07605527372669449 0.0230398276273614 121 113 115
0.046289369807099266 0.08536590349070043 0.021201565891364876 118 111 113
0.04612020619746699 0.10493680574526236 0.013607928347947378 118 110 113
0.05627122450544699 0.12587684255508225 0.004788538576224242 118 111 114
0.06602763128441747 0.1360586350714953 0.0035656875167869627 113 108 110
0.07624056046418046 0.14551039941219185 0.0028614795338594836 112 107 109
-0.12372433573931561 -0.10445118434436047 -0.009614488141570364 107 105 108
-0.11387987039257673 -0.0950504238150779 -0.011459807266504713 108 104 108
-0.10325081734897486 -0.0845324649567513 -0.0001831877922507559 101 97 101
-0.08310364762911644 -0.07480940854308621 0.007808230326174399 96 92 96
-0.06335532621708082 -0.06459044060259321 0.018586535126586798 98 94 96
-0.03469079336499119 -0.04416552546475366 0.032511829926634206 119 113 115
0.01591432778428633 0.015744573348450985 0.03255768293395481 121 113 116
0.025382313308011377 0.026206634765246192 0.034209930088154684 122 115 117
0.035907427517545304 0.03516602030609211 0.033462066071655534 120 112 115
0.03547437976087074 0.0449139699988143 0.022184728782784553 104 98 101
0.04645490638165773 0.0554742767991291 0.023693791497771906 120 112 115
0.06612327801566241 0.08634571925842056 0.014868682160631034 116 109 112
0.08646547413970193 0.13616980428144965 0.0030404364781322422 108 103 105
-0.13355837895827619 -0.13408903921927565 -0.009826325746575153 105 103 106
-0.1034074115494637 -0.11463572524306834 -0.0016045018150784227 102 99 102
-0.09434290698605884 -0.1045706495701116 0.0007255629449932893 103 99 103
-0.07416628682225804 -0.09473031746446325 0.009695739590236487 101 97 99
-0.05464988497934372 -0.08497042278186198 0.021224404164997854 97 94 97
-0.04321243866694171 -0.07484870195727522 0.028282664174740846 108 104 107
-0.024301813754472285 -0.0544846505665507 0.032880776717425675 122 114 117
-0.014276591483447352 -0.04527452572712824 0.03271669245122474 122 115 117
-0.00432204556623695 -0.0349780278889946 0.03296060148492644 120 113 116
0.006421226498476616 -0.024624950948115256 0.03302485099454446 121 114 117
0.01610866157185221 -0.014324179471127858 0.03329308632114021 122 115 118
0.025791776942525792 0.005480642553285207 0.03332599805238043 123 116 119
0.04602451779606533 0.02537748335818323 0.03344778489910269 119 111 114
0.06638767893894705 0.06547209630009701 0.014619031549330485 118 109 112
0.07617247118703468 0.08569953034337931 0.014387007214404515 121 114 116
0.08534648218899508 0.09532754157851306 0.012749347933291992 119 112 115
0.10706117221370555 0.13614971401458306 -0.004618372855361914 90 88 91
-0.11353501985214443 -0.1342163584139307 -0.009692952576154351 104 102 105
-0.10321456741796295 -0.12428502969819412 -0.0021507521453035146 105 100 105
-0.08471372702121763 -0.11508844554304981 0.0011152909389469867 100 96 100
-0.06447756056916604 -0.1149348884450724 0.011124552929551326 98 95 98
-0.033715878997239046 -0.09463122163388529 0.028340661533481307 112 107 111
-0.02439357394263113 -0.08455991696900134 0.030248261328546185 119 113 116
0.045744186905407665 0.004559167493395465 0.02226141112938503 115 108 110
0.08688301847407215 0.06602338394633361 0.015371170400353639 122 114 117
0.08639560253966942 0.07586782089480469 0.014486895280294657 122 114 117
0.0971557328777511 0.09585958646190398 0.004945628857743892 104 99 103
0.1064236688199467 0.10611429256558186 0.005852555029638907 104 100 103
0.11628346853996326 0.11501021631392398 0.005459441348425455 104 100 103
0.1363070023845418 0.13518640343804025 0.0036828186477055316 94 91 93
0.13652428295015337 0.14637964843988505 0.002032141428283369 98 95 97
-0.08392694680121111 -0.1441581488116668 0.0001830691097269724 91 90 93
-0.07355888050622247 -0.1338141418937052 0.008571210990096341 102 98 102
-0.014344345151212383 -0.0945666122908677 0.029683225524080793 118 112 116
-0.004412701037099455 -0.08474554719529893 0.0300231937743331 122 115 118
0.006020782937766299 -0.07454887850346022 0.03135207571617735 127 119 122
0.015585411401434334 -0.06440592720620339 0.03308015250237162 116 108 111
0.02602479696237906 -0.054647778463656545 0.03330263150552627 123 116 119
0.07564377472897661 0.024911940304935824 0.023128130803782176 121 112 115
0.09630814784299914 0.06556745084541682 0.013870192191249298 124 116 118
0.11660042133765262 0.09547075106596295 0.006377809238314237 114 108 111
0.12617530710098301 0.104739543658917 0.005901750328634637 116 110 113
0.13601036614913284 0.11540672522904977 0.005698355817302022 107 104 107
0.006557292150789179 -0.08574490992528727 0.021888034755608323 123 117 119
0.0456859993376251 -0.03544909481959712 0.021476222765544964 116 110 113
0.07603475834942233 0.005770486866864846 0.012383950768082956 112 105 109
0.08634654090966094 0.024646102885210023 0.014823320440243277 123 114 117
0.09702581251793414 0.03598367321574977 0.01522536768677201 123 115 117
0.1172600899680738 0.06558743733623441 0.005898398498835623 113 106 109
-0.02432302071359106 -0.14527131660636147 0.020867694227932335 105 101 105
0.01560321145289312 -0.09456142178108387 0.02122417367537409 113 107 111
0.05639605795121568 -0.04517392929034487 0.021264724581394695 118 111 114
0.06556414616272052 -0.034032503016511326 0.022818996746648407 118 108 111
0.07631189448351414 -0.024704311386478335 0.024016886825666283 124 115 118
0.07605574853956187 -0.014096449890337405 0.011052004085452805 115 108 111
0.10679094040723629 0.026098252915999633 0.004288054562496078 123 115 118
0.027492833668222916 -0.11511553691705653 0.0214557078886069 113 107 111
0.06593921125614537 -0.0649874250339165 0.0220793687182655 115 106 110
0.10619823479309816 -0.00471454300196019 0.01411952264066552 120 112 115
0.12605316579686754 0.026678668292698614 0.006179015261488829 124 116 119
0.13654740948609528 0.03648926859926854 0.005180449791239639 122 114 117
0.14617739834648172 0.05534052298908643 0.0038819030429195454 121 114 117
0.04611755098683234 -0.11486988761608548 0.023648781588745352 121 112 116
0.1070177235108559 -0.02174327661036497 0.004032193595650468 117 111 114
0.10507161167669765 -0.044827253540134386 0.0032807873197431866 124 116 119
0.10710624262127029 -0.034910051023583626 0.002435865795461476 119 111 114
0.14667416244240583 0.015043030108169715 -0.006441190253360459 110 103 107
0.0770913107502051 -0.1049815711996675 0.014011781796399371 125 115 119
0.08600234189351218 -0.09490677348830646 0.0033157094188499487 121 112 116
0.10592918351514506 -0.06468942711136251 0.013333817686760042 117 108 113
0.12672179566348515 -0.03404450873172307 0.004837018485152227 120 110 115
0.1471140339940044 -0.004898558705146443 -0.007371646365565322 105 100 104
0.08627594966984313 -0.1140959602693073 0.004012795805384888 117 106 111
0.09621210346462697 -0.1036295381003263 0.00429628490387945 115 104 109
0.14674692710879536 -0.06451800989449846 0.003827513427118242 120 111 116
0.09654795656652247 -0.14466032376429303 0.0034227669284227842 117 108 113
0.12636824899436774 -0.104479999275215 0.004391911489846222 122 112 118
0.1363142800124583 -0.11474432083064741 0.002703031065628392 121 112 119
0.14701047494636277 -0.12365711802663949 -0.004534244504461223 116 105 112
-0.13361590693793507 0.10649561747017618 -0.008512995995353932 110 104 108
-0.10356384998301502 0.12553995056835096 0.0007039087850417187 118 112 115
-0.10373141133608627 0.14569455412885327 -0.008340469669757775 112 105 110
-0.07357658578339747 0.12616304846433488 0.0013305375126626611 108 103 108
-0.055113408989456714 0.11592096015990065 0.0119732839053029 110 103 107
-0.04456979528775602 0.1251097668092857 0.01209114109626333 114 109 111
-0.04376635341787132 0.13555791492027863 0.010739851569248395 112 107 109
-0.10352404453215636 0.04519191405191227 -0.001438976347679143 106 101 104
-0.033899440202222964 0.10576842450866769 0.02157355012066879 117 111 113
-0.023480380328493578 0.11556508178073496 0.012623735027277323 117 110 114
-0.14319328947915538 -0.004175971456310699 -0.013396856971800753 121 115 118
-0.12417480366012393 0.005506739330101545 -0.009425057527586912 105 99 102
-0.08465450267169007 0.03590484555932506 0.001801470776057178 110 104 107
-0.03299939095455024 0.05547706281256136 0.028045781681728034 113 106 107
-0.024528399393177275 0.06559044287737625 0.030969823895591466 112 106 108
-0.13405398370038357 -0.043850405025447646 -0.011748450302955418 105 101 105
-0.09268985209508986 -0.0034459485319869435 0.0067331636989499686 108 104 107
-0.0737243035988512 0.00537075111003249 0.010909861434886533 109 103 105
-0.06443140005927699 0.015869848028609038 0.0116244025318853 111 104 106
-0.05476491202372814 0.0248033774743858 0.01184318206776493 108 103 106
-0.02390276250951297 0.0353798504341274 0.02890435480548258 104 98 100
-0.013597762843333994 0.04606617825516864 0.03196359379148757 110 104 106
-0.0036577988752713735 0.07537651945147224 0.03287373195835597 122 114 116
-0.004422813555964215 0.08523688650666507 0.02262103940437234 115 107 110
-0.1221790082734042 -0.06503721182943441 -0.004388520005992699 118 113 117
-0.06349514175502642 -0.015216136366904937 0.019876225133014284 111 106 108
-0.03472777241583181 0.015229146467746878 0.022791315626292424 112 106 107
-0.004826904596868792 0.025100069032580635 0.033404328698494676 113 107 109
0.01599467704205797 0.07484678580205482 0.023975787999332195 118 109 112
-0.06378528929198153 -0.055012465579648485 0.019384357458088065 98 93 96
0.005744520953949912 0.03513213220310024 0.03347722496903101 122 115 117
-0.09352965163676988 -0.08459223169298526 0.0015611160952916283 102 99 102
0.05578531915902707 0.09576280635780304 0.01411578354178236 117 109 112
0.06618756662139788 0.10548333164957562 0.006371348412891554 118 111 115
-0.0835964265485391 -0.10455152695494929 0.006775313828985359 103 99 102
-0.04554713600656836 -0.0845323848460711 0.021483876473973568 109 104 107
0.07664763717021172 0.0966481159276101 0.004515337988512988 115 109 113
0.10573420357777373 0.13564112829821415 0.0029197877940695663 94 89 91
-0.08498695832338046 -0.13412023682929256 0.00040345725379286636 100 97 100
0.055747352678944505 0.005192708693236797 0.03355418410896037 123 115 118
0.08731781103914263 0.08600905502996904 0.0018118989763920533 108 100 105
0.1268767986090644 0.1358036188394003 0.0025797933830009156 100 96 98
0.1357455655889609 0.14535856777516476 -0.0027461295023503193 95 93 95
-0.06289164319738186 -0.14606842270193995 0.01579735310177813 103 98 102
-0.044710445831961335 -0.1245919963078749 0.02152907677887165 98 95 98
-0.03503838373509919 -0.11460728500483056 0.021862398238769985 112 108 112
-0.024497328873828324 -0.10386427199018189 0.020625778678175895 119 113 117
-0.01452892633342135 -0.09438793546159131 0.02039009295141722 119 113 116
0.056313837687577833 -0.005970173352165375 0.02231242521876654 126 117 119
0.08622377671422565 0.05450394700239991 0.0030286974499073587 124 116 119
0.1463600023596761 0.13481588711068923 -0.004214661209018467 99 95 98
-0.03474179990553012 -0.14423481696881144 0.020717260283773888 101 98 101
-0.02448943193801375 -0.13351878890176616 0.02005459923450708 107 102 106
-0.014241658951632935 -0.12418329685391487 0.02140536697148448 109 105 108
0.025508554372656825 -0.07464506605268899 0.03258362841500281 116 108 112
0.03521432427572167 -0.06481950665354339 0.03310987631281734 124 117 119
0.1061960768768522 0.045635084455512766 0.013663335727182795 123 115 118
-0.004533193105063145 -0.1342881737738145 0.020239397210117277 114 108 113
0.0062194352310102115 -0.12449022144817856 0.020422638339382647 116 110 114
0.0761689928941868 -0.05479328396597549 0.02392668146209195 118 109 113
0.12742864866027082 0.04513117344642149 -0.006510290140261072 118 112 115
0.1462172209744723 0.065348805431643 0.00434957114961813 124 118 121
0.06703235615953361 -0.0747024537638192 0.013229764873893886 128 119 122
0.10542068908480894 -0.01363077621164629 0.000933482639168739 115 108 112
0.1157859427096375 -0.005141457573866817 0.0047396846466819 120 110 115
0.13670348922200223 0.015359922413475367 0.006006224764398876 122 114 118
0.14534622945983852 0.03727610290581248 -0.00550125797075462 114 108 112
0.056224705232756196 -0.14438614592154522 0.0121972804461162 116 107 112
0.07585725911711275 -0.11444535233893721 0.01362181090724079 122 113 117
0.11604252989166029 -0.06455898491955586 0.012306419064202545 121 113 117
0.13667263129970436 -0.035141030478013154 0.006106709967705166 120 111 115
0.14647006888729736 -0.024235049543225442 0.005366662921770856 121 112 116
0.10746536729067549 -0.11527133126891562 0.004866419825329557 120 109 114
0.14623929476372813 -0.054073866878348115 -0.006400478131980223 117 109 113
0.1160548334054617 -0.1346884109084466 0.0027474822085284106 123 113 119
0.1365302073652852 -0.14498182423603292 0.0013082483444368615 128 119 126
0.13668900826145616 -0.13398587310940555 -0.005192226950033622 131 119 125
-0.12400695767894049 0.11614876915131549 -0.009041539104896454 107 101 106
-0.12341695050809405 0.13587759107952557 -0.008680284038382087 116 109 113
-0.10418310130878845 0.10547688397641085 0.0012306388352084727 120 114 116
-0.08392869583316206 0.13480053965294223 0.0013807828481217652 115 110 112
-0.08349187255211482 0.14528966264547383 -0.001013467642258529 109 103 105
-0.11383337982171066 0.06560073239718435 -0.0027650763194895425 113 106 109
-0.09252468287128154 0.08542701909190913 0.006803321068796231 107 101 103
-0.07113225287594224 0.09576792136488507 0.016983297850314688 110 105 107
-0.05424104334321836 0.13458493029130733 0.0026028921884610973 101 96 100
-0.05407273640232789 0.145483461123649 0.0010953374676807986 103 97 101
-0.08265133834603183 0.06565268798725588 0.0076662445811890665 112 106 108
-0.06294449676879074 0.07593783872113345 0.01767402513708044 110 104 105
-0.04285042584438115 0.0848675926127626 0.0280863294399358 111 106 107
-0.023422429515565012 0.14596815165861168 0.0029012799166330274 114 107 110
-0.08269772430479054 0.03624536874400299 0.007305218245928753 114 109 111
-0.0740461258078105 0.045818982076369 0.00856773406231965 110 105 107
-0.06368495204552678 0.0557784459066477 0.011178152768924855 110 104 105
-0.024576941607877347 0.08557702177582037 0.022440428034029358 111 104 108
-0.024083606672376277 0.09577557992388423 0.02167708777256494 115 108 111
-0.013570805980500726 0.1250864013179655 0.01205217277050901 117 110 112
-0.1436625152992947 -0.044507633381166894 -0.013009680219844541 104 99 104
-0.06439839590642779 0.02585372282532916 0.011957431485816555 111 106 108
-0.03257249489390104 0.046249881256240154 0.02763097691275223 111 105 107
-0.014360612891914966 0.06511719138728327 0.03278744582770394 114 108 110
-0.0033133496724700273 0.07627630748791504 0.02418630275650111 119 112 115
-0.004327156164218778 0.10579020171895612 0.013911412790155724 114 107 110
0.0060337247009947005 0.11535595568538907 0.013003793039322826 115 108 111
0.006116114970133365 0.12547054150199663 0.003926920712891623 114 107 111
-0.10330137257594908 -0.04464005954961172 0.000748361017194674 103 99 102
-0.07305761728817249 -0.02507130200628289 0.01789253023625787 108 103 105
0.015892564761931165 0.09556919710264217 0.022027494921400173 120 113 115
0.026711976044260306 0.11652851138130181 0.0024566690309674854 116 108 112
0.03426257521585732 0.14668206871461004 -0.007457637422015594 108 101 106
-0.09216126271239909 -0.06349952853949595 0.006165602344403788 107 103 106
-0.06334992960761607 -0.04487455395164434 0.02050484627614137 102 97 99
0.026224253321215658 0.06472033619436425 0.03162804162430184 119 111 114
0.03632253397863656 0.08579985844567331 0.021773214526505345 120 113 115
-0.13372467071353414 -0.12481051917464622 -0.009866932913002606 110 107 111
0.014957581541020035 0.025033967895349906 0.03293233778647191 123 116 119
0.045872196103488465 0.07600495349384787 0.021948843495179553 118 110 113
-0.07306480693377838 -0.10696866617318473 0.015854321336154914 114 108 112
-0.05367889096507781 -0.09453249460083153 0.020984576372551557 93 90 93
0.04625416518175353 0.04596182298087014 0.025730736292838386 120 110 112
0.08595491454818664 0.13624293103240787 -0.007459960584851851 105 100 103
-0.09412654993524963 -0.1447957325273714 0.0003648957474710439 102 98 102
-0.061912241267589055 -0.12443606607476439 0.01640224506544356 97 93 97
-0.02403247898244328 -0.09437315385057858 0.029378383390546322 117 111 115
-0.023737123550552422 -0.07434432101961402 0.02136431780835684 121 115 118
-0.014072218138138573 -0.06466842816076541 0.022692178399001974 123 117 120
0.06498340979035633 0.05489452734127258 0.012281494463273361 117 109 113
0.05584118782550355 -0.014709244088591238 0.033706839951267484 121 113 116
0.07548452391884285 0.04696415995644725 0.01500441589872964 123 113 117
0.006318448997207517 -0.09477941436864343 0.021855008169142612 117 110 113
0.0746339744908811 0.014245398469416658 0.01223640464410996 122 114 117
0.0560643046411769 -0.05501397768687841 0.033071402532666744 124 116 119
0.09522171558162502 0.035386049736998014 0.0036498690452186336 125 116 120
0.10595343638358602 0.014691705791329635 0.001565894312632105 128 118 122
0.05604837995539161 -0.10494406176712978 0.023686146082987868 118 109 113
0.06553531444921608 -0.0942749707003005 0.023214656166840857 123 113 117
0.09644161159231072 -0.05214192102154393 0.0012651227520698513 123 115 117
0.04760638288305096 -0.14514913406969954 0.0030151429561291947 118 109 113
0.08657241326288233 -0.09448212754709662 0.014114448921413876 121 112 115
0.10679430944323484 -0.06336684120077109 0.004643606269368556 121 111 115
0.11606531231049176 -0.04458386590817377 0.005589730135412333 123 112 117
0.11637391530805834 -0.1443034054663196 0.0012002184167954127 128 118 124
0.1251437301321805 -0.12536775207829087 -0.005846450453763155 130 118 124
-0.1336084740738248 0.1352831326249595 -0.008980114242866695 115 109 112
-0.11376028662838356 0.13537718748348365 -0.008769937207618497 115 109 113
-0.12371029224007966 0.055311982696537886 -0.008759915434695701 121 113 116
-0.08273583501894757 0.08506533761216298 0.00862564877091874 108 103 105
-0.06388983400802233 0.1046066954070865 0.017816451918277694 114 108 109
-0.06437050630049738 0.11591875365085377 0.01221355536907228 110 105 108
-0.14413063738373458 0.005656623096867078 -0.013428591888542 124 119 121
-0.1242865066205161 0.014707791108304655 -0.00984379450865755 113 105 109
-0.11196345785575902 0.035160130428800625 -0.0031715666038799398 106 101 104
-0.04466246907669937 0.10543419798709107 0.011671991243972203 107 101 105
-0.11343558452146969 -0.00421772282238734 -0.0031752821615507847 102 97 100
-0.09476488723960694 0.006069099227748127 0.0004762916194531045 110 104 106
-0.013741991382886506 0.13606885483724443 0.002404756176021151 114 107 110
-0.11268235175449538 -0.034749452555522364 -0.0022727877585732702 100 96 99
0.016592314743535536 0.09684468435402702 0.013700006864590077 117 109 112
0.02602994796470911 0.11498334293493924 0.01280038919624561 118 112 114
-0.1334488721633472 -0.11481090403116757 -0.010042802530751342 108 105 108
-0.11316937764235252 -0.0940920245645089 -0.0029177548743046233 111 106 110
-0.0529720931606709 -0.044927455431594994 0.0275530279926265 107 102 105
-0.1129800969571247 -0.12490922680872121 -0.003205730401691583 123 116 121
-0.07373307905084117 -0.08462119479456791 0.010520154235376538 98 95 98
-0.043467850315664164 -0.06489357099460662 0.029066366013418707 110 105 108
0.04598548229315245 0.09532741391055238 0.014167023748138816 117 109 112
-0.033799824397271874 -0.08487651267147958 0.029610961905583766 112 107 110
0.07883739984547057 0.13499130961096012 -0.007889573097308703 111 105 108
-0.0738745746003832 -0.1440702651820798 0.008949338131607927 102 98 102
-0.0615134649252152 -0.13441806112228466 0.016107101544406824 98 96 100
0.09581783498796531 0.08556706350138052 0.012667851288341327 120 114 117
0.12588186808534202 0.1348298249422984 -0.003843926585089299 91 89 91
-0.0038709448743056035 -0.11453036210189549 0.02097984357838215 116 110 114
0.0067604145987224685 -0.10456160747419477 0.020952495658022825 111 105 108
0.03587330607881636 -0.09454175997025042 0.03143460342790086 119 111 115
0.05585631435285108 -0.06488572872555709 0.03317950840268564 124 117 120
0.07645493963385445 -0.0052041646083776415 0.011987807931430675 125 116 119
0.07623023499363529 -0.03567883348601812 0.013336824323232624 124 115 118
0.03705555327042773 -0.12401125112265332 0.01256811467069779 123 114 118
0.11591217753892975 -0.054583898025441606 0.01317888370335881 121 113 117
0.1462704969218744 -0.04531214319161481 0.0049979120539165285 121 112 116
0.1474376969998642 -0.08488511512992668 -0.004594018341774116 125 113 118
-0.14375277769477524 0.13574919072190567 -0.003439924585465994 110 105 108
-0.13402495233983827 0.11525641905527942 -0.0004072340400225489 110 105 107
-0.12375751966432036 0.12455658724608858 -0.0008376506812011065 110 105 107
-0.14347619666223402 0.07593479155747242 -0.0035195646517985676 119 113 117
-0.12331246684234229 0.09568038461464519 -0.0010582717397284239 124 117 120
-0.10357373732561945 0.1357116387089514 -0.009472870162071073 114 107 112
-0.09387425509793307 0.14578534013523511 -0.009138922516838741 114 108 112
-0.0927007552837361 0.10502635142671399 0.007002075527940475 111 105 108
-0.08437772168123127 0.11566077633719463 0.0020029791413483985 109 104 108
-0.09189970982068471 0.07445326751097434 0.006013765009660944 113 106 109
-0.05407364250805349 0.10489142862582619 0.011743257324363912 106 100 104
-0.14302613837489841 -0.014359495976242118 -0.013403059085006552 121 115 118
-0.09160691869510422 0.0441866749778456 0.005831952339224568 103 100 103
-0.062325848138568646 0.06665159542671739 0.017628746385536333 106 102 105
-0.04256638212224637 0.07518141391384191 0.02744601374746579 115 109 110
-0.033577790804887646 0.08506140201259474 0.029597244590622105 118 112 113
-0.08389589073472037 0.015424604138069103 0.007321939501798725 110 104 106
-0.07379499058441988 0.025086522822433992 0.009568864518787983 112 106 108
-0.052537123656330426 0.045599452868007484 0.017336370035437643 109 104 105
-0.10112852072675693 -0.043773142166300134 0.0065642533681745125 114 108 110
-0.08380418414556648 -0.014771200722847665 0.009571750188164422 113 107 109
-0.07242135581414588 -0.0048609770239340785 0.016188004072094454 105 101 103
-0.03341403966004479 0.03573813453815015 0.026991347678391692 108 103 106
-0.04434438939394622 -0.014363666265976733 0.021351108897805837 108 103 105
-0.033305730522143605 0.0050307009226141005 0.02819367775737006 111 105 108
0.02578491124835799 0.1045247184484528 0.019681237069687323 122 116 118
-0.12308738367939558 -0.11485793735733843 -0.0033914522663772515 128 120 123
-0.05234359250297579 -0.05539529376205574 0.027487430934951717 109 103 105
0.046113658026357265 0.11489395943527403 0.011966465216304612 118 111 114
-0.12295207698210309 -0.1445675969081581 -0.009638513607696016 106 103 106
-0.11293086786220899 -0.13448562478816975 -0.003437454780088736 122 116 120
0.05709380112581879 0.11477237253681492 0.011374191290922842 118 111 113
-0.08245988659265509 -0.13559323285595884 0.006045345728826122 108 103 108
0.07603881074206155 0.1051754688047529 0.012001786028310354 121 115 117
-0.053211835497526734 -0.13452578399598428 0.01879046761757695 96 92 96
-0.014312092014824147 -0.08436276961805772 0.030064302092627747 121 114 117
-0.003930749569326635 -0.07460159324383257 0.031202308097499087 125 117 120
0.08554165723101786 0.10501458788542697 0.01193231685384867 115 108 111
-0.0038630296764708785 -0.09514238423452749 0.030184822888007928 122 115 119
0.0060864698318342705 -0.10487379726102182 0.028991560600628453 122 115 119
0.015823028415576732 -0.09451709191606851 0.030291012789412115 119 111 115
0.07622095700853639 0.015494778871742465 0.02396050340766124 123 114 116
0.03478334385852821 -0.11425546164122607 0.029257726782166458 125 117 121
0.04520858251249365 -0.10425623158274214 0.02973066532279217 125 116 120
0.046241760554622015 -0.12497831169989396 0.02207383847560025 122 114 118
0.11619131711308425 0.00588437700742977 0.012976279187922568 124 115 118
0.14666662669936914 0.07681585733869216 -0.0050722513252652104 112 106 110
0.1461106153034095 0.045383746834743666 0.0038573910818670365 120 113 116
0.06618153648724104 -0.1345988533148384 0.012789093802630325 118 110 115
0.11603988870279111 -0.034964609174440255 0.013042749714041086 122 113 117
0.07578085098401464 -0.1337721008449516 0.011372751410715804 120 111 116
0.08554361333806401 -0.1242571441737454 0.011408699951844566 122 112 117
0.08610294198972146 -0.11459289961961447 0.01285703693822084 123 113 118
0.09628466752112376 -0.10455512301554044 0.012364582028434254 118 108 114
0.10584226571310366 -0.08440393854794931 0.012345205480265164 123 114 118
0.12597754001391998 -0.054410750366873484 0.010755832454443625 120 111 115
0.11660600009666745 -0.12513407861268996 -0.006934000529212274 124 115 119
0.12645982265551975 -0.11474141463811144 -0.006842939492886658 125 115 120
0.14648509101253315 -0.13467058735952964 0.0025121243791678834 125 117 123
-0.1443422620901028 0.10537455671787233 -0.0016761523132923107 114 108 111
-0.10356444977371498 0.11508635699887006 0.0011921408868593728 118 112 115
-0.08270170422156901 0.12504157095952378 0.007538325851257081 114 108 110
-0.12355298101855205 0.0256786578792814 -0.009845252459443132 115 109 111
-0.10280646777617211 0.03564619203426609 -0.001344076850691293 112 106 108
-0.09402021042429828 0.04547355676460361 0.0007672047298030995 108 103 105
-0.08288964710444587 0.05565156489445578 0.007138232604321301 112 106 108
-0.1517580976023683 -0.044668420128238275 -0.014511894651600195 121 116 119
-0.1428886173576518 -0.03444274201196076 -0.013469077967297963 106 100 105
-0.12424429154589123 -0.024131558548148486 -0.00973239988318849 103 97 101
-0.10290251848061167 0.005054103196320343 5.833222762065184e-05 111 106 109
-0.09017693647238716 0.014968012585667436 0.005787218645934289 108 104 105
-0.024170517557434334 0.10482881058228842 0.022041806194342 117 110 112
-0.023940254331521072 0.11501905718397445 0.02025352592322404 116 110 112
-0.1242287877961728 -0.05415919404463448 -0.00954247839806191 97 94 97
-0.004288820358066573 0.12598657836884922 0.0018606831554620253 115 108 112
-0.12379841566083338 -0.07421085084702427 -0.009908270767279168 103 100 103
-0.0828431615116691 -0.04406123001375018 0.017613340376113396 120 112 116
-0.0735101161491671 -0.034649637217782824 0.017615474002261752 110 104 106
-0.0715381157529891 -0.06293289350555682 0.016849167750541703 97 93 96
-0.060997228232470495 -0.0438472115384537 0.027350854785672122 114 107 111
0.035607056105714366 0.11570621691261938 0.012347074295561818 118 111 113
-0.06347619719516906 -0.07470535854804074 0.01820011698869723 98 94 97
-0.05213134838603104 -0.06462880560479484 0.026594919915294956 102 97 100
-0.02500013370799691 -0.044275034883970874 0.0372466786585155 127 120 124
-0.024029562558785935 -0.034880518136410556 0.03770022391538114 124 117 120
-0.08315383152927257 -0.11454055879397465 0.006474036021334577 110 105 109
-0.06350072225572408 -0.10431895667601415 0.01686726641487276 92 89 93
-0.004310373005325727 -0.02456072268057926 0.03832097040834988 123 117 120
0.005757655397383781 -0.014921100116154976 0.03826684989438103 121 116 119
0.005521617201611335 -0.04382343192947053 0.038282175944167426 114 107 110
0.01553071365128841 -0.024164306107704873 0.038804671695895784 124 117 120
0.0958309890996475 0.1458039099409901 0.002224578652154304 105 100 101
0.10591601554652631 0.1457228831623955 0.0012629822818834985 94 90 92
-0.003767308962702168 -0.10490895760062063 0.02941026515010279 125 118 121
0.03599416619467242 -0.05375155487631282 0.03844850375789702 128 121 124
0.07540581457441549 0.04540169737985126 0.02231249526025601 121 113 116
0.09650405612830629 0.0754954920437371 0.01349736104159557 120 113 115
0.0059590377029856405 -0.1143005498601689 0.029034682720002442 122 115 119
0.015655563936955618 -0.10464088810159486 0.0298850261940683 116 109 114
0.0657720759241034 -0.014620823234871039 0.031613584307452876 122 113 116
0.005714938180922481 -0.13446558693311203 0.029193681091067 115 110 115
0.01571292701818335 -0.12481588823871442 0.02961306827643355 118 112 116
0.04581349463816091 -0.08454489350506234 0.0321921472478857 116 108 112
0.08634171109070553 -0.004817864698988438 0.022546250935432367 125 117 120
0.11652532390190533 0.015703068563364356 0.012919216145223913 129 120 123
0.06645864881763879 -0.1443013719742639 0.010732687917719724 117 108 114
0.09510649360880227 -0.08406928570966163 0.002867822719481068 128 117 121
0.10666487025129641 -0.14496601692179292 0.0021631680723325766 117 108 114
0.12653785383335625 -0.1351777198746648 0.002232140238516564 126 116 123
0.13605637416948774 -0.12508487550776806 0.002366451257240172 127 118 124
-0.14363167280028846 0.12562936465675165 -0.0023104684965379284 112 107 110
-0.1439532991668874 0.08573836663563807 -0.002588641733785953 118 112 115
-0.13411404600618754 0.09548071739711553 -0.0010757435300602271 120 113 116
-0.12348169482615419 0.1056499652509784 0.00011398712770553394 121 114 117
-0.11333745106181754 0.13514305143105765 -0.0019415440685977454 107 101 104
-0.13329759961650658 0.06674901355935262 -0.0037858629379474984 120 113 118
-0.09295661395995226 0.13514571634336464 -0.008426416655260706 111 105 110
-0.1235788919065791 0.06618259739264527 -0.003238976556287163 121 113 117
-0.08334113954102823 0.09585989567146146 0.008957131812631254 108 103 105
-0.08322976558584783 0.10561622227943901 0.008662226354182503 109 103 105
-0.07383402075110519 0.11579236543701094 0.0006503006986449825 98 93 98
-0.07409106051762726 0.07833908929345178 0.016627530657164 116 112 114
-0.06307387887227184 0.08553094903848321 0.018630331201561053 110 105 106
-0.1342341355289247 -0.014447787882091943 -0.012013306757771201 108 102 106
-0.12384441183751319 -0.004327865639830534 -0.009643280772004575 104 99 102
-0.10293126143397371 0.015839295895344208 -0.0008102449005623173 109 104 106
-0.1240130363565301 -0.033678550188778716 -0.009969141549919423 100 97 99
-0.04145913687467949 0.05676943993925598 0.028144375084607966 115 109 112
-0.10359913877322253 -0.05441153706630736 0.0004480899268290879 102 98 101
-0.02361240142266938 0.055124347947245675 0.030493281272912374 107 101 102
-0.09431923270975516 -0.06508990867939188 0.0010290522381383805 103 100 102
0.005957851730622311 0.0758908236553829 0.023645023598693214 117 110 113
-0.09426412826007101 -0.0949861154164047 0.0008689096506896482 102 99 103
-0.10389914325126864 -0.13346068173142112 -0.010952767716912108 105 101 105
-0.0634430181213898 -0.12481202795088386 0.01135083112059804 97 94 97
-0.04184802172583941 -0.10467682655643695 0.026748290369704636 108 103 107
0.04564013385437002 0.05523436712614256 0.03130600142236932 122 114 116
0.0663666013896643 0.1463003990811812 0.0025595662031289036 107 101 104
0.06611261512381805 0.10512748921906594 0.012418342659385954 118 110 112
0.07551514976626712 0.11466605669906701 0.010318436041252217 119 113 115
0.08627088727214274 0.14568758085626413 0.0022183299360512103 109 105 106
0.05575737371264354 0.024899080351892595 0.03255433079117413 123 115 118
0.07536735824888778 0.06574227487525776 0.021060447640302925 127 119 121
0.09589551826027867 0.0951485187614529 0.011362158157350755 115 109 112
0.11633145398285388 0.14581905399819003 0.0011266388270011916 98 94 95
0.08577368790115499 0.035507241780685074 0.021124975871156068 124 116 119
0.10568684523752918 0.08483408271163255 0.011239098379745214 118 110 113
0.03592525935838486 -0.10492521094259817 0.03037655951558492 121 113 117
0.055510611483516714 -0.07468773643501797 0.03270748535897011 124 116 119
0.0860807113555329 0.005334782040339601 0.022607490791009367 121 113 116
0.10614134531145389 0.055337139653328725 0.012961461122483284 126 118 120
0.12660975654300718 0.10594086028070099 0.01007814383698701 120 114 116
0.1460965458374193 0.14593957141843975 0.0029355052296819242 105 100 102
0.08597140903823945 -0.024773161449493538 0.022670852036455396 125 116 120
0.1460521403724391 0.10439614972383755 0.010579508493282867 116 110 113
0.055671674601218045 -0.11476786337748153 0.02226179164749707 122 113 117
0.07621368503871837 -0.07493465312795716 0.023118982972033603 122 113 116
0.07584182327526368 -0.0646930005095731 0.02377510668575399 118 109 112
0.11563523138612071 0.025645852539058437 0.01326700295671564 131 122 125
0.07617728705088095 -0.12414513709513601 0.01290807950414376 122 112 117
0.11653255475688495 -0.024540836667413364 0.012673506445081218 117 109 112
0.12651010343647293 -0.04454324364673157 0.011352631553264034 119 111 115
-0.10084240804657836 0.09531082933912997 0.006001838202590911 109 102 105
-0.08333970795128563 0.07547352392889636 0.00798466051248949 112 107 108
-0.06380212458177609 0.13611098928123744 0.002120672696459233 99 94 98
-0.05466136318706471 0.08529740100723182 0.02056658484283045 107 102 103
-0.12418486070805854 -0.04348289428230342 -0.009755385098911537 98 96 98
-0.04096594743989678 0.06856928919292361 0.028359190166503227 113 107 109
-0.07433567500330647 -0.00397920510953721 0.01142283817297308 106 102 104
-0.11374698387494381 -0.10372984213635683 -0.009987115085892083 107 103 107
-0.09226595747786466 -0.07398052099430923 0.005605093726215258 110 104 107
-0.055286148389546964 -0.023473402886597224 0.021985050811629013 108 103 105
-0.013397443286069868 0.04634452348791286 0.03721045823407099 106 102 104
-0.09140391994461163 -0.10515045405323718 0.0064114302201630936 121 116 119
0.006021614794183585 0.004999305131602307 0.03879037612793597 122 114 117
0.006295786585081082 0.015482690365115594 0.038872541166603866 129 121 123
0.016081823521983504 -0.004995350137653118 0.03873826286174381 128 121 123
0.03599439252595991 0.05508362306112407 0.032451573518256185 119 111 114
0.015435422987156132 -0.034825076179428045 0.038998172211825555 132 125 128
0.025819776531300326 -0.024600143495020023 0.03870441357984397 121 115 118
0.025706203245723043 -0.014607737793548532 0.03852754378005603 121 114 117
0.03495370687037003 -0.024688974391064603 0.03858203400522078 120 113 116
0.06566673069634814 0.06536282495714947 0.02225210191836674 124 116 118
0.0657056867983572 0.07534716314322179 0.02149044835847881 124 117 119
0.0763327702690753 0.055585351615450904 0.021747437070930985 124 116 119
0.005396583337600593 -0.12449505642049272 0.029385321978303278 113 108 112
0.055579582652672724 -0.04466611379471192 0.03383627189906897 122 115 118
0.11601040650683354 0.13585178096482672 0.0023193345221559107 98 94 96
0.04557062832203134 -0.0946832004784703 0.03106358829020549 125 116 120
0.0659536409032839 -0.04440773952781626 0.03210289190688298 122 114 118
0.08637458255883514 0.015375671755927845 0.022490685549898637 120 112 115
0.08596849831394827 0.02530193808656882 0.02172839594125093 122 114 117
0.10585637752611565 0.07610673072259001 0.012090192347775938 120 113 116
0.0861149849563211 -0.014671924027397037 0.022190763356002056 124 115 118
0.055496578692675526 -0.12417609932376668 0.02027175950776799 121 113 117
0.06617882998151702 -0.1043221561655063 0.021719239930307627 125 116 120
0.08594424328388607 -0.05474192916278526 0.02147416021058147 120 111 114
0.11579277624195243 0.03588757848094165 0.012328291699664132 124 116 119
0.1461507202709622 0.09522235223808077 0.010493531497441817 120 114 117
0.12613304873606976 -0.024448037232173068 0.0119808221494308 120 113 116
0.12573038124120256 -0.004542054231695904 0.011703010461035255 122 114 117
0.0963257685689686 -0.11443510762972872 0.011131929893703305 119 110 115
0.12549695768377253 -0.07472902270993788 0.010254809496585431 119 110 115
-0.14368625832625803 0.13563442230846365 -0.009012219977657075 110 105 108
-0.10392587768674119 0.12625067184001654 -0.008569069212901882 111 105 110
-0.09270656258396691 0.09564233253499825 0.006712309699360995 110 104 106
-0.07383550265423722 0.1455789678819569 -0.008726584754396308 103 99 103
-0.14350700588709686 -0.023949506285247574 -0.020384253370270118 110 105 109
-0.1115582981230103 0.02576552108099238 -0.0027741589805427534 109 104 107
-0.09039163022948729 0.05846560539351828 0.005929697906475495 122 115 120
-0.06392974114038635 0.10616721030781447 0.012080206555247112 109 103 106
-0.11351964037708887 -0.014535761934226106 -0.0028066403663905594 108 102 105
-0.08399411210787765 0.02473328576749314 0.002026163653826682 112 106 109
-0.05350418638494884 0.0656490876156048 0.018693465349140747 109 104 105
-0.03385502265774359 0.13563955755678217 0.0021609292874868883 110 104 108
-0.05281571620947608 0.034981812084729676 0.018137596208367603 110 106 108
-0.08180319432340222 -0.0533438837384203 0.015884374258807447 112 106 110
-0.08478792002874481 -0.08441109206834585 0.0010989180794030978 100 96 99
-0.07141688120804247 -0.07403962951135028 0.016212020134335633 98 95 98
0.00581149407247991 0.03489855489804158 0.038594794181039144 125 118 120
0.01566091192324465 0.014952234140787269 0.039295185690776654 129 122 124
0.06577674801976695 -0.004569389213049323 0.03160389712401648 125 117 119
0.10580495640642391 0.09555537888497091 0.010498729819175233 119 112 115
0.1266753820980237 0.14657961488378576 0.0014018570527998698 98 95 96
0.0761323602173788 -0.08448233263000587 0.02195129796676114 126 116 120
0.11611703124586287 -0.07427788574405599 0.011166744940464449 125 116 120
0.12640004840490954 -0.14451753709470855 0.0011830182657375406 126 115 122
-0.13394360510172412 0.08521779413918726 -0.009872231364510028 119 112 116
-0.1340281319884015 0.045578271202110915 -0.00971305254161263 117 111 114
-0.14330521449688427 -0.01377173940609873 -0.020136339509533474 120 113 117
-0.13408875355611835 0.015680123411680517 -0.011739278310128252 126 119 121
-0.11401076987114392 0.034976683698706344 -0.008271097334469756 113 107 109
-0.10352545816595406 0.055520630512442555 -0.008445231181791463 109 104 107
-0.07378597397425594 0.09512481713364562 0.011080819561387192 106 101 103
-0.11340580197299759 -0.014486675627856471 -0.00879233733976678 101 97 100
-0.08448265420669343 0.05579229821766956 0.0022097058347597467 113 107 109
-0.08405940927986635 -0.004564020588081741 0.0007881834450598176 106 102 104
-0.08448849031349798 0.005330278017369986 0.0009792748255361104 107 102 104
-0.07315250035221978 0.026763263974250037 0.0007556670321762658 109 104 107
-0.05473350012656576 0.05526449188070576 0.013198498381453795 108 103 105
-0.012384808613064503 0.06466650677989151 0.03808666640030797 116 109 111
-0.08529019296535227 -0.09428096489476821 0.0009666847559307136 98 95 98
-0.004013609315452617 0.05510048339283849 0.03861378239289118 117 110 111
0.005760599351618668 0.10512594943110369 0.02134355620239483 119 111 113
-0.06448532280855257 -0.10523188589811563 0.010759913087041528 102 98 102
-0.054414443637198724 -0.1343131001489499 0.011801358018367177 97 95 98
0.02563987584007364 0.09464769457948992 0.02200137534201728 118 112 113
0.0660860440387145 0.11368138400605889 0.011604478333928296 120 113 115
-0.09411479799573017 0.0958474723317018 0.0023956562489776487 108 102 105
-0.06289863291856534 0.1363050803804296 0.009044091080789978 108 104 106
-0.12345080905986762 -0.06482363002301168 -0.009187664379971146 99 96 99
-0.10347585953908435 -0.024218662592128622 0.0005985089260791962 109 104 106
-0.06430837901251624 0.005500733481975514 0.011595817070639503 108 103 105
-0.08475239581429965 -0.12474334243519303 0.0010083611660805375 101 97 101
-0.034471784622821425 -0.053556979361162625 0.03725439377791598 132 125 129
-0.0018400270764832383 0.035335986789182386 0.0379963696893178 124 116 119
0.006224990114909179 0.13517753161956012 0.011122897878856144 117 111 113
-0.004576398500289963 -0.005436621971071565 0.037661620800273396 109 103 106
0.006242313510779118 0.025601164188181164 0.03835568366361314 128 121 123
-0.003770538650546327 -0.04310300843595372 0.03767773124620595 115 107 111
0.00561642297121533 -0.02510386524673437 0.038248307880644344 123 116 119
0.025818369027071856 -0.004628054353541788 0.03886053160473721 121 114 117
0.03554005985794061 -0.03459219989793952 0.038837861206110325 124 117 121
0.03608431149415246 -0.01405223794969135 0.03894164638522421 119 111 114
0.04602136442991474 -0.004589334327320271 0.03887695231000038 120 113 115
0.05502632497163166 0.044705887553828046 0.030647743922860786 118 111 114
0.006355485963932619 -0.1439857609336804 0.0283699877559726 114 107 113
0.025116177269790287 -0.12466463563743754 0.028684692764769447 123 115 119
0.06590227299801792 -0.02478412513416034 0.032217642260944215 123 114 118
0.08494161111131515 0.06493052699159461 0.02008881296086518 125 118 121
0.035847203712908546 -0.14452960599615747 0.020114735078795243 123 114 119
0.06513557485118726 -0.06447015559374929 0.03140428703543295 127 118 121
0.10607170251494297 0.10536166593568211 0.010461239611819469 116 109 112
0.09504445099394439 -0.004367499352654633 0.020517695569533943 121 113 116
0.09614023665631757 0.015125770341495034 0.020334191683401694 121 112 116
0.11578286047179981 0.09603669637942022 0.01019832256994846 118 112 114
0.11627721096102774 0.1057124900299341 0.010287413303979146 116 110 112
0.11604535542944468 0.04504628408631845 0.011853463015314591 122 114 117
0.11534838058177012 0.0553006552874314 0.011204927475908667 122 115 117
0.12478099342879581 0.07640802961658015 0.010607354780124877 118 112 115
0.12591253372628575 0.025666070890150182 0.011014941132177134 128 120 123
0.13488983551330114 0.0870670304076 0.010054217723601868 116 110 114
0.09581484248827599 -0.12432758431417962 0.010277832008367741 125 115 121
0.10637313098023711 -0.09482038292554838 0.012276533913377378 119 109 114
0.12618044993964636 0.005326607534856049 0.01181537152924221 121 113 117
0.1159865954985016 -0.11384417169708051 0.00950110259829861 121 112 119
0.11591645349701546 -0.08437178074172086 0.011289765900725755 119 111 115
0.13557239910834207 -0.004685959217190353 0.010834003625545215 120 112 116
0.14569109637407437 -0.09365547633439684 0.0022817333402880436 121 112 118
-0.13362223427602626 0.12507612674718752 -0.0018923461504146508 110 105 107
-0.13403816285462672 0.14342191840377377 -0.0035153688497914243 115 111 113
-0.14466708985513427 0.05590181696912524 -0.004023555942620986 124 117 120
-0.13421249702760568 0.07585972462598164 -0.0032438226315267497 118 112 115
-0.08383301664680883 0.1458572295079898 -0.008048698663415689 108 102 106
-0.12190348193250351 -0.05519549126069247 -0.0046738484903089145 96 93 97
-0.09223308957437899 0.033777738524461344 0.006209409247765894 112 106 108
-0.08238983649225545 0.04516854145345528 0.007230048984474209 112 107 109
-0.12305041713618972 -0.10424364599205933 -0.003003672635729409 124 117 121
-0.08293281674834761 -0.12423227619627919 0.006126591557110679 105 101 104
-0.0518446942503961 -0.0739608212296497 0.026360036581890102 100 97 99
-0.012726332005797342 0.05511976537206045 0.03817831030653211 115 108 109
-0.004332137100733047 0.14455919309649115 0.00955322488322827 117 113 114
-0.0026978430039197357 0.016241016378698316 0.037763233492636064 114 107 110
-0.0023153293291334033 0.026455433060333926 0.038431172576106024 118 111 114
0.00503284998619407 0.05474467523601377 0.03878230953253678 123 115 117
-0.03392452125087415 -0.12464753724882235 0.027659147321216652 111 106 110
-0.03354627146246995 -0.11454065638644424 0.02781154490307021 113 108 112
0.006096790606826462 -0.004530705272573132 0.03849132034340565 122 115 119
0.01567372353209423 0.025575758580852714 0.038674335953945566 125 118 120
0.015889329428574656 0.1353961155578145 0.01037979351375376 118 113 114
-0.024138814189556615 -0.12476850239174248 0.027838427499865186 117 110 115
-0.014377840208057172 -0.11483532989151742 0.02881697766781022 118 112 116
0.005528972314602379 -0.0345182256922367 0.03848729397214962 124 118 120
0.016021343527481555 -0.014538316192731767 0.038489083004919614 125 118 121
0.025523649741131676 0.024789474421172603 0.03887436792894779 120 114 116
-0.004533351097484392 -0.12425080010157907 0.02872124317398643 114 108 113
-0.00462600073233266 -0.11452935672428068 0.0288364515646942 122 115 119
0.025031827766175064 -0.03570332124859059 0.03900639311646015 128 120 124
0.036179653999646816 -0.004311310205803739 0.038926342457634974 121 113 116
0.035336885265191326 0.01508231077596404 0.039068978888811626 124 116 119
0.046338451745526886 0.12553766216908996 0.010472660265132546 118 111 113
0.026848473645108967 -0.07521184002264406 0.03790732283011744 116 108 115
0.03532305089924342 -0.06405175901557351 0.038208175625798146 129 122 126
0.045383313416522714 -0.024707908696885276 0.038583867720299966 122 114 117
0.04575087048978234 -0.014453521705920538 0.03885979399712669 122 115 118
0.055789850300683945 0.03502035627904717 0.03146250451875254 122 115 117
0.05617013634013105 0.08551000524606885 0.020743583323469064 120 113 115
0.05676603973142305 0.09399974075241692 0.019715793954814508 121 114 116
0.06604400596020077 0.12501951118240712 0.009854368757009261 121 116 117
0.015460716879644332 -0.13416460821137488 0.029019380007713244 124 116 121
0.04601176555950201 -0.07447328998352047 0.03765076701847092 123 115 120
0.044894529524567246 -0.0648884497749624 0.038308306497589914 133 125 130
0.04560005800059002 -0.0543886180232593 0.03872079597152442 133 125 130
0.06503075704455608 0.025280490831255487 0.03065280798743476 127 119 122
0.06472898065557846 0.03498986865944724 0.03009356098136695 122 115 117
0.06398757198221765 0.045306771524468714 0.030198604409500108 124 116 120
0.07483884424878538 0.07529185155354153 0.020145418570199514 125 118 120
0.03529881717415805 -0.12404654395848279 0.02863826719226592 133 124 129
0.05563020020161758 -0.08472277444366014 0.03105025131297488 126 117 120
0.045310278444613994 -0.14370270419335707 0.01913044184615381 121 113 119
0.06543900238860008 -0.12388001999943615 0.019590321305667017 125 116 122
0.06543998523858607 -0.11412195677036333 0.019908356384874114 125 116 120
0.08573272206164072 -0.04451050407336717 0.022775297747837635 126 117 120
0.09534424767801977 0.005675014334725012 0.020816948803857975 122 114 118
0.0852157052516344 -0.08372809695107022 0.02020649187821518 126 116 121
0.11500905722179632 0.06485959981615552 0.011112817646376272 122 115 118
0.11589971394628884 0.07580697263790839 0.010583207946490841 118 111 114
0.12624631495840039 0.08554666705256157 0.010670873260480693 119 112 115
0.12647248287075966 0.09504780897736129 0.010345695182718962 120 114 117
0.08602319630157347 -0.14381630846707003 0.009031122796071569 124 116 123
0.1257319601651239 0.035950150034915 0.010993596344954639 122 114 117
0.12571482560773892 0.045106511089745394 0.010874563957849394 117 110 113
0.13473919312331686 0.07565657542184835 0.009895923903679642 121 114 118
0.13630484827199785 0.09616766905606436 0.010457000599015946 116 111 114
0.10588485157897559 -0.11410208829606826 0.009845800516015434 123 114 119
0.10673042017353053 -0.1047938760325584 0.010713993082982529 121 111 116
0.12585809319886743 -0.014332996994601532 0.011807042578361251 123 115 118
0.1358188769826406 0.015412085546433158 0.010468961556005773 123 115 118
0.1454000764991803 0.0864186270107968 0.010464758039749656 119 111 116
0.12567715028607881 -0.06445827955250431 0.010793835897972538 121 112 117
0.13615312120552003 -0.05414905280177353 0.010544765869708771 122 114 119
0.13533584199724819 -0.03464328099882311 0.010419467669352322 118 109 114
0.1464668256604178 0.015127586742643797 0.010594105113595341 116 111 115
-0.14369765155354258 0.14468738326647532 -0.0035330618255765295 113 108 112
-0.14393784530556464 0.06677652033652944 -0.0035886148511469988 121 115 120
-0.13538981910816372 0.04470239302747675 -0.003995887985347266 122 116 120
-0.11325863264115793 0.1449318003044388 -0.0027531133803387065 111 106 109
-0.122260398077735 0.044369759221628294 -0.004300681003220938 108 104 107
-0.10149836807842934 0.10539566896448903 0.006707038832275216 127 122 124
-0.09327263500453006 0.11469175506576397 0.007085110844052981 121 116 117
-0.09422236781959434 0.145341715809809 -0.0025908100305662655 112 107 109
-0.14483251857249457 -0.11435823783507329 -0.0023304560184150454 126 119 122
-0.09224975977673688 0.0648742953469982 0.007045318101277921 110 104 108
-0.0735791441060285 0.10554422134921145 0.01118496754460339 107 101 104
-0.133263425379894 -0.11452678886399863 -0.0025892796928998155 126 118 122
-0.12362628234575256 -0.09444132015712293 -0.003585640027742972 129 122 125
-0.07200301411421922 0.054565198846449725 0.016017269827828664 126 120 126
-0.12321102890183405 -0.13502868454777822 -0.0031492689681831953 122 114 119
-0.04411989839456312 0.11489370041482903 0.01938790599277486 117 112 113
-0.04373087200071727 0.1442870249116141 0.008913690135176136 109 105 107
-0.09075345992466159 -0.11547889525772342 0.005570970233623702 114 107 111
-0.06353130521105384 -0.060559662142532354 0.026589761329499088 105 98 102
-0.04343953340436297 -0.004761939779861752 0.027702963189578975 114 107 109
-0.0213665372176151 0.06487817921614158 0.03725480799823851 115 108 110
-0.02443987729544924 0.144733524948755 0.009389988473597486 117 111 113
-0.05170724867579496 -0.08423613289285219 0.02705221960127621 102 99 102
-0.04165475723043686 -0.06881327679805753 0.035991479934193396 132 128 133
-0.016782498449506467 0.03642055506325611 0.03671268356084946 112 106 110
-0.004248580969090185 0.06380011851377809 0.03827023253314561 119 111 113
-0.042386098779570995 -0.11487972286519167 0.026520469383430514 103 98 103
-0.013692041389103123 -0.04374018848008792 0.03763934702432313 128 121 125
-0.014626063444450613 -0.02465573668860781 0.0381199165240758 122 117 120
0.006066565499387265 0.11463003827337905 0.01955869681604044 119 114 114
-0.02412905965394689 -0.11455748968130793 0.028490827625145265 119 113 117
-0.003847602225593292 -0.05327484939410869 0.03750997934116573 122 115 120
-0.003938254389405383 -0.034256376942709076 0.03802766220445074 123 116 119
0.015129148236408279 0.03507930958257952 0.038707203462598316 120 113 116
0.016146312348630627 0.10570218750863139 0.020359634223781228 123 117 118
-0.0237763601437407 -0.14433502607727489 0.028689426153605473 105 101 105
-0.01438558299090546 -0.125198744120084 0.02825685229701855 114 107 112
0.005173389499860848 -0.0638773655626722 0.03816529389905107 126 115 120
0.006416632820674589 -0.05296427159906543 0.037748981625238445 121 114 118
0.035362351711132535 0.13476203505461906 0.010239505412046157 118 113 116
-0.004315921138422775 -0.13482155821712127 0.029257519532395464 110 105 110
0.01601191676230431 -0.0755821934032917 0.0381757993246615 119 109 115
0.017486196456024793 -0.06314705342840311 0.03768281070567894 114 107 111
0.025631517531008244 -0.05406228699789274 0.038327716442508056 120 113 117
0.03617032572223763 0.005060407825363817 0.039040766582427805 122 115 117
0.035335794444207216 0.02501930573759433 0.03882010278849676 120 113 116
0.045922764938269266 0.09442783794032458 0.019993440550902068 122 115 117
0.03681028958463964 -0.07359913669192299 0.03811926520566483 117 109 115
0.03572617100004895 -0.04435317653040047 0.0387260899249114 133 126 129
0.045320919845921195 -0.033908788552681805 0.038759720705222725 123 115 119
0.04528256871800955 0.004672632737009902 0.03904661056586731 123 116 119
0.05590139441408493 0.1247024309677047 0.010053033450893374 119 113 115
0.025912787501644007 -0.11497523361428434 0.029953958763756134 118 110 115
0.055276054567037734 -0.04445130337104229 0.03886088573630003 126 118 123
0.05385499714453446 -0.034613064010234625 0.038862389662510335 122 114 119
0.065139392924575 0.08590366730350363 0.01998825766232107 120 113 115
0.07654203460518015 0.1251030514134661 0.009521249327711359 115 111 114
0.07312534846295038 0.1355420076250139 0.008704011453010752 116 110 112
0.044712939233491046 -0.11390663347464829 0.02865284373837133 130 120 125
0.06557052568811797 -0.03484036074995152 0.03223525991785532 119 111 114
0.0861394308730129 0.11355054716529056 0.0104713579439647 117 111 113
0.045421671893176044 -0.13405068410040705 0.019917400521005657 120 110 116
0.06529403723343993 -0.0747371862238251 0.030674560807187286 126 117 121
0.07462082836003543 -0.053892114165464224 0.029979015955542504 124 116 120
0.08526830080131326 0.055504056026753755 0.020277059501228392 122 113 115
0.09563398714112516 0.10449434206098834 0.010667099715912972 110 103 106
0.09675100757611814 0.1140787048862913 0.010177452028015989 99 93 97
0.07524624536518329 -0.09444773335563239 0.02091185847660399 125 115 120
0.1063687735710596 0.11403619482643566 0.010327594804921313 107 101 104
0.08564946492482248 -0.06485162578117748 0.02166800080745138 119 111 115
0.09515255524261393 -0.05404924480719682 0.020060186070659833 123 115 119
0.09518492642534832 -0.044106685733941664 0.02033533294260477 121 112 116
0.09529645424800098 -0.025248201680182745 0.02117468189186183 124 115 119
0.0947132943404034 -0.014624673863166283 0.020904138741015675 126 117 121
0.1049356591031369 -0.00409410450654925 0.020161990019385193 121 113 118
0.10499742685368851 0.006758599461077197 0.019470268326195438 124 117 121
0.11604282286004493 0.08549777085821397 0.010365902221398868 118 111 114
0.08518117065507651 -0.13437853668656777 0.010033096967766938 120 110 116
0.12498503215504476 0.05527762464822407 0.010761537916467705 119 113 116
0.1255796919121626 0.06560885599272137 0.010957582885727927 120 114 117
0.1362142226807086 0.11486626536432179 0.010534441817438062 118 113 115
0.10497649191750716 -0.12490631689062637 0.0095661852312861 121 112 119
0.12619801340057218 -0.034911540310559416 0.011383612558595595 121 113 117
0.1257979891388551 0.01515380648847427 0.011959136101840472 126 117 120
0.13395554990491476 0.04374716020066771 0.01049353203980778 117 111 115
0.1346917284728386 0.055071134872132964 0.010054307534918448 119 114 117
0.13393720878293988 0.06672934001763015 0.010200652988510339 124 119 122
0.14616367983634382 0.11480886296361967 0.01062461155807803 113 109 111
0.1161858940375145 -0.10433860670615124 0.010162820730187304 118 110 115
0.11592099503454886 -0.09405650645609827 0.01052407700712318 119 111 116
0.12569969477841855 -0.08426400724317679 0.010016553943709832 122 113 118
0.13575518964711092 -0.014659045080289331 0.010451504531542252 121 113 116
0.13606648853546738 0.005089490826830164 0.010875362546017755 117 109 113
0.14416506100888912 0.054691110677464044 0.010334480785969493 124 119 123
0.14688056601756433 0.06352777734812741 0.009829903690715507 129 123 127
0.12579444949929164 -0.10413418389354501 0.010064793962013442 126 118 126
0.1348529542808153 -0.09327628750579706 0.00997684675905565 119 112 118
0.13519007077502232 -0.06464511830588178 0.01003023111635953 125 118 123
0.14560677969464642 -0.044986196557404844 0.010223412323831609 121 114 119
0.1455524101696756 -0.034565522340130106 0.010137451905240858 119 112 118
0.1450318755083939 -0.01398989400675144 0.010058279018544787 117 111 115
0.14520295512152598 -0.004401956378354879 0.010518409420013376 118 112 116
0.14650456098852563 -0.11515943091538812 0.002096872193707287 123 115 122
-0.14333764089274265 -0.14480305528821846 -0.0028507136691709994 121 115 119
-0.03269202968150184 0.025207743399482563 0.027139603194454413 111 106 109
-0.002636753558215071 0.04596964134170783 0.03819548859008627 116 108 110
-0.0036939526783642406 0.10509387834880057 0.02145296424288891 115 108 110
-0.034301746555413265 -0.13398732097189553 0.027321605147469133 110 104 109
-0.03421392408085686 -0.10454625549622368 0.02803240089352609 115 111 115
0.006058463227647939 0.045374765099069875 0.03880595964246575 122 114 116
-0.013993646361336346 -0.104243456295906 0.029665348222250965 121 115 118
-0.014202828744277854 -0.14483096623802805 0.029246731195481403 108 103 108
0.015610457685119306 -0.05377268005668593 0.03793662857832443 118 110 113
0.045856801472990906 -0.04440576628169085 0.038800371033950246 125 118 121
0.05416598668984651 -0.06508572855361996 0.03837967287575146 127 119 125
0.0657219097838853 0.015871415501334758 0.030495196770514727 130 122 124
0.05420030424893737 -0.10442636952973719 0.029304615050814112 130 121 126
0.05521582648914059 -0.0947333916818456 0.029502637739084545 126 117 121
0.0653510021571679 -0.0553279762644622 0.031832761615346476 123 114 118
0.05545500607745738 -0.13363153178283513 0.01929292798846221 122 113 120
0.06421314949776562 -0.13394892718060658 0.018590427325110064 123 116 122
0.0753527305380518 -0.12356876916028782 0.018665361148039447 121 113 119
0.0749241482560121 -0.10423859335982098 0.020228455320541273 130 121 125
0.09546298332384175 0.02489842172875882 0.020405476708450686 124 115 118
0.11587645171528389 0.11534174671126246 0.010601015586534082 112 107 108
0.12528664969551592 -0.0943181969924652 0.010009272706711085 122 114 120
0.13506163134393778 -0.04506991215083971 0.010627121137627 121 113 118
0.14594577130344163 0.0765303136474353 0.010486411887593828 126 120 125
0.14624419128222024 -0.10435457548851669 0.0018479880528014941 121 113 119
-0.13493578989475544 0.05523816877865713 -0.003937312209575555 126 119 124
-0.12380219787711186 0.025720724768059616 -0.003984619557994043 111 107 110
-0.10199690412057114 0.08791912721496352 0.00817855805714815 96 92 94
-0.11325364990743501 -0.11485601962687916 -0.003267101255262417 118 111 116
-0.10375345503922608 -0.06390076987383038 0.0066843536871980525 114 107 110
-0.09151627416134346 -0.08468772738622113 0.0064114119684239995 106 102 105
-0.0346556602365377 0.14516331449212602 0.008697285229576395 114 109 110
-0.014135783484580474 0.11540085707896754 0.0198707933922194 117 112 113
-0.04254628856326603 -0.14365660531569485 0.026685823429104725 105 99 104
-0.014440819583417194 -0.034260413138605866 0.03797080503198591 126 119 122
-0.012805428506536732 -0.006174799023112962 0.03725805225246344 117 111 114
-0.003365709538133524 0.005796430436312637 0.03773383060831152 107 102 104
-0.024686528193015013 -0.13491349179646325 0.02827510360743951 109 104 109
0.01555326387768046 0.044975349260080746 0.03892644213832887 122 115 118
-0.014219676663521582 -0.13467404196094457 0.028688085875172385 110 106 110
0.015659685068523187 -0.044523538691588815 0.038811788513918616 125 118 120
0.024809413772406967 0.13502835153086193 0.009705924467955752 115 109 110
0.026574329322591194 -0.06340422651537737 0.0374684622113769 116 108 113
0.025396421551436614 -0.04494231278494271 0.03879816790722951 129 122 125
0.03632611361097749 0.12560398142618456 0.011106595298624827 119 113 114
0.015796624442200966 -0.14403925072913018 0.02837693243982119 124 115 121
0.03422218059114097 -0.08385712769681394 0.03857560740569607 127 116 123
0.05433358712942174 -0.054783584579091604 0.03889494546016102 126 119 124
0.054855600156148675 -0.1427559257011263 0.01834410425964765 123 112 120
0.07518253973307976 -0.1136246732083657 0.01935553267057958 127 119 124
0.09513592769444087 0.03589972331648608 0.01983755078826844 126 119 123
0.07583432241554527 -0.14352472950996287 0.009753963126166939 116 107 114
0.08495474666371526 -0.0946129470230239 0.019938376990447947 125 117 122
0.09470060553473712 -0.06481775308499392 0.020072589666270083 121 112 117
0.12608884736614856 0.11545460951234567 0.010837804950859271 120 115 117
0.13591381612041675 0.10571298910329702 0.010277695892916223 118 112 115
0.13550184396174328 0.024991565869515727 0.010614899191665621 125 118 122
0.14554892619293255 -0.02372276091731381 0.010564031429243205 117 111 116
-0.1523726797824578 0.03470002882073188 -0.005582901061584149 122 115 118
-0.12323920929545655 0.13587782684796082 -0.0030832839853791923 115 109 111
-0.05389843370535957 0.11486314680618478 0.018267523414274373 116 111 112
-0.034423199867565576 0.04518687584752347 0.0227482843997655 110 104 106
-0.041886246457051045 -0.12485462714760318 0.027090580019394964 105 101 104
-0.02415594068875343 -0.10497771949079622 0.029237160373638188 119 114 117
-0.004349483216935327 -0.014908290226088543 0.0382006882979493 115 109 113
0.02536970952512878 0.03509643334133334 0.038996448974219486 125 119 122
0.06525216132220527 -0.08387257501708288 0.029506194889329103 126 117 122
0.07462799194227007 -0.024532831934138376 0.030270403136667 127 118 122
0.07415303453828322 -0.015420446751979068 0.03053888819405083 120 112 116
0.07472228103956183 -0.005095216751496327 0.02978685699414543 124 116 120
0.0758415311056102 0.08536396294374166 0.01977503093644901 122 116 119
0.09469052704153781 -0.13408922319857147 0.009156876060820471 122 114 121
-0.1445175444686604 0.1147620738269368 -0.01690561105177694 103 96 102
-0.14338760672201029 0.14612985928722316 -0.016926127698566794 104 100 104
-0.14383085638143547 -0.13413450487053158 -0.0194431980267079 106 104 106
-0.1445148113823925 -0.11448377826103064 -0.018999030146760743 105 104 106
-0.1434945737912522 -0.10408053390109519 -0.01878197080993914 112 107 110
-0.14346185569786188 -0.08491038556556756 -0.02133982395133655 95 92 96
-0.14329571920597084 -0.06457265308583976 -0.0216408033574446 98 95 98
-0.14338882297208821 -0.05410782835588258 -0.020872804481796837 97 94 98
-0.14328279993249343 -0.033840859528039266 -0.020910476436232273 107 103 106
-0.14307655140729408 -0.02242464622660332 -0.02696148032184469 121 111 119
-0.14356945267833815 -0.004458135375185827 -0.020025555947608426 121 114 118
-0.14252675741425527 0.015425806951086023 -0.018972976506700677 125 118 121
-0.13484105375423075 0.025018673440632695 -0.01856688022472636 128 120 125
-0.1335872755337916 0.045220910847258565 -0.01698227371446045 127 118 123
-0.12383792259463511 0.0751817483297952 -0.008577986867103322 125 118 121
-0.13186410788813158 0.12242797256660681 -0.015777092340725975 105 100 102
-0.13339801958098105 0.13402387401644364 -0.017683838565114948 116 112 114
-0.1348475405283165 0.14740184016616997 -0.01660298785296 100 97 100
-0.12363579503508051 -0.14367106376350028 -0.018717911260170354 109 105 109
-0.12273587693377763 -0.12409447462228859 -0.018564286357757035 102 99 103
-0.11397169504544777 -0.0847858249937329 -0.010688770211687428 104 100 103
-0.11272883455078618 -0.06420479819631664 -0.00971653807538509 97 94 97
-0.11361314377220352 -0.05419002074420521 -0.010343878366238849 97 93 97
-0.11368815041501427 -0.03462330108927359 -0.008901304519386387 101 97 100
-0.1147481266561137 -0.024087069132523682 -0.009992758562472639 100 96 99
-0.11377822142313238 -0.0044223057166951915 -0.009704596394176333 102 96 99
-0.11392826376532544 0.0050177303758957075 -0.0092716991223891 107 101 104
-0.11378906732622576 0.025555944713072525 -0.009180882655067137 110 104 106
-0.1134998918162725 0.055297864454337826 -0.009090803635010808 116 108 112
-0.10512247062363303 0.07624084112533074 -0.008442407886630646 115 109 113
-0.1040794359655553 0.08539075942051554 -0.007638666027964525 120 115 119
-0.1124807943383676 0.09635760705068823 -0.007887274485995794 125 119 123
-0.11285847667539625 0.11576851403047199 -0.00958579882678098 105 100 105
-0.11188636098824586 0.12526199152899967 -0.017772960225043207 108 101 105
-0.11471156222026588 0.13713806464842335 -0.01681133916564835 110 106 108
-0.10365170891727021 -0.1442535801867018 -0.011181534350113972 103 99 104
-0.09398984031396311 -0.12426084892518549 -0.010587051904552378 105 101 105
-0.09407386194330919 -0.10323773019961352 -0.009268963464635897 104 100 104
-0.08437390293700149 -0.0646550283026384 0.0006363226303188526 106 101 105
-0.08410205130622188 -0.05460080502136184 0.0005591780813098786 107 102 105
-0.08378860102058411 -0.0345608091417238 0.0008635530768509002 105 101 104
-0.09461873231976985 -0.024517992010508374 0.0009089895449614612 107 102 104
-0.09412306937362765 0.004039934951323993 -0.009305075259855224 101 96 100
-0.09431297430310917 0.016045955081478484 -0.008735825143034613 108 104 108
-0.09366965354004958 0.03741583524336661 -0.00857077319845986 107 102 106
-0.08445706476295091 0.08555757293452093 0.0021824491248268523 106 101 104
-0.09383921856866417 0.10476843763866019 -0.006809030305264486 118 112 117
-0.09407460935452046 0.11628086680206264 -0.008154904985579602 111 105 109
-0.09604006575818802 0.1273172130071428 -0.01654932076956556 103 98 101
-0.09387792548482617 0.14282257686903974 -0.016457333625260525 103 98 103
-0.07321263335986923 -0.1440568649110277 0.00027987260778921004 95 93 96
-0.07346812384969746 -0.1250074839664163 0.0010475753366037694 100 98 101
-0.07402821444847901 -0.10558224493692876 0.0007031784981137443 105 100 104
-0.0648814309594602 -0.08540453578172451 0.011438145890957204 102 98 101
-0.05442806861107148 -0.05386295392602937 0.011040731425183501 104 100 103
-0.06253758002517512 -0.033216650988249545 0.011158985287463435 104 100 103
-0.06420482038669541 -0.02503356089235491 0.010877932329734212 107 102 105
-0.06303984099206084 -0.013123339902000656 0.0017049575552853672 102 98 102
-0.06357938483978702 0.0044619734636871505 0.0015465161912057417 107 102 105
-0.06274099314347258 0.015983274578752312 0.0015568025690571117 104 100 103
-0.06386142435037612 0.03482485912671506 -2.6808189425573878e-05 108 103 106
-0.06314010518069818 0.045912381710780645 0.0007947503235130864 109 105 108
-0.06433451497491359 0.07557610584824864 0.012127518095920976 107 102 104
-0.06370101482098646 0.08660671908449546 0.0019588962503950475 105 101 104
-0.06430312865724015 0.09504896901475522 0.0023344537522759093 105 100 104
-0.07363817991709835 0.11717190834798967 -0.006488568521790012 103 98 102
-0.0746129467429412 0.12660282429961006 -0.008036583252534753 105 100 104
-0.07381520087018956 0.1359227722535057 -0.014328706977463003 87 82 84
-0.08199587343441632 0.14696677408438258 -0.017849040002991774 111 105 109
-0.04393919293916752 -0.14534461066016094 0.009121880336905476 98 95 97
-0.044160054973628134 -0.12530162593909108 0.010879948528351904 104 100 103
-0.04416641791681018 -0.104769215969067 0.010172321108333283 98 94 97
-0.04400421593092487 -0.09363760355419519 0.011161923383535798 106 101 105
-0.033565238437421485 -0.07437524843465915 0.020447490403424154 118 112 115
-0.034497479655275554 -0.05480197743339081 0.0211159586710356 112 107 111
-0.03418956750302423 -0.0442700970449464 0.020718300849412896 106 101 105
-0.034772046956389864 -0.02482527602992278 0.02043390410094651 108 103 106
-0.04372595508875808 -0.013996125920084375 0.011795970171332193 109 105 108
-0.04310184463639575 -0.00545936441532818 0.01133958545267908 105 101 104
-0.04439614393755751 0.016531843375327093 0.009863021713840873 105 100 104
-0.04400244840623949 0.02535126390227054 0.010678923177576648 108 103 107
-0.04466025493658439 0.04586030078828422 0.012419929501725574 111 106 108
-0.04325555697895944 0.054783952823187675 0.010965471643984419 108 104 107
-0.04382118465872708 0.07551764444613429 0.011655096336595647 103 98 102
-0.04374668835527702 0.08513803742768691 0.011066025328725543 107 102 105
-0.04622719601736068 0.09577299644680995 0.0042582742856862015 105 100 103
-0.053574419403639835 0.10630574539481905 0.0022557212275140627 103 98 101
-0.05630955461691647 0.11648255853504146 -0.005129741244409932 100 96 102
-0.05441043975917402 0.12644673258542014 -0.006795335567064839 98 95 98
-0.061523155687858114 0.13873355701846576 -0.0146131913437402 104 95 98
-0.0661450641607259 0.14488292243906992 -0.015876643174190366 101 97 101
-0.024632114674789988 -0.13454571947003974 0.013272290872495804 110 107 112
-0.025152024802816614 -0.11572433576567448 0.01294161833746749 134 125 129
-0.02578278047754111 -0.10419823415181141 0.014028336187242672 124 119 123
-0.024434622376996753 -0.08302503513024619 0.014473606758624252 130 124 128
-0.024280101741794614 -0.06442766626389507 0.022206012612734603 120 114 117
-0.023871186085669422 -0.04566617801677337 0.022474447032741634 114 110 113
-0.024392464074251816 -0.034142046785320374 0.021658554661876973 104 99 103
-0.02508873097147383 -0.015416364329036128 0.02053618500942326 108 104 106
-0.02537863687918343 -0.005516773311875054 0.014330032706091962 111 106 109
-0.02416456739582905 0.006116628405441365 0.02152875499131656 107 101 104
-0.024590425512513548 0.025652756990375492 0.022997093385081793 109 104 106
-0.02402742409563159 0.03509367325823224 0.0226724352217788 108 103 105
-0.02526230117572743 0.0557765065202747 0.02241943345297588 108 103 105
-0.025163221732312356 0.0644568619855482 0.015106603448876812 105 100 103
-0.023627670978732012 0.07675394102820815 0.013664129510697487 106 100 102
-0.03409295620058362 0.08457660758790053 0.012863610268128777 105 100 102
-0.03436000504765912 0.09748532328170746 0.004802814924618997 109 104 106
-0.033457236469530645 0.10581411024542288 0.0031109592010949987 107 102 105
-0.042468923783076394 0.11818273808423975 -0.004669876644639311 110 104 107
-0.04396643386584016 0.13636525899151739 -0.006372827281889561 105 100 103
-0.044359943671765156 0.14534641641218696 -0.008070523590313114 100 96 99
-0.013958013724069757 -0.14453553309900605 0.0118904594747467 111 106 109
-0.012379922478625408 -0.12624005091491997 0.013234931193439114 131 125 128
-0.014934431087953257 -0.11494573202762694 0.012866751818997563 119 112 116
-0.013766036340048067 -0.09247705764336525 0.014113127493857534 134 126 131
-0.004726653120180193 -0.05501226931643587 0.023227998720565295 124 118 122
-0.003127410522499057 -0.04478013657107258 0.021598218143213423 124 118 121
-0.004270102734371704 -0.024316396205288106 0.022879269411593774 108 103 107
-0.0026687830245579187 -0.014239226764790083 0.022911667445278783 110 103 108
-0.004749549785839878 0.004744279683636569 0.022324068842334996 117 112 115
-0.004727053137187272 0.014355751747008505 0.02252229022596511 109 103 107
-0.00387148167200276 0.035392076643519996 0.021964351292736318 109 103 106
-0.0047507463493742085 0.04594590413206155 0.022060420309545855 106 101 104
-0.012962931909952376 0.055095152417805736 0.014275177624849558 113 108 111
-0.01454027299272673 0.0664418587970942 0.01376429145246905 114 108 111
-0.012650107543690808 0.07610160257926675 0.013547674612019344 112 106 108
-0.012632854625519913 0.08719240794122836 0.003659020385496659 110 103 106
-0.023032761456464775 0.10506601356788177 0.003628291748329486 110 103 106
-0.02263743136677111 0.11637331808861599 0.0012599522316199367 114 107 111
-0.023657181160973643 0.12513586309085825 -0.004836337261909353 109 103 106
-0.023091417289671103 0.13567380300099544 -0.007630882535885154 106 102 105
-0.032683352327596595 0.146108120926586 -0.014618228896135337 103 98 100
0.005502693654491237 -0.14347942693824847 0.012490371747405301 110 103 108
0.005727753027178567 -0.12331279843177287 0.012966221822598635 125 120 122
0.006322041702365163 -0.10478507234428329 0.013964334799367938 129 123 126
0.0051351624257757016 -0.08253063289001512 0.01469161697058599 135 128 133
0.005655889973938689 -0.06513585494420544 0.022094564616951903 119 112 115
0.015946018480058305 -0.05432051488479988 0.02151122829767938 129 122 126
0.01568718815344953 -0.03545232758915538 0.022628447513056156 126 119 122
0.014822813134930973 -0.02367011495760936 0.022573304742470244 130 124 127
0.005129060789248416 -0.005116617820572519 0.02274118219572605 118 113 116
0.006551051440483411 0.006415671890687971 0.02382628486174437 116 111 114
0.006572044402092204 0.014920412231185842 0.02337793817863419 117 110 114
0.006226038904348807 0.0345001620947295 0.023948995937033108 105 99 103
0.00861396394089397 0.04463767122005247 0.015476783725325351 104 95 95
0.00538590480256085 0.055452265253087114 0.014532535623399599 113 106 108
0.003053564630860345 0.06561364155815752 0.013890533288619406 119 112 114
0.0002486665896519473 0.08619603199047104 0.0030412508503962986 117 109 111
-0.0031386476588658716 0.09586990937742797 0.0028241285256367164 109 103 106
-0.0038514087561973115 0.10710942318196007 0.002651330227760672 109 103 106
-0.0030292031499378476 0.1158477255476548 -0.00486147586679531 110 105 108
-0.011309566492142348 0.12590860324265857 -0.004978327395217133 113 106 110
-0.013159493677653 0.13562261255611072 -0.006941209362215338 106 101 104
-0.014039564677668308 0.14934039455328926 -0.015198723719361602 108 103 106
0.016944576155222046 -0.1339752861406907 0.012434015235361334 111 106 109
0.01763945502245549 -0.11399383885512479 0.012845883796687968 122 117 120
0.0229714647205311 -0.09637338066586099 0.014336068568496648 126 118 120
0.02445986665361611 -0.07867846144046124 0.015250346944887673 127 118 121
0.024439826722957702 -0.06345855669113226 0.015486000852375255 145 134 140
0.025960049753470358 -0.04522139699653016 0.021511980228340992 124 117 120
0.027439146673954515 -0.03442039422297687 0.022363746893319228 127 120 123
0.024623264114022766 -0.01405890412211002 0.022722498204098666 126 119 123
0.027489519407947065 -0.0034514025249486337 0.023449279100263783 123 117 119
0.023853000999942326 0.009532061561101311 0.01593366133687299 127 118 123
0.022513141870115296 0.022439329028336237 0.014293721619516586 118 105 111
0.024768385074028502 0.03576265878042178 0.014425341773596514 112 104 107
0.020186721354873864 0.048000938839480325 0.013795945162383687 111 104 107
0.017269976486753307 0.06623208799107828 0.012972775893739484 114 107 110
0.01865677770573631 0.0752230729312184 0.005856117781648604 119 112 115
0.0164313625973655 0.0848289904518422 0.004272621435958094 112 106 108
0.007131839864847113 0.09691057375099955 0.0022178904793210665 113 106 109
0.006753225924308317 0.10645260586060012 -0.004335235485180949 111 104 107
0.005697098606565858 0.11635969301438052 -0.006208626896592318 108 102 106
0.00709892017196234 0.12731062120979345 -0.006599555941599118 111 103 107
-0.0001260741042791117 0.14037751424652067 -0.015149952999982376 113 104 111
0.03127710865273183 -0.14678450838025703 0.0009475334218183524 138 127 133
0.03695126244671169 -0.10485890492741672 0.01289365078095838 122 113 118
0.03813620959456439 -0.09250699022099684 0.013433361876584421 133 125 130
0.03906068010609029 -0.0735984656300697 0.013941404400113294 132 123 128
0.039480083712824486 -0.057904007364515536 0.014946703627492775 120 111 118
0.036536403336910904 -0.04362912032095508 0.021764338773677366 120 114 118
0.039955460638882605 -0.02754795601775059 0.016412508888559454 130 121 124
0.03951714273192448 -0.013398249061955235 0.01615524351025039 131 120 124
0.03910789232496559 0.0006356696763175477 0.015936399231330466 130 119 123
0.03916111705645152 0.012227392480580287 0.013379846341526593 116 107 110
0.03628485293706242 0.025847693287192948 0.014019697621691665 112 103 106
0.03750601042859025 0.038421676523680996 0.013552213586805263 117 108 112
0.035615359046840545 0.05497102983062413 0.01249861333024102 117 108 111
0.03523270458730943 0.0643481845861778 0.010677234845649728 113 104 107
0.025151628530153774 0.07491041327096738 0.0049917256563650255 114 106 108
0.027269464536243505 0.08564169923323899 0.0026794363920812137 119 112 115
0.026081572484777757 0.0971077049319601 -0.004396077902082964 110 103 106
0.017117768787904115 0.10759291662060157 -0.005514918805264618 118 112 114
0.014637932560921775 0.12318974309222572 -0.006421128769189299 119 112 116
0.016898481769545455 0.13674303806106525 -0.008948038498653705 112 105 108
0.017192868072396433 0.14431296219447795 -0.014440224115278573 113 106 110
0.047140296486713355 -0.1236822863198492 0.0015345621328421589 131 122 125
0.04965404117822657 -0.10443781127022655 0.005878991409935683 131 120 124
0.0508475285394235 -0.08724870968180351 0.008222869290580151 130 119 123
0.04980757814614513 -0.07554967743215939 0.01233551453182044 128 118 122
0.05542892174780837 -0.05397098732649592 0.012771870942463959 111 102 106
0.05636761662034218 -0.03659362882429659 0.014372218511232859 116 107 110
0.0556659444463952 -0.02551881991526212 0.013576344183538907 123 112 116
0.04880236752013438 -0.013551913498069543 0.013500049187468232 130 120 123
0.04890075066424159 0.006290726261367405 0.012840000311315488 126 118 120
0.0477903343143789 0.014639578192896638 0.012292550118591556 115 106 110
0.048085827396927884 0.0269072985021428 0.006239356354732345 118 108 111
0.04739209292279072 0.04491764043547779 0.012548223612852415 117 109 111
0.0448405125983475 0.054338153200233066 0.005730942750143729 118 110 112
0.04490262752154099 0.06514372044572313 0.00544482940625683 110 102 104
0.037411070930856834 0.07512206015502378 0.0026639822316169024 118 110 113
0.035064633816854894 0.08740363972497753 -0.004797589576670482 120 112 116
0.03759918596349222 0.0980576143808941 -0.006153706508756875 112 104 107
0.0346653118975246 0.10561449493183818 -0.0063029312671514254 112 104 107
0.029680355072594797 0.12375747321084135 -0.0134505430964851 121 114 116
0.02679242503472683 0.1361992656573171 -0.014965305465386991 104 95 99
0.026047848674304135 0.14812043545357947 -0.01514095192122384 110 105 108
0.05659085425758904 -0.1358705239603512 0.003337263469345227 116 108 113
0.059563252756360444 -0.12519895518450938 0.0033095397618307593 114 106 112
0.06054624884855884 -0.10633620776687032 0.0007304418912140696 130 123 126
0.06623269645495297 -0.08503628689520276 0.0038335447535270337 126 119 120
0.06439250350721591 -0.07203657265187757 0.0031738619515943073 127 117 121
0.06393586881817834 -0.05554174463028525 0.0054822595840679465 121 112 116
0.0633541821702615 -0.038744845246814055 0.006148671484526341 125 114 118
0.06666528298122484 -0.02421984547769143 0.0047006883289915195 126 116 120
0.06272731105244266 -0.00989653280350162 0.006484746790956846 111 100 106
0.06563197409904518 0.005157420815288566 0.00452668700525014 119 110 113
0.06080905897772879 0.016909281365739458 0.004796256154860156 127 118 121
0.058656287751820455 0.028774513640088865 0.004342478705837675 128 121 126
0.05860034319940974 0.04429982380212379 0.004402235208959279 124 115 116
0.05681257074062186 0.05666315276899783 0.004298599698357558 121 112 115
0.056135687679056086 0.06465998508046525 0.003913021038636889 117 109 112
0.05349455977637008 0.07958402206949934 -0.003389662016037817 132 123 126
0.04496892798583745 0.09453275910532702 -0.0051098756784701705 114 106 108
0.047358854458437925 0.10714989955819941 -0.006380028302129635 115 107 110
0.04618375430458145 0.11408154541226505 -0.0067826535443164665 115 108 111
0.04612509687445322 0.12766935323519307 -0.013849501650119011 98 92 96
0.0461780509614637 0.13625011353633507 -0.014924473686829396 100 94 97
0.037181104531235395 0.1466710284314209 -0.016345865450493564 117 110 114
0.07121700950797773 -0.13605780481065277 -0.009846130082095325 138 129 132
0.07212700302152135 -0.11850569165515079 -0.007503825113035486 136 125 129
0.07413719991914373 -0.10340443025789228 -0.005759644311575744 126 115 120
0.07567426342984775 -0.08310110754573076 0.0009028278261872377 125 117 120
0.07547370899282971 -0.07360332534063296 0.0010132014523977443 118 109 113
0.07295897172567513 -0.05438877209121352 0.002163313734735081 128 120 124
0.07678451273660995 -0.03579881241347747 0.003396537240445826 124 115 119
0.07645079780611716 -0.024506545384776906 0.003171161563119887 128 119 121
0.07714544669795032 -0.005167449754714763 0.003446029116807461 120 112 114
0.07794467667741128 0.006067234481245905 0.004192276675398824 122 113 118
0.07753125684111951 0.015145039272598837 0.0031783984936282167 121 113 115
0.07619272891042737 0.03565228196247521 0.0018143520777305936 122 114 117
0.06634017022302735 0.04706295587914793 0.0035174279647689436 124 115 118
0.07612061259593261 0.05617142717171967 0.0022260574018952836 119 109 113
0.06598805975707554 0.07476044886336873 0.0013578757503086639 117 109 111
0.06794920310849624 0.08786010477334655 -0.005715343959763235 112 105 108
0.06558662540340322 0.09637828694463613 -0.005634510481399128 119 112 114
0.06673345697303851 0.10678053320632537 -0.00777168444412225 120 113 115
0.058703542395227425 0.11906366178586524 -0.012989882611698478 104 97 102
0.05811263953885434 0.12671773996086352 -0.015102268440888349 114 106 108
0.05738751340799454 0.14585852420951473 -0.015142555078633102 101 95 100
0.08699083737796337 -0.13506727871745539 -0.008424327210333198 122 115 118
0.08753143072157275 -0.11425376560297931 -0.0065573881312165315 121 113 117
0.08696481535145317 -0.09616796428844214 -0.006247494200496355 123 116 119
0.08752347310664849 -0.08286875056004206 -0.006466878712950231 126 117 121
0.08536108275114834 -0.06777469557863455 -0.0073427311107714215 116 108 114
0.08576687278108203 -0.05075401711242527 -0.004328468425449258 124 116 122
0.0885992678468994 -0.03467089310025185 -0.004740681453926324 124 114 119
0.0854603245648065 -0.021518542566565164 -0.004433218965179647 116 107 112
0.08527966900145217 -0.006936567929145232 -0.003787980529635313 122 113 118
0.08468487833054038 0.006984714849129999 -0.003837477652583167 130 121 126
0.08795240602289432 0.026230408797010763 -0.003763322464320632 121 112 115
0.08518305309352124 0.03782409028690486 -0.00454130796307946 119 110 113
0.08630446312919304 0.04675679740943506 -0.0039057246094914167 126 116 119
0.0864503713969111 0.0649086240332672 -0.003117008621953448 127 119 122
0.07787925053412012 0.07673014132635862 -0.005043327563953343 116 108 112
0.0748097545102531 0.08567125970679704 -0.0049737781068258935 114 107 110
0.07641911182453696 0.09608647018946585 -0.005655467205576789 116 109 112
0.07583602429845739 0.10698439297482003 -0.01424801517075949 118 110 114
0.0744397138899804 0.11697639158051405 -0.014593368513197223 106 99 102
0.07597276556602589 0.13654951466576606 -0.014054340845621668 103 97 100
0.06571721951460434 0.14619611932259766 -0.014617302035996975 99 91 96
0.09792156145209328 -0.14568753758039737 -0.016197117542816337 122 116 119
0.09937578454666947 -0.1257999577506608 -0.013139855280359127 119 113 115
0.09646890671387759 -0.11215726582341518 -0.007547266854960157 122 114 120
0.09845885408592371 -0.09549870571705125 -0.005983497632486179 124 116 120
0.09719086357803813 -0.08081169644454002 -0.013338787946004668 121 112 115
0.09671146503184203 -0.06462999301719739 -0.006189558338828487 121 113 117
0.09750937241091853 -0.04732040891559938 -0.005700104847253272 119 110 115
0.09733705687765973 -0.03192642235420304 -0.006918358111405523 126 116 122
0.09647761603857169 -0.015440258100247744 -0.006174689157706794 125 116 120
0.09689171416812399 -0.004975406171971532 -0.0050076832300515375 137 126 130
0.09662306901753222 0.005314266723937024 -0.004638966355963774 119 109 113
0.09726145306619068 0.02764360235545304 -0.006508441420414433 130 122 126
0.09829673629161745 0.03558411219150256 -0.006436285093176567 124 114 119
0.09564297294873758 0.04520106562002322 -0.0065370152375669975 128 119 123
0.09541751635837085 0.0647987069422291 -0.00544681238285674 121 112 116
0.09534896559188204 0.07531683510051847 -0.005545355339353724 117 109 112
0.09033006745522125 0.08712218547487045 -0.011987096946320202 129 120 125
0.08816177218066429 0.09641632323582909 -0.012484416330942133 96 88 95
0.0873452219083244 0.1142801915751762 -0.014180550170983228 102 96 100
0.08585529591728697 0.12301890054149447 -0.01570001512270867 113 105 108
0.08521666496533829 0.13483736300150992 -0.015099466623903088 108 102 105
0.08730103712481471 0.146701997443248 -0.014997914346234178 111 105 109
0.10569463026897459 -0.14291846271759748 -0.017463187843826236 130 122 126
0.11645002527696446 -0.12335901648209716 -0.015970770813598798 130 123 127
0.11637373717177671 -0.1046967380100483 -0.015338683785647258 125 117 122
0.11077712277860811 -0.09204731109474408 -0.01625536115411918 128 117 125
0.11072293712230648 -0.07625468966723108 -0.015005383761844324 126 115 119
0.11569213794993459 -0.05441923160362229 -0.00646998074084979 124 116 119
0.10759171839607477 -0.042341070724759726 -0.0077343117441444845 123 115 119
0.10725882987622756 -0.03328976080599401 -0.004318272814788911 126 118 122
0.10687063217870357 -0.015877277474353257 -0.012576787620945818 118 109 113
0.10851254454766905 -0.002918379565185028 -0.01245194228546969 134 125 130
0.10701915118210971 0.014897176090360714 -0.006167939747618572 125 116 119
0.10638292326251836 0.023643045379861977 -0.005579564096734999 123 114 117
0.10655017070653137 0.03827707576870015 -0.012213814914152368 133 122 128
0.10698256202419638 0.05417303424604721 -0.012329597335419901 123 115 119
0.10494776904615113 0.06468716150440848 -0.012632673352045744 118 108 108
0.1049095932780434 0.07563397730065462 -0.012172403896357927 121 111 116
0.10651267324520562 0.09469597439663446 -0.006050777252876716 109 102 107
0.10547909960977264 0.10616776847089925 -0.012703012432604462 91 84 90
0.09886212380474238 0.11662979460222957 -0.013589833125052034 94 87 90
0.09474865473521493 0.1258282655794493 -0.01575313953815087 107 101 104
0.09706897224218941 0.13717309411312664 -0.014502096959882 102 97 100
0.12774208563325598 -0.13554718817697375 -0.016956745212627165 126 118 122
0.12819290167754957 -0.11409759810782412 -0.01589334799870278 118 110 114
0.12827721253639346 -0.1042431901208163 -0.014894991082292034 124 117 121
0.12869344519336903 -0.08259427527399157 -0.014690504865966805 125 118 123
0.12575692209573636 -0.07614181198411338 -0.01454422762367973 121 113 116
0.12432723578654031 -0.05401048450599621 -0.015132058716876815 128 118 122
0.12584132072951545 -0.04392581901093172 -0.01643121302462514 116 109 114
0.12668995329130534 -0.027655538632765424 -0.013904743497574854 118 110 114
0.12259888019857348 -0.014742502824587177 -0.014503871120507703 112 105 108
0.11991671269917192 -0.0033516732834646956 -0.013901636618163706 129 119 124
0.11729916143762285 0.017019301576611946 -0.013542281690274383 124 114 118
0.11902817856078883 0.027101591196535376 -0.015747574537992966 116 105 109
0.115089508115225 0.03691763019497891 -0.014077879217743776 120 110 113
0.11971232782524209 0.05624320801371668 -0.013564914740652547 114 103 108
0.1185596970849543 0.06787694031380738 -0.013412536728528313 130 120 125
0.11783253867042548 0.0820650466479558 -0.012508833202606866 122 113 120
0.11724526184011774 0.09383062520332945 -0.011704381703901316 123 117 121
0.11510547259613754 0.10589527549026712 -0.012901098632988151 102 96 100
0.11715825987739828 0.11527952277586824 -0.013322996692352752 94 89 93
0.10851350325339637 0.12509472493188356 -0.014243431757460318 100 94 97
0.10770899765152854 0.1458241335608769 -0.014816073709026972 101 95 98
0.13583673187767842 -0.14680473904959107 -0.02357872357069657 135 125 128
0.13709974163231942 -0.13239643783973298 -0.02388889009356657 123 113 117
0.13604703902329143 -0.11763992341760131 -0.02575462883271842 128 119 124
0.13536809040752182 -0.09654380521123614 -0.014718072822333086 123 115 119
0.1374910333314265 -0.08329883575341257 -0.01556709299470364 123 116 119
0.13753292987806215 -0.06364136256678359 -0.014565308806289166 122 115 118
0.13495444683797378 -0.05687995860141882 -0.014981636960866795 123 114 118
0.13774097745858674 -0.03510170913239995 -0.0144145984838723 118 111 114
0.13678333978363758 -0.022603965817430467 -0.014669078551675895 123 114 117
0.13548363454356713 -0.006628401200282006 -0.013918053412016695 118 110 114
0.13539558625948944 0.00422300913800348 -0.014043966568417866 131 121 126
0.13313516462339156 0.016179785516591178 -0.01379177836546477 117 110 114
0.12854971222908912 0.026808350138005338 -0.017374378453158434 122 112 118
0.12682557034272166 0.045661110718446425 -0.01392091835832458 128 118 122
0.13024097662203366 0.05743196855818623 -0.017080777090660793 140 129 133
0.13112231342415015 0.0750461168498202 -0.012610313049797303 126 113 118
0.13734415969545358 0.08569589007446712 -0.007427079859143471 121 114 118
0.12765223604146184 0.095567457814764 -0.0061194093234431795 129 122 126
0.12468481775187418 0.1053416903646259 -0.012362079116591693 107 100 105
0.1269672291627512 0.12517811935053486 -0.014292827020557859 104 99 102
0.1250526880283706 0.13501067603368744 -0.014342173756145729 103 99 101
0.1268298093124195 0.14590757145477182 -0.01373938526714073 103 97 101
0.14739744290938478 -0.12465217054926211 -0.025681590530263924 118 111 116
0.14675279385098047 -0.11161557624752937 -0.025843494036440488 128 119 124
0.14978298097786213 -0.09569931347160547 -0.024561210336163698 131 120 124
0.15002177341200265 -0.08188234363688146 -0.02288874656331102 118 111 114
0.14853661024475137 -0.06556483046836806 -0.023196806293855957 114 103 107
0.14797798851114266 -0.05187975947432135 -0.016219693626196588 121 113 118
0.14619680570893503 -0.034768760826970814 -0.015367020956880327 122 114 117
0.1474379278308462 -0.02449569739285403 -0.015473679278144754 121 112 115
0.1480490173812601 -0.0033705709024906354 -0.015276085752340657 120 113 117
0.14674543821701116 0.006355584967249254 -0.01469575257585714 114 107 110
0.14588420228549043 0.025434221684106386 -0.013976562517259067 128 119 122
0.1467480594377211 0.03448516430109513 -0.0129446668925428 122 115 119
0.14611705984941603 0.047003488981554355 -0.01392080002318349 132 125 129
0.14823062963867129 0.06400319933416813 -0.014565352816011134 132 124 130
0.14599588750404582 0.0738502587137009 -0.011775545610613329 130 121 127
0.14417550895657355 0.09024009857202947 -0.012396162187546692 114 108 112
0.14729496652846608 0.10673098439903138 -0.011900392824490784 106 99 102
0.13668202400041354 0.11649884751124534 -0.013483174990698527 94 89 92
0.13620809073892187 0.12450643105775533 -0.015038926305402257 105 98 101
0.1364676018205457 0.13539142490159192 -0.014637061636741073 105 98 102
0.13655158750065452 0.14562038977435002 -0.013943420813936392 100 95 98
0.14633082158185196 0.1264425459134543 -0.014108380333516093 112 104 108
0.14902550239408563 0.1353064710580516 -0.013962547669515584 109 100 104
-0.13307412159176096 -0.13325043749535045 -0.01959318162846746 109 106 109
-0.13429320624406188 -0.1146390077067915 -0.018402059730103115 112 109 112
-0.13399821919234733 -0.10430365219564179 -0.018376330349655835 114 109 112
-0.13301760269417295 -0.08469154946543296 -0.020021432365216054 100 96 101
-0.13395458391261705 -0.07406038982304772 -0.020705506883646228 101 98 101
-0.14284779184874277 0.025772759483829365 -0.018884577108030213 124 116 119
-0.14400274016307096 0.045129976821343 -0.01767099199750643 125 116 120
-0.1442536252911135 0.11549376505998768 -0.009766569208164141 109 103 107
-0.10396777982674053 -0.11434709192230195 -0.009869509383927763 104 100 105
-0.1035781125981844 -0.09432315991635627 -0.011063961332355942 108 104 107
-0.10320112039291766 -0.08457814703974534 -0.010106414827642317 107 102 106
-0.12274982400489946 0.015578483523348792 -0.018605739313914935 122 113 119
-0.12417586753504528 0.03531992460700853 -0.017440031517125424 122 115 120
-0.12426929298839118 0.08543199274494634 -0.008176728881262021 124 117 120
-0.07368128259414088 -0.1340844866736074 0.00044595395342705065 101 99 102
-0.073415989301173 -0.11484546285670054 0.0008007959494426573 102 99 102
-0.07452774435012166 -0.044886073017332474 0.01153153141384297 105 100 103
-0.08418700551591571 -0.024627555116512684 0.0013506774240329865 106 102 104
-0.09476112513626289 0.04526605841383481 -0.009264387437418762 113 108 111
-0.09405354925153911 0.07596667215982525 0.0016476414577773794 106 100 102
-0.10363203285829002 0.10529777229341983 -0.008860379473796061 115 110 115
-0.04374721437025994 -0.11402535368491466 0.010359446973667915 104 100 103
-0.04475444484932245 -0.07452488097328228 0.021230900609937035 109 104 107
-0.04499054224990696 -0.05464389079387506 0.02077410985755626 107 101 104
-0.05423876778200087 -0.03435497125863192 0.010994868932262945 102 99 102
-0.05375720172253622 -0.02417948085350532 0.010339256647634014 105 101 104
-0.06458063937867964 -0.004557241463540215 0.0116459781848723 105 101 103
-0.07437730190883524 0.03617102708323024 0.0013757305138832774 109 104 107
-0.07372015737840067 0.0860748829641015 0.000989349063054477 106 101 104
-0.08378510405994048 0.11484305350116218 -0.006452876104497402 112 106 111
-0.09292206545151574 0.12615787787525082 -0.008204355480679625 107 102 106
-0.09600991660675813 0.13435935553720965 -0.017114130117198423 104 99 103
-0.10355747535910179 0.14672819234054774 -0.01764818839764949 116 111 114
-0.03315561989138156 -0.11549064807455055 0.01229243087860524 103 99 104
-0.03340897869717416 -0.10448116920266957 0.012533954316302172 108 104 108
-0.0333319312273166 -0.08483355479485138 0.014243953973995508 107 104 109
-0.03374974279073976 -0.03542492781227395 0.020940202478720353 100 97 100
-0.04421990175169868 0.004877092279961334 0.010910672526395132 107 102 105
-0.04426043118779668 0.035253375606547684 0.012688281948999212 109 104 107
-0.04489230557574035 0.0647419094398491 0.010951100868630007 106 101 105
-0.05393605640945317 0.08536343033089364 0.011932008084166595 108 103 106
-0.06380602466380818 0.10477243202407668 0.0019862283152113575 102 98 101
-0.08090131895059943 0.13787616468551245 -0.017374024876921388 112 111 114
-0.014092096988833517 -0.10504756630993549 0.013286790494533957 124 117 123
-0.01391225070549969 -0.07398798531798137 0.0221302866657702 124 118 121
-0.014313936158784579 -0.056510248496388533 0.022792561426228004 123 117 120
-0.014948004984977448 -0.04382140757169127 0.02331285771034168 125 120 123
-0.01508016344361026 -0.024287394247019947 0.02230214411921045 103 99 102
-0.013890622507326653 -0.014858240132618307 0.02157927867133403 108 103 107
-0.01458925019413641 0.005438849388527174 0.02071931333720135 107 102 105
-0.023835420087413715 0.015807601164028916 0.021694052530090657 111 105 107
-0.024374708181863963 0.044814564478140764 0.023018424076741324 109 104 107
-0.0337033891845565 0.06587015365372016 0.012870816162744228 105 99 102
-0.034164550511530584 0.0758194649280804 0.01378212317214167 105 100 104
-0.03431140076996533 0.09584874442704751 0.011530213258916719 109 103 107
-0.044938270624149484 0.10603577694988704 0.003101944228539213 106 102 105
-0.054263464599158075 0.11530213780626586 0.0010700140948198189 95 91 95
-0.0636688569730986 0.13544343430700934 -0.008067188111136088 100 96 99
0.006087439500358506 -0.13552622403290965 0.013577954969526851 111 105 109
0.005557420800214366 -0.11463644609789891 0.011194989111263567 117 112 116
0.004477253108946472 -0.09653552343793961 0.013960376139721342 123 118 122
0.005430128364566177 -0.045330946224971455 0.023927498186059642 126 120 123
0.006487494215294454 -0.03438574406268831 0.022323201097208596 122 117 120
0.004147664424647654 -0.014962524184187247 0.023865047765500955 117 111 115
-0.0034845728062630524 0.024491756976411243 0.022474320684517202 105 100 104
-0.014004018887867791 0.06570418186154696 0.02157210965180817 110 105 108
-0.024674412379895618 0.08696606660923593 0.011032313668775506 106 100 103
-0.023040367116492183 0.09656405282427193 0.004543572955709267 107 101 104
-0.035166421453656914 0.11643877989528596 -0.004476718170285877 111 107 110
-0.04378859057158695 0.12526414031652328 -0.004918875726584105 107 102 106
-0.05315889239659014 0.14547409560394356 -0.015120023173993243 104 99 102
0.020112857260254878 -0.14791775580164754 0.004629737139125583 140 132 134
0.026457026879718373 -0.1235317811444881 0.013650014861698308 111 105 108
0.02712666098320323 -0.10640433812040129 0.014539058721324761 126 119 121
0.025827979666885843 -0.0850928671026836 0.02171205327767913 115 109 112
0.025690602238187202 -0.07558678828839793 0.022866042776063765 123 117 121
0.016252511051526083 -0.044956855966365 0.021701085026789656 122 115 119
0.01637461213465891 -0.014136899906920599 0.023600532911703054 128 121 125
0.016632800402228195 0.004085522767824134 0.023270080019030238 118 112 115
0.015951449265780914 0.016814487065886903 0.02342073633124393 122 116 118
0.005127140414648512 0.02739383613078943 0.02367044441961062 114 108 111
0.0070062466424352775 0.04368452572209854 0.022261104163144686 110 103 106
-0.002395099628132445 0.0660607214611012 0.01297145122129081 112 106 108
-0.004306774753423406 0.07640595768523019 0.012818680205411898 113 106 108
-0.01571277627382149 0.0975085890024676 0.0036293489963378184 111 104 107
-0.017633117135959366 0.10933956937510864 -0.003980658164061046 106 97 102
0.03570455450258278 -0.1392340383828975 0.002135453208089745 127 121 125
0.03619950018841212 -0.11673466528907386 0.01353329950347261 118 111 115
0.03640607518875787 -0.07997044953429633 0.01612789845209659 130 124 128
0.03621925388567954 -0.06475497822727277 0.02095131812867807 130 124 127
0.03574451705506458 -0.05462610102033105 0.021401110816496538 128 121 124
0.03281705726661706 -0.03700901395633858 0.015053794613230139 123 117 121
0.03439236769365402 -0.025173691222539298 0.02202459207471819 122 116 119
0.03484483812721658 -0.005000415295053019 0.022216930705541985 128 121 124
0.02648381852244454 0.006770901065342107 0.02356121000538734 119 112 115
0.02626811838807099 0.01998632032857343 0.015401464966887426 113 104 109
0.01650765518279842 0.057341832816221815 0.013268907246358319 112 105 108
0.012321689379554383 0.06867408649806347 0.0066988159176648255 113 107 111
0.006702176700587911 0.07918876338938424 0.004754894441770093 107 101 103
0.005933421149189244 0.08788646905982143 0.004048843834987007 112 104 107
-0.0013069615987129197 0.10143738851019739 -0.00491112453423608 113 104 109
-0.0040915780330352015 0.12580110581501078 -0.005892553837635052 109 103 107
0.04761565565488237 -0.13667800420285767 0.002810010430779723 129 123 125
0.04977668133900011 -0.1146020908032825 0.0024224941494181747 118 109 112
0.056549149050744804 -0.09511081258747967 0.013018151093853202 126 118 121
0.04856909337768944 -0.06283535767756152 0.014390156281601113 117 109 111
0.04793911608649485 -0.04649628176485879 0.011855174851573757 126 120 122
0.045323893488648334 -0.032815908140804186 0.010900478771572023 123 114 117
0.04695599996018892 -0.001454758344104655 0.014524933179173477 113 105 108
0.036608435642977014 0.04621411086401956 0.01360182295589267 113 105 108
0.02722688188265407 0.0646983474689183 0.006424123208083252 112 103 106
0.018777539535493395 0.08207445452921029 -0.0029315442670071554 115 111 112
0.017234331659091044 0.09579357123892258 -0.004679928131011453 114 108 110
0.007084140228207714 0.12913130268178127 -0.014678154638967437 109 102 106
0.006764239304160308 0.14396695483788932 -0.014425566711957136 103 96 100
0.06454240027061499 -0.1475118273895727 -0.006630304783577994 125 115 121
0.06282755674091493 -0.12822670327207317 -0.004970766747580128 121 115 119
0.06121296311724544 -0.11199387141583778 -0.004073094708895605 128 119 122
0.06396191119571455 -0.09342702729263261 0.0023448928646458153 126 116 120
0.05947474277909193 -0.0434222350932524 0.00631707635418802 125 116 119
0.0581004555378662 -0.014139439621746129 0.01235166595758621 124 114 117
0.05565729318222323 0.004793172482122137 0.013429945242357463 127 118 120
0.05543941514381447 0.014765746066932555 0.013236507650957852 120 112 115
0.04805229706692472 0.0390360216533019 0.006055632782668265 123 114 117
0.03985962562237658 0.06558815868006193 0.004678828293651585 107 100 102
0.02695953855840847 0.11544527792741903 -0.005020829280093949 117 110 114
0.025677435155555605 0.1264961733990981 -0.008104835693352755 112 105 108
0.0768291056687339 -0.14262362845460688 -0.008690271673825342 123 116 120
0.07793097985917136 -0.12347580120129314 -0.006304196955560323 120 112 116
0.07446624810954879 -0.08845972435594845 -0.003999597285815884 125 114 118
0.07006057711633 -0.04150526667491403 0.0027818053307284533 126 116 122
0.06994352345432689 -0.00798972458797701 0.0036343791085407906 126 120 122
0.06672916146317534 0.018780310810412048 0.004633376490676737 118 111 114
0.06681737714167833 0.035534437383945655 0.005252379740517957 125 116 120
0.05195073886371638 0.06757079479148018 -0.003257491025884655 107 98 101
0.04956483986724069 0.08044378315813035 -0.003898345477212392 118 109 112
0.03802107871653551 0.11719106766988069 -0.007270793066799241 115 108 111
0.03608247651843988 0.12646106804674578 -0.007454228290911228 111 104 107
0.03451077272996808 0.13737124430317232 -0.013670014392858428 99 94 97
0.09085764723616 -0.13418335763012637 -0.013450475524570987 126 122 125
0.08638556569260422 -0.03495034111410204 0.003152296910793749 124 116 119
0.08483821060053845 -0.023107346697977874 0.0015092388893144714 128 120 124
0.07731009082370731 0.025018062289018695 0.0033667649556702946 127 119 121
0.07681644159513407 0.045121876137565145 0.00378768129578266 125 117 119
0.06882578466863966 0.06092655317733835 -0.0026451324706303105 122 113 116
0.06593230080528485 0.07329584343265821 -0.003996617452638676 130 121 124
0.055846912005726765 0.09692248604354911 -0.005561536037305968 113 105 108
0.05715606850921637 0.10576238214944694 -0.005405356735250135 114 106 108
0.05526258766590318 0.12385548645752775 -0.007827823656106837 109 103 106
0.04686205711780626 0.1477384061650406 -0.014735420582817745 111 104 108
0.10717768291166056 -0.13226597004994617 -0.016033084879478625 126 117 122
0.10580257824728304 -0.11396653610848305 -0.014144629863342324 125 115 118
0.10150498943447962 -0.09493565006531478 -0.01291324895798911 130 121 124
0.09805027467668043 -0.07712004654709383 -0.00880769447242204 124 118 120
0.09007885415256726 0.011559804148537401 -0.0051978082147593856 117 106 112
0.08538878314088084 0.05473209172336333 -0.0031635034747049783 117 107 112
0.08026184328831033 0.06674525124155163 -0.003964549598000961 123 115 118
0.06495651707539504 0.11259621082473852 -0.01333696517803534 119 112 114
0.06754788144589827 0.1279536031342968 -0.013273472013601392 113 107 109
0.06567224466585524 0.13656775293608195 -0.013687975750374028 117 113 116
0.11635597726589822 -0.14335925709910988 -0.015860593981620496 131 124 128
0.11508297629422265 -0.08867943462711537 -0.014985988311101577 135 126 131
0.1166879875660945 -0.07303002236963589 -0.008522221933737877 116 108 112
0.1068591736736038 -0.028918756675835478 -0.012660694853347282 123 114 119
0.1064254176610527 0.006843074780632614 -0.005627961619925997 131 121 122
0.09651893459274374 0.056199372918139825 -0.0043361373793771255 119 110 113
0.0873003050879343 0.08403771829767669 -0.005642847088944147 113 105 109
0.08662505077666974 0.10813956051168262 -0.01451961385149628 101 96 99
0.07710796792205238 0.12824073252049178 -0.01432185681901384 126 118 122
0.07626531191486015 0.1446960893329047 -0.014104367363215135 100 94 98
0.12925826138417368 -0.09634702060845657 -0.01552928308425322 129 120 124
0.12578025004199336 -0.0659841435761965 -0.013905818383107369 125 119 122
0.12481446221628376 -0.03322034289336888 -0.014119657942220823 118 112 115
0.12137744876016189 -0.021340253822841073 -0.012175529876209668 113 104 111
0.11630728896153564 0.005851762996594409 -0.012814672755547745 135 124 128
0.10963818111784433 0.04665583086184601 -0.012400359371898678 109 100 103
0.10292599186908463 0.08597612651816001 -0.0124187716605904 119 113 117
0.10047500905078868 0.09856241601540006 -0.012866955532960734 104 98 104
0.0971631622618063 0.11014523445718291 -0.014824137372075392 84 78 80
0.14732302955328247 -0.14210711616961802 -0.024716976536877686 110 100 106
0.1458575770517768 -0.09266157728532563 -0.016337628891905254 123 116 119
0.1385165515229335 -0.07540539634002917 -0.014979948684675372 123 115 118
0.13557999813160784 -0.045848659732596386 -0.014962004466397016 124 114 118
0.1349101512566108 -0.01308696702160567 -0.015451300037328062 116 110 112
0.1303472906152758 0.016058616010597306 -0.013999062707484779 126 119 123
0.12635161682352375 0.03362082705913155 -0.013977004984522465 116 106 110
0.12142539587455552 0.05052772294371057 -0.015979477926105733 116 105 111
0.11882839262183574 0.07901917704029109 -0.012363626587514345 127 118 121
0.10611631034509982 0.11676480704295719 -0.01435316262016242 99 93 98
0.10609585010740895 0.134027387709329 -0.015408968822822444 99 94 97
0.14709136733985156 -0.04520932901095503 -0.013561701128163552 124 116 119
0.14724622759586434 -0.013354633452991102 -0.015174872403756399 116 110 113
0.14416414842159875 0.01410996743099116 -0.013152729372756047 116 108 112
0.13843557788903224 0.03600021497026608 -0.013286284528686493 123 114 119
0.13595091362178868 0.04754638653004999 -0.0138595677211189 123 114 116
0.13694714784307824 0.05494648349438096 -0.014592620701442183 127 117 121
0.136598217457711 0.07394383111743211 -0.011788050746582856 130 122 126
0.1324923088620577 0.08519457688127702 -0.01190563454973606 128 119 122
0.12842640592348942 0.09594243656374789 -0.011516715086702423 119 113 117
0.12660565439096041 0.11733361601657133 -0.012928521942598126 95 89 93
0.11829158211561454 0.135420449743533 -0.014880495304872718 102 98 100
0.1157014061415215 0.144810391995416 -0.015138545642802845 103 98 101
0.1466364164506927 0.09512166143927459 -0.006154793393767151 121 114 118
0.14525407449411354 0.11643425221278621 -0.013741246652833886 103 95 99
0.14684002971719287 0.14526711671038686 -0.01396759978447622 109 102 106
-0.1343321066882921 -0.14434393542794535 -0.019528062795781342 110 108 110
-0.13302436740621656 -0.1250515972474327 -0.01970434669147696 108 106 108
-0.1237319508551796 -0.08418399817471109 -0.018686179296761245 106 101 105
-0.12356800883310183 -0.0736596774304756 -0.020206406880482353 105 100 104
-0.12389072371337972 -0.05326222471061077 -0.02121889534226986 100 97 101
-0.13441574068899895 -0.04411205419263055 -0.020470088660871896 105 100 105
-0.1338647463564409 -0.024823466588912508 -0.01984778375441009 108 103 107
-0.14366042878396826 0.09577082083104431 -0.009505885741552964 111 104 108
-0.08499590357804568 -0.13544759519540622 -0.010358088898428975 100 97 100
-0.09337255564333123 -0.11451586713130682 -0.010479665583504327 105 101 106
-0.09512907520251646 -0.05502621178608728 0.0009584068102165139 103 99 102
-0.1033811165378675 -0.03417296731438431 0.0006292371166786454 103 99 102
-0.1033082883985097 -0.023724016053278122 -0.008603926737920367 105 101 104
-0.11413938475851006 0.015725885478507583 -0.009003796750621523 104 99 101
-0.12371182939170337 0.025013822296293377 -0.01795116165403319 122 115 120
-0.12418473903104674 0.04462745475172034 -0.017106291671404632 124 116 122
-0.1346072268943406 0.10962789548756335 -0.015853425505203047 102 101 103
-0.14598713979537312 0.12527535990950608 -0.016350593287196104 112 108 112
-0.14451631791867453 0.13570090885995081 -0.01654001560484627 111 104 111
-0.04512707367820044 -0.13562305081729414 0.01068746039750558 100 97 101
-0.05386769879122234 -0.11455471398505873 0.011876017587946801 101 98 101
-0.05517654365253904 -0.10485452065433576 0.011157385313886495 100 96 99
-0.0547934603451513 -0.08459562348568057 0.01201956021749477 104 100 104
-0.05550840359593088 -0.07479572264607509 0.011635865520328987 102 97 101
-0.06341746063794837 -0.044466341963619156 0.010885517220828965 104 100 103
-0.0748231941347317 -0.034775284313809135 0.011938342933059657 105 101 103
-0.07369958025824039 -0.024125016082002484 0.00041316648449705486 103 99 102
-0.08347458772480747 -0.014114731932386972 0.0010557936635918648 103 99 102
-0.09315459024308428 -0.004194320162732315 -0.00923382859252187 102 98 102
-0.09319416291280307 0.02597959668707862 -0.010048693198437882 105 100 104
-0.11441261785174575 0.10496246133653285 -0.00829914656645629 107 100 106
-0.12160611610980296 0.1287773474280731 -0.016074160193891962 122 118 122
-0.12432080329759754 0.14547573578121228 -0.016041187629587852 101 96 100
-0.03424797208431608 -0.1449676861063022 0.011215035877113946 96 94 97
-0.034119152739021316 -0.12522341543780882 0.011979604666769138 99 96 100
-0.04479607191533692 -0.06439806103437354 0.021444469424165453 114 108 110
-0.044757972317144894 -0.0446020267206752 0.020706974756718698 104 98 101
-0.043846082569278966 -0.03366049615680481 0.013306838319201222 100 96 99
-0.05360179295077716 -0.01288676407193915 0.009906365531045024 105 102 104
-0.06485278516271059 -0.003359306346077048 0.0013423263577681394 100 96 99
-0.0648262447238236 0.025592390234711323 0.0007320298283695582 105 101 104
-0.07475085045902646 0.045609310488834084 0.00213245424833685 112 106 108
-0.07346486694764169 0.05543270838848121 0.00182546870702499 111 106 108
-0.07390429821179006 0.0659357141635775 0.0016772406305421254 108 103 106
-0.1052396942978715 0.13642266638352837 -0.018701503245840297 111 106 110
-0.11216600472348942 0.14674584579535113 -0.016556645588297513 101 98 100
-0.024174588443636985 -0.05467697699945163 0.022655635224746385 116 110 114
-0.03477672118755098 -0.01490617561346148 0.013603601135134358 103 99 102
-0.0536655578703128 0.0654957999390256 0.013022141705349106 108 103 105
-0.053638908197344196 0.07415339320336149 0.012341339819337674 105 100 103
-0.06384348415768169 0.0855950397391665 0.012202125353068522 108 103 105
-0.07275370931734783 0.10644016194361808 -0.0048403887570383775 112 108 112
-0.08310696457235492 0.12468270999641608 -0.008111444243318416 113 108 112
-0.08403201913068356 0.1361136043287163 -0.009031422333484128 103 99 103
-0.003614883008808034 -0.1054225463318016 0.01374716868362127 122 114 119
-0.0031345704542171796 -0.09444020801395253 0.014176376206473738 129 122 126
-0.013904159570258166 0.016453437581279453 0.02111249942830138 104 100 103
-0.015047141974692403 0.025391039095429845 0.021685839652453624 111 106 108
-0.0634012066040749 0.12665796952345526 -0.006382940179071999 102 98 101
-0.07258918360576501 0.14795418673987196 -0.015999551939832223 97 90 95
0.01664924989508393 -0.0933869929988695 0.015020222347865472 132 126 131
0.015737928079003573 -0.07498254719675586 0.022611514814268645 115 108 112
0.01577278795443716 -0.06472112307230135 0.0231689685850444 130 124 127
-0.015140065305437947 0.04476397879682017 0.022257568265995148 108 103 106
-0.029003874349572255 0.08999422519468402 0.004120724944042831 104 98 102
-0.033439900903638485 0.11636530808770164 0.001518251927653396 113 107 111
-0.05356456655809363 0.13629893913756874 -0.006641693162748081 101 96 100
0.03835742356899184 -0.14533063762364307 0.0032692917442390303 107 101 105
0.03622335629605536 -0.08416675575868598 0.023084583536613728 116 109 113
0.028068745188338386 -0.055308479818207724 0.020962033986338963 130 124 127
0.025479455881211588 -0.02396624096705818 0.023374512489024186 124 117 120
0.01595957903446764 0.024885395025693306 0.02325044328940263 119 113 115
-0.02485510587914236 0.11764374995365794 -0.0035152973722945846 120 114 118
-0.030837510328890844 0.12573462894547915 -0.004483664699036067 113 106 111
-0.03464443818076158 0.13627928258731165 -0.005948498986434212 106 100 104
-0.042553315520977714 0.14908738944275876 -0.014478712548074472 99 94 96
0.048907249028388444 -0.09714551945589686 0.014585889115603805 132 121 124
0.04650633604124845 -0.04527424000450855 0.02241783941522274 124 118 120
0.036318663565356867 -0.032663885492686874 0.022862593353212973 126 120 123
0.03721174321730634 -0.016020778438278913 0.02274214765821185 126 119 122
0.03579954906754192 0.005885860392112088 0.023353130111641186 125 117 121
0.023467979327452437 0.04651387904950751 0.015186664902444781 113 106 108
-0.025092554574851197 0.14542512222074194 -0.006816390104334753 111 105 109
0.06744216772537476 -0.12453957683071451 0.0033845678606919767 126 116 120
0.059299178319409306 -0.09122714538530188 0.005641805834060725 110 101 106
0.0567421208702372 -0.07522370003719583 0.014190048288873776 126 116 119
0.05740018978338303 -0.06378832767544246 0.012604947267398593 118 111 114
0.0580899895892654 -0.04255021278722656 0.013647615283231506 116 109 112
0.026931429448915974 0.06443190325325061 0.011985607214550768 115 107 110
0.016318530902785344 0.09539825043190701 0.002627832591589106 114 108 110
-0.0028093121828801893 0.1360718314094709 -0.006730951310874056 109 103 106
0.07613157163088725 -0.1047106573161077 0.0032657408865347727 128 120 123
0.06633594637774155 -0.033282305596061365 0.011863270765464654 122 112 114
0.06754801974508481 -0.026334689347466838 0.010655136327935862 123 115 118
0.055608067465659265 0.035321759676973825 0.012013212678517671 121 112 116
0.02953042090038738 0.08690849707326452 -0.002915984758501921 112 106 108
0.014754126266422887 0.11890131914304497 -0.012832927797705656 113 109 110
0.07701108712549776 -0.06401056545291985 0.003668998266799651 123 116 118
0.07792074751556737 -0.04662605186275636 0.004242902984923784 126 117 120
0.06734545909985447 0.025423341849969357 0.0036454427827271978 121 112 113
0.0556654054247495 0.07580487233861453 0.003354432637215818 115 107 110
0.04583697062715381 0.08477829020523178 0.002817695230634854 111 103 106
0.10553576222710569 -0.1266649730831988 -0.015084847181512442 122 114 118
0.09735581438320615 -0.1058829409952013 -0.005635782990398307 127 118 122
0.09639340566857786 -0.042616107882927294 0.0010568249391276503 120 112 116
0.08710784819017729 -0.014028445648192197 0.003982788818489598 121 113 116
0.08680740978791893 -0.002684570701865664 0.0034323571560725082 116 109 112
0.06751401466268522 0.053576415725393886 0.004617160284899823 120 112 114
0.0668152069315367 0.06644895573299296 0.003160028210566991 117 108 112
0.05965316636551705 0.08512739995613226 -0.003686304085814142 117 108 111
0.045152743372745434 0.11878538263827852 -0.013346207878766753 116 110 112
0.04053860585134246 0.12755815291309563 -0.014700412545303836 99 90 94
0.1167324071995853 -0.13443755625399084 -0.01752208074792626 126 118 122
0.10764096235251061 -0.08491926783122387 -0.006109845971897057 119 112 115
0.107944147884996 -0.07554362539469832 -0.006409427559127698 121 114 117
0.10800575927919509 -0.054972990726143645 -0.005700152655777538 119 111 114
0.10020193511684683 -0.025359974989736002 -0.006049019210988861 130 121 126
0.09644321171146547 0.017897350380080647 -0.002808762947660892 126 116 120
0.06430830730843622 0.0998145032219977 -0.01407234456295671 114 108 110
0.054900544202892865 0.1378731714742046 -0.014007135396447882 89 82 87
0.12008029076727444 -0.0651330118303412 -0.013965714985771722 111 102 105
0.11819854416922956 -0.04429732380847354 -0.005505183453364225 115 108 111
0.11563044017601537 -0.034411028780940885 -0.007067615376564114 129 120 123
0.10602185476604946 -0.023935141985683896 -0.006535186673277538 122 114 118
0.10705132592603864 -0.00758594656750691 -0.005405504105797453 129 122 125
0.0889673128072025 0.07173090721491207 -0.0056898536452013645 116 108 112
0.08450928806050917 0.09472228518631583 -0.006681276548197643 111 103 107
0.14050559957386966 -0.1065397040090068 -0.02245573557173476 111 102 107
0.11677429336705421 0.01687395386313089 -0.0051043364857525555 124 116 120
0.11663605484078209 0.025214702397791625 -0.005451500554057253 122 113 116
0.11670017981191896 0.034638557902756 -0.005598884546232398 120 110 114
0.10619307892609581 0.06438199582397686 -0.006846968706857706 115 107 109
0.10593361328270165 0.07555038835055032 -0.006283605820851929 121 113 117
0.09852482308024292 0.08923839624999612 -0.01170388598802789 129 120 125
0.0956800617358424 0.10495728289909703 -0.007207218518607948 97 93 95
0.14699767529700436 -0.06442771134156766 -0.015152248102739293 123 115 118
0.11639374324663077 0.08503972184770771 -0.006680665586981188 130 122 126
0.11758268191028748 0.09666286166437328 -0.006583618225043228 116 109 113
0.13405471389689583 0.0661829153740913 -0.01259983310502236 122 114 120
0.12750589348692645 0.08580927991128853 -0.006562289126801691 132 125 128
0.11649152191444194 0.12603178112259492 -0.014291454858103944 107 103 106
0.14771510987764805 0.057780706632974736 -0.013345611196071444 137 130 134
0.14544157983083508 0.08709289958294322 -0.005803099157388209 124 116 120
0.13638728647008283 0.09604808785663406 -0.006390962239024517 124 118 121
0.13700911735366073 0.10814377589019812 -0.011861333687042837 113 107 111
-0.14395079701599328 -0.12319408763522197 -0.01933762982326726 110 108 110
-0.133840577348754 -0.09468984507253046 -0.019166515787874084 105 102 106
-0.103524559648887 -0.12504881628729747 -0.010461908901399017 105 102 105
-0.10332869780323892 -0.10328586348282046 -0.010708518865935192 104 100 104
-0.10451467622943904 -0.0747304621867149 -0.010432719753137101 111 107 110
-0.1133481502575404 -0.04576239412926289 -0.008253698759875598 99 96 98
-0.12425774440362725 -0.024307665111508073 -0.020825153382417198 104 99 104
-0.1340416249791469 -0.01328563306415624 -0.020865444848196222 112 106 111
-0.13339922672044446 0.005473694412922845 -0.019281872494955974 120 113 116
-0.13367966222640829 0.01619778314417436 -0.01861342605074088 130 122 125
-0.14345717668777155 0.03580342995672763 -0.018313253744520034 128 120 124
-0.06301244418458883 -0.1454669228441342 -8.269142463661078e-05 102 99 102
-0.06335675533279453 -0.1345556852808022 -0.0006264904919086418 103 100 104
-0.08460643575747982 -0.044057232369749864 0.00039622262924144096 107 103 106
-0.09386943617285828 -0.03443526482944216 0.0011822062762832748 103 99 101
-0.10477561575846361 -0.004323841008414464 -0.008768654364910183 106 101 104
-0.10351197100380122 0.005221295419010673 -0.008433488336611988 106 101 104
-0.07395000270791807 -0.014238102199256633 -0.0002749777006544043 102 99 102
-0.08496473738948057 0.015732614922394427 0.0007243464925827869 111 105 108
-0.09404480540683742 0.05570726225035929 -0.009176237257686924 106 101 104
-0.10459252046267742 0.06528351534258145 -0.00890923607420493 114 107 112
-0.1038320853765513 0.09368151564479865 -0.007961282354395442 131 126 131
-0.023385830416913302 -0.14554958520719846 0.012834666062961107 98 95 99
-0.03440255482093961 -0.06453143699912554 0.021672012861746554 119 114 116
-0.043639638828244495 -0.024473106250042186 0.020880766840055662 105 100 103
-0.054059197499676644 -0.003924832134493008 0.008680813406117338 104 100 103
-0.053729064758588505 0.005234696204089411 0.01105826020791048 110 104 107
-0.07457484007719448 0.075343012219444 0.0013095839592055895 107 101 105
-0.10351247113868839 0.12315972191247945 -0.015084633232784441 105 101 104
-0.003706780923749198 -0.13637775520394252 0.012100959416542522 122 116 120
-0.004656418508885074 -0.12314762448028577 0.013636784397024156 132 126 129
-0.003516879086616427 -0.0840589913781143 0.021869971249248686 122 116 119
-0.0233526849869168 -0.023647400402396674 0.020699807007030835 106 103 105
-0.03407936825714981 -0.0038691460265512603 0.01284899074695448 106 101 104
-0.034772793950235976 0.005798123602507808 0.011696871130988707 110 105 108
0.015843554637708243 -0.14470460445454514 0.012129475152517059 118 111 114
0.015856641218212397 -0.12431199397730354 0.013680465253554371 120 114 118
0.006130038814986772 -0.07513165862624356 0.022992961045975376 118 111 114
-0.005862909579703913 -0.03299730566836604 0.023685817168484037 104 100 103
-0.005426776498139328 -0.0055400679980920605 0.02204412925412331 113 108 111
-0.013488667155078406 0.035173048364672034 0.02180622743313313 102 97 101
-0.055886363234482435 0.09706482622171611 0.00370662685609218 103 98 101
-0.06461971557706384 0.11604499026791178 -0.005028534680630891 98 95 98
-0.07383056547848543 0.13529202294371384 -0.009096708741568042 100 95 99
0.026661327926289807 -0.13469125821719818 0.012040953434215745 119 113 116
0.025466296332113565 -0.11514668057938149 0.01408049879484135 111 106 109
0.024047707518547415 -0.06379021354284088 0.02171283241593338 131 125 127
-0.0047678740891618394 0.05460466802667723 0.022578467075400212 108 101 104
-0.04351229191600567 0.11533227768315561 0.002955590829318578 105 101 104
0.04685211462785136 -0.10486300206249503 0.014492256181234824 128 120 124
0.035893981291008716 -0.07354009696319823 0.021648387719239746 129 122 125
0.017001567916211796 0.03594078536116444 0.022582280101510227 112 105 107
-0.022881652436596848 0.1254157333099481 0.001875919988592263 111 105 109
0.0591217942693697 -0.11821040439684095 0.0051626668551400185 128 120 122
0.0585905787242477 -0.08652606019556516 0.014518443318267035 126 116 119
0.04561206887583479 -0.023518502554025506 0.022271719741086004 120 113 116
0.0368623609766223 0.015559710251528568 0.022070957396919038 121 113 116
0.025933737227823002 0.02705025127638458 0.022043391973763895 114 107 110
0.007279408236285232 0.07422676769947939 0.012981691849099732 114 107 110
-0.01306943280385476 0.1152416469129565 0.001311527972396114 108 102 105
-0.023936237531372476 0.14557186621834559 -0.014153696160057835 102 98 100
0.06839499099641128 -0.11633443109883623 0.0037357112628609995 120 110 114
0.046468635365976965 0.02360088167504554 0.013939774446348032 115 106 110
0.028201876004687636 0.05566993455924342 0.013132463351151109 113 105 108
-0.013433108617667194 0.145308678977112 -0.007088485150580619 106 100 103
0.0866658650983801 -0.144666179847321 -0.006549252468957085 121 112 117
0.0657736452221491 -0.015916918299568074 0.012969288715361054 127 119 121
0.06543978254726 0.004788944111865347 0.012239757658328295 126 118 120
0.05700785090730783 0.025510944574271274 0.013531838066665969 118 110 113
0.034829699010052666 0.08488424238570882 0.0031478053427027525 109 102 104
0.0256401640378559 0.10509590169710863 -0.004287671410851637 116 109 112
0.017619482793964157 0.11627956770767461 -0.00530527661156532 113 106 109
0.006572395509681042 0.13531244340949547 -0.014334138730625386 113 107 111
0.09663132142373185 -0.1338032417590079 -0.0077947091817593215 118 112 117
0.08557294286668939 -0.06479188340580332 0.0034043626207996202 120 111 114
0.08645733617454913 -0.05388513499389103 0.003456687758351491 126 118 121
0.04814744255336785 0.07441323496252975 0.0038495142588831853 115 107 110
0.044842467922637255 0.08815319265151804 -0.003986113500875736 115 106 109
0.02621886387443789 0.13421449479038894 -0.0067512840193255826 113 105 109
0.10675249374032275 -0.10557201678352082 -0.008178738953662872 122 115 119
0.1045660069865083 -0.0914763427284767 -0.0048052216769248444 122 116 119
0.08518231645247176 0.007382870441679024 0.004602914304669052 118 110 113
0.1253597963532914 -0.12317849581119278 -0.015018290066208011 122 115 120
0.1163526962555127 -0.08476697680357499 -0.007769483399737872 123 116 119
0.10534998557645166 -0.010922596724981408 -0.0029885056289279486 124 116 120
0.09619553789016183 0.01434731153895981 0.0022180479290265552 122 114 116
0.1465419420340695 -0.14409196994362128 -0.019331722837860357 115 108 112
0.13815003994650463 -0.12516653595148428 -0.01646185024779458 118 112 116
0.13745458695044463 -0.11319428762966047 -0.016552318561681042 128 121 125
0.124065759322278 -0.044486497791234515 -0.00722221575517374 122 113 116
0.1169379203492361 -0.01683604921891253 -0.004670360519674311 124 116 119
0.11731093822476944 -0.004050669459862269 -0.005806455582984614 122 114 117
0.07634076327707859 0.10456241765790936 -0.006869247892981538 118 111 114
0.14778483827981875 -0.10618545270577039 -0.023044333114620032 120 109 114
0.1467162848853722 -0.08629713533705756 -0.01573735954066852 131 124 127
0.12563040056744318 -0.012637243967541931 -0.0071778125344653925 115 107 111
0.126696917783967 0.007687213961362464 -0.006506413797986114 129 122 124
0.10691653553507215 0.056296115115507535 -0.005705128262492785 122 113 117
0.09582368473555228 0.08717721325778213 -0.005594518851165962 111 104 107
0.09687209072770125 0.0970950403109358 -0.005975272932023162 96 90 94
0.1171799697015392 0.0749043070800696 -0.007011438281187566 122 115 119
0.10765012419000977 0.10591084127684545 -0.0068940533669815 92 87 90
0.12754976274876942 0.07548777345669626 -0.00589295452533415 114 107 111
0.13693203655942252 0.10558385641518106 -0.007060682974931599 107 101 105
0.14714027667106785 0.10460228419252661 -0.006843611615092787 108 102 106
-0.14436204117965198 -0.09426593735874936 -0.020573821984303027 93 90 94
-0.1120945033449367 -0.14469594527821647 -0.017966616064757385 110 105 110
-0.11400823326968465 -0.12421125840314624 -0.017972436090919985 119 114 118
-0.12334768137057499 -0.11426268960751366 -0.01881749627926522 111 108 110
-0.12391996145985071 -0.09359214369448997 -0.018561687251724485 104 100 105
-0.14280812534120485 -0.07362525402526526 -0.02764730858289814 88 84 88
-0.1438559529980287 -0.06481775356472869 -0.027798820992621463 102 96 102
-0.15172826424208344 -0.03430299407956491 -0.028769211801504605 118 111 117
-0.07438239504620733 -0.14438049611912146 -0.008937134525861111 101 99 103
-0.08362173529082 -0.1247361285515623 -0.010485882724415366 102 98 103
-0.09500960387971777 -0.09387948101198437 -0.010239369665986004 106 101 106
-0.10416615239367533 -0.06420720778599484 -0.00987840320973861 102 97 100
-0.1332964915340348 -0.003410551700684623 -0.020306857716280467 119 111 116
-0.06377821436953128 -0.09461258519943769 0.011361682347518222 101 98 101
-0.06529197569006819 -0.07544623905952014 0.011232602121017803 96 93 96
-0.06373444221670392 -0.06435460893035826 0.010939775502200592 101 97 100
-0.07436171576446678 -0.054258165033019924 0.00018289843538374893 107 103 107
-0.09345871202134735 -0.0335534063293379 -0.009347826952855055 101 98 102
-0.09352616392428179 -0.02377467200699927 -0.010066409300163694 98 96 100
-0.10414273643103895 -0.014331010682037883 -0.008961249513081592 104 100 103
-0.024795141010867675 -0.12427500564260292 0.013993553774090447 117 110 112
-0.07357846672731244 -0.005224470329930164 6.96019004466893e-05 103 99 102
-0.08433872298258402 0.015030227179253544 -0.008372805476289862 105 100 104
-0.11402895518468621 0.07565300140551748 -0.00851148090371037 119 112 117
-0.11388930709354474 0.08642190523302959 -0.007365618249240431 123 116 121
-0.03502895007936026 -0.02305655432497535 0.01409967968122682 100 97 100
-0.054758704786203226 0.007759241096695508 0.002086076415703863 104 99 103
-0.09389112407663383 0.0859012567281903 -0.0070949153346407355 112 106 112
-0.09394444440175065 0.09492754757215482 -0.006671262597434464 123 117 123
-0.0028768357982445667 -0.06585013869788092 0.022738429242665115 119 113 116
-0.013262698165111256 -0.03468795906178525 0.02243423800804235 104 100 103
-0.03469390945048439 0.024278184285568664 0.011700663960561096 106 102 105
-0.07344069056504315 0.1059015356834093 0.0003633291461212773 96 91 95
0.016569795785859567 -0.08523663379546291 0.022033820298826473 120 115 119
0.007316029260773401 -0.05503487507968256 0.02177616888515393 132 127 129
0.0062148993176211476 -0.025337497485341455 0.023073748584619126 128 122 125
-0.02559172610268786 0.06480704229377303 0.021617992877803936 111 105 108
-0.043425196644301556 0.0895517307664654 0.0055721081630982355 102 99 101
0.015809903379012516 -0.0036318910201639733 0.024001428408573784 125 118 121
-0.014780736176072413 0.07504249850541693 0.022002842117899303 110 103 106
0.045950511776171814 -0.06442818277394215 0.021498772519345476 124 118 120
0.025746935524571787 0.015456235697385717 0.023747116801227718 125 118 120
0.01584097048256462 0.02949756614633155 0.016452236118159783 105 99 101
-0.013885400599213647 0.08528562196301738 0.011305604061518253 109 103 106
0.05052542489118627 -0.02533076560298221 0.01578455802417613 132 126 130
0.04444880434574782 -0.013391176515255628 0.02197025368626937 126 119 121
-0.012377655080831709 0.10769695564404623 0.0019403652347623522 106 100 104
-0.016365638029603433 0.12034297875644856 -0.0032661383086025463 119 113 115
0.06694351139062842 -0.043711168209517856 0.011394239521402777 119 113 116
0.05823005893394447 -0.002590731638174064 0.013909786052566321 138 128 132
0.04571450286680475 0.034436906972365434 0.014233647569827042 119 110 113
0.09722755623422961 -0.12597381681750278 -0.007605890939766874 123 117 121
0.08683726806046466 -0.07568865769754718 0.0034441661247515214 124 117 120
0.06713318029285581 0.016113232407690872 0.012485019104575577 121 113 116
0.025972114927285378 0.09425498438905267 0.002674018293126371 114 106 110
0.00482192811636178 0.1335948771300316 -0.007792326946802533 110 105 108
-0.0005185348729516853 0.14122751664345368 -0.013350201491848495 104 95 100
0.09699862497283838 -0.0847297810621181 -0.005797196031153603 111 104 108
0.016378812984424614 0.13727411334320128 -0.013642235362512498 107 101 105
0.1273302514328831 -0.1437406556194907 -0.016398722867764223 126 120 122
0.11697865992304617 -0.0916053283153722 -0.013298344822685913 117 106 110
0.10580005194556187 -0.06343366737178659 -0.005362931215728563 122 115 118
0.09677530734565155 -0.014211871337221628 0.0012434094129269938 122 115 117
0.09494895189370388 -0.0037266793067324256 0.0020118556182591807 123 116 118
0.08782097479496445 0.015697951608284546 0.0037614455769400803 124 117 119
0.08610941588561119 0.02412556417942112 0.004429924074520788 120 112 115
0.07585999675843257 0.06333769500858742 0.0029432443767863246 118 109 111
0.06719791143127403 0.0850458129323202 0.0016393245835587796 117 108 112
0.1156653012283305 -0.024672124392589426 -0.005125373467117028 119 112 115
0.057187324196169315 0.11685055021807697 -0.007715563203333465 118 110 113
0.12685824191618664 -0.033412677663224616 -0.006696791222795697 120 113 115
0.11696022439916978 0.0052559473499173524 -0.004991793533839495 131 123 127
0.1075115176370114 0.03713138605737603 -0.003084457770961788 119 111 114
0.10608762768343166 0.047972556142497486 -0.004186774333065293 122 113 115
0.13079113181929608 0.004464105635387371 -0.011768723822817403 123 115 114
0.12650591139588646 0.016074029270614024 -0.006546397415655773 121 114 116
0.12501693848302656 0.03592323184198217 -0.0067426130296694455 114 107 111
0.11687549003685405 0.04582523142026495 -0.005352138464374996 114 107 110
0.1166861710395124 0.054965195979149964 -0.006014093261617781 117 108 111
0.13645205799520665 0.025827775676173368 -0.012325012740523233 124 117 120
0.12576303670832775 0.06396409200986673 -0.007917641323017054 122 114 118
0.1311845563935313 0.08232490259727065 -0.011310625232745439 124 115 120
0.09589645359349129 0.14446869063555925 -0.014348370369010901 113 108 111
-0.0928426527822497 -0.14527876035087683 -0.010934290939054788 100 98 102
-0.12289923164548774 -0.08492568540582594 -0.010190080221907583 102 99 102
-0.13373033515162597 -0.06389611491806585 -0.02025551614094025 103 100 103
-0.06467730733485012 -0.1241051846910291 -0.0003928943135394084 106 103 107
-0.10343074750156007 -0.05411120130507357 -0.010323637900136573 103 98 102
-0.034581002092809926 -0.13464135108660813 0.011493731342092861 96 93 98
-0.05446811903629883 -0.09418887904073309 0.011415125355615062 104 99 102
-0.06427873916745905 -0.053571891316138875 0.010948339985722508 101 97 101
-0.012390103790832514 -0.1357233296269383 0.01397990901900731 118 114 117
-0.05376924774137604 -0.03458794802640805 0.02223053319743418 104 99 102
-0.06423425127481222 -0.013694858054410551 0.010590366096070381 104 99 102
-0.10337688529013493 0.03641625998236189 -0.009324403367442224 110 104 108
-0.10332526001227785 0.0452539444001619 -0.009121971799948338 109 104 108
-0.12302697549057613 0.1268162104405815 -0.009407643316535527 113 106 112
0.016301024821619003 -0.1056389867897278 0.01427160239532074 121 115 118
-0.013791441205623017 -0.005439865547068117 0.0206082741847066 107 102 105
-0.03538891922748177 0.07526543059613726 0.02244500125806136 111 105 107
-0.053931174116024785 0.0950466107340112 0.010880834377781716 105 99 102
0.0067764122271877884 0.05568040160739349 0.021196903349873016 116 110 112
-0.05412384437503033 0.14613357594230145 -0.009230572552002957 98 93 97
0.07653866069706955 -0.13646099754035532 -0.005195126980790365 124 117 120
0.06707927007088256 -0.05521869169914806 0.013058158305138269 118 110 113
0.04773014118390972 -0.006569182268058598 0.022709321227587356 127 121 123
-0.004209546583686503 0.11710210400484163 0.002309762517085398 114 108 112
0.10689954433161102 -0.11447812448287134 -0.006871733048012989 115 108 111
0.07619132950198226 -0.009877915300548473 0.004848692290079296 120 110 114
0.04552922646630491 0.05383457794853145 0.010773560900543138 116 107 110
-0.003952495964690755 0.14559161120435726 -0.0071931606876307706 107 101 104
0.11588905224973538 -0.10482013942186011 -0.008468069870933185 122 113 117
0.11781538713772312 -0.09560687191242316 -0.007711399955873459 126 118 122
0.09719116226963173 -0.02473599554658419 0.0020645260977019617 118 111 114
0.03712555572521502 0.09530688712910251 0.001310637483932754 115 108 111
0.13741163538114884 -0.1340135274804348 -0.018391190904057747 119 112 115
0.12643572744193257 -0.08314908105079159 -0.008186015326594017 122 114 117
0.11668401295019705 -0.06469252337515541 -0.0076421134682376265 122 114 118
0.09660555805570716 0.005702871527557006 0.001901763563264272 129 121 124
0.08616071499400889 0.03523591812488228 0.004757638326887055 121 112 115
0.05732761635754909 0.0852754863937634 0.0010423561343247106 117 109 112
0.14806487558505016 -0.104002602690296 -0.016364107044017424 127 120 123
0.1266418098917083 -0.026043657514110134 -0.006518799579765977 120 113 116
0.08664150780453626 0.06501440940441292 0.0006207798374350563 121 113 115
0.04666657784100334 0.1261555086748214 -0.00793722405741695 110 102 105
0.12627718951726546 -0.005187770555259461 -0.005537860807982697 118 110 114
0.07656072985326326 0.11575070805057026 -0.008238250863344142 113 106 109
0.06685504115539659 0.12659693489450147 -0.009505280337047936 112 107 110
0.12582650083991756 0.027112029541382705 -0.006828206521191392 124 115 119
0.11615367319938681 0.06624036957217111 -0.00575956751271307 118 111 113
0.106271741787554 0.08629890985834976 -0.00537136236164212 132 124 127
0.08663731086414521 0.10651519777808278 -0.008122238871503528 108 103 106
0.12787242625820758 0.056752875384805494 -0.006900880231372196 119 112 114
0.13798348919242404 0.06694732657812999 -0.006488969326256991 120 113 116
0.13573206925752082 0.11572356514461823 -0.008811927756291704 93 87 91
-0.14372076116306765 -0.0748924259208251 -0.020727232115151723 95 92 95
-0.06443499937772741 -0.14404140588602252 0.011526417365809845 91 88 92
-0.08442817694393714 -0.10481604194463748 0.000869305245947213 103 100 103
-0.1338320339159991 -0.03575705538639904 -0.020610118924039 102 98 101
-0.0740984539132476 -0.054575548241452075 0.011697654697411554 100 96 99
-0.10429466387698402 0.025298350908967593 -0.008580207090767615 107 103 105
-0.003115866684344677 -0.11451905023937405 0.014086941337225566 131 126 130
-0.04495529552894563 -0.02518984871579442 0.011608607923051444 103 99 102
-0.07442212078241195 0.0054502788888092036 0.0012563640177278967 104 100 102
-0.07350379544044092 0.015484124412005088 0.0008304431856341471 108 103 106
-0.0331830975970943 -0.014762667416058068 0.020186443428697944 108 104 106
-0.035364620037220774 0.055860790090657766 0.02306202481397539 109 104 106
-0.06475755753741015 0.09476429858583242 0.012655907586741615 107 101 105
-0.07379328403549298 0.0961904401365423 0.0010006394082184922 103 99 102
-0.014965734216174992 0.05633861499178401 0.022559142237626572 106 100 103
-0.044254185156072344 0.09541874020819083 0.010742471226753432 105 100 103
-0.004445566295034523 0.06609933111378292 0.0207146596712132 112 105 108
-0.023655226255344542 0.09550514872741993 0.012677561222981597 109 103 106
0.026893580296305973 0.03466657424077898 0.02182778303392885 111 104 107
0.016959993641634353 0.045400174032553 0.020461041602940558 108 101 103
-0.013657141856279175 0.09524408393343557 0.011786643107032674 110 104 107
-0.04347161453635105 0.1265693497537761 0.0014315828144800813 101 95 100
0.036512460499655244 0.036610324821554525 0.019037542817672483 114 106 109
0.014953705194529123 0.07475802940314473 0.01160738577553356 112 104 107
0.005847047762945458 0.08539299434293324 0.011640600249380434 114 106 110
-0.033077964666123914 0.14650904301319556 -0.0073430463289597785 107 102 105
0.10675789051450577 -0.12471839627934342 -0.007896823909706764 123 115 118
0.09498329277516049 -0.07355230352959939 0.0024677253431827297 123 114 117
0.02640735958370402 0.0759437133692743 0.01012300944508186 110 102 106
0.007155033706421081 0.10480805446833069 0.0031607674559110664 112 106 109
0.005845188645730607 0.11622250944608459 0.002120281016984208 112 105 109
0.13473802029132967 -0.14517186540291036 -0.017966837823283337 133 126 129
0.1165494897631229 -0.11656906097830767 -0.0072116839519549 125 116 120
0.0932310918633281 -0.03648812024772362 0.0032173356830250506 124 116 119
0.06622409379294306 0.03525451907617368 0.011914553871767965 119 111 114
0.14607142533303405 -0.1336329245645474 -0.0183975763937844 122 115 119
0.12643408093352956 -0.06569247371239649 -0.007891496563646532 127 119 121
0.046776596048920656 0.09423599321842677 0.0014291341183295002 116 108 110
0.017008240855227758 0.14645628879256997 -0.006980652307258993 105 98 102
0.0976608534933645 0.02625327795935479 0.002403495236202576 124 116 118
0.07746178390471627 0.07565263443270714 0.0013274542318071477 118 110 113
0.06622375905189534 0.09533222747457484 -0.00013160633905413312 117 110 112
0.03756885842090977 0.135013203423831 -0.007365584171153211 113 105 109
0.02848727420950546 0.14620390709507786 -0.008652646706183226 111 105 108
0.1343507530754237 -0.015173818144960242 -0.007498042055827313 117 108 112
0.06630709361029628 0.11493035358602104 -0.00622585498609458 117 109 113
0.05563283712741846 0.13547820463256757 -0.00827411938992807 101 93 98
0.04521447900399104 0.1454769607052546 -0.007831133741021129 104 98 102
0.1443372563193704 -0.014560544685713925 -0.0085375183194669 116 110 113
0.1355094519872531 0.004432638153067461 -0.007967841488688317 122 115 118
0.1357650409134792 0.024607091812376688 -0.007478439246557269 117 110 113
0.09733821590522841 0.11487266716795795 -0.008841720976556583 89 82 86
0.08812487353339453 0.12643126716349024 -0.009385334576599683 115 109 113
0.13664709188473204 0.07509565241258839 -0.0063956199281511965 120 112 116
0.11620621372899216 0.1036354757204586 -0.007137661620295419 95 89 94
0.10617710665245714 0.11359281172160816 -0.010206043624127196 88 82 85
0.1457124956363551 0.11455952499433313 -0.007321560019829676 86 82 86
-0.09446932891754281 -0.1348931009100299 -0.010118919648144441 102 98 101
-0.052903651259332246 -0.1450955501469029 0.01065691244429814 89 87 90
-0.05469288095072651 -0.12455948689840662 0.011159320645331993 98 94 98
-0.12402489697586419 -0.043821576943701875 -0.020086177093106505 100 96 100
-0.10425753476579085 0.016307156683424095 -0.009525712758031397 105 100 103
-0.023170393589882095 -0.004278027830921049 0.020638986981989446 108 103 105
-0.053821050258400185 0.025585886677966636 0.0023740276670145537 108 103 107
-0.10369689597327096 0.11655221756395541 -0.009313628829585911 111 106 110
0.0460401584990062 -0.05563807529145852 0.020614770019610762 124 117 120
-0.06420878470021656 0.1255861151154638 0.0005094460747571104 95 90 94
0.03561874309438026 0.02561655352587081 0.022490911904101775 114 106 109
0.06741331160101234 -0.005495308378603355 0.013038007426419538 126 117 121
0.05551114016424253 0.04463500403100275 0.011858671891081977 123 114 117
0.1362641157909051 -0.10651884172493495 -0.014325147411151224 114 108 111
0.12724411861003543 -0.09503158249133473 -0.008155969234460766 121 113 117
0.13398045552887394 -0.06363785733048867 -0.0055693389402504696 119 111 115
0.006781927174297807 0.1460729583208385 -0.007300935053842548 106 98 103
0.08557068832355778 0.1157021076055027 -0.008199727419328853 103 96 99
0.13713442385078942 0.0467947297499538 -0.008291950855550657 124 117 120
0.12651507413913754 0.1072860541703548 -0.008015512340904089 98 93 97
-0.04420830650002054 -0.03302931619571722 0.019739078566319547 103 100 103
-0.02359622264368688 0.004203177418847388 0.014420136583927932 105 101 104
-0.034291654414082134 0.015468338334409555 0.012318431931440957 103 100 103
-0.023915386136674932 0.07516052929212072 0.02147202563543462 110 104 107
-0.06389072846744069 0.11627314001477818 0.000999667896476878 95 90 95
0.026108053122860908 0.0465194829458854 0.019166780971285564 114 107 110
-0.003344505587373811 0.08583664746396126 0.011550795918608837 109 102 104
0.14695061433263382 -0.12278863653516625 -0.018047188027441142 116 110 114
0.12563776921345174 -0.07257471456786181 -0.009098924192980414 122 113 116
0.015992425756896033 0.10524213377801318 0.002128326663230191 115 108 111
0.14614808100889776 -0.07513522173659205 -0.014050129129724975 120 114 116
0.13439664166204734 -0.05165608592810226 -0.008561139542457647 118 111 113
0.10654618186578257 0.004713726543581664 0.0016261791369701914 125 118 121
0.08610706600463147 0.04478676975248774 0.0021344061463120156 123 113 117
0.13688308850701356 -0.0028893557568211506 -0.00810634533275937 121 115 118
0.11576186957470218 0.11615712670586391 -0.008649034117149693 87 82 86
0.10531497097088215 0.12517694964631995 -0.00825587066295977 90 84 88
-0.10453208397633816 -0.04508814325574624 -0.009712581639206859 102 98 101
-0.05540259582915909 -0.04542405626273002 0.00992290322349927 104 101 104
-0.055081702395336614 0.04601188370013643 0.012676418196658833 108 103 104
0.09752352187998356 -0.06569930416114807 0.0012136098196062223 118 109 112
-0.06368697581690816 0.14487846189663053 -0.008907119575220751 99 94 99
0.06543393079975486 0.026053752275579035 0.010781116576943568 124 116 119
0.12755135329982267 -0.05450111007473419 -0.00782503454901848 118 110 114
0.0961949549058782 0.04673978395914342 0.002494486479848365 123 113 116
0.08471236541711603 0.07492370676410032 0.0013139396174979851 116 109 112
0.04500559585856038 0.13684845380652239 -0.009770583982009078 111 104 108
0.07632309437371222 0.12393026272198845 -0.008031897084220588 114 106 110
0.09403172048074673 0.1260821008600729 -0.008725108192621804 111 103 107
-0.0641681982486708 -0.11484112319834153 0.0003967319843942371 101 98 102
-0.12403028059309798 -0.03442783813132831 -0.019306659594840105 101 95 100
-0.07526300416971095 -0.03323425524436096 -0.0007899408667601812 105 100 105
-0.12343024071077996 -0.014648603669312291 -0.019702681683914668 103 97 103
0.09113250115138585 -0.10909861303790724 -0.004284681220386107 118 112 116
0.04605060597853814 0.015242476816048584 0.022685622454389844 117 110 112
0.14720043694353135 -0.11330201661897944 -0.016865001840884776 121 113 117
-0.12370580885088465 -0.10471946301808728 -0.018204552917640615 112 108 112
-0.08401320304584133 -0.0061740074269464 -0.008450500506892703 106 102 106
-0.09384155865162293 0.06606727656445095 -0.008253196562156107 103 98 102
-0.05284859376227321 0.12620417053802085 0.000990762037508401 93 88 93
0.03724577705301381 0.10377277812708749 0.0019592587283122813 119 111 115
-0.0841266057607818 -0.07422992062019293 0.0011723725034400116 103 99 102
-0.10379915625397099 -0.0334713121797758 -0.008760819193443636 103 100 103
-0.09503367308438927 -0.014768481726096403 0.00041218806048773805 108 103 105
-0.05478799055879164 0.014776072137657607 0.0020386151853441043 103 98 102
-0.00452099341215457 0.09634875268246033 0.012496690983517942 109 102 106
0.1366093745040913 -0.07502360937780927 -0.005343518508432401 124 113 118
0.13696933625270047 -0.04387977088737633 -0.006494610385701437 120 113 116
0.01684193072669201 0.1145306484891501 0.0016947845612987691 114 106 110
-0.003826679372581358 -0.1421319519455574 0.014598485637290841 115 111 116
0.08746536369645182 -0.03974247911222916 0.005187885938635135 126 119 122
0.016379988638640555 0.05525125682107463 0.021209348907682557 116 108 111
0.045989458282481466 0.06527418014907048 0.011114213410740283 116 108 111
-0.12296591912230831 -0.1341790872592547 -0.018589494077639716 106 105 108
-0.11306043972845504 -0.07449876122704224 -0.009684164221997839 102 99 102
-0.05457187248353035 0.015778648178590062 0.011704807715315266 109 104 106
0.006367197855152905 0.06460657524759705 0.022887207458996854 117 110 112
0.05653283486872891 0.055925658184506316 0.011662030455572518 119 111 113
0.016339981251601306 0.08544704082990473 0.011794791747689956 118 110 114
-0.03366771162609917 0.12626893798485603 0.0018633968357425904 107 101 105
0.027277665726111514 0.10602621032391434 0.001266212013318245 117 109 113
0.13926047951457476 0.014788130661690553 -0.008352776149998575 123 116 120
0.1494768939663572 0.025238361327585383 -0.00701515084422746 128 122 124
0.12573176714114873 0.11340675666003544 -0.008882745849290368 87 81 85
0.1462117814044531 0.12664606228683706 -0.006238287225780537 102 98 100
-0.13326289075941955 -0.05372607097668374 -0.019713309989869532 99 97 100
0.10670689832754124 -0.053037808549956426 0.0035470364943764932 121 111 115
-0.013859273401106 0.1256423978661771 0.0019981088305792427 113 106 110
0.05668193236223103 0.14688133043052465 -0.006734555911747252 107 101 105
0.1173000500173607 0.12601101295011166 -0.00535854125762888 103 98 101
0.13659353367515803 0.12484861540544658 -0.006896326565321621 100 95 98
-0.07529781612877015 -0.09468269284825521 -0.0004032161126234857 99 96 100
-0.07463678406780642 -0.06468002639502349 0.000681637254668176 108 104 108
-0.03375007062685963 -0.004577899531145704 0.021952190658742828 111 105 107
0.04529595198705021 0.07765451265488847 0.01358534506779766 120 111 115
0.054964070432422595 0.09448807172271173 0.0028726932644988624 120 112 115
0.04547516799032847 0.10418771039206175 0.0003708994824161583 116 107 111
0.09439162108754186 0.1350247498308334 -0.005723216522993499 112 107 110
0.12699458655931922 0.1264810305881323 -0.00667040426977825 106 101 104
-0.07426570662266296 -0.02495028465638946 0.011588851741618611 107 102 104
0.10035961783067023 0.0582093779741208 0.005802157459418835 116 106 108
-0.09543516763786464 -0.044479548390405486 0.0021125499611472347 107 102 104
-0.1216773713609571 0.05505182742040851 -0.0038461339455755257 115 111 114
-0.06468360098065085 -0.10486083544208481 -0.0005628445605016892 98 95 98
-0.07350899679919322 -0.07397963430664398 0.0006453070951265858 102 97 102
-0.1232195929700163 -0.06454790554375257 -0.019204170283606038 102 97 102
0.1469773621236503 0.005917180715773655 -0.005169540935496425 124 117 119
-0.05371990426184062 -0.13434395471901117 0.001411742246164918 96 94 98
-0.09481677989726972 -0.07532621507127597 -0.010391518523624056 103 98 103
-0.12407022713733168 -0.005220278189943201 -0.019265523394040644 107 100 105
-0.08395868013645622 -0.1052241790156057 -0.010373172181862674 105 101 106
-0.07355514885811117 -0.08423474151531425 -0.0004609525344114228 99 95 100
-0.1239299191455353 0.006306168541688407 -0.019636104742586032 121 114 120
0.01602486931292215 0.12667161290152193 0.00405420590910165 116 109 114
-0.05501612502987899 -0.1446513634085044 0.0005990253934809141 96 94 98
-0.08427716587490806 -0.1441881634601608 -0.010077651117023096 96 94 98
-0.11460465971451812 -0.13444181958643572 -0.01802297103464317 108 103 107
-0.07518767507821673 -0.1250080037388618 -0.00829508836265081 102 99 104
-0.10269989080664223 -0.11435615358278954 -0.016872001725049473 115 111 115
-0.11450641547242159 -0.10511402532308396 -0.017448044969140993 115 110 115
-0.06277507627173627 -0.09458419220657988 -0.0005971163885475465 100 97 100
-0.08477161646913375 -0.0937913213875354 -0.009369974427637144 103 100 103
-0.1134709654229851 -0.08485553703759216 -0.018230026672839152 106 103 107
-0.05363105494511203 -0.06424527257583049 0.010773007417501177 95 91 95
-0.09437845260703703 -0.06437419887112127 -0.009904868993189903 100 95 100
-0.11504366067678196 -0.06339332755693272 -0.020006553903800548 99 94 99
-0.07330664012265593 -0.045620582532464336 4.965481456356557e-07 101 97 101
-0.06431326021007666 -0.02431203932196473 0.0018265957306560316 106 102 106
-0.1429663318869655 -0.00474460434039473 -0.02620444805531671 140 130 137
-0.11220083151817763 0.005681695990027789 -0.020328779423549367 99 93 99
-0.08305551106251369 0.024767533285520452 -0.008061735401495457 106 100 105
-0.03503985092589116 0.03564409101191286 0.01039243163802814 104 99 102
-0.11469659579652783 -0.09462616797272877 -0.018132476892974776 119 112 116
-0.04565232161249763 -0.07462599953903853 0.011264121878146648 94 91 94
-0.09447696514742185 -0.044577483560261005 -0.00926490668912338 101 97 102
-0.114362493000552 -0.0027321133391995356 -0.020854494458754626 98 92 98
-0.11310201306162054 -0.07388607376077644 -0.01883499035148825 98 94 99
-0.09342744533643743 -0.05282941753994404 -0.00896424785133426 101 97 101
0.08825235367303016 -0.12594007060453824 -0.004169789565840111 126 117 120
0.15129636633435764 -0.1369060858882001 -0.0228985806020993 102 96 102
-0.10289089105249366 -0.13567950399806084 -0.017073640922007253 117 113 119
-0.07424937250625588 -0.11543994720561737 -0.008324725209838848 103 101 105
-0.03532369379445975 -0.09419493869805998 0.01263382560488678 100 98 102
-0.04653485285784516 0.005497669298097517 0.004957848159297695 104 99 104
-0.13378286558727331 0.03489534290986415 -0.017107725752590466 126 116 121
-0.024551649271492407 0.01688199333444736 0.013420257637481956 109 105 108
-0.034494390052287945 0.04567865270400217 0.011435889757932593 103 98 102
-0.064211177012811 0.055207637277763386 9.079182007869831e-05 107 102 106
-0.09355673166406596 0.0759354673396038 -0.008444746681533449 104 98 103
0.09447067374779601 -0.14278102152814454 0.008892775366765832 122 114 120
0.07450559770042423 -0.06495739260263529 0.030200159838474915 124 116 121
0.0751819201871274 0.005730266079304816 0.02995601047251727 123 116 119
0.13603992263459602 -0.0243286638225617 0.010547949840750314 119 111 115
0.036028130392765416 -0.13314415354141845 0.028718939919112445 138 127 134
0.10586595643584822 -0.1337097601612355 0.008747073422757051 123 116 124
0.0848657210003764 -0.10478536799068795 0.019353653620836707 129 120 127
0.025086050164732174 -0.134657269923022 0.028954136065561718 133 124 130
0.08590467934306482 -0.07446774995491054 0.020502726113810515 123 114 117
-0.06294956811530897 0.05727438148945068 0.01697295234175039 111 105 108
0.05468624251732262 -0.11457777532704522 0.028836211166177222 127 118 123
0.13488503606957344 -0.07370704258072525 0.01021463726403479 122 114 120
0.10439940259730981 -0.034684910495545285 0.020095292771956763 120 112 117
-0.05585075135283225 -0.1238061786949128 0.0008327920966404636 102 100 103
-0.11236259764435777 -0.11455016005527997 -0.01830457180292462 115 110 115
-0.06451361480856269 -0.054761893254851764 0.0024532747791964453 97 94 98
-0.11364136560491858 -0.024479159496759606 -0.02098691668219022 103 98 103
-0.1016695060362165 -0.12487411616959246 -0.01734417140115384 116 112 117
-0.09418823490018903 -0.08358150155770226 -0.010187077080798725 104 99 104
-0.007039140666096268 -0.0868003297545316 0.015388647584608298 117 108 111
-0.1432820403824606 -0.04689710064917458 -0.028279719099200736 114 105 111
-0.04470420972957374 -0.04311249017852441 0.013523814662883498 99 96 99
-0.09402535480510334 -0.014107593082239862 -0.011051115558901828 98 94 98
-0.020973923317254298 -0.015452982818367903 0.014965207331963742 100 96 100
-0.11304222432028259 0.02513873567713688 -0.01877825250778513 116 108 115
0.065035597347084 -0.09466289840746708 0.028559115361415092 128 120 124
0.06581760827104585 0.004943040230722285 0.031539218625941515 126 118 121
0.1158230497358752 -0.12285553577363058 0.009054575327447911 121 112 120
0.13574716851630741 0.03525549385059323 0.010868387001884491 127 122 126
-0.10392476261539259 -0.14465227291799151 -0.017052934537178308 111 106 111
-0.06410330155914422 -0.03458564307791969 0.0025947742467746612 102 98 101
-0.026631586845283366 0.02378963418027491 0.013132648543237948 108 106 108
-0.0545318412008232 0.03553015954236992 0.001428521881868084 106 101 106
-0.14280569402854987 -0.1442407041797937 -0.019910690943023945 105 102 105
-0.08360757080903199 -0.11521436463197919 -0.010115630966247145 99 96 101
-0.08389992046990724 -0.07440393875225762 -0.007694197407530742 104 101 105
-0.14393290510160714 -0.03211728272749997 -0.0272725401469552 133 125 132
-0.004089517842002956 -0.14475660669329454 0.028897628837735997 109 103 108
0.0260438865288103 -0.1434028264757529 0.028237516384392813 129 119 126
0.08330844882392285 -0.11299483020299947 0.01937698751895873 125 119 124
0.044703253161471966 -0.12365253050625165 0.028939335179331407 132 122 128
0.07491163237377381 -0.044043734503268345 0.029505137426988966 126 118 121
0.0949681960422702 -0.03465497977784611 0.020920120665316996 124 115 119
0.10517016163824552 -0.014428831869128713 0.020020978607397818 121 114 118
0.0358956710540702 0.09539096136469444 0.020491726401416166 121 114 116
-0.06576577448597487 -0.1330260155745881 -0.0064712301953973594 98 96 100
-0.07501472475822829 -0.13479746283568192 -0.009321135993315452 97 94 99
-0.0447637948560611 -0.08429668956162412 0.009058925889416095 93 91 94
-0.07372545024633798 -0.09552198297464853 -0.007463441901899891 104 101 105
-0.10214313850120595 -0.09111849706531412 -0.01601765965623971 120 116 121
-0.042521247600867056 -0.06494390214468393 0.012983607449705259 94 91 95
-0.05523750673757279 -0.07188910998920317 0.0036547940208199988 98 96 100
-0.10542912292964232 -0.0548530285249356 -0.01768850139128987 102 98 102
-0.13285226825350402 -0.054783738143040515 -0.027752267360449372 111 106 112
-0.10437800470403658 -0.03438119482592899 -0.01833550341459617 95 90 96
-0.07714503518410286 -0.017109227943453043 -0.006936873891766527 111 107 112
-0.11332500874682722 -0.014717062565003948 -0.021205669265195244 95 91 96
-0.0730983557194831 0.00380930839423486 -0.006423474465052443 100 96 100
-0.08372627799890246 0.0044969030136148514 -0.007886959624723397 98 93 98
-0.11298093546429355 0.015163698749995503 -0.020278110307913058 106 100 106
-0.04541915737633894 0.03594941334641729 0.004070851819821704 104 100 104
-0.08401110109601634 0.03562778388767067 -0.010180827814073399 102 97 102
-0.05418512563373783 0.055414385592954196 0.0017745696524013154 108 104 107
-0.08335493922574473 0.05552289094761819 -0.008214383500263971 103 99 102
-0.0642241464797241 0.07570584554220107 0.0012403536085306205 105 100 104
-0.11370315679088215 -0.1444326594691723 -0.002726241102272226 125 117 122
-0.1335284621165705 -0.13463178114356472 -0.0026779161107301132 127 118 123
-0.000616393069931489 -0.11136690618163055 0.036080168855226885 133 127 131
0.09348877273866582 -0.11368667063950728 0.01887571235424474 126 118 125
-0.0027048224930443913 -0.07501292960072078 0.03778476328036347 120 112 117
-0.014788310368513139 -0.0660507780250666 0.037177760503322124 127 120 124
0.0944720335221387 -0.09395501094258076 0.018932547246242996 126 119 124
0.07411539297985058 -0.07431881598319476 0.02902877904932187 125 117 122
-0.014347079874884627 -0.05349662351921863 0.03745937593690948 130 122 126
0.10447877829883133 -0.07405162724002842 0.0199646479926823 116 108 114
0.07341099213717354 -0.034600657838178214 0.0306694598847224 126 117 120
0.054443690072790575 -0.024598708547788357 0.0390678414250171 125 118 122
0.104865556262299 -0.024439475443681045 0.01966901076868819 120 113 118
0.07510675210267073 0.014673869983764642 0.030010227179664128 127 120 123
0.10624061466419782 0.015542011336785658 0.020243725966275373 121 115 119
0.10479106048072508 0.03565345323546829 0.019701831388901674 127 121 124
-0.13417388190884058 0.13599282194175652 -0.003351168845036225 113 108 111
-0.1040824045933438 0.14604315389875108 -0.0030914950055894643 114 110 111
-0.12278974902732569 0.14405837053899798 -0.003391080515808914 119 113 116
0.07377718835734273 -0.08443220853403922 0.028819841254975304 127 120 125
0.14343509129743656 0.024895500859049926 0.010983925545730404 125 118 122
0.12522051091562164 -0.11313602231366574 0.009006647890573254 123 114 122
0.09502377574610565 -0.08527178008015401 0.01974971810484534 123 116 122
0.10495258108148807 -0.04425875758285554 0.01987774741872783 119 112 117
0.08308807194684374 -0.03414151551235801 0.02934694835494775 127 120 125
0.09506220134852902 0.044910343631184416 0.019550492385419956 124 117 120
0.10590239464119176 -0.053733846500405344 0.01953594093896562 122 115 120
-0.04709368231562019 -0.13438348573470582 0.0026853319110575896 94 92 95
-0.044928174399806405 -0.052311709631760385 0.01265741377192094 93 91 95
-0.0628487858276361 -0.08438572491656589 0.00025287200280264474 97 94 98
-0.07563889361120049 -0.1040722428848094 -0.007764130291768864 104 101 106
-0.0654852624232277 -0.06513630007109218 0.001055148583915812 101 97 102
-0.06546964145212883 -0.04352734759901098 0.0011870567108133185 98 95 99
-0.016299912281356865 0.026356188926481675 0.014205654423438402 104 100 104
-0.053763071257950934 -0.003966287221418992 0.0035495476951573515 103 98 103
-0.024991674317729872 0.034994692362538306 0.0122900200729162 103 100 103
-0.0843062652207126 -0.02364218529886929 -0.0068355894171391075 104 100 104
-0.033562106794618476 0.05610473939036605 0.012895643568617162 107 103 105
-0.11435595750740378 -0.04344292112290953 -0.02193716460091698 107 102 109
-0.13286906718571578 -0.06320845497044376 -0.027061531517969566 101 96 103
-0.05319522100741572 0.045440295858975244 0.0016203818815006387 103 98 102
-0.10399079525135867 -0.005871851265622205 -0.01812635646438346 92 88 93
-0.1339170080812214 -0.04450662106863115 -0.027662697034398265 103 96 104
-0.06356332890288692 0.06463165643143794 0.0005289163542238455 106 100 104
-0.1025878902461674 0.01664479947259259 -0.018376594865839015 97 91 97
-0.10291632887780726 0.03449411417224773 -0.016965532430585475 113 107 112
-0.08406745307016755 0.07498388018206403 -0.008005869394040417 99 93 98
0.13539381838508974 -0.0836057064472451 0.009981994391876834 121 114 121
0.09547501197086669 -0.0746445194282635 0.019901030733389242 124 116 122
0.07328984919742153 0.025086138745213933 0.030308298446037787 127 121 124
-0.046880791163338445 -0.10550113194776828 0.003490565875044977 95 92 96
-0.05402647022025216 -0.11426155574421606 0.0012774924702791835 100 98 102
-0.05454610509276934 -0.08368075938591116 0.002209241676414348 94 92 96
-0.053451815667279926 -0.09550150252474134 0.0019104621513488127 100 98 102
0.05449973397064517 0.055155142464696424 0.03024854228915501 124 116 119
-0.08468087517881603 -0.0841484663701774 -0.00856835064807236 107 103 107
-0.0760752228450086 -0.0343265792671146 -0.006063768387232207 95 92 97
-0.08235578495094818 -0.04319320290688805 -0.007188692791277368 91 88 94
-0.10487522046690761 -0.07299942786859007 -0.017784965937670243 112 107 112
-0.07439070441190906 0.015661555584019732 -0.005566854716451934 101 96 101
-0.10471033090923695 -0.023538386420071906 -0.018806162194187324 95 91 97
-0.12474598427875366 -0.03422602848999436 -0.02735656668601216 105 101 107
-0.14161716232311586 -0.054034601658212056 -0.02822810794597116 116 108 117
-0.053990039159810335 0.08490367618329152 0.0037709617045919726 98 94 97
-0.08298144372850033 0.046822036339201456 -0.009695969753322542 105 100 104
-0.13497036125150638 -0.02558070243960569 -0.02822739261357358 134 127 133
-0.08373079551491178 0.06431488701822467 -0.00818983542583845 101 96 100
-0.14554968692959558 0.09689468621215043 -0.01746021416287045 101 94 101
0.07387811281910045 0.03470171085050207 0.029145192013206714 124 117 121
-0.06487274948412851 -0.1421355392832798 -0.006124588628054612 99 99 103
-0.053657016132243704 -0.1046916408565713 0.0021724058701646726 101 100 104
-0.0635571833084383 -0.07442307730188388 0.001345080639557526 99 96 100
-0.055981823807021935 -0.016781979418096383 0.0030268197774277633 93 90 93
-0.08417150009548184 -0.06640349744531267 -0.007911844874733995 104 99 104
-0.02292588726053372 0.046172571283321966 0.013862429653145563 106 101 104
-0.10764200588074936 -0.08108160931937215 -0.01952810624845983 114 110 115
-0.08401879096284995 -0.01438239686239148 -0.007820041655961354 105 102 106
-0.14636939403935006 -0.08155498095026631 -0.02801356060983558 102 96 101
-0.09498343750581659 0.0024231123460556636 -0.01568184533877968 102 99 103
-0.1157322496733513 -0.02775934881586592 -0.02575823430509205 113 109 112
-0.07262398105633637 0.05563144896734378 -0.006541501795082488 107 102 105
-0.09355066689644943 0.028548569193787073 -0.0164105891835808 96 91 96
-0.10285221800963461 0.005569601722099817 -0.018318239785455704 92 87 92
-0.14582033361071123 -0.014292977800133916 -0.027362260440449055 113 107 113
-0.08273215197474319 0.0961565343084378 -0.006853769534744852 107 102 107
-0.14416573539818234 0.08604036721857622 -0.017229633484379628 105 100 106
-0.14307508588159923 0.10524745869651775 -0.01730071146624729 104 98 104
0.14457706860185704 0.004987714788878605 0.01154226232311812 116 110 114
0.08392866687809453 -0.02356933887706284 0.028607834998125813 125 119 123
-0.03668644587654794 -0.07795064033903217 0.013625200589510791 96 93 98
-0.06801349819641675 -0.11634218029739643 -0.006532536528836001 110 106 110
-0.05389254526020126 -0.03518383895789399 0.0049457701879916695 99 95 96
-0.08515564196018006 -0.05367062232252491 -0.007779750236953698 101 96 101
-0.026482504726397942 0.05498248946034197 0.013086729201054501 102 97 100
-0.045928678954375926 0.017412214174919505 0.0045489641138510995 109 105 109
-0.08667384183107403 -0.035635832783483416 -0.008606886663877959 102 99 103
-0.10441907634006813 -0.044701281270674895 -0.018589949723801836 95 90 96
-0.11328022189768884 -0.054536575909030986 -0.020865011581333606 102 97 103
-0.14515419733807688 -0.09870648926591365 -0.026866624717562026 76 72 77
-0.0753013192080933 0.027544225646648463 -0.00573665274801098 106 102 106
-0.10387382292675419 -0.013507956842535111 -0.017921468509368613 87 84 89
-0.1137380059698185 -0.03348471297292175 -0.021468990573091172 103 100 105
-0.07249677925279595 0.044912479192289065 -0.007770506064223769 103 97 101
-0.09581236438755025 0.015237305747536732 -0.01637530788142921 108 103 107
-0.10383768649922202 0.026063407282151767 -0.019121003192500343 108 103 108
-0.11373220022844147 0.034311819178075464 -0.01899128970888193 122 115 122
-0.044216321754915425 -0.1462555053168657 0.0031926384735171693 96 94 98
-0.044502929783552594 -0.12433616103093459 0.00350598501390029 95 93 97
-0.05612650470059483 -0.14648561100373225 -0.006517590143457656 102 101 103
-0.06683839271127882 -0.10741307450591145 -0.00695594728421324 96 92 97
-0.08354929399037923 -0.13944465007254006 -0.01786300258759331 101 97 102
-0.09276058254489167 -0.14769002850390947 -0.01720297576814889 126 125 129
-0.056990766600272844 -0.05597340399719693 0.005134427786413494 112 111 113
-0.07307197925427687 -0.08704037229887442 -0.005819109824754825 103 98 102
-0.04490003406615125 -0.0011114850471536132 0.003538221033861694 104 99 102
-0.07674727261960254 -0.041030137150507684 -0.0057596522460846445 109 103 108
-0.045049593235225324 0.0269050727297383 0.004316396980219002 110 105 111
-0.10426533849126494 -0.0639540673477254 -0.017539655393504137 103 100 105
-0.04462906648498919 0.054118224735787875 0.0049823127936228255 112 108 111
-0.06368618492144726 0.025935498560576507 -0.005367018547763752 106 102 106
-0.06725152397632456 0.01379241816315467 -0.0069129123814276 118 112 117
-0.09616408669538393 -0.024212867137298002 -0.016029796419086313 96 94 98
-0.05227992128416404 0.0757084296952889 0.0031057198408990607 108 104 108
-0.05417144436347399 0.06628384606701918 0.002175828153667107 105 102 105
-0.06577484853077378 0.040877155939241995 -0.005208721005523552 100 94 100
-0.07401248363921843 0.03694540481041122 -0.007073690252581109 110 105 109
-0.09678663051221373 -0.004569684887570862 -0.01604751050565517 94 91 96
-0.12419286946871433 -0.04604631247375796 -0.026871195163563153 101 96 103
-0.08728315139757092 0.027953697040162716 -0.01568623936760579 113 109 114
-0.134030552327995 -0.03603839562980101 -0.027958877452457464 114 108 116
-0.13390972477385701 -0.011286983635942507 -0.02833845851334203 127 118 125
-0.08446607875092084 0.08531117147843485 -0.007811962948370778 95 91 96
-0.11265369798272624 0.04443110000211509 -0.01750304118501581 115 108 114
-0.08395840988773698 0.10505378594637 -0.006584643472586601 118 113 118
-0.11894961809287302 0.062063565194133426 -0.015348495719391963 123 114 121
-0.12527277746882937 0.05629755377250308 -0.018174583198098435 131 123 129
-0.1355515243810366 0.0652867160637279 -0.015865667873440133 124 116 123
-0.14378930384162045 0.054086419016920934 -0.0169929625228512 129 119 124
-0.14409023920165753 0.07565593785014271 -0.01668246422052556 100 93 100
-0.12498125309918565 0.13590405705639882 -0.020316649286876733 110 101 107
-0.0467408988854132 -0.11853531613565056 0.0031104764538722515 82 80 84
-0.03803380529852433 -0.041579550283854134 0.015028803037702218 98 94 99
-0.09625094390337838 -0.12555611563303035 -0.016720841909229726 110 107 114
-0.018044237840523704 0.03160361176484034 0.016098028454210253 103 99 102
-0.05586463026279892 -0.024734150006488712 0.003850320844089212 101 97 101
-0.10212535744311577 -0.10754379481965229 -0.016657484827678665 117 112 120
-0.07556571064533958 0.08605253092604385 -0.005940727563801321 100 96 100
0.08497441937610349 -0.12278124355851254 0.01883293820283003 121 113 120
-0.036747259979224074 -0.03165942645404664 0.014524409239376349 93 93 97
-0.04853623907069767 -0.010384771835162518 0.0036104095209585707 96 92 97
-0.045436413998880605 0.045444885885812386 0.004195181422624298 104 100 104
-0.07674458688917496 -0.00779819011922079 -0.005651140607219319 112 108 113
-0.07799352271158587 0.07253303832374092 -0.006634760374101538 98 94 98
-0.14422949593678905 0.06529502109059199 -0.017356786896628566 116 108 114
-0.06665774973807412 -0.12393691553227558 -0.0076569318550053205 98 97 101
-0.014029772669696853 0.01660102770454218 0.015136057797310724 111 107 112
-0.05684301332663143 -0.06275494858310408 0.003903725586935021 93 90 95
-0.06854285444417563 -0.09753700724567874 -0.007404929096387713 98 98 102
-0.0859556951453074 -0.1383757952071816 -0.017045056627577368 116 115 119
-0.0983184536211724 -0.06928069709171425 -0.016102664985862797 111 110 114
-0.043263919287792045 0.06726790228563628 0.004264010627257078 98 94 97
-0.07563844307073783 0.06666910301557577 -0.006127907817633277 102 98 102
0.08290359950161373 -0.06367793448766233 0.02942065939187324 115 110 114
-0.03664011961963055 -0.0563129512132132 0.01502431098153646 88 84 87
-0.09722842119249597 0.03544480293148464 -0.016059661193069046 103 97 102
-0.12485998706587284 -0.02336042951883299 -0.02741253824461454 95 90 96
0.14566901640686886 -0.05422886243554896 0.01011431248450152 123 117 123
0.10486431220366224 -0.08298364879976458 0.019389039396699073 126 120 126
0.10621574464809651 0.02564390042680753 0.019896966368837227 130 124 128
0.0830983880809113 0.014498277973477986 0.0294466343492199 120 115 119
-0.04594361728298355 -0.09381290519602675 0.004027987097398634 94 93 97
-0.017340017893453456 0.006997264916171372 0.01598913204446319 113 109 112
-0.06516602612390755 0.05157718055305554 -0.005486807498739105 103 98 102
0.11510220955734145 -0.05619466687413921 0.019271164579018077 122 116 120
0.10435033827658742 -0.06377320268669139 0.01919699339639272 123 114 121
-0.07812237136811788 -0.06734754227860572 -0.005296571678990803 108 107 111
-0.06577311351960907 0.06754072725666563 -0.005152875713749717 111 107 109
-0.08772455120189321 0.0380225949031839 -0.014929751183100262 90 84 88
-0.09711825843252221 0.052979947363877455 -0.0161074519277026 107 103 108
-0.10088072029157975 0.044152942865065666 -0.01748162289639314 107 101 107
-0.11399857817414218 0.05604271904239726 -0.015210575244113754 140 136 139
-0.1331617113856162 0.05518015118175634 -0.016294422751785727 123 114 116
-0.13826094198869177 0.11077008045547776 -0.01618542607734935 105 99 105
0.08297815891399296 -0.05329218589606989 0.02921419120622879 122 114 120
0.08420991540297304 -0.005697292124597075 0.02994617649264518 127 122 126
-0.04773247440871264 -0.08648378169474565 0.004791848402353795 82 81 83
-0.09596934733137524 -0.03567598299101587 -0.01565866499024549 87 82 90
0.08459260228451337 -0.015801585117857186 0.02920248741133254 124 119 123
0.08406358007081617 -0.04310864851692897 0.029404127045480056 129 122 126
0.05359507547634969 0.06387413825628266 0.02914024634217416 128 121 124
0.017817213905603587 -0.07983704494582036 0.01468813909039139 130 121 126
-0.005506272799484884 0.02829234309441778 0.015629252043380053 115 109 113
-0.006235660204813443 0.015952127813056088 0.015101099447024046 113 112 114
-0.007664460874205159 0.0035002270117530146 0.015292580575330372 98 97 101
-0.01675613895154663 0.04052067854440554 0.011129376326743878 112 106 110
-0.025803389084571672 -0.02187158194902998 0.014481056212763221 105 104 108
-0.030925426421828432 -0.06938897940612167 0.015138992011039952 107 101 107
-0.02932546405872479 0.028009767097100992 0.0056758667326727505 106 102 105
-0.04052565127480538 0.07661329585414153 0.004783534920510485 112 106 110
-0.0646487119297683 0.0756584697770206 -0.004286200182665156 117 113 116
-0.0651536073300771 0.03927364645620951 -0.006927955973572314 98 92 96
-0.07516765306362234 0.10013043731334989 -0.008287809676468073 99 95 98
-0.08268444716539051 0.12625945092485497 -0.015964132995773577 119 115 120
-0.0844073695183952 0.11305016968910067 -0.014908099885516866 128 124 127
-0.08828115544499335 0.05073532726619551 -0.015212654860971793 95 94 98
-0.0980850421840107 -0.11250055848643196 -0.016437460702372276 101 94 103
-0.09947737336557652 0.09863918321550695 -0.01632774925402646 127 118 123
-0.09937526578980319 0.08658149145708413 -0.017404924019258257 119 115 118
-0.09927874130754269 0.07457243664188133 -0.01847116483846088 134 128 132
-0.09979538350796241 0.062360780955741484 -0.018772047120207327 113 107 113
-0.11397890576076261 0.10872706716287864 -0.0161609224582786 125 114 120
-0.11327071403207173 0.09701720908605448 -0.01796267945140676 145 136 141
-0.11375590952585223 0.08477905255658726 -0.018244680876253153 101 94 103
-0.11365274975088863 0.07287801743618634 -0.01927020349200768 137 131 137
-0.11235890542793821 0.06152964148153411 -0.02181012704773516 140 136 139
-0.11991419729964461 0.1477263841089709 -0.02512624385690154 116 107 112
-0.12483757445491192 0.12051572965042492 -0.02046140594356169 106 100 104
-0.12703479080159452 0.10729828268710635 -0.01845584524668667 116 110 114
-0.1274955081166937 0.09509442388242836 -0.018705308942725082 130 124 128
-0.12737874435575453 0.08324060843873221 -0.019703770551465084 136 127 134
-0.1278547160494664 0.07117054658348675 -0.019923288638994768 139 135 140
-0.12519325296953748 0.03699704085619334 -0.025917205750300185 112 101 107
-0.12450736339966725 0.025566230502910427 -0.027648286116041126 135 126 131
-0.12382428271890775 0.014159734308731778 -0.02937387532541279 137 128 133
-0.12433488805913745 0.0023937687248108907 -0.029525381771067807 132 123 130
-0.12485384941038902 -0.009299228604766414 -0.029660507600656753 114 108 114
-0.1341272997646637 0.14536861966889644 -0.02599931102913106 104 99 107
-0.1379753948263155 0.024498368069738447 -0.028820095144085466 143 132 138
-0.13554022676509556 0.013802843328650009 -0.03288502927145506 127 118 123
-0.1348572602425497 0.002480777795283885 -0.03458350033779463 127 118 123
-0.1481683600849148 0.1429978035818173 -0.026726424694800636 119 113 119
-0.15176039948485637 0.011794548188803893 -0.029932355535959788 138 127 135
0.046058862126612615 0.13417921971993252 0.009841816373503058 123 119 120
-0.1427312514475842 -0.13425440057921706 -0.0031070376179694707 122 115 119
0.09567028091406699 0.055801889260564404 0.020263938691255062 132 124 127
0.08417451012419386 0.007192801953984987 0.02978458237850206 122 117 121
-0.1336767532803657 -0.0942771733657047 -0.0036850928365038376 125 119 122
-0.13427500597815933 -0.10497478915763549 -0.002946011590931977 131 124 127
-0.14408916807960753 -0.10440960721772749 -0.0019976604371434933 132 124 127
-0.1436577837976587 -0.12401679113825359 -0.0025492713953811884 126 119 123
0.09471754668221931 -0.10348546614275991 0.019823451556992576 124 118 124
0.05515062409789709 0.014664688471607604 0.03886011988918668 128 122 126
0.034617450309798944 0.0449263286914656 0.03835207267919813 120 113 117
0.03487121113932634 0.03525117926681825 0.03896837795279939 125 118 121
0.025233901240896937 0.0748078266339127 0.03112081889172454 120 114 116
0.005565442718062528 0.08509313413516673 0.030165961014997533 121 115 116
-0.03379550494359127 -0.1447639954786933 0.027464757178940133 103 97 102
-0.11325799016339497 -0.0742771705219696 -0.002901871649491357 106 102 106
-0.13391053736510503 -0.12416868075817684 -0.0028124259249115175 131 123 126
-0.12337394183238908 -0.1443455662446005 -0.00312743500087124 128 121 125
-0.1437974446277887 -0.09471328064225916 -0.002507810809048581 127 121 124
0.14444440775375822 0.04509328281042287 0.010249647865524873 122 118 122
0.14607774518190836 0.03251180639781617 0.010449719818451423 122 119 122
0.1263549469639504 0.12308585682484725 0.010629739016422259 111 107 109
0.12536440032625068 0.0062227528852201435 0.01925178531779248 124 118 122
0.12392778661473 -0.00488628734910085 0.020071983226302353 119 114 120
0.09587003948950652 0.06517392067011071 0.020152806433059188 125 119 122
0.09491925835636274 0.012366255204233104 0.028447400322916757 120 116 119
0.08635187456527975 0.12429581475620192 0.010505146102511603 114 110 113
0.07973205502516795 0.10387485844469233 0.021069980316347995 108 107 111
0.07286807241491565 0.057498149768905195 0.030067385203892356 127 123 126
0.06454900077065007 0.03908141957544641 0.03888905334646088 120 116 121
0.06192966760234324 0.02328209469102574 0.03974509375618718 126 119 124
0.06310641827282183 0.012068777608615898 0.0417317146193006 140 136 139
0.0640690031097963 0.004428256793447042 0.03916828291459504 133 127 131
0.06338407048353539 -0.013001140008556891 0.03841451691640621 122 116 120
0.06413416891305673 -0.02363301352155186 0.03871721884565964 119 114 119
0.06375047464037023 -0.03327082073853412 0.03834173979319715 129 122 127
0.06438912151737437 -0.044610916467191584 0.03935899641905563 126 118 123
0.07135001115479245 -0.05886662668405216 0.03790603472480923 122 118 121
0.08384565061947603 -0.0750707225572513 0.028606492661941662 127 121 127
0.05279620764050837 0.07447502050099061 0.029540085858454274 120 114 117
0.04399568124022469 0.06536100973620732 0.030515308926305523 123 116 119
0.04517687130610156 0.04468019791218852 0.03907505544628548 119 113 118
0.04517364426101277 0.02501035394626347 0.039609696548050466 119 113 116
0.04578089284667431 0.015375228228060906 0.03928008827796728 122 115 118
0.05503273528944221 -0.07403092615839041 0.03805975524172153 120 113 118
0.046706733059850916 0.11477671861045047 0.01838454441215815 121 116 120
0.04353606273459666 0.10401885312225527 0.019396420014953404 112 106 108
0.035224265431497835 0.08499829524675967 0.02898572832723292 123 117 119
0.02531698090795329 0.06364423017894356 0.03807647870959205 116 109 112
0.024834595750054547 0.05508926217411798 0.03899715505185533 115 110 113
0.05277418067187917 -0.12392824953086 0.02830325509999111 122 112 119
0.0355344689945907 0.14305329569954486 0.010130054753667708 120 116 118
0.027327115709625684 0.12657859940986982 0.01796690263683058 133 129 132
0.015938337380189186 0.09258434903392984 0.028725452094754026 120 114 117
0.013042042902530476 0.0732112498269315 0.037764094454895175 114 109 112
0.015176349763504663 0.054477204389963195 0.039342918792342085 117 111 113
0.004933685044613185 0.09492506674749301 0.028388274803067607 122 116 118
-0.002766777954448223 0.12419268430525582 0.018013564663943812 120 115 117
-0.014639241513783346 0.09466169948092919 0.0290984986651175 120 114 117
-0.014560934538561873 -0.014861198042415653 0.03782564699024962 114 110 113
-0.03336534776992287 0.09440240653215341 0.02920339700368173 119 114 115
-0.024073838578673463 -0.025077656347148383 0.037312214468446646 116 109 113
-0.04271471986573701 0.12438096055755599 0.017740082263392062 119 114 117
-0.05563828694384255 0.12278728438109855 0.01678500521340511 114 109 112
-0.042083788511464874 -0.0944690033577662 0.027404033529671832 107 103 107
-0.12357854459142165 -0.12499596303412724 -0.0030832809574080824 131 123 127
-0.14308600928503354 -0.08507024852390241 -0.00389579601912669 124 118 122
-0.13298901272537791 -0.14387113208780955 -0.0028939142022898004 126 118 123
0.10445842305215286 0.044240110391199836 0.01949669795890012 126 120 123
0.11438918648883424 0.005914861200019339 0.019216694397309313 118 114 118
0.11407920226976874 -0.003998504520256341 0.01905907036295278 127 122 126
0.051609094402936276 0.03324592243198383 0.03798936363005127 125 120 125
0.054405945710998216 0.003817906232669522 0.03980578902328351 126 120 123
0.05620812947000613 -0.0047995865070639705 0.03968665049023387 124 117 121
0.02464831306215345 0.04537621292271487 0.039060382840945804 116 111 114
-0.13425397037767547 -0.08397106440733165 -0.003414490789395855 124 118 121
0.07332872181218854 -0.13275472258126927 0.0193559232077603 125 118 124
-0.03343968814475686 0.11431174319381454 0.020311833423993335 113 108 109
0.10510932248210711 0.0546055684943652 0.019103813612763525 122 116 118
0.11664843331872435 0.014955040372402188 0.019040968701519424 128 120 122
0.1443137836430279 -0.06354083620465723 0.010242282287319705 121 117 122
0.14383595983207365 -0.07378428577707341 0.009511919444035923 120 113 120
0.052907418593358645 0.02424301528939177 0.03879234924747932 121 116 119
0.03564390024085438 0.1046903503059522 0.01908696456659461 123 117 118
0.07413104691283497 -0.09564743178904389 0.029576831385804206 126 119 124
0.016640854563611057 0.14352880769565268 0.0097643460992045 120 115 116
0.0054083481880626595 0.14553879999607955 0.009176315323724989 117 113 114
-0.00504418919299667 0.11493628675890913 0.01997073817353135 117 112 113
-0.0049443481322929365 0.09559865336504425 0.028749378836703518 126 120 122
0.06524309132024976 0.05572436756169105 0.029058809818427362 122 116 120
0.13354840310370855 -0.1025457727880443 0.010243974293623382 127 120 128
0.13618572591949504 -0.11234907470968257 0.01018606185427635 120 113 120
0.0929196639845602 0.07403924984677254 0.018959393546190435 127 120 124
0.0360430072081532 0.05416529551643277 0.0387902390589764 121 114 118
0.043973032209921104 0.03497100977502064 0.039330769676971494 124 118 121
0.02581500834631717 0.14361596927415224 0.009071626554495558 120 115 117
0.01663525675633211 0.08410940826959935 0.02920116616227766 122 116 119
0.11493384295067544 -0.13171129605390597 0.00879424433734105 124 114 124
-0.03273318363825909 -0.034532675582989614 0.03700463562781946 117 111 114
-0.024581154595820384 -0.053187886557026484 0.036965876470042305 123 116 120
-0.13360277914375113 -0.07513304077118502 -0.003913154662500451 127 120 125
0.08689319561865949 0.08531178395288233 0.019931256148662445 119 114 117
0.08475970414234144 0.0753873454088662 0.018996528567579583 122 115 117
0.0555946694895511 0.10380478976208689 0.019012910644890905 120 116 119
0.06297443996569914 0.07286222481523617 0.028557115106473463 123 120 124
0.11570566458728283 -0.024857864790962067 0.019183791289538316 118 112 116
0.11568092949443638 -0.04383820482647715 0.019031177120679296 124 118 124
0.1429206300746541 -0.0833834947424746 0.011122913425049574 119 112 119
0.14670950016673645 -0.09114489544980905 0.009486055725996576 130 126 133
0.03766925801395088 0.11509341726635004 0.01872212540469161 122 116 117
0.06395267343654518 -0.006658480748348799 0.038156825107602876 132 125 128
0.01559484419902472 0.11478965817746044 0.018876041290121166 117 111 113
0.0635208388763174 -0.06464073775345423 0.038200817964662376 129 122 127
0.08247954682983591 0.13333705213765104 0.008933701054030817 114 114 116
0.08352304301604435 0.09374631344015617 0.019844886763078252 126 120 123
0.11272973256345421 0.032405166451196635 0.019320997854427584 117 116 118
0.11701990283653166 0.02378597142680518 0.019741801289922725 141 135 139
0.05305879133913015 0.14183790492483656 0.009241465581443554 119 113 116
0.06456994146475138 0.06614193584017446 0.029425700868827523 124 119 122
0.08435880574209406 0.022525734824903394 0.029346816737783527 119 113 117
0.11346951833408479 -0.06330075133330716 0.019192102614338416 133 124 131
0.005088580355252039 0.13260488250886804 0.017748580570025048 120 116 118
0.06316448616184746 -0.05369247821308753 0.038784421875555586 130 123 128
0.13816368290067502 -0.12290919346919378 0.009335734617568207 127 120 129
-0.006079585561887563 0.07294671104488304 0.03860441402919905 125 119 121
-0.024121469228492353 0.09444531558969435 0.029537388858602787 120 114 116
0.0446176669322943 -0.08551408436048245 0.03828011329337849 114 104 110
0.026214719509236827 -0.08363891366853428 0.038204943298057265 130 122 128
-0.023271712590189793 -0.016690784748167212 0.0370296243996144 112 106 110
-0.003864021490718209 -0.06292551398208181 0.03804698481209243 121 114 120
0.03614224277838605 -0.14435861805008723 0.02734179154708309 129 119 126
-0.024140821395374008 -0.08551462301763597 0.03736038601070915 128 120 124
0.1455210211591584 0.12462120909983342 0.010936649750660707 98 96 98
0.027735671530387397 0.11483960641729503 0.019314611909697965 121 116 118
0.1060335620180716 -0.09389261799767074 0.020194807068582312 121 113 119
0.10180627694054471 -0.11134659365870268 0.017804222520067414 118 108 116
0.06301229677140105 -0.10493840583284833 0.0283251393497596 129 119 125
-0.01348498589299155 -0.07398676790350486 0.03783085905057977 132 124 129
-0.052002258681543734 -0.01511695161067472 0.027291603180350496 112 106 108
-0.07122376454832112 0.005513863138382792 0.01647062943383177 108 102 105
-0.01346287935225996 -0.13222320509426155 0.035699771043415304 130 118 125
-0.06197519959499423 -0.11429733471173689 0.016532959034109906 97 93 97
-0.09153534022781504 -0.09343561336885477 0.0061783109466629705 107 102 106
-0.07102771249314216 -0.1325580182605451 0.016440895400871496 103 98 102
-0.13118535650419294 -0.0654902969468581 -0.00486644336334292 101 97 101
-0.09371950649161978 -0.13459156702853034 0.006268259166106229 105 98 103
-0.09328627038650107 -0.14571983517995366 0.005448644116808569 117 110 115
-0.14918983461246219 -0.09767215179391146 0.004395852423357448 120 116 121
-0.14319686881212926 -0.1063494587710424 0.004480282631655828 135 129 134
-0.1504757555456906 -0.1419939895435473 0.003989735468082978 143 135 141
0.07333338890444788 0.04446259199395888 0.028911674665581078 122 117 121
0.0061642191010714605 0.0639050959928683 0.03813680030533319 125 118 120
0.05521955679528269 -0.013949492264496042 0.03901580084975308 123 114 118
-0.015260690478315148 0.1239963766210651 0.018598480159991125 119 114 115
0.10600245245626261 -0.1453194180041416 0.009786385789505006 125 114 122
-0.0735811597374476 0.1338402717576803 0.007394247103488592 108 104 105
0.003978956516652598 -0.08714547059771496 0.03768734467989274 131 124 128
-0.02469662513700315 -0.0654821634565506 0.037293295815297056 122 114 119
-0.0224551162329586 -0.07692128076956081 0.03775032039576702 131 123 126
-0.012896122793799215 -0.09548406784814355 0.0365913498111844 129 120 124
-0.07219219603122455 0.014514536127373164 0.015597921351971713 110 105 107
-0.05244070394444203 -0.10411048346871554 0.02672540559071871 93 90 94
-0.04239053303232119 -0.13423603845914397 0.026337686100568712 104 99 103
-0.12204385037295841 0.0067117870955640474 -0.0037536593178448124 104 99 103
-0.10136378914448758 -0.09357130059538937 0.005413976661073388 112 104 109
-0.15135454332126083 -0.07882040790070727 -0.004074246227452156 119 112 116
-0.11198567823572696 -0.15168584635935134 0.0038902157872208257 126 120 126
-0.14524821917630926 -0.1227354124106865 0.0041124139286376135 136 125 133
0.08264783706982198 0.03343727562873686 0.028223689596670702 126 126 130
0.12767133532131003 -0.12144829544940544 0.009028311901214225 116 107 115
-0.06293337083114998 0.1431972068793253 0.007400863611074751 95 90 93
-0.014042733279446978 0.00417844824986711 0.038484771685500546 112 109 110
-0.03338071962583753 -0.044708135207426905 0.03716436010962169 130 123 126
0.13390884105598047 0.1248111885973178 0.010553418510528767 108 105 106
0.09873395842457353 0.08321314170986426 0.018732145026152905 122 118 122
0.041901334938054424 0.14585025778628646 0.009148869948877555 128 124 129
0.06446177887362928 0.09500886155468398 0.020156966514971238 122 116 119
0.03489248822313409 0.07485369387177358 0.030777934218100215 123 118 119
0.037708312666109405 0.060675099608839336 0.03824239453624029 117 116 120
0.11464370770942124 -0.013887380994212904 0.019435566746420694 121 114 120
-0.011890622903622425 0.13352895963441552 0.01762180614527629 117 113 114
-0.003051924688517961 0.10301653043283344 0.027660842835348188 123 116 120
0.11468086698259647 -0.033362402717432675 0.019132111753935657 118 110 117
-0.04255392626390576 0.09439726714411463 0.028013723168079596 117 111 112
-0.04227875037643296 0.002765473249728257 0.026953580372280326 115 110 112
-0.12463897476643718 0.0388824120498277 -0.004028179512418902 102 97 102
-0.14632021147585747 0.04529197405001559 -0.004478940296368248 115 111 114
-0.14241032009990506 -0.07624096113279209 -0.004650366402308063 122 114 119
-0.1453358414570413 0.03313620832638296 -0.005100106726560262 126 119 122
-0.12141929087370021 -0.033581324881765816 -0.005211539411801667 99 95 98
-0.14627467999588195 -0.11418750292417154 0.004458101178021094 142 133 140
0.14849563346111372 0.13125753842031354 0.010171620286459838 77 77 81
0.0648267611812535 0.13462660981424124 0.009562858545007834 119 114 116
0.027258901304734125 0.08409245509079435 0.028698592072204807 125 118 121
-0.012707907345221743 0.10463411685406375 0.02763151898424591 123 118 122
0.003489351826587472 0.07198675216400251 0.03863350291119583 123 118 120
-0.03338586980218784 0.12392423585016024 0.01833772695819043 116 112 115
-0.10369912949820753 0.11463660816356261 0.0065311965520303055 129 125 125
-0.04070376647014495 0.017153694184057718 0.02744928736748221 109 106 108
-0.0334958543501352 -0.026402645114896022 0.03679394508862764 108 103 106
0.007684890780288837 -0.07458433801811819 0.03828389791462368 140 133 137
0.0627773644774242 -0.11442816744260083 0.027843034903891874 132 121 128
-0.09204010514743599 0.024634595750889908 0.006007282390712522 113 106 109
-0.10081129652136056 -0.004763198081608234 0.006255053793225918 106 103 107
-0.12185295006459507 -0.014793396708823197 -0.0036473975483216365 94 90 93
-0.10143506153227697 -0.08685332183401291 0.005892861841986568 102 98 102
-0.05385525335434935 0.14335460270761757 0.008429438031338533 113 108 110
0.044056966780319104 0.07442578148338785 0.029581936704551302 124 118 120
0.014355105535652399 0.06419350428561331 0.0382581081118266 121 116 117
-0.02260852261677598 0.12361271404676864 0.01851164643652306 117 112 113
-0.060577451052219185 -0.025384954865428827 0.02632752077059358 112 109 111
0.054985180654001986 0.13334040085576937 0.010503891040636235 112 108 110
-0.032659749937715504 0.13212604839512018 0.01807408035144969 118 114 115
0.06321069812373428 0.10165391196740282 0.018350848285283654 114 109 110
-0.033688231967322214 0.10483750244066105 0.02768027255952178 113 109 111
-0.11622041790788168 0.11336472507689765 0.005803378676099689 113 110 110
-0.10112880906857999 -0.0245690814603783 0.005887232908002857 109 105 106
-0.10209212963193089 -0.05474073913424848 0.0058970900102048186 106 103 106
0.0966118956037957 0.12198354175924071 0.010201717010585162 93 88 88
-0.022762335129545563 0.1323613115213712 0.01728090513971378 116 113 115
-0.06251755360269097 0.11469835150468913 0.01769050976820012 116 111 112
-0.07022730734920364 0.14203801396171692 0.008198464716728356 109 103 103
-0.07095613440766868 -0.08410544560117113 0.017679742813094382 97 94 98
-0.08275218790431582 0.13228746030869923 0.006856667346515653 114 108 107
-0.04575289310192933 0.11176917493257613 0.026785126313512545 117 113 116
-0.024189418412967102 0.10550340632805533 0.027037006481202764 119 115 115
-0.07114682403091686 0.10421373053283924 0.017844843813520833 117 110 113
0.0747151639234294 0.09590234979685436 0.019471742143437932 124 119 122
-0.08132717446501554 -0.034139399579565965 0.01673250345751673 113 106 109
-0.014571399052112525 0.07415692091997231 0.037700751668217486 120 113 114
-0.06030396675537862 -0.03256385354862024 0.027007496492809965 101 98 100
-0.061241834963414093 0.03551981243349798 0.01741045023692374 108 101 102
-0.04100343988173768 0.15184246465381615 0.008689065138811968 110 106 106
-0.04143958317363334 -0.04227603487473703 0.036806342156631616 124 117 119
-0.053492572205326536 -0.005297481864600139 0.026261281555340694 122 116 120
-0.07286003324885763 0.08854109875290518 0.017126273327421754 108 102 105
0.11606677756508436 0.12300675070403769 0.010371505799386784 104 99 102
-0.0814779167810263 -0.01502060112562238 0.016705757818289795 100 98 99
-0.09907649472641132 0.12328767670512521 0.006139526047444247 122 116 118
-0.0968741536691556 0.12224012580044387 0.005717887238364415 124 117 120
-0.080722286701796 -0.026809307012209925 0.01706980779821192 109 103 107
0.10641852551861418 0.12202060669765465 0.00974319991699262 97 92 93
0.025378426675029136 0.09078594731674806 0.027402149330000826 121 112 115
-0.052611796022877556 -0.09470596829182809 0.02742759792749294 96 92 95
0.0924461662377327 0.0920508131606596 0.01849344319943006 130 121 128
-0.04976602433094013 0.003445401758064196 0.02627881337000064 115 108 110
-0.05185663609833501 0.15077431201233615 0.006788515316121558 125 119 121
-0.10219030031412102 -0.016033028509578662 0.00690825367201483 116 109 113
0.0072633768863301085 0.12567573316208083 0.019021224308063286 120 116 118
0.017898799533839684 0.12357550707125084 0.018269789247699876 122 116 118
-0.06973527219769389 0.11811814926778928 0.016430687528824768 112 106 108
0.10504591667749986 0.06870018596677753 0.01835193564280881 129 123 127
0.11130774535982667 0.052783844387979874 0.01832014155586857 114 108 112
-0.05283267383050851 0.07369730931082381 0.026920003319040008 104 98 100
-0.023569706968092862 0.058173408615090655 0.037658112316400844 104 98 100
-0.0999470914374288 0.07594567118949579 0.007105633633554183 102 96 98
-0.01793046855790651 0.025879029816164544 0.037831916729584955 102 94 96
-0.0697002731650263 0.04770373088155989 0.01594933337140457 118 114 117
-0.039973828955571986 0.03064024283857923 0.027306074297200555 110 104 107
-0.01154057026313154 0.013514094083839153 0.039589178822564935 108 102 104
-0.07170284888614678 0.03509906032437896 0.015626380487781096 111 105 107
-0.023316232799813725 0.005513827770834995 0.03740762541794063 126 122 125
0.09135786167929305 -0.01670966323559767 0.027844756540889696 130 119 125
0.12440464882803791 -0.01428708607839676 0.01970182903206773 125 116 122
-0.07367010494093446 0.022635037142034707 0.015402749092579975 128 119 124
-0.026501836741248595 -0.004600718894536518 0.037377439104172884 116 110 113
-0.1375672861071171 0.04040269071137883 -0.003983704638273139 120 116 119
-0.03734044465352976 -0.014652957786613175 0.03649894861851895 118 112 114
-0.045307825974146135 -0.025963010149427715 0.03671193383125548 118 111 114
-0.0695555116629045 -0.02428483608379809 0.02657869257332363 115 109 111
-0.050792392656711094 -0.03567295173032896 0.036079989753996504 108 102 104
-0.13177454494616944 0.000683233399289307 -0.004825131042663907 101 92 95
-0.09085025208589513 -0.022967580121601036 0.014855303118375367 119 113 117
-0.045150810665666875 -0.05061052215503757 0.03759033989947062 117 111 113
0.06407665351586664 -0.07856121206653971 0.039373954853165444 129 119 126
0.11352216684979954 -0.07321825344613997 0.019636767833680215 128 119 126
0.12270441709095303 -0.07841531665722931 0.018228891616956223 122 112 122
0.15204395706157856 -0.0843508280215284 0.01044226566663213 124 114 124
-0.09255997284551776 -0.03476355318791864 0.015104918844381317 113 107 109
-0.06394302229462583 -0.05038003254085806 0.027951005775019962 96 87 92
-0.0360622536817259 -0.06383859126522284 0.03853887941575192 136 126 130
0.08213743219979025 -0.08576774281816041 0.02868754008211141 130 119 126
0.11613719570487423 -0.08492553931767913 0.018836825121424074 132 124 130
-0.03451494084144462 -0.07584313644849561 0.038699224523784326 135 126 129
-0.013438239963712552 -0.0839264305045689 0.0377492549736929 127 117 120
-0.003985785098696093 -0.08477755484954877 0.03709916201588717 128 118 123
0.014694558032475753 -0.08851566518990212 0.039249051870762094 137 126 131
0.02400158782661212 -0.09458915043365604 0.037961695797781844 130 118 124
0.032224438936409854 -0.09281363056900728 0.03926517417379623 130 117 123
0.04543903344549155 -0.09570501087044171 0.03873066568819103 130 120 126
0.1137977277404636 -0.10139605966555451 0.018877607015290232 118 107 116
0.14312283525150848 -0.10061365022844285 0.010736048957787705 131 120 130
-0.04066500379277442 -0.08427525986531088 0.03643122790592793 124 113 119
-0.033389781617804995 -0.0869549342280812 0.03816273198733845 128 118 122
-0.005055297748943503 -0.0957382370744835 0.03727699022114843 137 127 132
0.0042517115313134846 -0.09733129490386876 0.03793851749556941 132 122 128
0.013534623924859917 -0.09842825682675856 0.03773444057492395 121 110 117
0.025445139075479177 -0.1013531069748269 0.03802907536287253 124 112 120
0.03627149763442151 -0.10263764445544207 0.039054877662956525 126 114 122
0.045673571194365895 -0.10296646224020894 0.03756825049514487 125 114 120
0.10277604263382793 -0.10597141017340388 0.019952959662313474 114 102 111
0.15040914364814234 -0.11164591595414282 0.009038947604874229 137 126 136
-0.06043877518713095 -0.08425292167811263 0.02627400075470163 98 92 94
-0.015392680354416707 -0.10500265634169628 0.03685670805861346 132 123 128
-0.006186474039480569 -0.1061143399816625 0.03664703414617807 136 126 131
0.005426028241812776 -0.10721411389804056 0.03631147434188853 128 117 124
0.018633261847995363 -0.11032571034540183 0.03771007993282009 121 111 121
0.02579497848555602 -0.11158260253250969 0.03825326109666792 126 116 124
0.03509067381764033 -0.11238935683493592 0.0376494923485972 138 124 130
0.14805871245434044 -0.1226137831258743 0.009889613157681686 142 130 145
-0.13881041244195683 -0.05759302695145295 -0.005495709339964062 118 109 112
-0.10913858628699788 -0.07106204021292413 0.005212940014914312 116 107 112
-0.10070731697265609 -0.07702430409783027 0.007343663174335746 116 110 114
-0.0798334496338758 -0.08415744600413418 0.015454707018161241 112 104 108
-0.06230969886131359 -0.09475207638068528 0.0262075955475173 99 93 97
-0.025868269848590017 -0.10859973515252704 0.036211683980483245 135 126 130
-0.018415700229322287 -0.11177233404005753 0.03716117355516079 135 124 130
0.0077338191693385044 -0.11744243084308471 0.03616536925470816 124 113 119
0.015387475407857008 -0.12093252885939963 0.03837395891304815 128 116 124
0.024550005711158156 -0.1217478663470713 0.037766626898180236 134 122 130
0.1275865390433477 -0.13090682931880118 0.010197503101894847 135 124 132
0.13682253155128726 -0.13173496033855234 0.009589834327646854 136 126 136
0.14564358271930078 -0.1334590802138372 0.010806380815395186 128 116 128
-0.1497846744453828 -0.06633003946754587 -0.005734708076542477 107 98 103
-0.1106864143095584 -0.08180753860023858 0.004980562510884853 112 106 110
-0.07584019210990667 -0.09711878855146237 0.016763147525564667 110 103 106
-0.026772667746137988 -0.11883091924742291 0.03566560907367845 126 116 122
-0.02230861770252757 -0.12519389714133533 0.035489238730736145 139 127 132
0.0050576009770978494 -0.12420106434881913 0.03733324413350072 134 122 128
0.013296966956628355 -0.13367905401185104 0.037223506178238885 137 125 131
0.022480153909603753 -0.13156144006002965 0.03634481500355634 134 118 127
0.046346802003666455 -0.13536383842481117 0.02754112906354674 133 121 128
0.08361348659783478 -0.13527744765220176 0.018344407691281477 133 122 130
0.12560509855578347 -0.14120426781956655 0.010266954150668878 128 116 126
0.13627809340884442 -0.1429432180011212 0.0101637440133432 128 115 128
0.14737697542358946 -0.1454038004924432 0.012249899149649704 132 120 136
-0.05632353146946004 -0.11508689559943419 0.025742482109245058 104 96 101
-0.005606300474323525 -0.13593789550855906 0.03758992661490554 117 104 112
0.004008424521273469 -0.13400932455280418 0.03647493646780561 126 118 124
0.06359504332867828 -0.1441144051965777 0.02007623956815892 118 104 114
0.07285782978244669 -0.1440628310640269 0.017646546494665877 120 108 118
0.1278813891538801 -0.15220370803189098 0.009913956837327513 138 124 136
-0.07678614588487391 -0.11718689812885134 0.015080264733527199 122 111 117
-0.051184759713032 -0.13530359264310104 0.027945003524321766 102 96 102
-0.024229165327632106 -0.14042818236772983 0.035665244428037965 129 120 126
-0.015182565300941281 -0.14169147778476693 0.03596032001206932 126 116 122
-0.0038031162274465634 -0.14423186695199913 0.03624157895478454 120 107 115
-0.10291065129079005 -0.11444807302571991 0.005260418240025523 109 99 104
-0.09598824936598524 -0.12422728951625713 0.004692862173512211 126 118 124
-0.07134841732919892 -0.13989594882091347 0.016378798716558784 104 95 100
-0.05396562290878846 -0.1494223100436379 0.02715611747570798 86 81 89
-0.10000936204565547 -0.13781595669582805 0.005039293408827856 117 108 115
-0.10141107835348301 -0.14868842490380446 0.007163253487411451 117 104 112
-0.04154419208485743 0.10522312432470925 0.026748405070031664 117 111 112
-0.0436079507725304 -0.03846936556643023 0.035916364678717 118 112 115
0.013293126745943696 0.13151767881692705 0.018394577884797064 128 122 124
-0.0672704744950587 0.12302916524749578 0.017345626283774167 95 90 88
-0.1160347887851044 0.12069315926113842 0.00581830347050705 111 107 108
-0.12658670409948167 0.10572970548269318 0.0069762704690457394 124 115 118
-0.11414574624433281 0.1030777046901342 0.009428153038792797 119 113 115
-0.02926094996089897 0.07629893102411019 0.03732154983361724 111 105 107
0.10114732883336681 0.08315595167930104 0.018469806658820403 130 124 128
-0.12573112549230106 0.09196920532890618 0.005973015763651714 118 109 112
-0.11392043812098343 0.09119127087311849 0.006104634223659327 123 118 116
0.11115768459805185 0.06844725061243685 0.01905408598794313 123 117 119
-0.10038266623106135 0.06218781344779982 0.006146609259456558 103 99 100
-0.0403885204851242 0.04373495283770084 0.027377982991347593 111 105 107
0.15166727634062985 0.032881382130376405 0.010210440533453827 120 111 116
-0.1345793259233063 0.03022948400911104 -0.004683135473868534 124 113 117
0.09682094714186394 -0.0023689645100418194 0.02840567160372116 111 102 107
-0.05963094346377968 -0.01937809423123547 0.026758622783390654 109 103 105
0.12660999550963484 -0.021951185103652567 0.018648698652635857 124 115 120
-0.13149516864480976 -0.00913655357076314 -0.005518046637363681 116 110 114
0.12580489030064754 -0.03410528891808439 0.018805956020101267 124 115 122
-0.13031534920386417 -0.022320504291955274 -0.00508047949003659 116 107 110
0.09454436567202315 -0.050389418633859664 0.028074433508413283 121 108 114
0.12508858610822793 -0.04560874812778285 0.018160419084730678 129 118 126
-0.12891619979326496 -0.03584863242984205 -0.0037111529364704018 135 126 129
0.09402069863905936 -0.06169998821534667 0.027510302508905057 138 129 136
0.12420765838543518 -0.05802014087130818 0.019342700395466386 115 104 110
-0.08038574964416112 -0.06075274534165908 0.015539760131257102 105 99 101
0.0539611758575996 -0.08484861569922707 0.04055081108923396 134 121 126
-0.07969376044394891 -0.0726968799512556 0.015595328611722095 114 108 110
-0.03490313851253196 -0.09653241346931017 0.036007788495228704 128 117 123
-0.02497700476706361 -0.09662593829002308 0.0356475477665551 128 117 121
0.11229557528145728 -0.09185569500289435 0.019233697620255202 121 110 118
0.014628550723384945 -0.10926489058673004 0.036517139756993125 125 114 120
0.04367881078132621 -0.11000225668431628 0.03644414915660352 133 122 128
0.07261518391910951 -0.10658844595895524 0.02830985788351409 128 117 123
0.15132252375092392 -0.09850336262795253 0.00851752536964091 120 106 117
-0.10033713391636101 -0.10229985363920042 0.006424521842644254 118 109 112
0.0339071114556582 -0.12061497962397362 0.03648428009893104 132 121 127
0.09126697151477653 -0.12417742079494364 0.01901403493012212 117 104 112
-0.09881784512391656 -0.12488088376374157 0.0061000250572817655 118 107 111
-0.03357844046237493 -0.13997765774386328 0.035429827253940255 119 108 114
0.0051410819502867265 -0.141501757639921 0.036960439345676194 133 127 131
0.014615597584093998 -0.14113989558318726 0.03576605836511565 138 129 134
-0.14012145678386104 -0.13404425064362332 0.003504564723301835 133 122 126
-0.023346730579880865 -0.1517421331756535 0.03765859339707357 119 108 114
0.042746084540807805 -0.1479636328978102 0.02656029705446275 115 99 106
0.11929150663869477 -0.14169552384237907 0.009533422744303108 119 105 116
-0.05088516028304558 0.09249865623275733 0.026723947011078646 111 106 104
0.12764678869039223 0.1328312135616271 0.010255843268943835 88 80 79
0.13845365586997765 0.1311635674975849 0.01138843863177479 98 94 95
-0.0018853477428670174 0.13201569685280162 0.017247349739848154 114 109 107
-0.020397710193031174 0.08070917557365948 0.03729671710140569 115 110 108
