radius_lower_m,radius_upper_m,radius_center_m,count,jp_mean,jp_rmse,jp_p05,jp_median,jp_p95,delta_jp_mean,delta_jp_rmse,delta_jp_p05,delta_jp_median,delta_jp_p95,det_f_mean,det_f_rmse,det_f_p05,det_f_median,det_f_p95,delta_det_f_mean,delta_det_f_rmse,delta_det_f_p05,delta_det_f_median,delta_det_f_p95,vertical_displacement_mm_mean,vertical_displacement_mm_rmse,vertical_displacement_mm_p05,vertical_displacement_mm_median,vertical_displacement_mm_p95,phase,inside_action_radius
0.0,0.005,0.0025,46,0.0,0.0,0.0,0.0,0.0,0.0,0.0,0.0,0.0,0.0,0.9344173669815063,0.9351478219032288,0.8702638149261475,0.9352028369903564,0.9854127168655396,0.0,0.0,0.0,0.0,0.0,0.0,0.0,0.0,0.0,0.0,initial,True
0.005,0.01,0.0075,150,0.0,0.0,0.0,0.0,0.0,0.0,0.0,0.0,0.0,0.0,0.9373232126235962,0.938048779964447,0.8711388111114502,0.9396626949310303,0.9882265329360962,0.0,0.0,0.0,0.0,0.0,0.0,0.0,0.0,0.0,0.0,initial,True
0.01,0.015,0.0125,333,0.0,0.0,0.0,0.0,0.0,0.0,0.0,0.0,0.0,0.0,0.9383026361465454,0.9390342235565186,0.8704521059989929,0.9395967721939087,0.9887292385101318,0.0,0.0,0.0,0.0,0.0,0.0,0.0,0.0,0.0,0.0,initial,True
0.015,0.02,0.0175,416,0.0,0.0,0.0,0.0,0.0,0.0,0.0,0.0,0.0,0.0,0.9386479258537292,0.9393756985664368,0.870364248752594,0.9400382041931152,0.9884034395217896,0.0,0.0,0.0,0.0,0.0,0.0,0.0,0.0,0.0,0.0,initial,True
0.02,0.025,0.0225,504,0.0,0.0,0.0,0.0,0.0,0.0,0.0,0.0,0.0,0.0,0.9383807182312012,0.9391103386878967,0.8710123896598816,0.9398131370544434,0.9883586168289185,0.0,0.0,0.0,0.0,0.0,0.0,0.0,0.0,0.0,0.0,initial,True
0.025,0.03,0.0275,840,0.0,0.0,0.0,0.0,0.0,0.0,0.0,0.0,0.0,0.0,0.9385421276092529,0.9392735362052917,0.8709139227867126,0.9402806758880615,0.9882055521011353,0.0,0.0,0.0,0.0,0.0,0.0,0.0,0.0,0.0,0.0,initial,True
0.03,0.035,0.0325,756,0.0,0.0,0.0,0.0,0.0,0.0,0.0,0.0,0.0,0.0,0.9385600686073303,0.9392919540405273,0.8709945678710938,0.9403342604637146,0.9885680079460144,0.0,0.0,0.0,0.0,0.0,0.0,0.0,0.0,0.0,0.0,initial,True
0.035,0.04,0.037500000000000006,1008,0.0,0.0,0.0,0.0,0.0,0.0,0.0,0.0,0.0,0.0,0.9386813640594482,0.9394164085388184,0.8706788420677185,0.9403419494628906,0.9889132380485535,0.0,0.0,0.0,0.0,0.0,0.0,0.0,0.0,0.0,0.0,initial,True
0.04,0.045,0.042499999999999996,1176,0.0,0.0,0.0,0.0,0.0,0.0,0.0,0.0,0.0,0.0,0.938782274723053,0.9395188093185425,0.8707007169723511,0.9406008124351501,0.9891148805618286,0.0,0.0,0.0,0.0,0.0,0.0,0.0,0.0,0.0,0.0,initial,True
0.045,0.05,0.0475,1176,0.0,0.0,0.0,0.0,0.0,0.0,0.0,0.0,0.0,0.0,0.9388585686683655,0.9395965933799744,0.8708269596099854,0.9405699372291565,0.9893007874488831,0.0,0.0,0.0,0.0,0.0,0.0,0.0,0.0,0.0,0.0,initial,True
0.05,0.055,0.052500000000000005,1428,0.0,0.0,0.0,0.0,0.0,0.0,0.0,0.0,0.0,0.0,0.9388611316680908,0.9395990371704102,0.8708875179290771,0.9407904744148254,0.9900144934654236,0.0,0.0,0.0,0.0,0.0,0.0,0.0,0.0,0.0,0.0,initial,True
0.055,0.06,0.057499999999999996,1344,0.0,0.0,0.0,0.0,0.0,0.0,0.0,0.0,0.0,0.0,0.9388782978057861,0.9396173357963562,0.8705334663391113,0.9406485557556152,0.9902060627937317,0.0,0.0,0.0,0.0,0.0,0.0,0.0,0.0,0.0,0.0,initial,True
0.06,0.065,0.0625,1680,0.0,0.0,0.0,0.0,0.0,0.0,0.0,0.0,0.0,0.0,0.93889319896698,0.9396337866783142,0.870928943157196,0.9409447312355042,0.9907637238502502,0.0,0.0,0.0,0.0,0.0,0.0,0.0,0.0,0.0,0.0,initial,True
0.065,0.07,0.0675,1932,0.0,0.0,0.0,0.0,0.0,0.0,0.0,0.0,0.0,0.0,0.9389349818229675,0.9396782517433167,0.8708096742630005,0.9406431317329407,0.9912217259407043,0.0,0.0,0.0,0.0,0.0,0.0,0.0,0.0,0.0,0.0,initial,True
0.07,0.075,0.07250000000000001,1848,0.0,0.0,0.0,0.0,0.0,0.0,0.0,0.0,0.0,0.0,0.9390044808387756,0.9397490620613098,0.870839536190033,0.940922200679779,0.9918403625488281,0.0,0.0,0.0,0.0,0.0,0.0,0.0,0.0,0.0,0.0,initial,True
0.075,0.08,0.0775,2016,0.0,0.0,0.0,0.0,0.0,0.0,0.0,0.0,0.0,0.0,0.9391058087348938,0.939851701259613,0.8706880807876587,0.9410362243652344,0.9922675490379333,0.0,0.0,0.0,0.0,0.0,0.0,0.0,0.0,0.0,0.0,initial,False
0.08,0.085,0.0825,1998,0.0,0.0,0.0,0.0,0.0,0.0,0.0,0.0,0.0,0.0,0.9387503862380981,0.9394952058792114,0.8706682324409485,0.9408935904502869,0.9923933148384094,0.0,0.0,0.0,0.0,0.0,0.0,0.0,0.0,0.0,0.0,initial,False
0.085,0.09,0.0875,2454,0.0,0.0,0.0,0.0,0.0,0.0,0.0,0.0,0.0,0.0,0.9395834803581238,0.9403368234634399,0.8705885410308838,0.9412946701049805,0.9929198026657104,0.0,0.0,0.0,0.0,0.0,0.0,0.0,0.0,0.0,0.0,initial,False
0.09,0.095,0.0925,2415,0.0,0.0,0.0,0.0,0.0,0.0,0.0,0.0,0.0,0.0,0.9383267164230347,0.939090371131897,0.8700811862945557,0.9406958222389221,0.9930794835090637,0.0,0.0,0.0,0.0,0.0,0.0,0.0,0.0,0.0,0.0,initial,False
0.095,0.1,0.0975,2625,0.0,0.0,0.0,0.0,0.0,0.0,0.0,0.0,0.0,0.0,0.9402996897697449,0.9410445690155029,0.8705368041992188,0.9417567849159241,0.9933657050132751,0.0,0.0,0.0,0.0,0.0,0.0,0.0,0.0,0.0,0.0,initial,False
0.1,0.105,0.10250000000000001,2604,0.0,0.0,0.0,0.0,0.0,0.0,0.0,0.0,0.0,0.0,0.9394521713256836,0.9402096271514893,0.8704819083213806,0.9414958953857422,0.9934495091438293,0.0,0.0,0.0,0.0,0.0,0.0,0.0,0.0,0.0,0.0,initial,False
0.105,0.11,0.1075,3011,0.0,0.0,0.0,0.0,0.0,0.0,0.0,0.0,0.0,0.0,0.9393167495727539,0.9400743246078491,0.8702526092529297,0.9415382742881775,0.9936232566833496,0.0,0.0,0.0,0.0,0.0,0.0,0.0,0.0,0.0,0.0,initial,False
0.11,0.115,0.1125,2869,0.0,0.0,0.0,0.0,0.0,0.0,0.0,0.0,0.0,0.0,0.9397693276405334,0.9405327439308167,0.8701959252357483,0.9417938590049744,0.9938799738883972,0.0,0.0,0.0,0.0,0.0,0.0,0.0,0.0,0.0,0.0,initial,False
0.115,0.12,0.1175,2940,0.0,0.0,0.0,0.0,0.0,0.0,0.0,0.0,0.0,0.0,0.9396436214447021,0.9404070973396301,0.8701881170272827,0.9417423605918884,0.9939549565315247,0.0,0.0,0.0,0.0,0.0,0.0,0.0,0.0,0.0,0.0,initial,False
0.12,0.125,0.1225,3192,0.0,0.0,0.0,0.0,0.0,0.0,0.0,0.0,0.0,0.0,0.9396958351135254,0.9404597878456116,0.8701322078704834,0.9418038129806519,0.9942202568054199,0.0,0.0,0.0,0.0,0.0,0.0,0.0,0.0,0.0,0.0,initial,False
0.125,0.13,0.1275,3400,0.0,0.0,0.0,0.0,0.0,0.0,0.0,0.0,0.0,0.0,0.9387915134429932,0.9395627379417419,0.8697524666786194,0.9414979219436646,0.994431734085083,0.0,0.0,0.0,0.0,0.0,0.0,0.0,0.0,0.0,0.0,initial,False
0.13,0.135,0.1325,3824,0.0,0.0,0.0,0.0,0.0,0.0,0.0,0.0,0.0,0.0,0.9407253861427307,0.9414863586425781,0.8700348138809204,0.9421731233596802,0.9948259592056274,0.0,0.0,0.0,0.0,0.0,0.0,0.0,0.0,0.0,0.0,initial,False
0.135,0.14,0.1375,3444,0.0,0.0,0.0,0.0,0.0,0.0,0.0,0.0,0.0,0.0,0.9398929476737976,0.9406611919403076,0.8698737025260925,0.9419040679931641,0.9949016571044922,0.0,0.0,0.0,0.0,0.0,0.0,0.0,0.0,0.0,0.0,initial,False
0.14,0.145,0.14250000000000002,3528,0.0,0.0,0.0,0.0,0.0,0.0,0.0,0.0,0.0,0.0,0.9399580359458923,0.9407287240028381,0.8700968027114868,0.9420592784881592,0.9950445294380188,0.0,0.0,0.0,0.0,0.0,0.0,0.0,0.0,0.0,0.0,initial,False
0.145,0.15,0.1475,3899,0.0,0.0,0.0,0.0,0.0,0.0,0.0,0.0,0.0,0.0,0.9395511150360107,0.9403337836265564,0.8695295453071594,0.941991925239563,0.9952220916748047,0.0,0.0,0.0,0.0,0.0,0.0,0.0,0.0,0.0,0.0,initial,False
0.15,0.155,0.1525,4081,0.0,0.0,0.0,0.0,0.0,0.0,0.0,0.0,0.0,0.0,0.9405540227890015,0.9413177371025085,0.8702785968780518,0.9423206448554993,0.995418131351471,0.0,0.0,0.0,0.0,0.0,0.0,0.0,0.0,0.0,0.0,initial,False
0.155,0.16,0.1575,4252,0.0,0.0,0.0,0.0,0.0,0.0,0.0,0.0,0.0,0.0,0.9396231770515442,0.9404082298278809,0.8694131970405579,0.9418956637382507,0.9956626892089844,0.0,0.0,0.0,0.0,0.0,0.0,0.0,0.0,0.0,0.0,initial,False
0.16,0.165,0.1625,4150,0.0,0.0,0.0,0.0,0.0,0.0,0.0,0.0,0.0,0.0,0.9406970143318176,0.9414701461791992,0.8701640963554382,0.9424749612808228,0.9958588480949402,0.0,0.0,0.0,0.0,0.0,0.0,0.0,0.0,0.0,0.0,initial,False
0.165,0.17,0.1675,4205,0.0,0.0,0.0,0.0,0.0,0.0,0.0,0.0,0.0,0.0,0.9391811490058899,0.939984142780304,0.8488801121711731,0.9418404698371887,0.9959828853607178,0.0,0.0,0.0,0.0,0.0,0.0,0.0,0.0,0.0,0.0,initial,False
0.17,0.17500000000000002,0.17250000000000001,4778,0.0,0.0,0.0,0.0,0.0,0.0,0.0,0.0,0.0,0.0,0.9401648044586182,0.9409357905387878,0.8703820109367371,0.9418758153915405,0.9959883689880371,0.0,0.0,0.0,0.0,0.0,0.0,0.0,0.0,0.0,0.0,initial,False
0.17500000000000002,0.18,0.1775,4659,0.0,0.0,0.0,0.0,0.0,0.0,0.0,0.0,0.0,0.0,0.9409693479537964,0.9417499899864197,0.869985818862915,0.9428574442863464,0.9962396621704102,0.0,0.0,0.0,0.0,0.0,0.0,0.0,0.0,0.0,0.0,initial,False
0.18,0.185,0.1825,4916,0.0,0.0,0.0,0.0,0.0,0.0,0.0,0.0,0.0,0.0,0.9407210946083069,0.9415144324302673,0.8698418140411377,0.942592442035675,0.9962677955627441,0.0,0.0,0.0,0.0,0.0,0.0,0.0,0.0,0.0,0.0,initial,False
0.185,0.19,0.1875,4664,0.0,0.0,0.0,0.0,0.0,0.0,0.0,0.0,0.0,0.0,0.9399242401123047,0.9407306909561157,0.8692936301231384,0.9421337842941284,0.9963496923446655,0.0,0.0,0.0,0.0,0.0,0.0,0.0,0.0,0.0,0.0,initial,False
0.19,0.195,0.1925,5110,0.0,0.0,0.0,0.0,0.0,0.0,0.0,0.0,0.0,0.0,0.9388086795806885,0.9396120309829712,0.8576037287712097,0.9413504004478455,0.9964714050292969,0.0,0.0,0.0,0.0,0.0,0.0,0.0,0.0,0.0,0.0,initial,False
0.195,0.2,0.1975,5347,0.0,0.0,0.0,0.0,0.0,0.0,0.0,0.0,0.0,0.0,0.9414644837379456,0.9422677159309387,0.8697150349617004,0.9433348774909973,0.9967845678329468,0.0,0.0,0.0,0.0,0.0,0.0,0.0,0.0,0.0,0.0,initial,False
0.2,0.20500000000000002,0.2025,5211,0.0,0.0,0.0,0.0,0.0,0.0,0.0,0.0,0.0,0.0,0.9410773515701294,0.9418695569038391,0.8696732521057129,0.943348228931427,0.9966922998428345,0.0,0.0,0.0,0.0,0.0,0.0,0.0,0.0,0.0,0.0,initial,False
0.20500000000000002,0.21,0.20750000000000002,5517,0.0,0.0,0.0,0.0,0.0,0.0,0.0,0.0,0.0,0.0,0.940141499042511,0.940948486328125,0.8691046833992004,0.9432494044303894,0.9966527819633484,0.0,0.0,0.0,0.0,0.0,0.0,0.0,0.0,0.0,0.0,initial,False
0.21,0.215,0.2125,5308,0.0,0.0,0.0,0.0,0.0,0.0,0.0,0.0,0.0,0.0,0.9396023154258728,0.9404444694519043,0.8480123281478882,0.9437035322189331,0.9966005086898804,0.0,0.0,0.0,0.0,0.0,0.0,0.0,0.0,0.0,0.0,initial,False
0.215,0.22,0.2175,5939,0.0,0.0,0.0,0.0,0.0,0.0,0.0,0.0,0.0,0.0,0.9394871592521667,0.9402980208396912,0.8680859208106995,0.9435634016990662,0.9965229034423828,0.0,0.0,0.0,0.0,0.0,0.0,0.0,0.0,0.0,0.0,initial,False
0.22,0.225,0.2225,5807,0.0,0.0,0.0,0.0,0.0,0.0,0.0,0.0,0.0,0.0,0.9404408931732178,0.9412694573402405,0.8679625391960144,0.9443048238754272,0.9965456128120422,0.0,0.0,0.0,0.0,0.0,0.0,0.0,0.0,0.0,0.0,initial,False
0.225,0.23,0.2275,5819,0.0,0.0,0.0,0.0,0.0,0.0,0.0,0.0,0.0,0.0,0.9400085210800171,0.9408137798309326,0.8676719665527344,0.943821907043457,0.9962937831878662,0.0,0.0,0.0,0.0,0.0,0.0,0.0,0.0,0.0,0.0,initial,False
0.23,0.23500000000000001,0.2325,6273,0.0,0.0,0.0,0.0,0.0,0.0,0.0,0.0,0.0,0.0,0.9401267170906067,0.940942108631134,0.8671638369560242,0.9441589713096619,0.9962499141693115,0.0,0.0,0.0,0.0,0.0,0.0,0.0,0.0,0.0,0.0,initial,False
0.23500000000000001,0.24,0.2375,6163,0.0,0.0,0.0,0.0,0.0,0.0,0.0,0.0,0.0,0.0,0.9400898218154907,0.9409259557723999,0.8664653897285461,0.9438939690589905,0.9962496161460876,0.0,0.0,0.0,0.0,0.0,0.0,0.0,0.0,0.0,0.0,initial,False
0.24,0.245,0.2425,6596,0.0,0.0,0.0,0.0,0.0,0.0,0.0,0.0,0.0,0.0,0.9401726722717285,0.9410004615783691,0.86597740650177,0.9440970420837402,0.9959201812744141,0.0,0.0,0.0,0.0,0.0,0.0,0.0,0.0,0.0,0.0,initial,False
0.245,0.25,0.2475,6359,0.0,0.0,0.0,0.0,0.0,0.0,0.0,0.0,0.0,0.0,0.941316545009613,0.9421547651290894,0.8655581474304199,0.945549726486206,0.99582839012146,0.0,0.0,0.0,0.0,0.0,0.0,0.0,0.0,0.0,0.0,initial,False
0.25,0.255,0.2525,6353,0.0,0.0,0.0,0.0,0.0,0.0,0.0,0.0,0.0,0.0,0.9399724006652832,0.940820574760437,0.8633636832237244,0.9445477724075317,0.9953598380088806,0.0,0.0,0.0,0.0,0.0,0.0,0.0,0.0,0.0,0.0,initial,False
0.255,0.26,0.2575,6833,0.0,0.0,0.0,0.0,0.0,0.0,0.0,0.0,0.0,0.0,0.9391466975212097,0.9399930834770203,0.8612737059593201,0.9434072971343994,0.995189905166626,0.0,0.0,0.0,0.0,0.0,0.0,0.0,0.0,0.0,0.0,initial,False
0.26,0.265,0.2625,7010,0.0,0.0,0.0,0.0,0.0,0.0,0.0,0.0,0.0,0.0,0.9416027665138245,0.9424293041229248,0.8632574081420898,0.9461612105369568,0.9952875971794128,0.0,0.0,0.0,0.0,0.0,0.0,0.0,0.0,0.0,0.0,initial,False
0.265,0.27,0.2675,7082,0.0,0.0,0.0,0.0,0.0,0.0,0.0,0.0,0.0,0.0,0.9395471215248108,0.94038325548172,0.8625689744949341,0.9437052011489868,0.9948815107345581,0.0,0.0,0.0,0.0,0.0,0.0,0.0,0.0,0.0,0.0,initial,False
0.27,0.275,0.2725,7126,0.0,0.0,0.0,0.0,0.0,0.0,0.0,0.0,0.0,0.0,0.9419530034065247,0.9427671432495117,0.8638373613357544,0.9464327096939087,0.9949012994766235,0.0,0.0,0.0,0.0,0.0,0.0,0.0,0.0,0.0,0.0,initial,False
0.275,0.28,0.2775,7021,0.0,0.0,0.0,0.0,0.0,0.0,0.0,0.0,0.0,0.0,0.9405391812324524,0.9413664937019348,0.8630383610725403,0.9453989863395691,0.9941309690475464,0.0,0.0,0.0,0.0,0.0,0.0,0.0,0.0,0.0,0.0,initial,False
0.28,0.28500000000000003,0.28250000000000003,7588,0.0,0.0,0.0,0.0,0.0,0.0,0.0,0.0,0.0,0.0,0.9424112439155579,0.9432129859924316,0.8636065721511841,0.9481759667396545,0.9944414496421814,0.0,0.0,0.0,0.0,0.0,0.0,0.0,0.0,0.0,0.0,initial,False
0.28500000000000003,0.29,0.2875,7477,2.8039108656230383e-05,0.0005258115124888718,0.0,0.0,0.0,0.0,0.0,0.0,0.0,0.0,0.9459831714630127,0.9467437267303467,0.8644952178001404,0.9535331130027771,0.9947564601898193,0.0,0.0,0.0,0.0,0.0,0.0,0.0,0.0,0.0,0.0,initial,False
0.29,0.295,0.2925,7701,6.551757542183623e-05,0.0007978034554980695,0.0,0.0,0.0,0.0,0.0,0.0,0.0,0.0,0.9448329210281372,0.9456251859664917,0.8629311323165894,0.9528070092201233,0.9954500198364258,0.0,0.0,0.0,0.0,0.0,0.0,0.0,0.0,0.0,0.0,initial,False
0.295,0.3,0.2975,7668,0.00013584340922534466,0.0021442887373268604,0.0,0.0,0.0,0.0,0.0,0.0,0.0,0.0,0.9433002471923828,0.9440993070602417,0.8637776374816895,0.9513731598854065,0.995568037033081,0.0,0.0,0.0,0.0,0.0,0.0,0.0,0.0,0.0,0.0,initial,False
0.3,0.305,0.3025,7440,0.0002993862144649029,0.003862056415528059,0.0,0.0,0.0,0.0,0.0,0.0,0.0,0.0,0.9370416402816772,0.9379487633705139,0.860293447971344,0.9428437948226929,0.9953309297561646,0.0,0.0,0.0,0.0,0.0,0.0,0.0,0.0,0.0,0.0,initial,False
0.305,0.31,0.3075,6894,0.00040677248034626245,0.004570084623992443,0.0,0.0,0.0,0.0,0.0,0.0,0.0,0.0,0.9386542439460754,0.9395654797554016,0.8615992665290833,0.9465756416320801,0.9954865574836731,0.0,0.0,0.0,0.0,0.0,0.0,0.0,0.0,0.0,0.0,initial,False
0.31,0.315,0.3125,5569,0.0003908444778062403,0.004449300467967987,0.0,0.0,0.0,0.0,0.0,0.0,0.0,0.0,0.9397891163825989,0.9406710863113403,0.8611361980438232,0.947412371635437,0.9954044222831726,0.0,0.0,0.0,0.0,0.0,0.0,0.0,0.0,0.0,0.0,initial,False
0.315,0.32,0.3175,5173,0.00035359826870262623,0.004253307823091745,0.0,0.0,0.0,0.0,0.0,0.0,0.0,0.0,0.9384097456932068,0.9393332004547119,0.8563161492347717,0.9459996819496155,0.9954621195793152,0.0,0.0,0.0,0.0,0.0,0.0,0.0,0.0,0.0,0.0,initial,False
0.32,0.325,0.3225,4608,0.00035628859768621624,0.004204011522233486,0.0,0.0,0.0,0.0,0.0,0.0,0.0,0.0,0.9409321546554565,0.9418244361877441,0.8610010743141174,0.9486707448959351,0.9954558610916138,0.0,0.0,0.0,0.0,0.0,0.0,0.0,0.0,0.0,0.0,initial,False
0.325,0.33,0.3275,4492,0.00025080449995584786,0.0035506589338183403,0.0,0.0,0.0,0.0,0.0,0.0,0.0,0.0,0.938474714756012,0.9393854141235352,0.8562186360359192,0.946489691734314,0.9945306777954102,0.0,0.0,0.0,0.0,0.0,0.0,0.0,0.0,0.0,0.0,initial,False
0.33,0.335,0.3325,4128,0.00032304017804563046,0.004118375480175018,0.0,0.0,0.0,0.0,0.0,0.0,0.0,0.0,0.9416428208351135,0.9425441026687622,0.859894871711731,0.949734091758728,0.9949997067451477,0.0,0.0,0.0,0.0,0.0,0.0,0.0,0.0,0.0,0.0,initial,False
0.335,0.34,0.3375,3566,0.0003130995319224894,0.00401182658970356,0.0,0.0,0.0,0.0,0.0,0.0,0.0,0.0,0.9402561187744141,0.9411762952804565,0.8540087938308716,0.9485307931900024,0.9945948719978333,0.0,0.0,0.0,0.0,0.0,0.0,0.0,0.0,0.0,0.0,initial,False
0.34,0.34500000000000003,0.3425,3611,0.00027957651764154434,0.00379420118406415,0.0,0.0,0.0,0.0,0.0,0.0,0.0,0.0,0.940040647983551,0.9409591555595398,0.858519434928894,0.9470317959785461,0.9946543574333191,0.0,0.0,0.0,0.0,0.0,0.0,0.0,0.0,0.0,0.0,initial,False
0.34500000000000003,0.35000000000000003,0.34750000000000003,3119,0.00031835740082897246,0.004104204010218382,0.0,0.0,0.0,0.0,0.0,0.0,0.0,0.0,0.9406933188438416,0.9415891170501709,0.8592630624771118,0.9490472078323364,0.9941603541374207,0.0,0.0,0.0,0.0,0.0,0.0,0.0,0.0,0.0,0.0,initial,False
0.35000000000000003,0.355,0.35250000000000004,2999,0.0003417310945224017,0.004226245917379856,0.0,0.0,0.0,0.0,0.0,0.0,0.0,0.0,0.9387049674987793,0.9396593570709229,0.853131890296936,0.9473268389701843,0.9943834543228149,0.0,0.0,0.0,0.0,0.0,0.0,0.0,0.0,0.0,0.0,initial,False
0.355,0.36,0.3575,2793,0.0003614185261540115,0.0044220564886927605,0.0,0.0,0.0,0.0,0.0,0.0,0.0,0.0,0.9423987865447998,0.9432809948921204,0.8600094318389893,0.9507526159286499,0.9945623874664307,0.0,0.0,0.0,0.0,0.0,0.0,0.0,0.0,0.0,0.0,initial,False
0.36,0.365,0.3625,2265,0.00041277409764006734,0.004677664488554001,0.0,0.0,0.0,0.0,0.0,0.0,0.0,0.0,0.9388521909713745,0.939832866191864,0.8516468405723572,0.9484962224960327,0.9944702386856079,0.0,0.0,0.0,0.0,0.0,0.0,0.0,0.0,0.0,0.0,initial,False
0.365,0.37,0.3675,2530,0.00040661412640474737,0.004778485279530287,0.0,0.0,0.0,0.0,0.0,0.0,0.0,0.0,0.9411728978157043,0.9420455694198608,0.8612838983535767,0.949425995349884,0.9940304756164551,0.0,0.0,0.0,0.0,0.0,0.0,0.0,0.0,0.0,0.0,initial,False
0.37,0.375,0.3725,1945,0.00042574843973852694,0.0048161884769797325,0.0,0.0,0.0,0.0,0.0,0.0,0.0,0.0,0.9419066309928894,0.9428026080131531,0.86117023229599,0.9527016878128052,0.9945396780967712,0.0,0.0,0.0,0.0,0.0,0.0,0.0,0.0,0.0,0.0,initial,False
0.375,0.38,0.3775,1995,0.0004730871587526053,0.005230539944022894,0.0,0.0,0.0,0.0,0.0,0.0,0.0,0.0,0.9395407438278198,0.9404547810554504,0.8603643178939819,0.9499981999397278,0.9926216006278992,0.0,0.0,0.0,0.0,0.0,0.0,0.0,0.0,0.0,0.0,initial,False
0.38,0.385,0.3825,1664,0.000608710281085223,0.005940577015280724,0.0,0.0,0.0,0.0,0.0,0.0,0.0,0.0,0.9434792995452881,0.9443373084068298,0.8610597848892212,0.9541914463043213,0.9957967400550842,0.0,0.0,0.0,0.0,0.0,0.0,0.0,0.0,0.0,0.0,initial,False
0.385,0.39,0.3875,1213,0.0005839166697114706,0.005925105884671211,0.0,0.0,0.0,0.0,0.0,0.0,0.0,0.0,0.9362101554870605,0.9371895790100098,0.8494164943695068,0.9482645392417908,0.9934106469154358,0.0,0.0,0.0,0.0,0.0,0.0,0.0,0.0,0.0,0.0,initial,False
0.39,0.395,0.3925,1622,0.0007322736200876534,0.006758723873645067,0.0,0.0,0.0,0.0,0.0,0.0,0.0,0.0,0.9455015659332275,0.9463152885437012,0.8641056418418884,0.9574615359306335,0.995558500289917,0.0,0.0,0.0,0.0,0.0,0.0,0.0,0.0,0.0,0.0,initial,False
0.395,0.4,0.3975,892,0.0006640449282713234,0.006545978598296642,0.0,0.0,0.0,0.0,0.0,0.0,0.0,0.0,0.9360458254814148,0.9370542764663696,0.8514366745948792,0.9496046304702759,0.9925284385681152,0.0,0.0,0.0,0.0,0.0,0.0,0.0,0.0,0.0,0.0,initial,False
0.4,0.405,0.4025,1096,0.0011861792299896479,0.008622042834758759,0.0,0.0,0.0,0.0,0.0,0.0,0.0,0.0,0.9463240504264832,0.9472146034240723,0.8671075701713562,0.9586910605430603,0.9994572401046753,0.0,0.0,0.0,0.0,0.0,0.0,0.0,0.0,0.0,0.0,initial,False
0.405,0.41000000000000003,0.40750000000000003,646,0.0016847968799993396,0.009330732747912407,0.0,0.0,0.0038130769971758127,0.0,0.0,0.0,0.0,0.0,0.9346433281898499,0.9358357787132263,0.8515218496322632,0.942024827003479,0.9999995827674866,0.0,0.0,0.0,0.0,0.0,0.0,0.0,0.0,0.0,0.0,initial,False
0.41000000000000003,0.41500000000000004,0.41250000000000003,558,0.0030075926333665848,0.013950880616903305,0.0,0.0,0.012724336236715317,0.0,0.0,0.0,0.0,0.0,0.9440866708755493,0.9450563192367554,0.8729270100593567,0.9495577812194824,1.0,0.0,0.0,0.0,0.0,0.0,0.0,0.0,0.0,0.0,0.0,initial,False
0.41500000000000004,0.42,0.4175,432,0.005219476297497749,0.02630314603447914,0.0,0.0,0.008742115460336208,0.0,0.0,0.0,0.0,0.0,0.9233655333518982,0.9244610667228699,0.8498947024345398,0.9192653894424438,0.9999997019767761,0.0,0.0,0.0,0.0,0.0,0.0,0.0,0.0,0.0,0.0,initial,False
0.42,0.425,0.4225,212,0.008442370221018791,0.0457024872303009,0.0,0.0,0.0,0.0,0.0,0.0,0.0,0.0,0.9057867527008057,0.907341718673706,0.8104581832885742,0.901636004447937,0.9922036528587341,0.0,0.0,0.0,0.0,0.0,0.0,0.0,0.0,0.0,0.0,initial,False
0.425,0.43,0.4275,116,0.008262522518634796,0.03679795563220978,0.0,0.0,0.030965354293584824,0.0,0.0,0.0,0.0,0.0,0.8748626112937927,0.8761233687400818,0.8097668886184692,0.8644262552261353,0.9691897630691528,0.0,0.0,0.0,0.0,0.0,0.0,0.0,0.0,0.0,0.0,initial,False
0.43,0.435,0.4325,12,0.18293507397174835,0.2672879993915558,0.0,0.14779794216156006,0.5001488924026489,0.0,0.0,0.0,0.0,0.0,0.9142783284187317,0.9195061922073364,0.7805337905883789,0.9617486000061035,1.000000238418579,0.0,0.0,0.0,0.0,0.0,0.0,0.0,0.0,0.0,0.0,initial,False
0.435,0.44,0.4375,2,0.49972277879714966,0.49972283840179443,0.4995291829109192,0.49972277879714966,0.4999164044857025,0.0,0.0,0.0,0.0,0.0,1.0000001192092896,1.0000001192092896,0.9999999403953552,1.0000001192092896,1.000000238418579,0.0,0.0,0.0,0.0,0.0,0.0,0.0,0.0,0.0,0.0,initial,False
0.0,0.005,0.0025,46,0.0,0.0,0.0,0.0,0.0,0.0,0.0,0.0,0.0,0.0,0.8457527160644531,0.8480587601661682,0.7592340707778931,0.8618993759155273,0.9293875098228455,-0.08866460621356964,0.11247941106557846,-0.18987786769866943,-0.06567591428756714,-0.04760715365409851,-6.472652912139893,7.621610164642334,-13.039325714111328,-5.570204734802246,-1.4505908489227295,loaded,True
0.005,0.01,0.0075,150,0.0,0.0,0.0,0.0,0.0,0.0,0.0,0.0,0.0,0.0,0.8475303649902344,0.8499023914337158,0.7604706287384033,0.86295485496521,0.9326969385147095,-0.08979274332523346,0.11494006961584091,-0.1918696165084839,-0.0651313066482544,-0.04390237107872963,-6.695348262786865,7.824398994445801,-13.039312362670898,-6.187854290008545,-1.4411314725875854,loaded,True
0.01,0.015,0.0125,333,0.0,0.0,0.0,0.0,0.0,0.0,0.0,0.0,0.0,0.0,0.8484978079795837,0.8509527444839478,0.7589420676231384,0.8645360469818115,0.9338467121124268,-0.08980483561754227,0.11541154235601425,-0.1927141398191452,-0.0651392936706543,-0.041260719299316406,-6.778134822845459,7.887895107269287,-13.038025856018066,-6.123990058898926,-1.4173076152801514,loaded,True
0.015,0.02,0.0175,416,0.0,0.0,0.0,0.0,0.0,0.0,0.0,0.0,0.0,0.0,0.8496313095092773,0.8520393967628479,0.7606468200683594,0.865526020526886,0.9336788654327393,-0.0890166386961937,0.11442922055721283,-0.19287236034870148,-0.06404867768287659,-0.03942728042602539,-6.712202072143555,7.825686454772949,-13.028104782104492,-6.013588905334473,-1.3947430849075317,loaded,True
0.02,0.025,0.0225,504,0.0,0.0,0.0,0.0,0.0,0.0,0.0,0.0,0.0,0.0,0.8495936393737793,0.8519109487533569,0.762291669845581,0.8644030690193176,0.9307990074157715,-0.08878707885742188,0.1133103221654892,-0.1903088539838791,-0.06564649939537048,-0.041051700711250305,-6.567959308624268,7.701308250427246,-13.010645866394043,-5.838046073913574,-1.362385630607605,loaded,True
0.025,0.03,0.0275,840,0.0,0.0,0.0,0.0,0.0,0.0,0.0,0.0,0.0,0.0,0.8532100319862366,0.8553621172904968,0.7665780186653137,0.86674964427948,0.9378286600112915,-0.08533212542533875,0.10902897268533707,-0.18477435410022736,-0.06359702348709106,-0.038296062499284744,-6.408773899078369,7.555135250091553,-12.9806547164917,-5.618900299072266,-1.3041832447052002,loaded,True
0.03,0.035,0.0325,756,0.0,0.0,0.0,0.0,0.0,0.0,0.0,0.0,0.0,0.0,0.8580302596092224,0.860055148601532,0.771570086479187,0.8682130575180054,0.949032187461853,-0.08052971959114075,0.10303240269422531,-0.17524521052837372,-0.06352049112319946,-0.028971120715141296,-6.220550537109375,7.376535415649414,-12.920266151428223,-5.348076820373535,-1.259071707725525,loaded,True
0.035,0.04,0.037500000000000006,1008,0.0,0.0,0.0,0.0,0.0,0.0,0.0,0.0,0.0,0.0,0.8637609481811523,0.8656165599822998,0.7764959335327148,0.8707501888275146,0.9543928503990173,-0.07492047548294067,0.09591978043317795,-0.15299752354621887,-0.06043669581413269,-0.023493874818086624,-5.9870195388793945,7.145438194274902,-12.771215438842773,-5.094053268432617,-1.1955313682556152,loaded,True
0.04,0.045,0.042499999999999996,1176,0.0,0.0,0.0,0.0,0.0,0.0,0.0,0.0,0.0,0.0,0.8688418865203857,0.8704079389572144,0.7804054617881775,0.8752850294113159,0.9506948590278625,-0.06994042545557022,0.08821587264537811,-0.14769312739372253,-0.0595422089099884,-0.02656535804271698,-5.678768157958984,6.819910526275635,-12.523670196533203,-4.709321975708008,-1.1231787204742432,loaded,True
0.045,0.05,0.0475,1176,0.0,0.0,0.0,0.0,0.0,0.0,0.0,0.0,0.0,0.0,0.8758013248443604,0.8768540024757385,0.7877029776573181,0.8786499500274658,0.9388067126274109,-0.06305725127458572,0.07452821731567383,-0.12475699186325073,-0.05661901831626892,-0.033381104469299316,-5.292384624481201,6.368049144744873,-11.917698860168457,-4.37126350402832,-1.0574440956115723,loaded,True
0.05,0.055,0.052500000000000005,1428,0.003668583696708083,0.022032326087355614,0.0,0.0,0.0,0.003668583696708083,0.022032326087355614,0.0,0.0,0.0,0.8872970342636108,0.888285756111145,0.7982271313667297,0.8838319778442383,0.968224287033081,-0.0515640527009964,0.057114169001579285,-0.07341540604829788,-0.053033918142318726,-0.01788749359548092,-4.787344455718994,5.721298694610596,-10.574296951293945,-3.995917797088623,-0.9871824383735657,loaded,True
0.055,0.06,0.057499999999999996,1344,0.01287709828466177,0.04802701994776726,0.0,0.0,0.13850341737270355,0.01287709828466177,0.04802701994776726,0.0,0.0,0.13850341737270355,0.8961049318313599,0.897293210029602,0.8174079656600952,0.887488603591919,0.9999998807907104,-0.04277339577674866,0.04762476682662964,-0.06688254326581955,-0.04833158850669861,0.007879058830440044,-4.171017169952393,4.8931169509887695,-8.417851448059082,-3.5992562770843506,-0.9195678234100342,loaded,True
0.06,0.065,0.0625,1680,0.014704875648021698,0.04956328496336937,0.0,0.0,0.15504200756549835,0.014704875648021698,0.04956328496336937,0.0,0.0,0.15504200756549835,0.9013792276382446,0.9026926755905151,0.8177985548973083,0.890651285648346,1.0,-0.03751388564705849,0.04328102618455887,-0.06145303323864937,-0.04422846436500549,0.01152756717056036,-3.4670157432556152,3.9626431465148926,-6.6147661209106445,-3.2133030891418457,-0.8302032947540283,loaded,True
0.065,0.07,0.0675,1932,0.008046896196901798,0.030358880758285522,0.0,0.0,0.07162725180387497,0.008046896196901798,0.030358880758285522,0.0,0.0,0.07162725180387497,0.9063501358032227,0.9076753258705139,0.8190131783485413,0.8960436582565308,0.9999999403953552,-0.03258484601974487,0.03808014467358589,-0.05386532098054886,-0.038802653551101685,0.010595668107271194,-2.7389473915100098,3.0509464740753174,-4.848245143890381,-2.682914972305298,-0.7343750596046448,loaded,True
0.07,0.075,0.07250000000000001,1848,0.0023737666197121143,0.010537082329392433,0.0,0.0,0.019139312207698822,0.0023737666197121143,0.010537082329392433,0.0,0.0,0.019139312207698822,0.9103067517280579,0.91154944896698,0.8251661658287048,0.9032646417617798,0.9999997615814209,-0.028697850182652473,0.03309405595064163,-0.04522494971752167,-0.033473312854766846,0.009378829039633274,-2.115600347518921,2.311199903488159,-3.553772211074829,-2.1142101287841797,-0.6545595526695251,loaded,True
0.075,0.08,0.0775,2016,0.0006724226986989379,0.0035054387990385294,0.0,0.0,0.00175209972076118,0.0006724226986989379,0.0035054387990385294,0.0,0.0,0.00175209972076118,0.9135065078735352,0.914704442024231,0.8311651945114136,0.9063856601715088,0.9999994039535522,-0.025599291548132896,0.02922321856021881,-0.04084204137325287,-0.03075656294822693,0.007537171244621277,-1.604315996170044,1.738769769668579,-2.683391809463501,-1.578338384628296,-0.5557553768157959,loaded,False
0.08,0.085,0.0825,1998,0.00024376658257097006,0.0013846619985997677,0.0,0.0,0.0,0.00024376658257097006,0.0013846619985997677,0.0,0.0,0.0,0.9153242707252502,0.9164600968360901,0.8345627784729004,0.9088218808174133,0.9991809129714966,-0.023426145315170288,0.026426009833812714,-0.03782765567302704,-0.027182400226593018,0.005170756950974464,-1.1879240274429321,1.2983402013778687,-1.9921382665634155,-1.2082830667495728,-0.34763243794441223,loaded,False
0.085,0.09,0.0875,2454,9.814288205234334e-05,0.0007880162447690964,0.0,0.0,0.0,9.814288205234334e-05,0.0007880162447690964,0.0,0.0,0.0,0.9183622002601624,0.9194839596748352,0.838093638420105,0.9121257662773132,0.9985021352767944,-0.02122119814157486,0.023990973830223083,-0.034189723432064056,-0.024583101272583008,0.00452928664162755,-0.8230340480804443,0.9474194645881653,-1.484747052192688,-0.8948538303375244,0.1302187442779541,loaded,False
0.09,0.095,0.0925,2415,5.288303145789541e-05,0.0005515578086487949,0.0,0.0,0.0,5.288303145789541e-05,0.0005515578086487949,0.0,0.0,0.0,0.918842613697052,0.9199339747428894,0.8363113403320312,0.9122437834739685,0.996422529220581,-0.01948418840765953,0.021934857591986656,-0.031805943697690964,-0.02221977710723877,0.0036469288170337677,-0.5288986563682556,0.6912158727645874,-1.0470863580703735,-0.648690402507782,0.520614504814148,loaded,False
0.095,0.1,0.0975,2625,4.364058895589551e-06,9.073472756426781e-05,0.0,0.0,0.0,4.364058895589551e-06,9.073472756426781e-05,0.0,0.0,0.0,0.9229750633239746,0.924007773399353,0.8440836071968079,0.9176998138427734,0.9944113492965698,-0.01732458733022213,0.019494840875267982,-0.028556454926729202,-0.019257843494415283,0.0012763043632730842,-0.28751352429389954,0.5322296023368835,-0.7022082805633545,-0.4525110125541687,0.817836582660675,loaded,False
0.1,0.105,0.10250000000000001,2604,2.768580998235848e-06,6.533413397846743e-05,0.0,0.0,0.0,2.768580998235848e-06,6.533413397846743e-05,0.0,0.0,0.0,0.923238217830658,0.9242266416549683,0.844227135181427,0.9208620190620422,0.9922422766685486,-0.01621396653354168,0.017825977876782417,-0.02621956542134285,-0.01731407642364502,-0.0013443848583847284,-0.11122681945562363,0.4487572908401489,-0.4680819809436798,-0.29497408866882324,0.9463030099868774,loaded,False
0.105,0.11,0.1075,3011,0.0,0.0,0.0,0.0,0.0,0.0,0.0,0.0,0.0,0.0,0.9247475862503052,0.925676167011261,0.8457738161087036,0.9231915473937988,0.9928463697433472,-0.014569052495062351,0.015932809561491013,-0.023042649030685425,-0.01577538251876831,-0.0009005069732666016,0.027166644111275673,0.41655275225639343,-0.3162361681461334,-0.15460699796676636,0.9954568147659302,loaded,False
0.11,0.115,0.1125,2869,0.0,0.0,0.0,0.0,0.0,0.0,0.0,0.0,0.0,0.0,0.927125871181488,0.9280057549476624,0.8500809669494629,0.9253348112106323,0.9938554167747498,-0.012643404304981232,0.013876295648515224,-0.02035616710782051,-0.013722836971282959,-0.00011693598935380578,0.1340525895357132,0.42185622453689575,-0.21651387214660645,-0.028226524591445923,1.0338248014450073,loaded,False
0.115,0.12,0.1175,2940,0.0,0.0,0.0,0.0,0.0,0.0,0.0,0.0,0.0,0.0,0.9281728267669678,0.9289988279342651,0.8568392992019653,0.926946222782135,0.993528425693512,-0.01147086638957262,0.012575232423841953,-0.018988218158483505,-0.012141376733779907,-0.00040880293818190694,0.19870829582214355,0.4229317903518677,-0.14393068850040436,0.07580406963825226,1.0053269863128662,loaded,False
0.12,0.125,0.1225,3192,0.0,0.0,0.0,0.0,0.0,0.0,0.0,0.0,0.0,0.0,0.9291422963142395,0.9299352765083313,0.8601564764976501,0.9288100004196167,0.9928086996078491,-0.01055353693664074,0.011551023460924625,-0.01792732998728752,-0.01080256700515747,-0.0018676724284887314,0.2445736825466156,0.42493346333503723,-0.09109675884246826,0.15300698578357697,0.9557403326034546,loaded,False
0.125,0.13,0.1275,3400,0.0,0.0,0.0,0.0,0.0,0.0,0.0,0.0,0.0,0.0,0.9292564392089844,0.9300360679626465,0.860459566116333,0.9299020767211914,0.9923001527786255,-0.00953515712171793,0.010455635376274586,-0.01636735163629055,-0.009488701820373535,-0.0019995206966996193,0.2624227702617645,0.41257765889167786,-0.05688592791557312,0.20105578005313873,0.9016470909118652,loaded,False
0.13,0.135,0.1325,3824,0.0,0.0,0.0,0.0,0.0,0.0,0.0,0.0,0.0,0.0,0.9321990013122559,0.9329614043235779,0.8636826872825623,0.9330620765686035,0.9931434392929077,-0.008526363410055637,0.009454737417399883,-0.014961576089262962,-0.008488267660140991,-0.0015363723505288363,0.2906162440776825,0.41384565830230713,-0.03079250268638134,0.2464931458234787,0.8688814043998718,loaded,False
0.135,0.14,0.1375,3444,4.3478218003656366e-07,1.8255617760587484e-05,0.0,0.0,0.0,4.3478218003656366e-07,1.8255617760587484e-05,0.0,0.0,0.0,0.9316922426223755,0.9324530363082886,0.8632568717002869,0.9321568012237549,0.9924505949020386,-0.008200667798519135,0.009103432297706604,-0.014687332324683666,-0.008141547441482544,-0.0016218016389757395,0.28428852558135986,0.3904494643211365,-0.015013664960861206,0.2607945203781128,0.7939342856407166,loaded,False
0.14,0.145,0.14250000000000002,3528,0.0,0.0,0.0,0.0,0.0,0.0,0.0,0.0,0.0,0.0,0.9321924448013306,0.9329494833946228,0.8654804229736328,0.9322371482849121,0.991812527179718,-0.007765557151287794,0.008609668351709843,-0.013762399554252625,-0.007756620645523071,-0.0014102135319262743,0.2795267701148987,0.37197521328926086,-0.003124028444290161,0.26809796690940857,0.7367717027664185,loaded,False
0.145,0.15,0.1475,3899,3.001699866445051e-08,1.8743205600912916e-06,0.0,0.0,0.0,3.001699866445051e-08,1.8743205600912916e-06,0.0,0.0,0.0,0.9325118660926819,0.9332721829414368,0.8650954961776733,0.9321439266204834,0.9924725890159607,-0.00703925546258688,0.007846401073038578,-0.012598216533660889,-0.007196307182312012,-0.0008563294541090727,0.2708369791507721,0.3529326319694519,0.0048264870420098305,0.2712830901145935,0.6814714670181274,loaded,False
0.15,0.155,0.1525,4081,1.0302894537517204e-07,6.581767593161203e-06,0.0,0.0,0.0,1.0302894537517204e-07,6.581767593161203e-06,0.0,0.0,0.0,0.9340410828590393,0.9347702860832214,0.8649678230285645,0.933443009853363,0.9922361373901367,-0.0065128686837852,0.007331824861466885,-0.011829912662506104,-0.006695747375488281,-0.0003012418746948242,0.2655489146709442,0.3372649550437927,0.009410083293914795,0.27179718017578125,0.6253733038902283,loaded,False
0.155,0.16,0.1575,4252,0.0,0.0,0.0,0.0,0.0,0.0,0.0,0.0,0.0,0.0,0.9334816932678223,0.9342344999313354,0.8604727983474731,0.9328800439834595,0.9932321310043335,-0.006141523830592632,0.006944501772522926,-0.011128062382340431,-0.006311178207397461,-0.0003601265198085457,0.25258612632751465,0.31894272565841675,0.012566521763801575,0.2678465247154236,0.5818902254104614,loaded,False
0.16,0.165,0.1625,4150,6.180313505410595e-08,3.9813885450712405e-06,0.0,0.0,0.0,6.180313505410595e-08,3.9813885450712405e-06,0.0,0.0,0.0,0.9347096085548401,0.935458779335022,0.8617798089981079,0.9338161945343018,0.9937558174133301,-0.005987450480461121,0.0068644131533801556,-0.010987105779349804,-0.006260901689529419,8.083299326244742e-05,0.2493959367275238,0.30944398045539856,0.014565140008926392,0.26895850896835327,0.5424248576164246,loaded,False
0.165,0.17,0.1675,4205,0.0,0.0,0.0,0.0,0.0,0.0,0.0,0.0,0.0,0.0,0.9331335425376892,0.9339154362678528,0.853157639503479,0.9326642751693726,0.9938701391220093,-0.006047611590474844,0.006952133495360613,-0.01135252695530653,-0.006290018558502197,-0.0002834198821801692,0.23641498386859894,0.29544854164123535,0.016893446445465088,0.26300549507141113,0.5169481635093689,loaded,False
0.17,0.17500000000000002,0.17250000000000001,4778,0.0,0.0,0.0,0.0,0.0,0.0,0.0,0.0,0.0,0.0,0.9342784285545349,0.935034453868866,0.8620144128799438,0.9331642985343933,0.9939367175102234,-0.005886465776711702,0.006744685582816601,-0.01102476753294468,-0.0061074793338775635,-0.0002865077694877982,0.23491933941841125,0.29142963886260986,0.016628578305244446,0.26141291856765747,0.49834302067756653,loaded,False
0.17500000000000002,0.18,0.1775,4659,0.0,0.0,0.0,0.0,0.0,0.0,0.0,0.0,0.0,0.0,0.9351929426193237,0.9359629154205322,0.8651324510574341,0.9352739453315735,0.9945396780967712,-0.005776369944214821,0.006689732428640127,-0.011039108037948608,-0.00603562593460083,0.00011686721700243652,0.2331087589263916,0.2879425287246704,0.01394078228622675,0.25889649987220764,0.4839012622833252,loaded,False
0.18,0.185,0.1825,4916,0.0,0.0,0.0,0.0,0.0,0.0,0.0,0.0,0.0,0.0,0.9350986480712891,0.9358829259872437,0.8657442331314087,0.9344114065170288,0.9947562217712402,-0.005622535478323698,0.006662225350737572,-0.011116653680801392,-0.005943715572357178,0.0008155703544616699,0.2275908887386322,0.2831074297428131,0.012520700693130493,0.2544671297073364,0.4739217758178711,loaded,False
0.185,0.19,0.1875,4664,1.929025472691137e-07,7.963810276123695e-06,0.0,0.0,0.0,1.929025472691137e-07,7.963810276123695e-06,0.0,0.0,0.0,0.9340906143188477,0.9349003434181213,0.8649978637695312,0.9331473112106323,0.9953093528747559,-0.005833435337990522,0.006871290039271116,-0.011717674322426319,-0.006059736013412476,0.000704494770616293,0.2184365838766098,0.2748289406299591,0.009872019290924072,0.24726428091526031,0.4629102647304535,loaded,False
0.19,0.195,0.1925,5110,2.2412402813642984e-06,5.435118873720057e-05,0.0,0.0,0.0,2.2412402813642984e-06,5.435118873720057e-05,0.0,0.0,0.0,0.9328391551971436,0.9336512684822083,0.8572890162467957,0.9312702417373657,0.9949719905853271,-0.00596955930814147,0.007108819205313921,-0.012210598215460777,-0.006113886833190918,0.0010788317304104567,0.20884591341018677,0.2662927806377411,0.007661804556846619,0.24000555276870728,0.45235148072242737,loaded,False
0.195,0.2,0.1975,5347,8.01641999714775e-06,0.00011973075743298978,0.0,0.0,0.0,8.01641999714775e-06,0.00011973075743298978,0.0,0.0,0.0,0.9354699850082397,0.9363006949424744,0.8644221425056458,0.9344569444656372,0.9959979057312012,-0.005994498264044523,0.007162892259657383,-0.01252550445497036,-0.005975186824798584,0.0010911212302744389,0.21545620262622833,0.27185752987861633,0.0027462842408567667,0.243406742811203,0.45926570892333984,loaded,False
0.2,0.20500000000000002,0.2025,5211,9.41704729484627e-06,0.00011955008085351437,0.0,0.0,0.0,9.41704729484627e-06,0.00011955008085351437,0.0,0.0,0.0,0.9349650144577026,0.935795247554779,0.8632519245147705,0.934113085269928,0.9964470863342285,-0.00611239904537797,0.0073249307461082935,-0.012446880340576172,-0.006224632263183594,0.0011942088603973389,0.20610570907592773,0.2624680697917938,-0.0004023313522338867,0.23656710982322693,0.4459840655326843,loaded,False
0.20500000000000002,0.21,0.20750000000000002,5517,1.2087141840311233e-05,0.00015063532919157296,0.0,0.0,0.0,1.2087141840311233e-05,0.00015063532919157296,0.0,0.0,0.0,0.9341102838516235,0.9349606037139893,0.8610997200012207,0.9331376552581787,0.9964203834533691,-0.006031208671629429,0.007273518946021795,-0.012427806854248047,-0.006252944469451904,0.0013216105289757252,0.1971619576215744,0.25521743297576904,-0.003394484054297209,0.23054704070091248,0.4395017623901367,loaded,False
0.21,0.215,0.2125,5308,1.759673068590928e-05,0.00020447246788535267,0.0,0.0,0.0,1.759673068590928e-05,0.00020447246788535267,0.0,0.0,0.0,0.9332830309867859,0.9341839551925659,0.8488604426383972,0.93370521068573,0.9967974424362183,-0.006319263018667698,0.0075503322295844555,-0.012816503643989563,-0.006517350673675537,0.0012200563214719296,0.18733292818069458,0.24681980907917023,-0.0070679932832717896,0.22241845726966858,0.4341028332710266,loaded,False
0.215,0.22,0.2175,5939,2.6138521207030863e-05,0.00025384320179000497,0.0,0.0,0.0,2.6138521207030863e-05,0.00025384320179000497,0.0,0.0,0.0,0.9331031441688538,0.9339764714241028,0.8611295819282532,0.9334408044815063,0.9967198371887207,-0.006383945234119892,0.007642108015716076,-0.013098197989165783,-0.006386697292327881,0.0012093428522348404,0.17968903481960297,0.23980562388896942,-0.010283291339874268,0.21677836775779724,0.42829373478889465,loaded,False
0.22,0.225,0.2225,5807,3.180417843395844e-05,0.0002938907127827406,0.0,0.0,0.0,3.180417843395844e-05,0.0002938907127827406,0.0,0.0,0.0,0.9341039061546326,0.9350007176399231,0.8617041110992432,0.9358550906181335,0.9969010949134827,-0.006337024737149477,0.007549778558313847,-0.013110172934830189,-0.006427347660064697,0.0012637665495276451,0.17586183547973633,0.23679018020629883,-0.014141201972961426,0.2147294580936432,0.4233555793762207,loaded,False
0.225,0.23,0.2275,5819,4.550979065243155e-05,0.0003770391340367496,0.0,0.0,0.0,4.550979065243155e-05,0.0003770391340367496,0.0,0.0,0.0,0.9336951375007629,0.9345638751983643,0.8623639941215515,0.9349575042724609,0.9966023564338684,-0.0063134441152215,0.007485215552151203,-0.01278349757194519,-0.006434500217437744,0.0010624607093632221,0.16178683936595917,0.22417926788330078,-0.018890202045440674,0.2003796398639679,0.41189172863960266,loaded,False
0.23,0.23500000000000001,0.2325,6273,4.8343761591240764e-05,0.00043005761108361185,0.0,0.0,0.0,4.8343761591240764e-05,0.00043005761108361185,0.0,0.0,0.0,0.9341254830360413,0.9350010752677917,0.8632684350013733,0.9364854097366333,0.9965218305587769,-0.006001381669193506,0.007170483004301786,-0.012264693155884743,-0.006089329719543457,0.000947760883718729,0.15480054914951324,0.21802163124084473,-0.025300681591033936,0.19684433937072754,0.40601247549057007,loaded,False
0.23500000000000001,0.24,0.2375,6163,7.63027201173827e-05,0.0006115999422036111,0.0,0.0,0.0,7.63027201173827e-05,0.0006115999422036111,0.0,0.0,0.0,0.93437659740448,0.935270369052887,0.86374431848526,0.9371837377548218,0.9960634112358093,-0.005713174119591713,0.00687384745106101,-0.011921649798750877,-0.00570148229598999,0.00078834273153916,0.1427268236875534,0.20885159075260162,-0.03068000078201294,0.17229467630386353,0.3997443914413452,loaded,False
0.24,0.245,0.2425,6596,8.03697039373219e-05,0.000656631076708436,0.0,0.0,0.0,8.03697039373219e-05,0.000656631076708436,0.0,0.0,0.0,0.9344602823257446,0.9353412389755249,0.8635356426239014,0.9372209310531616,0.9954543113708496,-0.005712279584258795,0.006819667760282755,-0.011629417538642883,-0.005777478218078613,0.0005890130996704102,0.13349932432174683,0.1999504566192627,-0.03528967499732971,0.14261342585086823,0.3881910741329193,loaded,False
0.245,0.25,0.2475,6359,8.267225348390639e-05,0.000678287644404918,0.0,0.0,0.0,8.267225348390639e-05,0.000678287644404918,0.0,0.0,0.0,0.9358465075492859,0.936739444732666,0.8636630177497864,0.9391632676124573,0.9955127835273743,-0.0054699997417628765,0.006606702227145433,-0.011391544714570045,-0.0055408477783203125,0.0006975368596613407,0.12413877993822098,0.19195564091205597,-0.041947513818740845,0.11822767555713654,0.3793018162250519,loaded,False
0.25,0.255,0.2525,6353,8.373503806069493e-05,0.0007375096902251244,0.0,0.0,0.0,8.373503806069493e-05,0.0007375096902251244,0.0,0.0,0.0,0.9346869587898254,0.9355844259262085,0.8599364757537842,0.9375901222229004,0.9950307607650757,-0.005285303574055433,0.0064269499853253365,-0.011265766806900501,-0.005309700965881348,0.0007854562718421221,0.10564115643501282,0.17623934149742126,-0.04931837320327759,0.07357820868492126,0.3607950806617737,loaded,False
0.255,0.26,0.2575,6833,7.240601553348824e-05,0.0006734078051522374,0.0,0.0,0.0,7.240601553348824e-05,0.0006734078051522374,0.0,0.0,0.0,0.9339261651039124,0.9348214864730835,0.8513662815093994,0.9347915649414062,0.9944812059402466,-0.005220488179475069,0.006371024064719677,-0.011220765300095081,-0.005189716815948486,0.0006972786504775286,0.09375308454036713,0.16788774728775024,-0.05916953086853027,0.028815120458602905,0.34866300225257874,loaded,False
0.26,0.265,0.2625,7010,8.277821325464174e-05,0.000763996213208884,0.0,0.0,0.0,8.277821325464174e-05,0.000763996213208884,0.0,0.0,0.0,0.9367145895957947,0.9375849962234497,0.8609373569488525,0.9403951168060303,0.9947357773780823,-0.004888221621513367,0.006054904777556658,-0.01077155489474535,-0.004839420318603516,0.0009426850010640919,0.08596578985452652,0.16116318106651306,-0.07096827030181885,0.03156810998916626,0.32777565717697144,loaded,False
0.265,0.27,0.2675,7082,7.40733667043969e-05,0.0007291880901902914,0.0,0.0,0.0,7.40733667043969e-05,0.0007291880901902914,0.0,0.0,0.0,0.9346170425415039,0.9354924559593201,0.8588125705718994,0.9362910985946655,0.9938715100288391,-0.004930103663355112,0.006180242635309696,-0.011072513647377491,-0.004861116409301758,0.0011834348551928997,0.06840839982032776,0.14887095987796783,-0.07995106279850006,-0.004561617970466614,0.3029687702655792,loaded,False
0.27,0.275,0.2725,7126,9.816483361646533e-05,0.000868848233949393,0.0,0.0,0.0,9.816483361646533e-05,0.000868848233949393,0.0,0.0,0.0,0.9372497797012329,0.9380914568901062,0.8604868054389954,0.9399274587631226,0.9945259690284729,-0.004703217651695013,0.006054928991943598,-0.010932385921478271,-0.004763394594192505,0.0018050223588943481,0.060704268515110016,0.14465956389904022,-0.0846516340970993,-0.008968636393547058,0.3009148836135864,loaded,False
0.275,0.28,0.2775,7021,7.763441681163386e-05,0.0007905528182163835,0.0,0.0,0.0,7.763441681163386e-05,0.0007905528182163835,0.0,0.0,0.0,0.9361143112182617,0.9369561076164246,0.8562633991241455,0.9384157657623291,0.993705153465271,-0.004424854647368193,0.005964417476207018,-0.010862410068511963,-0.004479944705963135,0.0023218393325805664,0.044939231127500534,0.1382744014263153,-0.09068846702575684,-0.01728534698486328,0.28846412897109985,loaded,False
0.28,0.28500000000000003,0.28250000000000003,7588,9.903358295559883e-05,0.0009200398926623166,0.0,0.0,0.0,9.903358295559883e-05,0.0009200398926623166,0.0,0.0,0.0,0.9383779764175415,0.939206063747406,0.8599392771720886,0.9428471326828003,0.9940844178199768,-0.0040331678465008736,0.005846518091857433,-0.010598242282867432,-0.004140257835388184,0.002879500389099121,0.033719707280397415,0.170626699924469,-0.14503225684165955,-0.021480023860931396,0.29891061782836914,loaded,False
0.28500000000000003,0.29,0.2875,7477,0.00022563022503163666,0.002102184807881713,0.0,0.0,0.0,0.0001975911291083321,0.0017901976825669408,0.0,0.0,0.0,0.9424595832824707,0.9432680010795593,0.8619793653488159,0.951092541217804,0.9944749474525452,-0.0035235655959695578,0.005829242058098316,-0.010243678465485573,-0.003593146800994873,0.0038918000645935535,0.009987358003854752,0.2520861327648163,-0.5432203412055969,-0.027447938919067383,0.3315173089504242,loaded,False
0.29,0.295,0.2925,7701,0.0005537164397537708,0.003592448076233268,0.0,0.0,0.0,0.0004881987697444856,0.0032175350934267044,0.0,0.0,0.0,0.9417418241500854,0.9426190257072449,0.8593056201934814,0.951059877872467,0.9972925186157227,-0.003091047517955303,0.007168175186961889,-0.011710047721862793,-0.0032963156700134277,0.005582571029663086,-0.015075216069817543,0.35534781217575073,-0.5996227264404297,-0.033371150493621826,0.5143871307373047,loaded,False
0.295,0.3,0.2975,7668,0.0010072392178699374,0.009626385755836964,0.0,0.0,0.0,0.0008713957504369318,0.0077155595645308495,0.0,0.0,0.0,0.9397207498550415,0.9406704902648926,0.8488926887512207,0.9483553171157837,0.9988723397254944,-0.00357941840775311,0.010308915749192238,-0.01699717901647091,-0.003351747989654541,0.006111868657171726,-0.038492847234010696,0.4792446494102478,-0.89798903465271,-0.040821731090545654,0.7570697665214539,loaded,False
0.3,0.305,0.3025,7440,0.0017437314381822944,0.01654883846640587,0.0,0.0,0.0,0.0014443451073020697,0.012836676090955734,0.0,0.0,0.0,0.9323369264602661,0.9334555864334106,0.842059850692749,0.9386988282203674,0.9971763491630554,-0.004704644437879324,0.012518434785306454,-0.024243932217359543,-0.00407719612121582,0.0059909578412771225,-0.06731034070253372,0.5602251291275024,-1.0617852210998535,-0.04614144563674927,0.8624176979064941,loaded,False
0.305,0.31,0.3075,6894,0.0021145145874470472,0.019562052562832832,0.0,0.0,0.0,0.0017077418742701411,0.015095454640686512,0.0,0.0,0.0,0.9338435530662537,0.9349608421325684,0.8459599018096924,0.9421682953834534,0.9977487325668335,-0.004810663405805826,0.012285559438169003,-0.023923207074403763,-0.0042261481285095215,0.005883099511265755,-0.07292613387107849,0.5454680919647217,-1.045688271522522,-0.04907883703708649,0.7408937215805054,loaded,False
0.31,0.315,0.3125,5569,0.0020783136133104563,0.019362442195415497,0.0,0.0,0.0,0.0016874694265425205,0.015014944598078728,0.0,0.0,0.0,0.935538113117218,0.9365974068641663,0.8467451333999634,0.9437143206596375,0.9975382685661316,-0.004250845871865749,0.01140341442078352,-0.02063228003680706,-0.0038670897483825684,0.0058408272452652454,-0.08417966961860657,0.5204451084136963,-0.9842664003372192,-0.05682557821273804,0.6987029910087585,loaded,False
0.315,0.32,0.3175,5173,0.0018456487450748682,0.01828177645802498,0.0,0.0,0.0,0.001492050476372242,0.014127006754279137,0.0,0.0,0.0,0.934062123298645,0.9351603984832764,0.8406158685684204,0.9413110613822937,0.996502697467804,-0.004347610287368298,0.01106173638254404,-0.020320285111665726,-0.0038362741470336914,0.005414268467575312,-0.08289512991905212,0.4910830557346344,-0.9516611695289612,-0.060930848121643066,0.6588098406791687,loaded,False
0.32,0.325,0.3225,4608,0.0018735554767772555,0.01809760183095932,0.0,0.0,0.0,0.0015172669664025307,0.014007190242409706,0.0,0.0,0.0,0.9367232918739319,0.9377910494804382,0.8472158312797546,0.9449365735054016,0.9976908564567566,-0.004208890721201897,0.01139275636523962,-0.020665684714913368,-0.0037376880645751953,0.00551876425743103,-0.0879003182053566,0.48153388500213623,-0.942017138004303,-0.06959773600101471,0.6497451066970825,loaded,False
0.325,0.33,0.3275,4492,0.001378156361170113,0.015276608988642693,0.0,0.0,0.0,0.0011273518903180957,0.011830639094114304,0.0,0.0,0.0,0.9341802000999451,0.9352691769599915,0.8406050205230713,0.9426053762435913,0.9949878454208374,-0.004294523503631353,0.010882829315960407,-0.019961323589086533,-0.003720581531524658,0.00565556064248085,-0.09999777376651764,0.45292240381240845,-0.8392110466957092,-0.08091703057289124,0.6161746382713318,loaded,False
0.33,0.335,0.3325,4128,0.0016736285760998726,0.017490675672888756,0.0,0.0,0.0,0.0013505881652235985,0.01346399076282978,0.0,0.0,0.0,0.9375878572463989,0.9386564493179321,0.8482803106307983,0.9472994208335876,0.9958769679069519,-0.004054944962263107,0.01059748511761427,-0.018214816227555275,-0.003600776195526123,0.005851529538631439,-0.12511809170246124,0.463392436504364,-0.9334705471992493,-0.0903494656085968,0.48243018984794617,loaded,False
0.335,0.34,0.3375,3566,0.0017198665300384164,0.01718471571803093,0.0,0.0,0.0,0.001406766939908266,0.013292128220200539,0.0,0.0,0.0,0.9364583492279053,0.937554121017456,0.8400439023971558,0.9464597702026367,0.9952017664909363,-0.0037977895699441433,0.010905208066105843,-0.01902487874031067,-0.003229767084121704,0.00585193932056427,-0.13995061814785004,0.47283047437667847,-0.9338594675064087,-0.11196359992027283,0.5815024375915527,loaded,False
0.34,0.34500000000000003,0.3425,3611,0.0015548254596069455,0.01612715609371662,0.0,0.0,0.0,0.001275249058380723,0.012456633150577545,0.0,0.0,0.0,0.9358373880386353,0.9369282126426697,0.847116231918335,0.9441164135932922,0.9948305487632751,-0.00420332932844758,0.011125234887003899,-0.01949802041053772,-0.003851771354675293,0.005283623933792114,-0.1511080265045166,0.4595734775066376,-0.924635648727417,-0.1323893666267395,0.5525023937225342,loaded,False
0.34500000000000003,0.35000000000000003,0.34750000000000003,3119,0.0017277055885642767,0.01721278391778469,0.0,0.0,0.0,0.0014093484496697783,0.013245685026049614,0.0,0.0,0.0,0.936841607093811,0.9379265308380127,0.8484784364700317,0.9474538564682007,0.9941955208778381,-0.003851697314530611,0.011444449424743652,-0.020946333184838295,-0.0031533241271972656,0.0061388821341097355,-0.19725960493087769,0.48908403515815735,-0.9463101625442505,-0.17002224922180176,0.5204759240150452,loaded,False
0.35000000000000003,0.355,0.35250000000000004,2999,0.001870123902335763,0.017467215657234192,0.0,0.0,0.0,0.001528392662294209,0.013400651514530182,0.0,0.0,0.0,0.9344757795333862,0.9356343150138855,0.8385031819343567,0.9443331360816956,0.9944174885749817,-0.004229256417602301,0.011656775139272213,-0.020942652598023415,-0.0037963390350341797,0.00577758951112628,-0.21915516257286072,0.502977728843689,-0.9469635486602783,-0.21474063396453857,0.5359504222869873,loaded,False
0.355,0.36,0.3575,2793,0.0019221864640712738,0.01797824539244175,0.0,0.0,0.0,0.0015607677632942796,0.013712453655898571,0.0,0.0,0.0,0.9387840032577515,0.9398322701454163,0.8468180894851685,0.9491028785705566,0.9947459697723389,-0.003614777931943536,0.010939370840787888,-0.019657373428344727,-0.0033452510833740234,0.006088183261454105,-0.25770267844200134,0.5218507051467896,-0.9625732898712158,-0.2593137323856354,0.4889625310897827,loaded,False
0.36,0.365,0.3625,2265,0.002241226378828287,0.018814146518707275,0.0,0.0,0.0,0.0018284522229805589,0.014342270791530609,0.0,0.0,0.0,0.934846818447113,0.9360505938529968,0.83806973695755,0.9466558694839478,0.9948390126228333,-0.0040053073316812515,0.012574492953717709,-0.023129533976316452,-0.003585636615753174,0.006979198195040226,-0.3000951111316681,0.5627132058143616,-1.0149911642074585,-0.325128436088562,0.5159531235694885,loaded,False
0.365,0.37,0.3675,2530,0.0021197879686951637,0.018993377685546875,0.0,0.0,0.0,0.001713173813186586,0.014394374564290047,0.0,0.0,0.0,0.9372491836547852,0.9382838010787964,0.846218466758728,0.9460176825523376,0.994379997253418,-0.003923627082258463,0.011517469771206379,-0.02131000906229019,-0.003698885440826416,0.006517510861158371,-0.334272563457489,0.5706816911697388,-1.0178790092468262,-0.3587789833545685,0.44542643427848816,loaded,False
0.37,0.375,0.3725,1945,0.0024338290095329285,0.019309744238853455,0.0,0.0,0.0,0.002008080715313554,0.014756794087588787,0.0,0.0,0.0,0.9385004639625549,0.9395942091941833,0.8453369140625,0.9505389928817749,0.9974454045295715,-0.003406133037060499,0.012570973485708237,-0.02302722819149494,-0.003183722496032715,0.008197900839149952,-0.38399240374565125,0.6181987524032593,-1.1049672365188599,-0.4075765609741211,0.4708986282348633,loaded,False
0.375,0.38,0.3775,1995,0.0024730246514081955,0.020507104694843292,0.0,0.0,0.0,0.0019999374635517597,0.015545682981610298,0.0,0.0,0.0,0.9360071420669556,0.9370899200439453,0.845079243183136,0.9472893476486206,0.9935610294342041,-0.003533673007041216,0.01231491006910801,-0.022920822724699974,-0.0033725500106811523,0.009265541099011898,-0.42865434288978577,0.6490398645401001,-1.1652007102966309,-0.4531070590019226,0.37100377678871155,loaded,False
0.38,0.385,0.3825,1664,0.003047432517632842,0.022612061351537704,0.0,0.0,0.008492585271596909,0.0024387219455093145,0.016936786472797394,0.0,0.0,0.008492585271596909,0.9410037994384766,0.94205641746521,0.84771329164505,0.9540632367134094,0.9999993443489075,-0.0024755613412708044,0.012090882286429405,-0.021470066159963608,-0.002228260040283203,0.008128478191792965,-0.49393531680107117,0.7313328981399536,-1.2204084396362305,-0.5465689897537231,0.4921412765979767,loaded,False
0.385,0.39,0.3875,1213,0.00339302234351635,0.02334992215037346,0.0,0.0,0.005260821897536516,0.0028091054409742355,0.018018335103988647,0.0,0.0,0.005260821897536516,0.9334766268730164,0.9347135424613953,0.8479141592979431,0.9471033811569214,0.9999992847442627,-0.0027335931081324816,0.015286292880773544,-0.02466108836233616,-0.002653360366821289,0.013364307582378387,-0.5832971334457397,0.8208895325660706,-1.380389928817749,-0.6330087780952454,0.4215192198753357,loaded,False
0.39,0.395,0.3925,1622,0.00322732119821012,0.023508824408054352,0.0,0.0,0.00733944121748209,0.0024950478691607714,0.017106663435697556,0.0,0.0,0.00733944121748209,0.9426295161247253,0.9436629414558411,0.8537896871566772,0.9559739828109741,0.999999463558197,-0.002872050739824772,0.012164260260760784,-0.023019462823867798,-0.002522885799407959,0.009368402883410454,-0.6328397393226624,0.8765378594398499,-1.3790212869644165,-0.676067590713501,0.47088661789894104,loaded,False
0.395,0.4,0.3975,892,0.003989869263023138,0.023396698758006096,0.0,0.0,0.013230612501502037,0.0033258236944675446,0.018239565193653107,0.0,0.0,0.009817162528634071,0.934281051158905,0.9355625510215759,0.8367834687232971,0.9501305222511292,0.9999997019767761,-0.0017647588392719626,0.017634719610214233,-0.023356104269623756,-0.0031658411026000977,0.018298277631402016,-0.8343971967697144,1.0776692628860474,-1.6293209791183472,-0.9225346446037292,0.47028830647468567,loaded,False
0.4,0.405,0.4025,1096,0.004274122882634401,0.023746447637677193,0.0,0.0,0.014431971125304699,0.003087943885475397,0.016273731365799904,0.0,0.0,0.01127238292247057,0.9426214694976807,0.943785548210144,0.8560832738876343,0.9586194753646851,0.9999999403953552,-0.0037025257479399443,0.014082941226661205,-0.02249133586883545,-0.003454238176345825,0.007836773991584778,-0.8009181618690491,1.1433488130569458,-1.8477346897125244,-0.8950214385986328,0.6340748071670532,loaded,False
0.405,0.41000000000000003,0.40750000000000003,646,0.0073720794171094894,0.028485260903835297,0.0,0.0,0.04337241128087044,0.005687282886356115,0.022897731512784958,0.0,0.0,0.032052259892225266,0.9324897527694702,0.9340801239013672,0.8321149945259094,0.94416344165802,1.0,-0.0021535945124924183,0.021341918036341667,-0.02435983717441559,-0.003320068120956421,0.036259472370147705,-1.1393567323684692,1.4672942161560059,-2.355165958404541,-1.2925602197647095,0.6803768873214722,loaded,False
0.41000000000000003,0.41500000000000004,0.41250000000000003,558,0.01128159649670124,0.04128217324614525,0.0,0.0,0.054910168051719666,0.008274002932012081,0.03361095115542412,0.0,0.0,0.03610725328326225,0.9426904916763306,0.9439966678619385,0.8546350002288818,0.9490934014320374,1.0000001192092896,-0.0013961829245090485,0.020644664764404297,-0.022901514545083046,-0.0021303296089172363,0.026515237987041473,-0.9042068123817444,1.5826420783996582,-2.962949514389038,-1.0461621284484863,1.2259122133255005,loaded,False
0.41500000000000004,0.42,0.4175,432,0.01645420491695404,0.07461035251617432,0.0,0.0,0.10768445581197739,0.011234728619456291,0.055420227348804474,0.0,0.0,0.07553472369909286,0.9190322160720825,0.9207311272621155,0.8295886516571045,0.9173488616943359,1.0000001192092896,-0.004333383869379759,0.023607434704899788,-0.03248770907521248,-0.00536462664604187,0.02219090610742569,-1.453321099281311,1.9477787017822266,-3.3912479877471924,-1.5471019744873047,1.1616731882095337,loaded,False
0.42,0.425,0.4225,212,0.029681943356990814,0.11597370356321335,0.0,0.0,0.23655515909194946,0.021239573135972023,0.0778273195028305,0.0,0.0,0.20165760815143585,0.9027553200721741,0.905144989490509,0.7830748558044434,0.8993682861328125,1.000000238418579,-0.0030314382165670395,0.032559268176555634,-0.04301190376281738,-0.009418576955795288,0.07123702764511108,-1.4358717203140259,2.316148281097412,-4.060328960418701,-1.639831781387329,1.8286573886871338,loaded,False
0.425,0.43,0.4275,116,0.04065438732504845,0.13683782517910004,0.0,0.0,0.31514501571655273,0.03239186480641365,0.11268343031406403,0.0,0.0,0.20208561420440674,0.8614982962608337,0.8642218708992004,0.7816427946090698,0.8394973278045654,1.0000001192092896,-0.013364313170313835,0.04144534468650818,-0.043900683522224426,-0.02702292799949646,0.09423620998859406,-1.6938722133636475,2.507755994796753,-5.084616661071777,-1.5773401260375977,1.179043173789978,loaded,False
0.43,0.435,0.4325,12,0.4296388626098633,0.5434911251068115,0.0,0.5378303527832031,0.7842095494270325,0.24670380353927612,0.3054695725440979,0.0,0.32229912281036377,0.4201684892177582,0.9332053065299988,0.9384164214134216,0.7497872710227966,0.9999998211860657,1.000000238418579,0.018927032127976418,0.044178303331136703,-0.032179269939661026,2.980232238769531e-07,0.07678994536399841,-4.301973819732666,4.463502407073975,-6.633627891540527,-4.109036445617676,-2.7877132892608643,loaded,False
0.435,0.44,0.4375,2,0.7817342281341553,0.7817347645759583,0.7808740139007568,0.7817342281341553,0.7825943827629089,0.28201138973236084,0.28201237320899963,0.28134486079216003,0.28201138973236084,0.28267794847488403,1.0000003576278687,1.0000003576278687,1.0,1.0000003576278687,1.0000007152557373,2.682209014892578e-07,3.3979875979639473e-07,8.046627186786282e-08,2.682209014892578e-07,4.5597553821608017e-07,-4.625271797180176,4.625272274017334,-4.625463008880615,-4.625271797180176,-4.6250810623168945,loaded,False
0.0,0.005,0.0025,46,0.022750750184059143,0.06078711897134781,0.0,0.0,0.1501110941171646,0.022750750184059143,0.06078711897134781,0.0,0.0,0.1501110941171646,0.9245586395263672,0.9261611700057983,0.8266134858131409,0.9258476495742798,1.000000238418579,-0.009858709760010242,0.0226025078445673,-0.043660059571266174,-0.010471194982528687,0.025228455662727356,-2.0989229679107666,2.26489520072937,-3.406857967376709,-2.0024495124816895,-0.8468106389045715,final,True
0.005,0.01,0.0075,150,0.02397894486784935,0.061906132847070694,0.0,0.0,0.15133927762508392,0.02397894486784935,0.061906132847070694,0.0,0.0,0.15133927762508392,0.9291217923164368,0.9306284785270691,0.8329551815986633,0.9365125894546509,1.0000001192092896,-0.008201324380934238,0.021182263270020485,-0.03830559179186821,-0.009600222110748291,0.025270607322454453,-2.163480520248413,2.3310160636901855,-3.471785306930542,-2.147775173187256,-0.8431486487388611,final,True
0.01,0.015,0.0125,333,0.024554621428251266,0.06229482963681221,0.0,0.0,0.14965733885765076,0.024554621428251266,0.06229482963681221,0.0,0.0,0.14965733885765076,0.9307786226272583,0.9323028922080994,0.8325166702270508,0.9373129606246948,1.000000238418579,-0.007524132262915373,0.021230222657322884,-0.038634397089481354,-0.007859885692596436,0.02549114264547825,-2.2246756553649902,2.403660774230957,-3.5511012077331543,-2.145968437194824,-0.8343160152435303,final,True
0.015,0.02,0.0175,416,0.02406504936516285,0.06098854914307594,0.0,0.0,0.1513654887676239,0.02406504936516285,0.06098854914307594,0.0,0.0,0.1513654887676239,0.9312654733657837,0.932778537273407,0.832787036895752,0.9396653175354004,1.000000238418579,-0.007382571697235107,0.021142836660146713,-0.038618624210357666,-0.007095247507095337,0.025557056069374084,-2.27079439163208,2.4706404209136963,-3.676375150680542,-2.1250510215759277,-0.8257664442062378,final,True
0.02,0.025,0.0225,504,0.023129351437091827,0.058810554444789886,0.0,0.0,0.15203310549259186,0.023129351437091827,0.058810554444789886,0.0,0.0,0.15203310549259186,0.9290502667427063,0.9305717349052429,0.8310717344284058,0.9354350566864014,1.000000238418579,-0.009330488741397858,0.022220920771360397,-0.04629581421613693,-0.010675042867660522,0.025068292394280434,-2.307887077331543,2.5403785705566406,-3.8841114044189453,-2.0876526832580566,-0.8121210932731628,final,True
0.025,0.03,0.0275,840,0.02187737450003624,0.055930230766534805,0.0,0.0,0.15426237881183624,0.02187737450003624,0.055930230766534805,0.0,0.0,0.15426237881183624,0.9292608499526978,0.9307279586791992,0.8332312703132629,0.9349130392074585,1.000000238418579,-0.009281209670007229,0.021631702780723572,-0.04802116006612778,-0.01029437780380249,0.024900004267692566,-2.367304801940918,2.6514713764190674,-4.327907085418701,-2.035264015197754,-0.7876369953155518,final,True
0.03,0.035,0.0325,756,0.02123483456671238,0.054372258484363556,0.0,0.0,0.15066257119178772,0.02123483456671238,0.054372258484363556,0.0,0.0,0.15066257119178772,0.9287075996398926,0.9301670789718628,0.8298730850219727,0.9359530210494995,1.0000001192092896,-0.009852408431470394,0.021982863545417786,-0.04786945879459381,-0.01034778356552124,0.02447494864463806,-2.4168002605438232,2.7623860836029053,-4.764437198638916,-1.9771568775177002,-0.7686280012130737,final,True
0.035,0.04,0.037500000000000006,1008,0.01882009580731392,0.048673324286937714,0.0,0.0,0.14033670723438263,0.01882009580731392,0.048673324286937714,0.0,0.0,0.14033670723438263,0.9282364845275879,0.9296897053718567,0.8294505476951599,0.9323970079421997,1.000000238418579,-0.010444950312376022,0.023623885586857796,-0.04774057865142822,-0.010580956935882568,0.024453243240714073,-2.4531869888305664,2.8710451126098633,-5.33803653717041,-1.9062962532043457,-0.7397465705871582,final,True
0.04,0.045,0.042499999999999996,1176,0.013277966529130936,0.03595566377043724,0.0,0.0,0.09498800337314606,0.013277966529130936,0.03595566377043724,0.0,0.0,0.09498800337314606,0.9270994067192078,0.9285675883293152,0.8281065225601196,0.9241430759429932,1.0000001192092896,-0.011682859621942043,0.027114547789096832,-0.04728229343891144,-0.01066887378692627,0.02433834969997406,-2.4515979290008545,2.937319040298462,-5.6793012619018555,-1.81461501121521,-0.707563042640686,final,True
0.045,0.05,0.0475,1176,0.007197998929768801,0.021615516394376755,0.0,0.0,0.05743929743766785,0.007197998929768801,0.021615516394376755,0.0,0.0,0.05743929743766785,0.9276214241981506,0.929075300693512,0.8304769992828369,0.9249275326728821,1.000000238418579,-0.01123717986047268,0.025680959224700928,-0.04249885678291321,-0.011310398578643799,0.02337278425693512,-2.366865634918213,2.866445779800415,-5.666709899902344,-1.7112996578216553,-0.6746277213096619,final,True
0.05,0.055,0.052500000000000005,1428,0.010377699509263039,0.038271382451057434,0.0,0.0,0.0805676132440567,0.010377699509263039,0.038271382451057434,0.0,0.0,0.0805676132440567,0.9282621741294861,0.929623544216156,0.8323038816452026,0.927538275718689,1.0000001192092896,-0.010598946362733841,0.019862433895468712,-0.036715276539325714,-0.012300044298171997,0.01839151233434677,-2.1595346927642822,2.584510087966919,-4.911351203918457,-1.5843379497528076,-0.6382193565368652,final,True
0.055,0.06,0.057499999999999996,1344,0.01917724497616291,0.06290125846862793,0.0,0.0,0.18040359020233154,0.01917724497616291,0.06290125846862793,0.0,0.0,0.18040359020233154,0.9278793334960938,0.9291602373123169,0.8330487608909607,0.9268592596054077,1.0000001192092896,-0.010998893529176712,0.017309244722127914,-0.03401768207550049,-0.01337006688117981,0.012854417786002159,-1.8260290622711182,2.1012353897094727,-3.6466095447540283,-1.4407988786697388,-0.5974598526954651,final,True
0.06,0.065,0.0625,1680,0.018526827916502953,0.058490388095378876,0.0,0.0,0.17873528599739075,0.018526827916502953,0.058490388095378876,0.0,0.0,0.17873528599739075,0.9273250102996826,0.9285842180252075,0.8317524790763855,0.9243394136428833,1.000000238418579,-0.011568131856620312,0.017773710191249847,-0.03412085026502609,-0.014241993427276611,0.01570660062134266,-1.398797869682312,1.5416849851608276,-2.6103262901306152,-1.2508723735809326,-0.3988038897514343,final,True
0.065,0.07,0.0675,1932,0.009607220068573952,0.03436411917209625,0.0,0.0,0.08100754022598267,0.009607220068573952,0.03436411917209625,0.0,0.0,0.08100754022598267,0.9280949234962463,0.9293593764305115,0.8321420550346375,0.9249447584152222,1.0000001192092896,-0.010840050876140594,0.017475465312600136,-0.03153999522328377,-0.013792663812637329,0.018178313970565796,-0.9491724967956543,1.079306960105896,-1.703500747680664,-0.9969267845153809,-0.03447462618350983,final,True
0.07,0.075,0.07250000000000001,1848,0.0029283598996698856,0.012100289575755596,0.0,0.0,0.02404765412211418,0.0029283598996698856,0.012100289575755596,0.0,0.0,0.02404765412211418,0.9283955693244934,0.9295869469642639,0.8369802832603455,0.9271244406700134,0.9999998807907104,-0.010608951561152935,0.01637960411608219,-0.028060253709554672,-0.012908935546875,0.015956491231918335,-0.5757585763931274,0.8356885313987732,-1.142356038093567,-0.7567256689071655,0.9347333312034607,final,True
0.075,0.08,0.0775,2016,0.000940045400056988,0.004456459544599056,0.0,0.0,0.005840733647346497,0.000940045400056988,0.004456459544599056,0.0,0.0,0.005840733647346497,0.9285801649093628,0.9297202825546265,0.8425812721252441,0.9263814687728882,0.9999995231628418,-0.010525603778660297,0.01511976309120655,-0.02558809518814087,-0.012932777404785156,0.010422185063362122,-0.2797293961048126,0.7688505053520203,-0.8265907168388367,-0.5741882920265198,1.5500391721725464,final,False
0.08,0.085,0.0825,1998,0.0004366967477835715,0.0021577831357717514,0.0,0.0,0.0018239124910905957,0.0004366967477835715,0.0021577831357717514,0.0,0.0,0.0018239124910905957,0.9279621243476868,0.9290323853492737,0.8448730111122131,0.9255776405334473,0.9999993443489075,-0.01078824419528246,0.014279648661613464,-0.024312207475304604,-0.012838691473007202,0.007692784070968628,-0.06642908602952957,0.7808310985565186,-0.6130609512329102,-0.4286766052246094,1.8250683546066284,final,False
0.085,0.09,0.0875,2454,0.0002346803667023778,0.0013357661664485931,0.0,0.0,0.0,0.0002346803667023778,0.0013357661664485931,0.0,0.0,0.0,0.9288205504417419,0.9298606514930725,0.8479341268539429,0.9255441427230835,0.9998828768730164,-0.010762783698737621,0.013635929673910141,-0.022927895188331604,-0.012657225131988525,0.006142068188637495,0.13219712674617767,0.8301830887794495,-0.4539085626602173,-0.2789962887763977,2.0201170444488525,final,False
0.09,0.095,0.0925,2415,0.0001470170682296157,0.001008913735859096,0.0,0.0,0.0,0.0001470170682296157,0.001008913735859096,0.0,0.0,0.0,0.9276736974716187,0.9286863207817078,0.8456953167915344,0.9228700399398804,0.998088002204895,-0.010652970522642136,0.01309953909367323,-0.02107018232345581,-0.012234151363372803,0.005358982365578413,0.24694271385669708,0.8351085186004639,-0.3237493336200714,-0.16007572412490845,2.0969860553741455,final,False
0.095,0.1,0.0975,2625,7.525110413553193e-05,0.0005568127380684018,0.0,0.0,0.0,7.525110413553193e-05,0.0005568127380684018,0.0,0.0,0.0,0.9304996132850647,0.931458592414856,0.8524975180625916,0.925452470779419,0.996286928653717,-0.009800099767744541,0.01204545795917511,-0.01938711479306221,-0.010796070098876953,0.004344410263001919,0.37256330251693726,0.8571984767913818,-0.21177828311920166,-0.030022114515304565,2.155425548553467,final,False
0.1,0.105,0.10250000000000001,2604,3.937684959964827e-05,0.0003827261389233172,0.0,0.0,0.0,3.937684959964827e-05,0.0003827261389233172,0.0,0.0,0.0,0.9296241998672485,0.9305449724197388,0.8520396947860718,0.9269422292709351,0.9938521981239319,-0.009827976115047932,0.011483022943139076,-0.018324103206396103,-0.010451734066009521,0.0013157922076061368,0.4272189140319824,0.8335623145103455,-0.12907683849334717,0.08667074143886566,2.024329662322998,final,False
0.105,0.11,0.1075,3011,1.2934739061165601e-05,0.00016336784756276757,0.0,0.0,0.0,1.2934739061165601e-05,0.00016336784756276757,0.0,0.0,0.0,0.9300835132598877,0.9309553503990173,0.8530373573303223,0.9277634620666504,0.9947774410247803,-0.009233111515641212,0.010727050714194775,-0.016515880823135376,-0.01013195514678955,0.001533806324005127,0.46783003211021423,0.7996070981025696,-0.06741657853126526,0.18916279077529907,1.872615098953247,final,False
0.11,0.115,0.1125,2869,2.4836090233293362e-05,0.0002462794363964349,0.0,0.0,0.0,2.4836090233293362e-05,0.0002462794363964349,0.0,0.0,0.0,0.9316296577453613,0.9324615001678467,0.8566396236419678,0.9287003874778748,0.9964259266853333,-0.008139691315591335,0.009648230858147144,-0.015313565731048584,-0.009085416793823242,0.002282924484461546,0.5029937028884888,0.776969313621521,-0.03140866756439209,0.275537371635437,1.7789148092269897,final,False
0.115,0.12,0.1175,2940,1.421533124812413e-05,0.00015024225285742432,0.0,0.0,0.0,1.421533124812413e-05,0.00015024225285742432,0.0,0.0,0.0,0.9320744276046753,0.932860255241394,0.8627184629440308,0.9296791553497314,0.9961589574813843,-0.007569223642349243,0.00912894494831562,-0.015114715322852135,-0.008107990026473999,0.00237070769071579,0.5083797574043274,0.7340652942657471,-0.006967782974243164,0.334814190864563,1.6271474361419678,final,False
0.12,0.125,0.1225,3192,8.87879741640063e-06,0.00012435769895091653,0.0,0.0,0.0,8.87879741640063e-06,0.00012435769895091653,0.0,0.0,0.0,0.9325356483459473,0.9332910776138306,0.8655650019645691,0.9308048486709595,0.9948963522911072,-0.007160232402384281,0.008700963109731674,-0.014993635006248951,-0.007285803556442261,0.0012870939681306481,0.5081945657730103,0.695153534412384,0.011910498142242432,0.38295799493789673,1.4933034181594849,final,False
0.125,0.13,0.1275,3400,4.537272616289556e-06,7.338354043895379e-05,0.0,0.0,0.0,4.537272616289556e-06,7.338354043895379e-05,0.0,0.0,0.0,0.932218074798584,0.9329615235328674,0.8653883934020996,0.9316691160202026,0.9946709871292114,-0.006573469378054142,0.008100527338683605,-0.014241841621696949,-0.006280392408370972,0.0010630644392222166,0.48643454909324646,0.6438643336296082,0.02401210367679596,0.4063621163368225,1.3540422916412354,final,False
0.13,0.135,0.1325,3824,4.789956619788427e-06,7.189304596977308e-05,0.0,0.0,0.0,4.789956619788427e-06,7.189304596977308e-05,0.0,0.0,0.0,0.9347196221351624,0.935448169708252,0.8682741522789001,0.9347180128097534,0.9952174425125122,-0.006005748175084591,0.007592317182570696,-0.013424361124634743,-0.005688667297363281,0.0014559505507349968,0.4885759949684143,0.6189201474189758,0.0352025032043457,0.4332996904850006,1.2415714263916016,final,False
0.135,0.14,0.1375,3444,3.215123115296592e-06,9.662729280535132e-05,0.0,0.0,0.0,3.215123115296592e-06,9.662729280535132e-05,0.0,0.0,0.0,0.9338788390159607,0.934604287147522,0.8677665591239929,0.9336183071136475,0.9941255450248718,-0.006014016456902027,0.0075720832683146,-0.01351493876427412,-0.005604773759841919,0.0012401823187246919,0.4569551944732666,0.5689502358436584,0.042215362191200256,0.4278551936149597,1.1143156290054321,final,False
0.14,0.145,0.14250000000000002,3528,4.464239736989839e-06,7.617103983648121e-05,0.0,0.0,0.0,4.464239736989839e-06,7.617103983648121e-05,0.0,0.0,0.0,0.9340550303459167,0.9347768425941467,0.8698309659957886,0.9335073232650757,0.9934146404266357,-0.005902930628508329,0.0073623196221888065,-0.013193180784583092,-0.0057080090045928955,0.0013224210124462843,0.43427327275276184,0.5319568514823914,0.0464070588350296,0.4219226539134979,1.0055229663848877,final,False
0.145,0.15,0.1475,3899,1.0179091987083666e-05,0.0001470709830755368,0.0,0.0,0.0,1.0179091987083666e-05,0.0001470709830755368,0.0,0.0,0.0,0.9341126680374146,0.9348384737968445,0.868248462677002,0.933117687702179,0.9940387010574341,-0.005438477266579866,0.006836285814642906,-0.01199327688664198,-0.005449354648590088,0.0018931087106466293,0.4096300005912781,0.4966661334037781,0.04944131150841713,0.41200220584869385,0.9233658909797668,final,False
0.15,0.155,0.1525,4081,2.3832078568375437e-06,5.127491385792382e-05,0.0,0.0,0.0,2.3832078568375437e-06,5.127491385792382e-05,0.0,0.0,0.0,0.9353746771812439,0.9360715746879578,0.868030846118927,0.9344553351402283,0.9932371377944946,-0.005179303232580423,0.006555802188813686,-0.011529266834259033,-0.005365610122680664,0.0020935535430908203,0.3923785388469696,0.4686274826526642,0.051081180572509766,0.40134042501449585,0.8393391370773315,final,False
0.155,0.16,0.1575,4252,5.235619937593583e-07,2.6271782189724036e-05,0.0,0.0,0.0,5.235619937593583e-07,2.6271782189724036e-05,0.0,0.0,0.0,0.9346452951431274,0.935366690158844,0.8635176420211792,0.9335837364196777,0.994144082069397,-0.0049779233522713184,0.006285476498305798,-0.010880202054977417,-0.005172371864318848,0.0016580251976847649,0.3666457533836365,0.4375200569629669,0.04961639642715454,0.38682669401168823,0.7766180634498596,final,False
0.16,0.165,0.1625,4150,1.965344154086779e-06,5.29540739080403e-05,0.0,0.0,0.0,1.965344154086779e-06,5.29540739080403e-05,0.0,0.0,0.0,0.9356494545936584,0.9363705515861511,0.8636804819107056,0.9344257712364197,0.9944749474525452,-0.005047602113336325,0.006341617088764906,-0.010640308260917664,-0.0054215192794799805,0.0015572878764942288,0.35518568754196167,0.4196324050426483,0.04725418984889984,0.3786012530326843,0.716178297996521,final,False
0.165,0.17,0.1675,4205,1.120216523986528e-07,5.741559562011389e-06,0.0,0.0,0.0,1.120216523986528e-07,5.741559562011389e-06,0.0,0.0,0.0,0.9339569807052612,0.9347116351127625,0.8554098010063171,0.9331362843513489,0.9944788813591003,-0.005224194843322039,0.006487766746431589,-0.010986721143126488,-0.0055539608001708984,0.0011352661531418562,0.3324117958545685,0.39597272872924805,0.044243037700653076,0.3620609641075134,0.6778602600097656,final,False
0.17,0.17500000000000002,0.17250000000000001,4778,0.0,0.0,0.0,0.0,0.0,0.0,0.0,0.0,0.0,0.0,0.934968888759613,0.9357003569602966,0.8636481761932373,0.9336038827896118,0.994303286075592,-0.005196047015488148,0.0063505819998681545,-0.010808068327605724,-0.005364924669265747,0.0008255272405222058,0.32424914836883545,0.38493743538856506,0.042272359132766724,0.354573130607605,0.6463313698768616,final,False
0.17500000000000002,0.18,0.1775,4659,1.9535640660706122e-07,1.062076353264274e-05,0.0,0.0,0.0,1.9535640660706122e-07,1.062076353264274e-05,0.0,0.0,0.0,0.9357295632362366,0.9364768266677856,0.8667427897453308,0.935477614402771,0.9947128891944885,-0.005239726044237614,0.006411260459572077,-0.01104916911572218,-0.005475759506225586,0.0009810825577005744,0.3165082335472107,0.3756025433540344,0.036594271659851074,0.34718960523605347,0.6220269799232483,final,False
0.18,0.185,0.1825,4916,0.0,0.0,0.0,0.0,0.0,0.0,0.0,0.0,0.0,0.0,0.9355270266532898,0.9362897276878357,0.8670501708984375,0.934654951095581,0.9948046207427979,-0.005194141995161772,0.006466930266469717,-0.011065363883972168,-0.005534529685974121,0.0016253888607025146,0.3044464588165283,0.36413970589637756,0.0334959477186203,0.3348030149936676,0.6012405753135681,final,False
0.185,0.19,0.1875,4664,3.3811372190939437e-07,1.2032620361424051e-05,0.0,0.0,0.0,3.3811372190939437e-07,1.2032620361424051e-05,0.0,0.0,0.0,0.9344053268432617,0.9351944327354431,0.8659351468086243,0.9330916404724121,0.9951374530792236,-0.005518847145140171,0.006735232658684254,-0.011831298470497131,-0.005723923444747925,0.0011465937132015824,0.2892730236053467,0.34987273812294006,0.028462335467338562,0.3212112784385681,0.5816870331764221,final,False
0.19,0.195,0.1925,5110,2.9004181669733953e-06,5.761154170613736e-05,0.0,0.0,0.0,2.9004181669733953e-06,5.761154170613736e-05,0.0,0.0,0.0,0.9330557584762573,0.93384850025177,0.8583089709281921,0.9311694502830505,0.9946563243865967,-0.005752931348979473,0.007037939503788948,-0.012333020567893982,-0.005912989377975464,0.0016092839650809765,0.27379167079925537,0.3353574872016907,0.024957582354545593,0.3068614602088928,0.564075767993927,final,False
0.195,0.2,0.1975,5347,8.996885298984125e-06,0.0001292187807848677,0.0,0.0,0.0,8.996885298984125e-06,0.0001292187807848677,0.0,0.0,0.0,0.9355551600456238,0.9363680481910706,0.865067183971405,0.9341742396354675,0.9957273602485657,-0.005909305531531572,0.007168050855398178,-0.012767600826919079,-0.0059008002281188965,0.001313726999796927,0.2776884138584137,0.33807674050331116,0.01852289028465748,0.30694156885147095,0.560857892036438,final,False
0.2,0.20500000000000002,0.2025,5211,9.522766049485654e-06,0.00012726806744467467,0.0,0.0,0.0,9.522766049485654e-06,0.00012726806744467467,0.0,0.0,0.0,0.9349550604820251,0.9357682466506958,0.8638873100280762,0.9336631894111633,0.9960061311721802,-0.006122324150055647,0.007393648847937584,-0.012682557106018066,-0.006184399127960205,0.0013244152069091797,0.26351749897003174,0.3236754238605499,0.012323260307312012,0.2952776849269867,0.540944516658783,final,False
0.20500000000000002,0.21,0.20750000000000002,5517,1.195481490867678e-05,0.0001536648051114753,0.0,0.0,0.0,1.195481490867678e-05,0.0001536648051114753,0.0,0.0,0.0,0.9340302348136902,0.9348644018173218,0.8617169260978699,0.9327126741409302,0.9958778023719788,-0.006111218128353357,0.0073942807503044605,-0.012693357653915882,-0.006279349327087402,0.0014385562390089035,0.24983379244804382,0.3115396499633789,0.009046495892107487,0.284392386674881,0.5265665650367737,final,False
0.21,0.215,0.2125,5308,1.8076560081681237e-05,0.0002131233486579731,0.0,0.0,0.0,1.8076560081681237e-05,0.0002131233486579731,0.0,0.0,0.0,0.9331187009811401,0.9340039491653442,0.8493006229400635,0.933285117149353,0.996247410774231,-0.00648348405957222,0.007727162912487984,-0.013177690096199512,-0.006596624851226807,0.0011298914905637503,0.2362893521785736,0.2994990944862366,0.004548952449113131,0.2730991840362549,0.5145687460899353,final,False
0.215,0.22,0.2175,5939,2.5327535695396364e-05,0.0002553714730311185,0.0,0.0,0.0,2.5327535695396364e-05,0.0002553714730311185,0.0,0.0,0.0,0.9328711628913879,0.9337302446365356,0.8616185188293457,0.9329198002815247,0.995962381362915,-0.006615919526666403,0.007872561924159527,-0.0134231923148036,-0.006592094898223877,0.0011314451694488525,0.22509680688381195,0.28862446546554565,0.001285969978198409,0.26459991931915283,0.5032480359077454,final,False
0.22,0.225,0.2225,5807,3.137973908451386e-05,0.00029327315860427916,0.0,0.0,0.0,3.137973908451386e-05,0.00029327315860427916,0.0,0.0,0.0,0.9337857961654663,0.934668779373169,0.8620222210884094,0.9352957010269165,0.9961394667625427,-0.006655062083154917,0.00784339476376772,-0.013490390963852406,-0.006711602210998535,0.000930098700337112,0.218848317861557,0.28304335474967957,-0.0027522442396730185,0.2594664692878723,0.49433502554893494,final,False
0.225,0.23,0.2275,5819,4.35461952292826e-05,0.00036811866448260844,0.0,0.0,0.0,4.35461952292826e-05,0.00036811866448260844,0.0,0.0,0.0,0.9333210587501526,0.9341767430305481,0.8624363541603088,0.9344012141227722,0.9957512021064758,-0.006687477696686983,0.007833152078092098,-0.013280505314469337,-0.006787717342376709,0.0007221121340990067,0.20187221467494965,0.2669847309589386,-0.006849318742752075,0.24494901299476624,0.4784735143184662,final,False
0.23,0.23500000000000001,0.2325,6273,4.477881520870142e-05,0.00041277852142229676,0.0,0.0,0.0,4.477881520870142e-05,0.00041277852142229676,0.0,0.0,0.0,0.9337067008018494,0.9345700144767761,0.8633452653884888,0.9358084201812744,0.9956810474395752,-0.006420058198273182,0.0075609986670315266,-0.012764418497681618,-0.006521165370941162,0.0006985660293139517,0.19245454668998718,0.25808367133140564,-0.011952221393585205,0.23652240633964539,0.46730032563209534,final,False
0.23500000000000001,0.24,0.2375,6163,7.185928552644327e-05,0.0005937643582001328,0.0,0.0,0.0,7.185928552644327e-05,0.0005937643582001328,0.0,0.0,0.0,0.9339166879653931,0.9347978830337524,0.8638962507247925,0.9365563988685608,0.9953247904777527,-0.0061730011366307735,0.007303599733859301,-0.012418490834534168,-0.006226539611816406,0.0006536233122460544,0.17843084037303925,0.24644766747951508,-0.017037242650985718,0.216703861951828,0.45829564332962036,final,False
0.24,0.245,0.2425,6596,7.62978961574845e-05,0.0006355380173772573,0.0,0.0,0.0,7.62978961574845e-05,0.0006355380173772573,0.0,0.0,0.0,0.9339603185653687,0.934828519821167,0.8638149499893188,0.9365793466567993,0.9945948123931885,-0.006212408188730478,0.007295256480574608,-0.012205526232719421,-0.006309598684310913,0.000582963228225708,0.16728518903255463,0.23495924472808838,-0.02076476812362671,0.18498021364212036,0.44418126344680786,final,False
0.245,0.25,0.2475,6359,7.81016715336591e-05,0.0006543358322232962,0.0,0.0,0.0,7.81016715336591e-05,0.0006543358322232962,0.0,0.0,0.0,0.9352882504463196,0.9361681342124939,0.8640589714050293,0.9384355545043945,0.994655966758728,-0.006028289441019297,0.007134799379855394,-0.012030571699142456,-0.006112217903137207,0.000865657115355134,0.15737095475196838,0.2254449427127838,-0.025806576013565063,0.16231834888458252,0.4312679171562195,final,False
0.25,0.255,0.2525,6353,7.755259139230475e-05,0.0007019441691227257,0.0,0.0,0.0,7.755259139230475e-05,0.0007019441691227257,0.0,0.0,0.0,0.9341195225715637,0.9350029826164246,0.8601053953170776,0.9368756413459778,0.9942032694816589,-0.005852750036865473,0.006962893530726433,-0.011968255043029785,-0.0059165358543396,0.0008085964946076274,0.13751249015331268,0.20729199051856995,-0.030180811882019043,0.10865554213523865,0.4095436930656433,final,False
0.255,0.26,0.2575,6833,6.720673991367221e-05,0.0006447461782954633,0.0,0.0,0.0,6.720673991367221e-05,0.0006447461782954633,0.0,0.0,0.0,0.933341383934021,0.9342221021652222,0.8516923785209656,0.9338685274124146,0.9936034083366394,-0.005805243272334337,0.006911765318363905,-0.011924564838409424,-0.005846142768859863,0.0005601043812930584,0.1245482936501503,0.19657419621944427,-0.037191808223724365,0.0683031976222992,0.3958798944950104,final,False
0.26,0.265,0.2625,7010,7.740515138721094e-05,0.0007334588444791734,0.0,0.0,0.0,7.740515138721094e-05,0.0007334588444791734,0.0,0.0,0.0,0.9360942244529724,0.9369496703147888,0.8613600134849548,0.9396486282348633,0.9937520623207092,-0.005508584901690483,0.006643072701990604,-0.011642327532172203,-0.005543321371078491,0.000714417255949229,0.1180850937962532,0.18963176012039185,-0.04643276333808899,0.07217936217784882,0.37441664934158325,final,False
0.265,0.27,0.2675,7082,7.015286246314645e-05,0.0007030931301414967,0.0,0.0,0.0,7.015286246314645e-05,0.0007030931301414967,0.0,0.0,0.0,0.9340163469314575,0.93487548828125,0.8594046831130981,0.9354687929153442,0.9931898713111877,-0.005530823487788439,0.006779402960091829,-0.011932110413908958,-0.00550919771194458,0.001004902645945549,0.09990616142749786,0.17511086165905,-0.054075196385383606,0.020150095224380493,0.3596663475036621,final,False
0.27,0.275,0.2725,7126,9.220868378179148e-05,0.0008314578444696963,0.0,0.0,0.0,9.220868378179148e-05,0.0008314578444696963,0.0,0.0,0.0,0.9366521239280701,0.9374760389328003,0.8611548542976379,0.9391061067581177,0.9938400387763977,-0.005300892982631922,0.006710065994411707,-0.011998623609542847,-0.005446791648864746,0.0015969574451446533,0.09457754343748093,0.17122413218021393,-0.057052820920944214,0.021809712052345276,0.35646313428878784,final,False
0.275,0.28,0.2775,7021,7.293747330550104e-05,0.0007602717960253358,0.0,0.0,0.0,7.293747330550104e-05,0.0007602717960253358,0.0,0.0,0.0,0.9355822205543518,0.9364048838615417,0.8560410141944885,0.9377188682556152,0.993118166923523,-0.004956909455358982,0.006616990547627211,-0.011831164360046387,-0.00509721040725708,0.0024257302284240723,0.07895965129137039,0.1645909547805786,-0.06277859210968018,-0.0004917383193969727,0.34542661905288696,final,False
0.28,0.28500000000000003,0.28250000000000003,7588,9.408007463207468e-05,0.0008922378765419126,0.0,0.0,0.0,9.408007463207468e-05,0.0008922378765419126,0.0,0.0,0.0,0.9379209280014038,0.9387317895889282,0.860308825969696,0.9421133995056152,0.9934096336364746,-0.004490323830395937,0.006422052625566721,-0.011550476774573326,-0.004701048135757446,0.003257276490330696,0.06803357601165771,0.19716475903987885,-0.12176670134067535,-0.004760921001434326,0.3482261598110199,final,False
0.28500000000000003,0.29,0.2875,7477,0.00022652583720628172,0.0021324774716049433,0.0,0.0,0.0,0.00019848674128297716,0.0018224205123260617,0.0,0.0,0.0,0.9420907497406006,0.9428855776786804,0.8624762296676636,0.9506742358207703,0.9938675165176392,-0.0038924075197428465,0.0063288286328315735,-0.011058044619858265,-0.004064202308654785,0.004501292947679758,0.04632680118083954,0.28279420733451843,-0.5385637283325195,-0.00883638858795166,0.43808814883232117,final,False
0.29,0.295,0.2925,7701,0.0005832570022903383,0.003949217963963747,0.0,0.0,0.0,0.0005177394486963749,0.003604995785281062,0.0,0.0,0.0,0.9414043426513672,0.9422721862792969,0.8596469759941101,0.9505009651184082,0.9974905848503113,-0.003428578143939376,0.007631329819560051,-0.01257622241973877,-0.003735065460205078,0.0061002373695373535,0.02064189873635769,0.3928227424621582,-0.6041005253791809,-0.018067657947540283,0.6494565010070801,final,False
0.295,0.3,0.2975,7668,0.0010367130162194371,0.00902294460684061,0.0,0.0,0.0,0.0009008694905787706,0.007252659182995558,0.0,0.0,0.0,0.939148485660553,0.940100908279419,0.8457456231117249,0.9474849700927734,0.9983349442481995,-0.0041516805067658424,0.011216923594474792,-0.01872032880783081,-0.003850102424621582,0.0062725720927119255,-0.001879879622720182,0.5270398855209351,-0.9258862733840942,-0.022972002625465393,0.9101808667182922,final,False
0.3,0.305,0.3025,7440,0.0016699268016964197,0.014747168868780136,0.0,0.0,0.0,0.0013705405872315168,0.011171833612024784,0.0,0.0,0.0,0.9315581917762756,0.9326902627944946,0.8421122431755066,0.9393538236618042,0.9974179267883301,-0.005483407061547041,0.013842558488249779,-0.02707654982805252,-0.004492998123168945,0.006411929614841938,-0.03362899273633957,0.6142210960388184,-1.1056721210479736,-0.03273971378803253,1.0247881412506104,final,False
0.305,0.31,0.3075,6894,0.0019782327581197023,0.017408765852451324,0.0,0.0,0.0,0.0015714603941887617,0.013032704591751099,0.0,0.0,0.0,0.9331189393997192,0.9342509508132935,0.84272700548172,0.9422943592071533,0.9975211024284363,-0.005535378120839596,0.013604776002466679,-0.026977593079209328,-0.004660695791244507,0.006156960967928171,-0.042803023010492325,0.5967810153961182,-1.086997628211975,-0.03295391798019409,0.8816105723381042,final,False
0.31,0.315,0.3125,5569,0.001966615440323949,0.017416533082723618,0.0,0.0,0.0,0.0015757710207253695,0.013149791397154331,0.0,0.0,0.0,0.9349895715713501,0.9360583424568176,0.8436749577522278,0.9436749815940857,0.9974112510681152,-0.004799466114491224,0.012496907263994217,-0.022818876430392265,-0.0042299628257751465,0.0063102962449193,-0.056205347180366516,0.567608654499054,-1.0228826999664307,-0.0411011278629303,0.8338304758071899,final,False
0.315,0.32,0.3175,5173,0.0017507447628304362,0.016456324607133865,0.0,0.0,0.0,0.0013971463777124882,0.012380905449390411,0.0,0.0,0.0,0.9335684776306152,0.9346728324890137,0.8414890766143799,0.9416314959526062,0.9960998296737671,-0.004841260612010956,0.012053553946316242,-0.02263113297522068,-0.004184842109680176,0.006048891227692366,-0.05749943479895592,0.5348267555236816,-0.9862914681434631,-0.046815723180770874,0.7878312468528748,final,False
0.32,0.325,0.3225,4608,0.0017990664346143603,0.016368914395570755,0.0,0.0,0.0,0.0014427778078243136,0.012371254153549671,0.0,0.0,0.0,0.9362659454345703,0.9373405575752258,0.8444963693618774,0.9448468685150146,0.9972841739654541,-0.004666137974709272,0.01234398689121008,-0.02225978672504425,-0.0040597617626190186,0.005877214949578047,-0.06204789876937866,0.5235519409179688,-0.9767785668373108,-0.05249679088592529,0.7747871279716492,final,False
0.325,0.33,0.3275,4492,0.0013360498705878854,0.013853528536856174,0.0,0.0,0.0,0.001085245399735868,0.010495555587112904,0.0,0.0,0.0,0.9337812662124634,0.93487548828125,0.8410963416099548,0.9427592754364014,0.994899332523346,-0.004693451803177595,0.011746576987206936,-0.02215636894106865,-0.003956913948059082,0.0060231564566493034,-0.07507258653640747,0.4904700517654419,-0.8698757886886597,-0.0688694417476654,0.7315976619720459,final,False
0.33,0.335,0.3325,4128,0.0015940340235829353,0.015777386724948883,0.0,0.0,0.0,0.0012709936127066612,0.01182985957711935,0.0,0.0,0.0,0.937208890914917,0.9382814168930054,0.8458694219589233,0.9467282891273499,0.9955581426620483,-0.004433928057551384,0.01139883417636156,-0.020009005442261696,-0.0038819313049316406,0.006179715506732464,-0.10366633534431458,0.4991986155509949,-0.9648609757423401,-0.07652118802070618,0.5838007926940918,final,False
0.335,0.34,0.3375,3566,0.0016665906878188252,0.015602970495820045,0.0,0.0,0.0,0.0013534912141039968,0.011811812408268452,0.0,0.0,0.0,0.9361677765846252,0.9372665286064148,0.8407548666000366,0.9461093544960022,0.9952815771102905,-0.0040883407928049564,0.011647720821201801,-0.020260319113731384,-0.003430098295211792,0.0061590224504470825,-0.11808429658412933,0.5082626342773438,-0.9662285447120667,-0.09931996464729309,0.6892161965370178,final,False
0.34,0.34500000000000003,0.3425,3611,0.0015103837940841913,0.01464081835001707,0.0,0.0,0.0,0.0012308073928579688,0.011071953922510147,0.0,0.0,0.0,0.9355363845825195,0.9366293549537659,0.8452304601669312,0.9444789290428162,0.994572639465332,-0.0045043425634503365,0.011890867725014687,-0.02009597420692444,-0.004082322120666504,0.005750715732574463,-0.13131611049175262,0.4925970435142517,-0.9516626596450806,-0.12198835611343384,0.6533505916595459,final,False
0.34500000000000003,0.35000000000000003,0.34750000000000003,3119,0.0016707052709534764,0.015575113706290722,0.0,0.0,0.0,0.0013523477828130126,0.011724374257028103,0.0,0.0,0.0,0.936599850654602,0.9376892447471619,0.8465412259101868,0.9469277262687683,0.9941141605377197,-0.004093494266271591,0.012202946469187737,-0.022083859890699387,-0.0033411383628845215,0.006539946421980858,-0.1786612868309021,0.5205248594284058,-0.9778372645378113,-0.15507638454437256,0.6190550327301025,final,False
0.35000000000000003,0.355,0.35250000000000004,2999,0.0018063770839944482,0.01571423001587391,0.0,0.0,0.0,0.001464645960368216,0.011783271096646786,0.0,0.0,0.0,0.9342671632766724,0.9354274272918701,0.8398498296737671,0.944786012172699,0.9943714737892151,-0.004437909461557865,0.012359214015305042,-0.021863872185349464,-0.003878355026245117,0.006377899553626776,-0.20197784900665283,0.5341044068336487,-0.9786761999130249,-0.20354241132736206,0.6308622360229492,final,False
0.355,0.36,0.3575,2793,0.0018291823798790574,0.015981627628207207,0.0,0.0,0.0,0.0014677636791020632,0.011855514720082283,0.0,0.0,0.0,0.9386298060417175,0.9396778345108032,0.8448917269706726,0.9489051699638367,0.9947260618209839,-0.0037689676973968744,0.01157408393919468,-0.020722603425383568,-0.003398597240447998,0.006621550302952528,-0.24289675056934357,0.5513460040092468,-0.9948223829269409,-0.2505779266357422,0.5797157883644104,final,False
0.36,0.365,0.3625,2265,0.0021423681173473597,0.016680538654327393,0.0,0.0,0.0,0.0017295940779149532,0.012392830103635788,0.0,0.0,0.0,0.9347143173217773,0.9359230399131775,0.8391627669334412,0.9469096064567566,0.9948502779006958,-0.00413792347535491,0.013338720425963402,-0.02483055554330349,-0.0036895275115966797,0.007505643647164106,-0.28726524114608765,0.5929316282272339,-1.0503039360046387,-0.31366199254989624,0.6065158247947693,final,False
0.365,0.37,0.3675,2530,0.001983512192964554,0.01659366860985756,0.0,0.0,0.0,0.001576898037455976,0.012159462086856365,0.0,0.0,0.0,0.9371549487113953,0.9381898641586304,0.8445894122123718,0.9463942050933838,0.9945470094680786,-0.004017994273453951,0.012212645262479782,-0.02296437881886959,-0.0036904215812683105,0.007223811931908131,-0.3251010477542877,0.5996052622795105,-1.0537422895431519,-0.35488978028297424,0.5329672694206238,final,False
0.37,0.375,0.3725,1945,0.0023367342073470354,0.0170613843947649,0.0,0.0,0.0,0.001910985796712339,0.012739937752485275,0.0,0.0,0.0,0.9384675621986389,0.9395673274993896,0.8434789776802063,0.9504770636558533,0.9982022643089294,-0.003439073683694005,0.013320260681211948,-0.02491513453423977,-0.0031754374504089355,0.009298051707446575,-0.37849971652030945,0.6490640640258789,-1.15177321434021,-0.40694698691368103,0.5560697913169861,final,False
0.375,0.38,0.3775,1995,0.002331826835870743,0.01805039681494236,0.0,0.0,0.0,0.0018587401136755943,0.013329465873539448,0.0,0.0,0.0,0.9359656572341919,0.9370527863502502,0.8434252142906189,0.9475163221359253,0.9947113990783691,-0.003575047245249152,0.013071820139884949,-0.02463817037642002,-0.003272533416748047,0.009788100607693195,-0.4285765588283539,0.6817286610603333,-1.2070215940475464,-0.45785680413246155,0.44573384523391724,final,False
0.38,0.385,0.3825,1664,0.0028843595646321774,0.020063787698745728,0.0,0.0,0.009365985170006752,0.0022756492253392935,0.01460373867303133,0.0,0.0,0.009365985170006752,0.941059410572052,0.9421196579933167,0.8472225666046143,0.9543691873550415,0.9999992251396179,-0.002419911790639162,0.012854497879743576,-0.02270221710205078,-0.0021522343158721924,0.008964302018284798,-0.4998745620250702,0.7707417607307434,-1.275349736213684,-0.56084805727005,0.5764665007591248,final,False
0.385,0.39,0.3875,1213,0.003349537728354335,0.02154039405286312,0.0,0.0,0.006323943845927715,0.0027656208258122206,0.01660660095512867,0.0,0.0,0.006323943845927715,0.9334899187088013,0.9347407221794128,0.8468185067176819,0.947759211063385,0.9999992847442627,-0.002720153657719493,0.0162922702729702,-0.026350270956754684,-0.002880096435546875,0.016039086505770683,-0.5967015027999878,0.8654549717903137,-1.4536693096160889,-0.6566904783248901,0.49938303232192993,final,False
0.39,0.395,0.3925,1622,0.0031067708041518927,0.02157408371567726,0.0,0.0,0.008286688476800919,0.0023744970094412565,0.01538101863116026,0.0,0.0,0.008286688476800919,0.942656934261322,0.9437028765678406,0.8527604341506958,0.9561020731925964,0.9999995231628418,-0.0028446605429053307,0.01317538134753704,-0.02445261739194393,-0.0025448203086853027,0.010145658627152443,-0.6509742140769958,0.9257451891899109,-1.4518587589263916,-0.7046908140182495,0.5518612861633301,final,False
0.395,0.4,0.3975,892,0.004135230090469122,0.023025859147310257,0.0,0.0,0.014400124549865723,0.003471184754744172,0.01843547262251377,0.0,0.0,0.010675599798560143,0.9345912337303162,0.9358994960784912,0.8376026153564453,0.9498032927513123,0.9999996423721313,-0.001454588957130909,0.020197413861751556,-0.02478357031941414,-0.0033353567123413086,0.020258460193872452,-0.8694342374801636,1.1414498090744019,-1.7246291637420654,-0.9655598402023315,0.551699697971344,final,False
0.4,0.405,0.4025,1096,0.004172401502728462,0.022025223821401596,0.0,0.0,0.015343355014920235,0.0029862227384001017,0.015238932333886623,0.0,0.0,0.012130897492170334,0.9425278306007385,0.9437166452407837,0.8549656867980957,0.9578983783721924,0.9999998807907104,-0.0037962403148412704,0.01593768410384655,-0.02413254976272583,-0.003590822219848633,0.008583873510360718,-0.8305811285972595,1.21241295337677,-1.956660270690918,-0.9420123100280762,0.7263234853744507,final,False
0.405,0.41000000000000003,0.40750000000000003,646,0.007833964191377163,0.02889637090265751,0.0,0.0,0.04617106914520264,0.0061491671949625015,0.02442585490643978,0.0,0.0,0.0349515937268734,0.93266761302948,0.9342965483665466,0.8334105014801025,0.9438711404800415,1.0000001192092896,-0.0019756946712732315,0.023885494098067284,-0.02618539333343506,-0.0028541088104248047,0.04137113690376282,-1.199198842048645,1.5619651079177856,-2.5088748931884766,-1.3793540000915527,0.7813076972961426,final,False
0.41000000000000003,0.41500000000000004,0.41250000000000003,558,0.011458435095846653,0.04137026518583298,0.0,0.0,0.058012448251247406,0.008450842462480068,0.03539149463176727,0.0,0.0,0.03811859339475632,0.9424906373023987,0.9438140392303467,0.8548967242240906,0.948654294013977,1.0000001192092896,-0.0015961035387590528,0.021951626986265182,-0.024608682841062546,-0.001792311668395996,0.031992439180612564,-0.9389554262161255,1.6890616416931152,-3.1603481769561768,-1.0949969291687012,1.3626279830932617,final,False
0.41500000000000004,0.42,0.4175,432,0.01621955633163452,0.0748315155506134,0.0,0.0,0.11077648401260376,0.011000079102814198,0.057672470808029175,0.0,0.0,0.058860983699560165,0.9185467958450317,0.9202736616134644,0.8267219662666321,0.9167134761810303,1.0000001192092896,-0.00481875566765666,0.024501530453562737,-0.03491596132516861,-0.005653053522109985,0.02767491154372692,-1.5303990840911865,2.0732455253601074,-3.605905294418335,-1.6365628242492676,1.2931560277938843,final,False
0.42,0.425,0.4225,212,0.029444482177495956,0.11378215253353119,0.0,0.0,0.19904960691928864,0.021002117544412613,0.0773845985531807,0.0,0.0,0.1960839480161667,0.902503252029419,0.9049138426780701,0.7807531356811523,0.8988020420074463,0.9999999403953552,-0.003283559810370207,0.034484487026929855,-0.04634783789515495,-0.010570913553237915,0.08339440077543259,-1.5065078735351562,2.4706640243530273,-4.286046028137207,-1.7339997291564941,2.0085151195526123,final,False
0.425,0.43,0.4275,116,0.03902261331677437,0.138131782412529,0.0,0.0,0.27844738960266113,0.03076009266078472,0.11519314348697662,0.0,0.0,0.19647660851478577,0.8600203394889832,0.8627979755401611,0.7789875864982605,0.8375784158706665,1.0000003576278687,-0.014842255972325802,0.04334442317485809,-0.04684664309024811,-0.028656452894210815,0.0942361056804657,-1.7839373350143433,2.6722421646118164,-5.45732307434082,-1.664597511291504,1.3135383129119873,final,False
0.43,0.435,0.4325,12,0.40999361872673035,0.519005537033081,0.0,0.5165035128593445,0.7296581268310547,0.22705848515033722,0.28367695212364197,0.0,0.28402650356292725,0.40011417865753174,0.9352572560310364,0.9402657747268677,0.7508171200752258,1.0,1.0000005960464478,0.020978951826691628,0.047143928706645966,-0.03114939294755459,5.960464477539062e-07,0.08029922842979431,-4.540041923522949,4.708906650543213,-7.008030891418457,-4.351883888244629,-2.9624643325805664,final,False
0.435,0.44,0.4375,2,0.7269806265830994,0.7269811034202576,0.7262418866157532,0.7269806265830994,0.7277193665504456,0.2272578328847885,0.22725863754749298,0.22671271860599518,0.2272578328847885,0.22780294716358185,1.0,1.0,0.9999997019767761,1.0,1.0000004768371582,-2.9802322387695312e-08,2.6987152068613796e-07,-2.712011450967111e-07,-2.9802322387695312e-08,2.1159648611046578e-07,-4.819579601287842,4.819579601287842,-4.820565223693848,-4.819579601287842,-4.818593978881836,final,False
